# total attempts: 10000
30.0247              29.921             29.8975
31.2548             27.4371             30.8336
31.2548             27.4371             30.8336
28.3817              25.447             31.2683
27.0571             25.7222             28.3721
27.5561               23.11                29.9
25.9551             21.2698             29.8594
27.4914             21.1446             29.8249
25.927             20.9754             30.3344
26.6278             21.4582             27.8381
26.6278             21.4582             27.8381
23.7735             22.5742             27.0542
24.6853             20.8574             28.1245
22.411             21.9382             28.5881
24.451             19.2547             28.3092
24.451             19.2547             28.3092
26.9642              21.894             30.1889
24.767             19.2149             31.4694
22.4377             22.1277             30.8636
21.0742             20.6359             31.0925
19.7673             20.5251             28.1278
18.0556             17.6322             25.8133
18.3468             16.1864             23.6562
20.7603             14.0018             22.0938
20.7603             14.0018             22.0938
18.7149             15.0514             19.4791
18.1144             14.0125             22.3978
17.7357             11.1847             24.4724
17.7357             11.1847             24.4724
17.7357             11.1847             24.4724
20.0273             9.92721              26.164
20.0273             9.92721              26.164
18.5899             12.0674             26.4508
18.5899             12.0674             26.4508
17.6397             13.6277             23.6873
18.3165             11.9065              23.665
20.3475             14.8603             21.0044
17.869             17.4129             22.7627
17.869             17.4129             22.7627
20.3659             14.7078             20.2303
20.3659             14.7078             20.2303
21.2427             12.8324             18.7828
18.6032             10.6234             15.8606
18.6032             10.6234             15.8606
18.6032             10.6234             15.8606
18.6032             10.6234             15.8606
18.2995             10.5983             18.1855
16.1883             12.3604             16.8766
16.1883             12.3604             16.8766
17.6432             13.2392              13.877
16.4214             14.1928             14.6228
14.0839             16.0599              14.071
14.0839             16.0599              14.071
12.22             18.8765             12.5846
12.22             18.8765             12.5846
10.1182             19.1087             11.3187
10.3592              18.362              12.296
8.34787             16.4588             9.34745
7.90373             13.6771             7.59989
5.09938             12.6353             5.83563
5.17524             12.4516             5.95748
5.79489             9.76893             6.36982
8.21745             6.97557             5.12516
8.78265              5.3355             3.14638
8.78265              5.3355             3.14638
6.55772              6.3109             2.21909
4.7651             3.69087           -0.645641
5.09654              3.5509               0.863
2.11288             2.89319             3.67061
1.89872             1.11133             5.59138
1.89872             1.11133             5.59138
1.89872             1.11133             5.59138
0.799349             1.06704              7.0147
0.799349             1.06704              7.0147
1.17854           -0.786228             8.01817
-1.05015            0.395419             7.95841
-1.05015            0.395419             7.95841
0.244603           -0.274903              5.6106
-2.66447            -1.12759             3.97446
-2.99135            -1.93601             3.09709
-2.99135            -1.93601             3.09709
-2.99135            -1.93601             3.09709
-2.99135            -1.93601             3.09709
-2.304           -0.148488             3.38032
-2.304           -0.148488             3.38032
-2.304           -0.148488             3.38032
-2.304           -0.148488             3.38032
-2.88023            -0.81869             1.39775
-0.62987            -1.96085           -0.742935
-0.62987            -1.96085           -0.742935
-0.62987            -1.96085           -0.742935
-0.62987            -1.96085           -0.742935
-0.62987            -1.96085           -0.742935
1.47067            -1.10728             1.11987
1.47067            -1.10728             1.11987
1.47067            -1.10728             1.11987
0.333447            0.656052             3.66526
0.333447            0.656052             3.66526
0.333447            0.656052             3.66526
0.333447            0.656052             3.66526
0.333447            0.656052             3.66526
0.333447            0.656052             3.66526
0.333447            0.656052             3.66526
0.333447            0.656052             3.66526
0.333447            0.656052             3.66526
0.333447            0.656052             3.66526
0.333447            0.656052             3.66526
0.333447            0.656052             3.66526
0.394088          -0.0469986             1.98932
0.394088          -0.0469986             1.98932
0.394088          -0.0469986             1.98932
0.394088          -0.0469986             1.98932
0.394088          -0.0469986             1.98932
0.394088          -0.0469986             1.98932
0.0637217            0.990476             1.07893
0.0637217            0.990476             1.07893
0.0637217            0.990476             1.07893
-0.0479994           -0.393596            -1.23059
-0.0479994           -0.393596            -1.23059
-0.0479994           -0.393596            -1.23059
-0.0479994           -0.393596            -1.23059
-0.0479994           -0.393596            -1.23059
-0.0479994           -0.393596            -1.23059
-0.0864935           -0.401853            -3.17981
-0.0864935           -0.401853            -3.17981
0.726865            -1.05252            -3.10683
0.726865            -1.05252            -3.10683
0.726865            -1.05252            -3.10683
0.726865            -1.05252            -3.10683
0.696321             1.29288            -1.97606
0.590204           -0.103045            -1.20939
1.20836             0.67835            -1.18306
1.20836             0.67835            -1.18306
2.59393            0.170697           -0.849027
2.59393            0.170697           -0.849027
2.84701             1.34767             1.71344
1.26632           -0.310466            0.579008
2.99064             0.36998           -0.961587
4.20731            0.638312            -1.48738
4.20731            0.638312            -1.48738
4.20731            0.638312            -1.48738
4.20731            0.638312            -1.48738
4.20731            0.638312            -1.48738
1.66402             2.36047            -1.00858
2.53296             1.07915            -2.27191
0.391054            -1.56994             -4.5713
0.624127            0.319946            -2.12207
0.624127            0.319946            -2.12207
0.624127            0.319946            -2.12207
0.624127            0.319946            -2.12207
0.624127            0.319946            -2.12207
0.624127            0.319946            -2.12207
-0.97028               1.179            -3.31007
-1.81637             2.08495            -2.52462
-1.13317             1.70706            -2.31209
-1.13317             1.70706            -2.31209
-1.13317             1.70706            -2.31209
-1.13317             1.70706            -2.31209
-1.13317             1.70706            -2.31209
-1.13317             1.70706            -2.31209
-0.990117             1.05881            -1.00535
-0.990117             1.05881            -1.00535
-0.990117             1.05881            -1.00535
-0.990117             1.05881            -1.00535
-0.676039             2.11321            -2.36913
-3.06283             2.03006            -2.79404
-0.540405             3.47651            -5.51885
-0.540405             3.47651            -5.51885
-3.43195             2.17832            -6.68396
-3.43195             2.17832            -6.68396
-1.79618             3.74966            -6.24143
-1.79618             3.74966            -6.24143
-1.24024             3.83211             -6.2897
-1.24024             3.83211             -6.2897
0.667261             2.91575            -5.24737
0.121465             3.23846            -3.15193
1.05833             1.28285             -2.1117
1.05833             1.28285             -2.1117
1.05833             1.28285             -2.1117
1.05833             1.28285             -2.1117
1.46582            0.156894            -1.28259
2.62234             1.03721              1.4716
2.62234             1.03721              1.4716
-0.287065             2.27788            0.683163
-0.287065             2.27788            0.683163
0.36362             3.99376             2.18072
-2.19964              1.4198            0.962151
-1.88151             2.51885              2.4313
-1.88151             2.51885              2.4313
-2.30875            -0.35612             2.15746
-2.30875            -0.35612             2.15746
-2.30875            -0.35612             2.15746
-2.30875            -0.35612             2.15746
-2.30875            -0.35612             2.15746
-3.86994             1.20213           -0.554898
-4.80824           -0.081613            -2.89053
-7.16366            -1.83882            -2.84031
-5.26751           -0.738277            -5.38708
-3.99033            0.463724            -2.95418
-2.83277            -1.99219             -2.6177
-0.203146            -1.84651             -3.7525
2.42388           0.0143521            -3.26527
2.42388           0.0143521            -3.26527
2.42388           0.0143521            -3.26527
2.42388           0.0143521            -3.26527
2.42388           0.0143521            -3.26527
2.42388           0.0143521            -3.26527
3.93337            -1.68176            -5.29783
1.16515           -0.525676            -5.87927
1.16515           -0.525676            -5.87927
1.16515           -0.525676            -5.87927
4.13593           -0.824923            -4.12791
6.43318            0.134776            -2.19839
3.78797            -1.89324            -2.56312
3.78797            -1.89324            -2.56312
3.78797            -1.89324            -2.56312
3.78797            -1.89324            -2.56312
3.78797            -1.89324            -2.56312
2.35523           -0.760064            -2.59245
2.35523           -0.760064            -2.59245
2.35523           -0.760064            -2.59245
2.35523           -0.760064            -2.59245
0.873008            -1.90372            -2.52522
1.94829           -0.318971            -3.57474
1.94829           -0.318971            -3.57474
2.32272            0.810703            -3.73511
2.32272            0.810703            -3.73511
2.32272            0.810703            -3.73511
2.32272            0.810703            -3.73511
2.32272            0.810703            -3.73511
0.855687            0.824374            -1.99699
-1.07394          -0.0515351            -1.68811
-1.07394          -0.0515351            -1.68811
-1.07394          -0.0515351            -1.68811
-1.48767            0.696886            -3.14842
-1.48767            0.696886            -3.14842
-1.48767            0.696886            -3.14842
1.33464           -0.989531            -3.34472
0.738633             1.09579            -2.80344
-1.48188             1.77509            -3.77028
-1.48188             1.77509            -3.77028
-1.48188             1.77509            -3.77028
-1.48188             1.77509            -3.77028
-1.48188             1.77509            -3.77028
-1.48188             1.77509            -3.77028
-1.48188             1.77509            -3.77028
-1.48188             1.77509            -3.77028
-1.48188             1.77509            -3.77028
-1.48188             1.77509            -3.77028
-1.48188             1.77509            -3.77028
-1.48188             1.77509            -3.77028
-0.971528          -0.0189771            -2.08451
-0.971528          -0.0189771            -2.08451
-0.971528          -0.0189771            -2.08451
-1.7503           -0.560361            -1.93733
-1.7503           -0.560361            -1.93733
-1.7503           -0.560361            -1.93733
-2.1392             1.75631            -4.25384
-2.1392             1.75631            -4.25384
0.637606            0.959368            -1.49978
0.637606            0.959368            -1.49978
0.637606            0.959368            -1.49978
0.637606            0.959368            -1.49978
0.637606            0.959368            -1.49978
-0.179376             1.61228            -2.17393
-1.28758             2.80427            -3.13481
-1.28758             2.80427            -3.13481
-1.28758             2.80427            -3.13481
-1.28758             2.80427            -3.13481
-1.38184              3.7629            -2.37159
-4.21143             2.44346            -1.87109
-3.70337            0.302323            -2.97935
-3.70337            0.302323            -2.97935
-4.84184             1.20073            -4.52637
-4.85814             1.82856            -6.77182
-3.12821             0.01057            -8.58178
-5.50079            -2.51599            -5.78489
-5.50079            -2.51599            -5.78489
-4.45846          -0.0635304            -3.36243
-2.37885            -1.70012            -4.89776
-0.0621401            0.644436            -7.16216
-2.57119             2.69888             -4.9568
-2.57119             2.69888             -4.9568
-2.57119             2.69888             -4.9568
0.353175           -0.277423            -2.43986
0.353175           -0.277423            -2.43986
2.26715            -2.29298            -4.47248
2.26715            -2.29298            -4.47248
-0.0269331           -0.266889            -3.34108
-0.0269331           -0.266889            -3.34108
0.648227           -0.900687            -4.01367
0.648227           -0.900687            -4.01367
0.648227           -0.900687            -4.01367
0.648227           -0.900687            -4.01367
0.648227           -0.900687            -4.01367
0.648227           -0.900687            -4.01367
0.648227           -0.900687            -4.01367
0.648227           -0.900687            -4.01367
0.648227           -0.900687            -4.01367
-2.31885            -1.42256            -3.64313
-2.31885            -1.42256            -3.64313
-2.31885            -1.42256            -3.64313
0.0198173             1.15881            -2.46425
0.718571             2.62543            -3.14212
0.718571             2.62543            -3.14212
0.718571             2.62543            -3.14212
0.718571             2.62543            -3.14212
0.718571             2.62543            -3.14212
-1.52315              5.2664            -3.53976
-1.52315              5.2664            -3.53976
-1.99417             5.40017            -2.88989
-2.7987             6.48928            -5.68398
-2.26892             3.71462            -5.35464
0.0284596             1.42057             -6.7166
0.0284596             1.42057             -6.7166
0.0284596             1.42057             -6.7166
2.82192            -1.33362            -4.84477
2.82192            -1.33362            -4.84477
2.82192            -1.33362            -4.84477
2.82192            -1.33362            -4.84477
5.20442           -0.506516            -3.10665
3.5234            -1.14528            -5.14397
3.5234            -1.14528            -5.14397
4.38611            -3.09288            -4.02738
3.35609            -2.31282            -6.80142
3.35609            -2.31282            -6.80142
4.76207            -2.46821            -6.03241
4.76207            -2.46821            -6.03241
4.76207            -2.46821            -6.03241
4.76207            -2.46821            -6.03241
1.86057           0.0724932            -6.82258
1.86057           0.0724932            -6.82258
1.86057           0.0724932            -6.82258
4.19401             -2.7793            -6.62405
4.19401             -2.7793            -6.62405
3.63353            -1.22472            -4.59814
3.63353            -1.22472            -4.59814
1.5341            -0.17788            -5.39208
1.5341            -0.17788            -5.39208
-1.39569            -2.01091            -3.25136
-1.39569            -2.01091            -3.25136
-0.491783            0.194519            -3.62904
-1.94113            0.358881            -2.23297
-1.94113            0.358881            -2.23297
-3.97367             1.21715            -5.01894
-6.62012            0.336534            -5.29831
-6.62012            0.336534            -5.29831
-6.62012            0.336534            -5.29831
-4.06955              -1.433            -4.91825
-2.68966            -1.56555            -7.75509
-2.68966            -1.56555            -7.75509
-1.76685            0.160006            -7.59273
0.733147              1.1407            -7.49574
2.16588            0.380257            -5.07319
2.16588            0.380257            -5.07319
2.2482            -1.19045            -2.40305
2.2482            -1.19045            -2.40305
0.677838             -2.4348            -2.08198
2.72169            -2.89738            -3.40923
2.25224             -2.8392            -2.69776
2.25224             -2.8392            -2.69776
2.25224             -2.8392            -2.69776
1.5421            -3.12805            -1.78391
1.5421            -3.12805            -1.78391
-0.370126            -2.74152            0.682064
-2.20652             -3.0708             3.39487
-2.20652             -3.0708             3.39487
-2.20652             -3.0708             3.39487
-3.0476              -3.005             6.30307
-1.84674            -2.71289             7.93005
-1.84674            -2.71289             7.93005
-1.84674            -2.71289             7.93005
-2.43925             -4.1644             6.96872
-2.40824            -5.39323             4.46472
-2.40824            -5.39323             4.46472
-1.67071             -4.4663             5.22928
0.563425            -7.07834             3.63935
1.81989            -7.59917               3.624
-0.768704            -5.95166             3.76146
-2.94678            -3.45572             1.49063
-2.94678            -3.45572             1.49063
-2.94678            -3.45572             1.49063
-2.94678            -3.45572             1.49063
-2.94678            -3.45572             1.49063
-0.19088            -1.70115             3.42981
0.792736            -2.20296              3.7001
-0.420456             -1.8258               5.687
0.0473255           -0.498582              5.1436
-0.922963             1.18289             2.41092
-0.922963             1.18289             2.41092
-0.922963             1.18289             2.41092
-1.06688              2.6758             1.97292
1.24869             3.68667             4.63439
-1.03486             1.63008             4.66892
-0.255767            -0.74432             3.14355
-0.255767            -0.74432             3.14355
-0.255767            -0.74432             3.14355
-0.255767            -0.74432             3.14355
-0.255767            -0.74432             3.14355
-0.255767            -0.74432             3.14355
-0.255767            -0.74432             3.14355
-1.58693           -0.663488             2.25879
-0.288731            0.475274            0.840506
1.94095            0.119337              3.0101
1.94095            0.119337              3.0101
1.94095            0.119337              3.0101
1.94095            0.119337              3.0101
2.16431            -1.74874             3.18018
1.12579            -1.21285             3.31453
-0.728476            -1.07962                1.39
-0.728476            -1.07962                1.39
-0.778276             0.47145             3.23721
-0.778276             0.47145             3.23721
1.04525            0.806387             2.98257
1.04525            0.806387             2.98257
1.04525            0.806387             2.98257
1.04525            0.806387             2.98257
1.04525            0.806387             2.98257
1.04525            0.806387             2.98257
0.283271            0.749422             1.50686
0.283271            0.749422             1.50686
3.14715           -0.293241             2.72793
3.14715           -0.293241             2.72793
3.14715           -0.293241             2.72793
1.88541            -2.32978             5.65936
1.88541            -2.32978             5.65936
-0.391627            -1.85545             3.12062
-0.391627            -1.85545             3.12062
-0.391627            -1.85545             3.12062
-2.26413            -1.52828             3.44455
-2.26413            -1.52828             3.44455
-2.26413            -1.52828             3.44455
-2.26413            -1.52828             3.44455
-2.26413            -1.52828             3.44455
-3.38742            -1.63799             2.50878
-3.38742            -1.63799             2.50878
-1.62849            -1.13914             2.46405
-1.62849            -1.13914             2.46405
-0.850633             1.75597             4.96576
-0.850633             1.75597             4.96576
-0.534072             1.10422             6.43731
-3.33686             2.30492              5.5259
-5.34568            0.970067             5.58137
-5.81016             3.27193             4.00948
-4.15514             3.37276              3.8886
-4.15514             3.37276              3.8886
-4.05249             5.02894             5.44486
-2.20335              3.2955             8.21543
-2.20335              3.2955             8.21543
-2.20335              3.2955             8.21543
-1.59918             1.21854             8.87324
-1.8764             2.53525             7.78381
-0.505718             1.76776              8.1725
-0.505718             1.76776              8.1725
1.33998             4.54495             7.64204
1.33998             4.54495             7.64204
-0.114065             5.63968             6.19804
-0.114065             5.63968             6.19804
-0.114065             5.63968             6.19804
-1.10384             4.01779              4.0541
-2.7291             3.13669             3.14771
-2.7291             3.13669             3.14771
-3.93334             3.55323              3.5972
-3.93334             3.55323              3.5972
-0.969045             4.34709             3.41667
-0.969045             4.34709             3.41667
-0.411441             3.02607             4.34755
0.0159452             5.67235             2.34378
2.18327             3.79028             2.59449
2.18327             3.79028             2.59449
2.18327             3.79028             2.59449
-0.270723              3.1758             5.27752
-0.270723              3.1758             5.27752
-3.25492            0.266321             2.58373
-0.659007             2.03828             5.10931
-0.472433           -0.948464             2.95356
-1.73395            0.050924             2.15659
-1.73395            0.050924             2.15659
-1.16071            -1.33218             4.73283
0.0609996           0.0780787             4.26661
0.0609996           0.0780787             4.26661
0.0609996           0.0780787             4.26661
0.51312           -0.738656             3.46909
-0.9324            -1.80376             1.21346
-2.64248            -1.37806             3.16435
-4.19153             0.46377             4.40405
-1.96098             2.42678              1.6285
-1.96098             2.42678              1.6285
-1.96098             2.42678              1.6285
-1.96098             2.42678              1.6285
-0.161309             2.62344             3.46449
-0.161309             2.62344             3.46449
0.0872929             2.18536             5.64772
0.0872929             2.18536             5.64772
0.244421             4.25416             4.42928
0.244421             4.25416             4.42928
2.06533             1.54922             5.44164
2.06533             1.54922             5.44164
2.06533             1.54922             5.44164
2.06533             1.54922             5.44164
0.511058           -0.495276             4.56792
0.511058           -0.495276             4.56792
0.511058           -0.495276             4.56792
-0.237565           -0.106019             4.13185
-0.237565           -0.106019             4.13185
1.62757            0.124846             3.12388
0.40457            0.397942             2.45041
-0.655488             1.88448             3.31145
2.12888             2.73173             4.00212
4.51104           0.0783287             5.65203
2.14449             1.28084             2.80259
-0.0223417             4.10897              5.7946
-1.70896             2.14347             4.30039
-1.70896             2.14347             4.30039
-0.143226          -0.0772751              4.3118
-0.143226          -0.0772751              4.3118
-0.264566           -0.496089             2.52575
-0.264566           -0.496089             2.52575
-0.264566           -0.496089             2.52575
-0.264566           -0.496089             2.52575
-0.264566           -0.496089             2.52575
-0.264566           -0.496089             2.52575
0.408685             2.47691              2.2832
0.408685             2.47691              2.2832
-0.441142           -0.347973             2.38394
-0.207736            0.207533             1.25084
-0.310998            -2.18431             3.48086
-3.13124            -1.50719             5.83484
-1.0089            -1.02163             8.52476
1.1865           -0.723956             7.96555
1.1865           -0.723956             7.96555
1.1865           -0.723956             7.96555
1.58657            -3.23417              8.3155
3.73276            -1.53942             7.44208
3.73276            -1.53942             7.44208
0.981843            -3.75926             8.07381
0.981843            -3.75926             8.07381
0.329448            -3.59543             8.52722
0.329448            -3.59543             8.52722
0.329448            -3.59543             8.52722
0.329448            -3.59543             8.52722
0.065182             -2.7827              6.5477
0.153521           -0.144077             7.74955
2.89271             1.77552             6.69245
1.16753             2.95057             4.89614
3.07095             1.44163             3.49444
3.07095             1.44163             3.49444
0.478875             3.66834             3.27618
0.478875             3.66834             3.27618
-0.661563             4.54819             2.14423
-3.23732             4.30807             4.17414
-0.605553             1.45654             2.70201
-0.605553             1.45654             2.70201
-0.605553             1.45654             2.70201
-0.605553             1.45654             2.70201
0.853996            -0.35513              5.2062
0.275629             2.54861             5.48459
-2.19025            0.479904             5.91446
-3.79154           0.0450178              5.1333
-4.46184            -1.22492             2.82123
-3.53872           -0.788718               5.653
-3.53872           -0.788718               5.653
-3.99161           -0.964094             8.26606
-3.07126            0.760378             6.70424
-3.07126            0.760378             6.70424
-3.07126            0.760378             6.70424
-1.02485           -0.156221             6.77364
-2.74082           0.0739752             6.37946
-2.78595            0.166895             5.15556
-2.78595            0.166895             5.15556
-2.78595            0.166895             5.15556
-2.78595            0.166895             5.15556
-4.54399             2.05149             2.19545
-4.54399             2.05149             2.19545
-4.54399             2.05149             2.19545
-4.54399             2.05149             2.19545
-4.54399             2.05149             2.19545
-3.68743           -0.440677             4.10424
-3.68743           -0.440677             4.10424
-3.68743           -0.440677             4.10424
-1.972            -1.54735             3.93296
-0.0825174           -0.177152             1.06596
-0.0825174           -0.177152             1.06596
2.20354            -1.63436             1.36533
2.20354            -1.63436             1.36533
0.108407            -1.30693            -1.00407
1.3145           0.0444097            -1.45785
1.3145           0.0444097            -1.45785
-1.61942             2.42493            -2.38953
-1.61942             2.42493            -2.38953
-0.596492             3.61482            -2.27941
-3.24533             3.10252            -3.39002
-1.9017             1.43088            -2.93905
-1.9017             1.43088            -2.93905
-1.9017             1.43088            -2.93905
-1.9017             1.43088            -2.93905
-1.9017             1.43088            -2.93905
-1.9017             1.43088            -2.93905
-1.9017             1.43088            -2.93905
-1.9017             1.43088            -2.93905
0.596741              1.9568            -3.76831
1.45027           -0.622631            -4.29106
0.483648            -1.55345            -1.59053
0.483648            -1.55345            -1.59053
0.483648            -1.55345            -1.59053
0.483648            -1.55345            -1.59053
0.483648            -1.55345            -1.59053
0.483648            -1.55345            -1.59053
0.741754           -0.163403            -1.96022
0.741754           -0.163403            -1.96022
0.741754           -0.163403            -1.96022
0.741754           -0.163403            -1.96022
0.741754           -0.163403            -1.96022
0.741754           -0.163403            -1.96022
0.741754           -0.163403            -1.96022
0.741754           -0.163403            -1.96022
0.741754           -0.163403            -1.96022
0.741754           -0.163403            -1.96022
0.741754           -0.163403            -1.96022
0.741754           -0.163403            -1.96022
0.741754           -0.163403            -1.96022
-0.550904            0.841796           -0.795028
-0.550904            0.841796           -0.795028
-0.72563             1.25713             -2.6719
-0.72563             1.25713             -2.6719
1.16065           -0.489559           -0.644911
1.16065           -0.489559           -0.644911
-0.306394            0.571993             1.82438
-1.19511           -0.838449             1.54282
-1.19511           -0.838449             1.54282
-1.50093            -2.13116             4.44495
-1.50093            -2.13116             4.44495
-1.20665            -1.95507             2.39766
-1.20665            -1.95507             2.39766
-1.01322           -0.455586             1.46988
1.86301           -0.992965             3.22582
1.86301           -0.992965             3.22582
1.86301           -0.992965             3.22582
1.61218            0.945151             2.72857
1.61218            0.945151             2.72857
1.61218            0.945151             2.72857
3.43031            -1.08885               2.303
0.477956             1.31203             5.26587
0.477956             1.31203             5.26587
2.66599             0.02443             5.04186
3.70344             1.04275             6.67052
3.70344             1.04275             6.67052
2.70761              3.3763             6.69741
1.10407             2.65392             6.04543
1.18827             1.79574             3.45165
1.18827             1.79574             3.45165
2.58856           -0.159592             5.31217
2.58856           -0.159592             5.31217
2.22283             2.60442              4.2522
2.22283             2.60442              4.2522
2.22283             2.60442              4.2522
-0.0362869            0.406922             3.28501
-0.0362869            0.406922             3.28501
-0.0362869            0.406922             3.28501
-0.0362869            0.406922             3.28501
-0.0362869            0.406922             3.28501
0.63089             1.17333             4.14602
0.63089             1.17333             4.14602
0.63089             1.17333             4.14602
-1.71172             1.09799             5.55131
-1.71172             1.09799             5.55131
-1.71172             1.09799             5.55131
-1.01612            -1.59033             4.45661
-1.01612            -1.59033             4.45661
-0.999404            0.312554             3.35714
-0.0284433             1.38642              1.7358
-0.0284433             1.38642              1.7358
-0.0284433             1.38642              1.7358
-0.0284433             1.38642              1.7358
-0.0284433             1.38642              1.7358
-0.758466           -0.298442              1.8098
-0.758466           -0.298442              1.8098
-0.758466           -0.298442              1.8098
-0.758466           -0.298442              1.8098
-0.758466           -0.298442              1.8098
0.893738            -1.65926             1.65075
-1.29779              1.1711             4.06074
1.1978             1.46897             4.00446
-1.60713           -0.768165             3.94807
-1.60713           -0.768165             3.94807
-1.60713           -0.768165             3.94807
-0.708845            0.799247             5.68128
0.645188            0.248577             2.74559
0.300184             3.09232             2.24181
0.300184             3.09232             2.24181
-0.918191             3.78359             3.64325
1.54134             2.37688             5.89595
1.54134             2.37688             5.89595
1.54134             2.37688             5.89595
-1.06235             2.85916             7.15196
0.805129             1.63964             9.17481
0.805129             1.63964             9.17481
2.83699            0.377868             9.22958
0.287835             2.85095             11.6064
0.287835             2.85095             11.6064
0.287835             2.85095             11.6064
1.27897             3.38976             13.4979
1.27897             3.38976             13.4979
3.85309             5.95645              10.605
5.29849             5.69712             12.9282
6.29106             5.22363             11.5663
6.51913             6.44684             10.1095
4.72697              4.8938             7.60641
4.72697              4.8938             7.60641
6.16128             3.93113             5.46828
8.08687             3.38035             5.54862
8.08687             3.38035             5.54862
8.08687             3.38035             5.54862
6.21552             4.33943             8.11922
8.54364             3.67574             8.26554
8.00729             6.39488             8.37704
7.14862             5.30218             10.2277
4.48609             4.81564             8.42302
5.64178             4.71576             5.51299
3.92566             2.39848             7.66792
3.92566             2.39848             7.66792
3.28233             3.34374             8.30794
3.28233             3.34374             8.30794
3.28233             3.34374             8.30794
4.00606             2.71041              8.8025
3.30983             1.75235              6.9357
0.808689              1.1417             5.18545
0.808689              1.1417             5.18545
0.808689              1.1417             5.18545
0.808689              1.1417             5.18545
1.04348           0.0578029             4.56984
2.37388            -2.85551             3.76079
1.68927            -2.93315             1.88464
1.68927            -2.93315             1.88464
-0.861155            -2.65889             3.88645
-0.861155            -2.65889             3.88645
-0.861155            -2.65889             3.88645
-0.861155            -2.65889             3.88645
-0.0886397           -0.616074              6.7642
-0.0886397           -0.616074              6.7642
-0.0886397           -0.616074              6.7642
-0.0886397           -0.616074              6.7642
-0.677742            -2.94664             4.02723
-0.677742            -2.94664             4.02723
-0.519522            -2.13263             3.05141
-3.19743            0.613499             1.17684
-3.19743            0.613499             1.17684
-3.19743            0.613499             1.17684
-1.80443            0.418493             1.36925
-1.80443            0.418493             1.36925
-4.25392             2.68267             2.90205
-4.25392             2.68267             2.90205
-2.00921             2.57075             1.43754
-3.35765              2.3734             2.35385
-2.11274            0.227791             5.17836
-0.736903             2.80796             2.62019
-0.293527             0.67418             4.79002
-0.293527             0.67418             4.79002
-0.355388            -1.96512             2.23628
-0.355388            -1.96512             2.23628
-0.355388            -1.96512             2.23628
-0.355388            -1.96512             2.23628
-0.355388            -1.96512             2.23628
-0.355388            -1.96512             2.23628
-2.06234            -1.17671             3.32383
-2.06234            -1.17671             3.32383
-3.42355            -1.86898             1.15415
-2.69341            -1.49444             3.69892
-2.69341            -1.49444             3.69892
-2.53767           -0.630019             2.89981
0.325636            -1.61234             2.94037
0.325636            -1.61234             2.94037
-0.850474            -1.46408             2.84725
-0.850474            -1.46408             2.84725
-2.77295           -0.673597             2.26916
-0.198743            -3.45928             3.96567
-0.198743            -3.45928             3.96567
-0.198743            -3.45928             3.96567
-1.64435            -6.08563             2.57604
-1.64435            -6.08563             2.57604
-1.64435            -6.08563             2.57604
-0.427            -3.69356             4.82257
1.18273            -3.48278             4.39387
0.382458            -2.25326             2.30523
0.382458            -2.25326             2.30523
0.382458            -2.25326             2.30523
0.382458            -2.25326             2.30523
0.382458            -2.25326             2.30523
0.382458            -2.25326             2.30523
0.382458            -2.25326             2.30523
0.382458            -2.25326             2.30523
0.382458            -2.25326             2.30523
0.482839            0.709035             1.83519
0.482839            0.709035             1.83519
0.482839            0.709035             1.83519
0.482839            0.709035             1.83519
0.482839            0.709035             1.83519
0.482839            0.709035             1.83519
-2.47929            0.784185             2.48105
-2.47929            0.784185             2.48105
-2.47929            0.784185             2.48105
-2.47929            0.784185             2.48105
-2.47929            0.784185             2.48105
-2.47929            0.784185             2.48105
-2.47929            0.784185             2.48105
-2.47929            0.784185             2.48105
-2.47929            0.784185             2.48105
-0.490411              1.1913             3.97409
-0.490411              1.1913             3.97409
-0.490411              1.1913             3.97409
-0.796601            -1.60651             2.29415
-0.796601            -1.60651             2.29415
-0.796601            -1.60651             2.29415
-1.9728            0.519053             3.97619
-3.24724             1.69608             2.86525
-3.24724             1.69608             2.86525
-0.895883           -0.944881             5.40561
-0.895883           -0.944881             5.40561
-1.66286             1.78389             5.08738
-1.66286             1.78389             5.08738
-2.23848            0.792407             4.07997
-0.0433492            0.977722             1.50272
-0.4357             2.75501             2.24745
-2.3722           -0.220888             1.48448
-2.3722           -0.220888             1.48448
-2.3722           -0.220888             1.48448
-2.3722           -0.220888             1.48448
-0.327389           -0.154229            0.656262
-0.327389           -0.154229            0.656262
-0.792358             2.22042            -1.54223
-0.948287           -0.100221            -4.00135
-3.19242            0.663557            -6.00874
-3.19242            0.663557            -6.00874
-2.28876            -0.26394            -7.72525
-0.61359            0.156018            -8.56314
-0.61359            0.156018            -8.56314
-0.61359            0.156018            -8.56314
-3.46166            -1.22222            -6.17151
-3.2962             1.61062            -6.10603
-5.99642             3.43923            -4.79932
-5.49347             0.48089            -7.62479
-6.79937            -1.21919            -7.37657
-4.84242            -3.52083            -6.35365
-4.84242            -3.52083            -6.35365
-2.21404            -3.34175            -4.37275
0.416816            -1.00588            -2.46168
0.416816            -1.00588            -2.46168
0.416816            -1.00588            -2.46168
0.416816            -1.00588            -2.46168
0.416816            -1.00588            -2.46168
0.416816            -1.00588            -2.46168
0.150205           -0.968114            -5.40357
0.150205           -0.968114            -5.40357
-2.41968            -3.95346            -4.38743
-3.00785            -5.20694            -4.60936
-3.00785            -5.20694            -4.60936
-3.00785            -5.20694            -4.60936
-1.30085            -2.45609            -1.72281
1.38261           -0.999407            -2.77313
1.38261           -0.999407            -2.77313
1.38261           -0.999407            -2.77313
1.38261           -0.999407            -2.77313
1.38261           -0.999407            -2.77313
1.38261           -0.999407            -2.77313
1.38261           -0.999407            -2.77313
1.38261           -0.999407            -2.77313
1.38261           -0.999407            -2.77313
1.38261           -0.999407            -2.77313
1.38261           -0.999407            -2.77313
1.38261           -0.999407            -2.77313
1.38261           -0.999407            -2.77313
1.38261           -0.999407            -2.77313
1.38261           -0.999407            -2.77313
1.38261           -0.999407            -2.77313
2.64104            -2.37432            -2.23638
2.64104            -2.37432            -2.23638
2.64104            -2.37432            -2.23638
2.64104            -2.37432            -2.23638
1.95286           -0.344277            -2.50398
1.95286           -0.344277            -2.50398
1.95286           -0.344277            -2.50398
-0.972327             1.84229            -4.36748
1.18135              2.6208            -5.48766
1.44517           -0.119949            -5.78301
1.44517           -0.119949            -5.78301
-1.36032            0.939402            -7.75305
0.0373881            -1.35746            -5.59975
3.01982            -1.13725            -5.56364
2.95557             1.28751            -7.48014
2.95557             1.28751            -7.48014
0.936012             1.59494             -6.7429
3.09557             4.35796            -5.93658
3.09557             4.35796            -5.93658
4.48893             4.50521            -3.77324
1.84426             5.78383             -4.9505
4.33769             5.17426            -3.77385
5.04385             2.35894           -0.944303
5.04385             2.35894           -0.944303
6.87446             2.86063            -3.59395
6.87446             2.86063            -3.59395
4.62658             4.21887            -5.80325
1.77732             1.36745             -4.1915
2.27055            0.553983            -4.86754
-0.235858           -0.504737            -3.88195
-0.235858           -0.504737            -3.88195
2.14605            -3.16371             -2.9139
2.14605            -3.16371             -2.9139
4.37934             -1.8738            -1.58788
4.37934             -1.8738            -1.58788
2.25415            0.783736            -4.54982
1.07059           -0.122965            -6.70932
-0.33325             0.65782            -5.18609
-1.49917             2.15532            -6.03444
0.389521           -0.288481            -4.87974
0.389521           -0.288481            -4.87974
1.85862             1.32146            -5.68277
2.15939              2.3831            -4.19554
2.15939              2.3831            -4.19554
0.471511            0.191456            -2.19473
0.471511            0.191456            -2.19473
0.471511            0.191456            -2.19473
0.471511            0.191456            -2.19473
-0.257206          -0.0450175            -1.84466
-0.257206          -0.0450175            -1.84466
-0.257206          -0.0450175            -1.84466
-0.257206          -0.0450175            -1.84466
-0.331296           -0.975994            -2.30579
1.8739              1.9831            -2.12863
1.8739              1.9831            -2.12863
1.8739              1.9831            -2.12863
2.06921             1.47903            -5.09034
0.89126             1.86511            -4.11848
0.89126             1.86511            -4.11848
0.89126             1.86511            -4.11848
1.3914            -1.02252            -2.76097
1.3914            -1.02252            -2.76097
1.3914            -1.02252            -2.76097
1.3914            -1.02252            -2.76097
-0.0343481           -0.045025            -3.22352
0.793535            0.313675            -2.09915
0.793535            0.313675            -2.09915
0.793535            0.313675            -2.09915
0.793535            0.313675            -2.09915
-0.863529             2.33839            -2.20505
-3.61193              4.5771            -5.01495
-4.08717              2.2649            -5.68989
-6.34133            0.335738            -3.95041
-6.34133            0.335738            -3.95041
-3.66894             2.66436            -5.86818
-6.07874            0.210664            -3.15532
-4.36349           -0.156069            -1.92412
-2.18036            -2.88684           -0.834587
-2.18036            -2.88684           -0.834587
-1.93165            -3.40307           -0.886136
-1.93165            -3.40307           -0.886136
-0.538756            -1.77586             2.06483
-0.538756            -1.77586             2.06483
0.487431             0.82375             4.82595
-1.99339             3.02266             5.66348
-1.99339             3.02266             5.66348
-0.198289            0.344215              2.9309
0.588805            0.006939             1.62396
0.588805            0.006939             1.62396
0.588805            0.006939             1.62396
0.588805            0.006939             1.62396
0.588805            0.006939             1.62396
0.588805            0.006939             1.62396
0.588805            0.006939             1.62396
0.588805            0.006939             1.62396
0.588805            0.006939             1.62396
0.588805            0.006939             1.62396
0.588805            0.006939             1.62396
0.588805            0.006939             1.62396
0.588805            0.006939             1.62396
0.588805            0.006939             1.62396
1.02405              2.2798             1.92326
1.02405              2.2798             1.92326
1.02405              2.2798             1.92326
1.02405              2.2798             1.92326
-0.786383             1.69616             1.85023
-0.786383             1.69616             1.85023
-0.786383             1.69616             1.85023
-0.480541             1.17611             2.22024
-0.480541             1.17611             2.22024
-0.480541             1.17611             2.22024
-0.480541             1.17611             2.22024
-0.480541             1.17611             2.22024
-0.480541             1.17611             2.22024
-0.480541             1.17611             2.22024
-0.480541             1.17611             2.22024
-2.81994             1.82978             4.59751
-1.80696             1.98361              5.3244
0.207438            0.929982             3.95171
-2.18537            -1.84025              3.4006
-2.18537            -1.84025              3.4006
-0.691198           -0.741224             2.37538
-0.691198           -0.741224             2.37538
-0.691198           -0.741224             2.37538
-0.691198           -0.741224             2.37538
-0.691198           -0.741224             2.37538
0.219074            0.607369             1.88374
0.219074            0.607369             1.88374
0.219074            0.607369             1.88374
0.219074            0.607369             1.88374
0.219074            0.607369             1.88374
0.850174           0.0244328             2.91651
0.850174           0.0244328             2.91651
0.850174           0.0244328             2.91651
3.37738            0.173209              4.1238
1.2965            -1.85837             2.03909
1.43861            -3.86938             3.98083
1.43861            -3.86938             3.98083
1.43861            -3.86938             3.98083
1.43861            -3.86938             3.98083
1.43861            -3.86938             3.98083
1.43861            -3.86938             3.98083
1.43861            -3.86938             3.98083
1.43861            -3.86938             3.98083
1.43861            -3.86938             3.98083
2.88909            -2.93281             5.26855
3.63319            -2.66683              4.0521
2.22694           -0.438236             3.36013
2.22694           -0.438236             3.36013
0.023213             2.09967             2.90482
0.023213             2.09967             2.90482
0.023213             2.09967             2.90482
0.023213             2.09967             2.90482
0.023213             2.09967             2.90482
0.023213             2.09967             2.90482
-2.44577             0.45181             0.95421
-2.44577             0.45181             0.95421
-2.03381             2.58936            -1.14758
-3.22555             4.05289            -3.73214
-3.22555             4.05289            -3.73214
-2.86943             2.77424            -3.37544
-2.86943             2.77424            -3.37544
-2.86943             2.77424            -3.37544
-2.03252             1.69718            -1.54167
-0.57942             -0.7603            -3.50347
-1.73867             0.58045            -5.54054
-2.59706             -1.3227            -4.96154
-0.992299            -1.81097            -4.00032
-1.18305             -2.9523            -1.82657
1.27913            -1.25629            -2.00158
-0.460393           -0.827976            0.125274
1.28554            -2.54908            0.243342
1.28554            -2.54908            0.243342
4.07898           -0.975499            0.605325
1.38713            -1.26269             -1.2103
1.38713            -1.26269             -1.2103
-1.0068            -2.00796             1.11468
-1.0068            -2.00796             1.11468
-1.0068            -2.00796             1.11468
-1.0068            -2.00796             1.11468
0.542552            -1.83472             2.75711
-1.10178            0.523396             1.03504
-3.30626            -1.74254            -1.89521
-0.536186             0.54569            -3.70124
0.17192            0.604938            -2.28128
0.17192            0.604938            -2.28128
0.17192            0.604938            -2.28128
0.17192            0.604938            -2.28128
0.0747526             2.84377            -4.46501
0.0747526             2.84377            -4.46501
0.229036             4.20407            -3.05447
0.427721             1.23056            -5.31198
0.427721             1.23056            -5.31198
-0.95436            0.046314            -6.14493
-0.95436            0.046314            -6.14493
0.608349            0.939727            -4.57143
0.608349            0.939727            -4.57143
-1.39268             2.65016            -2.77999
-1.39268             2.65016            -2.77999
-1.39268             2.65016            -2.77999
-1.39268             2.65016            -2.77999
-1.39268             2.65016            -2.77999
-1.23207             2.89422            -2.82613
1.34941             4.72246            -3.86236
-1.19339             3.32355            -5.12285
-2.12964             4.69863            -3.28833
-2.12964             4.69863            -3.28833
-2.12964             4.69863            -3.28833
-1.56989             2.46373            -3.34606
1.01006             1.78899            -2.61592
1.01006             1.78899            -2.61592
-0.797332             1.39249            -1.58103
-0.797332             1.39249            -1.58103
0.653797           -0.247743            -1.85122
0.653797           -0.247743            -1.85122
0.653797           -0.247743            -1.85122
0.653797           -0.247743            -1.85122
0.653797           -0.247743            -1.85122
0.303634             1.94493            0.799682
-1.87928           -0.702618             3.07054
0.782269            0.904338             3.94001
0.782269            0.904338             3.94001
2.41266            -1.15697             1.84693
2.41266            -1.15697             1.84693
2.41266            -1.15697             1.84693
2.41266            -1.15697             1.84693
2.41266            -1.15697             1.84693
1.22153          -0.0387069             0.84067
0.948918             2.28912             1.91194
0.948918             2.28912             1.91194
0.948918             2.28912             1.91194
0.948918             2.28912             1.91194
0.948918             2.28912             1.91194
-1.56194           -0.565264             1.06399
-3.45464            0.700071             1.05851
-3.45464            0.700071             1.05851
-3.45464            0.700071             1.05851
-4.2529            -2.28917             1.61062
-4.2529            -2.28917             1.61062
-3.52627             -4.1039             2.23106
-5.07619            -3.68841             3.11953
-5.07619            -3.68841             3.11953
-3.14084            -2.43189             5.77889
-3.14084            -2.43189             5.77889
-3.69071            0.316079             4.14309
-1.8038            0.602627             2.72878
-1.8038            0.602627             2.72878
0.782657          -0.0979857             2.62962
0.782657          -0.0979857             2.62962
0.782657          -0.0979857             2.62962
0.782657          -0.0979857             2.62962
-0.561802            -1.13861              1.8392
-0.561802            -1.13861              1.8392
-0.561802            -1.13861              1.8392
-0.561802            -1.13861              1.8392
-0.561802            -1.13861              1.8392
-0.561802            -1.13861              1.8392
-0.561802            -1.13861              1.8392
-0.561802            -1.13861              1.8392
-0.561802            -1.13861              1.8392
0.0749873             -1.3826             3.71675
0.0749873             -1.3826             3.71675
0.0749873             -1.3826             3.71675
0.0749873             -1.3826             3.71675
-2.5769            -0.98286             4.38446
-2.5769            -0.98286             4.38446
-0.726985            -1.45917             4.48776
1.54467            -1.73894             4.99785
4.08789            -4.57487             5.11492
5.52568            -1.86599               6.684
5.52568            -1.86599               6.684
4.65735            -2.93932             5.82416
3.29323            -1.52845             6.66189
4.01741            -1.12204             4.65863
4.01741            -1.12204             4.65863
4.01741            -1.12204             4.65863
4.01741            -1.12204             4.65863
1.06617            -3.41694             1.71922
1.06617            -3.41694             1.71922
0.7827           -0.574242             3.55819
0.7827           -0.574242             3.55819
0.0182158            0.440834             4.68046
0.0182158            0.440834             4.68046
0.0182158            0.440834             4.68046
-2.28525            0.204848             2.40977
0.445348            0.491327               4.377
0.445348            0.491327               4.377
0.100802             0.99506             1.69995
2.53372             2.79073             2.92575
2.53372             2.79073             2.92575
2.53372             2.79073             2.92575
4.87521             1.46242             4.81563
4.26411           -0.866886             6.22862
4.26411           -0.866886             6.22862
4.26023            -3.15397             4.30677
2.45951             -6.1306             6.01475
2.45951             -6.1306             6.01475
2.45951             -6.1306             6.01475
3.46638            -4.57979             7.21864
1.09978            -6.77252              7.1233
0.469495            -6.78524              5.7746
-1.49775            -3.85368             6.32919
-1.49775            -3.85368             6.32919
-3.30359            -1.47056             3.91423
-2.81437             1.20854             4.17165
-2.3544             2.28316             4.99956
-3.83531             1.92725             3.92106
-2.45238           -0.866957             5.31094
-3.16338            -2.85327             7.12622
-3.16338            -2.85327             7.12622
-5.68392            -2.18899              5.6702
-5.68392            -2.18899              5.6702
-4.62671           -0.891891             4.69886
-3.59717            -1.77253              6.6279
-3.59717            -1.77253              6.6279
-1.89468            -4.70638             9.24894
-1.89468            -4.70638             9.24894
-1.89094            -6.87415             6.57994
0.402616             -8.1781             6.60868
3.28844            -6.60763             4.28275
4.32687             -8.3159              3.8713
4.32687             -8.3159              3.8713
4.11101            -7.46791             2.15001
5.58185            -5.48627             1.32679
4.68518            -8.29205             3.62721
4.68518            -8.29205             3.62721
4.68518            -8.29205             3.62721
7.21235            -6.51774              3.0371
5.08857            -3.65827             2.53412
2.92411             -5.6331             3.45235
2.92411             -5.6331             3.45235
2.78656            -4.44523              4.1915
2.39249            -3.97119             3.77049
2.40112            -3.94647             6.27443
4.20358            -1.04884             6.90359
4.20358            -1.04884             6.90359
6.49308            -3.67153              5.7024
6.49308            -3.67153              5.7024
6.49308            -3.67153              5.7024
7.82163            -4.49266             6.07094
7.58804            -2.07157              4.9694
6.72728            -1.20992             6.49004
9.21404            -1.43077             4.10254
12.1578          -0.0702317             5.65335
12.1578          -0.0702317             5.65335
10.7028           -0.717968             2.68255
9.63204            -1.29914             5.06756
10.5477            -2.11622             3.91992
8.14438            -2.80374             4.83173
7.9817            -5.57113             7.16435
7.9817            -5.57113             7.16435
10.1419            -6.70107              8.6005
9.35302            -4.86832             9.18335
8.96519             -5.4991             7.46054
6.52214            -5.32578             8.16885
4.84462            -4.43218             7.17145
4.84462            -4.43218             7.17145
4.84462            -4.43218             7.17145
7.5557            -1.90102             4.99425
7.28681            -2.46235             4.05423
7.32409            -3.18145             2.62544
7.32409            -3.18145             2.62544
7.32409            -3.18145             2.62544
5.05305             -2.5168             1.81333
5.83174            0.482011             3.37855
3.05446             2.05042             2.33625
2.32249             3.36936             4.24641
2.32249             3.36936             4.24641
2.32249             3.36936             4.24641
2.32249             3.36936             4.24641
0.0229052             3.10847             2.00476
2.66803            0.572033             3.28912
1.36593            -1.89646             3.67709
1.36593            -1.89646             3.67709
0.479835            0.779697             4.42327
0.479835            0.779697             4.42327
0.479835            0.779697             4.42327
-1.60711            0.537721             2.19432
-1.60711            0.537721             2.19432
-1.60711            0.537721             2.19432
0.0374722           -0.820113            0.652946
0.0374722           -0.820113            0.652946
0.0374722           -0.820113            0.652946
0.0374722           -0.820113            0.652946
0.161367            -1.40085             1.58556
0.161367            -1.40085             1.58556
0.161367            -1.40085             1.58556
0.161367            -1.40085             1.58556
-0.681849            -2.22033             3.87745
-2.31844           -0.311375             4.06205
-2.31844           -0.311375             4.06205
-2.31844           -0.311375             4.06205
-2.31844           -0.311375             4.06205
-1.42024            -2.58931              6.2611
-1.42024            -2.58931              6.2611
-0.732915            -1.54356             6.16364
-0.732915            -1.54356             6.16364
-3.56659             1.13172              6.1608
-3.56659             1.13172              6.1608
-1.48865            -1.77329             6.39659
-1.48865            -1.77329             6.39659
-1.48865            -1.77329             6.39659
-1.6778            -2.91731             5.84188
0.386619            -3.17741             4.78712
2.06306            -1.72173             2.40684
2.06306            -1.72173             2.40684
2.06306            -1.72173             2.40684
2.06306            -1.72173             2.40684
-0.290551            0.499633             5.03349
2.29572            -2.17267             3.11592
2.29572            -2.17267             3.11592
0.3073            -1.64428             5.42329
1.3187           -0.381005             6.81521
1.3187           -0.381005             6.81521
2.63527            0.599801             8.20465
5.58905            0.445854             7.90704
3.73794             -1.2271             10.8325
3.73794             -1.2271             10.8325
3.73794             -1.2271             10.8325
3.99349            0.112751             8.01352
3.99349            0.112751             8.01352
1.82076             1.77457             7.26695
4.39422            0.655862             5.58421
4.92815             1.31363             6.78084
6.89655             1.55102             3.80555
5.40197            -1.20033             6.51378
3.35647             -3.4378             8.20535
1.15053            -3.61155             5.78876
1.15053            -3.61155             5.78876
2.40503            -3.73675             3.69422
3.56773            -1.40761             4.33792
3.56773            -1.40761             4.33792
3.56773            -1.40761             4.33792
3.56773            -1.40761             4.33792
3.53116           -0.898499             5.51868
1.60637             0.53533             5.76103
-0.185541             2.38517             3.59807
-1.74242             1.56065             3.24646
1.00337             2.10243             2.91287
1.00337             2.10243             2.91287
-0.411633            0.960405             1.74713
-0.411633            0.960405             1.74713
-1.51704            -1.37387             2.52877
0.872634             1.01629             1.85379
0.872634             1.01629             1.85379
0.872634             1.01629             1.85379
0.872634             1.01629             1.85379
0.872634             1.01629             1.85379
-2.12385             2.11084            0.848483
-2.70267             3.54216             2.71224
-1.55257             3.56494             5.64878
-1.55257             3.56494             5.64878
-1.55257             3.56494             5.64878
0.329794            0.566114             5.33784
-2.06876            -0.53949              5.0962
-1.10006            -3.46117             4.57818
1.2624            -2.86291             2.89319
3.12362            -2.48015             2.00927
1.17905            -1.39317             3.08415
0.935883             1.36229              5.8481
-0.211732           -0.346606             7.58104
-3.05485             1.03913             5.41479
-3.05485             1.03913             5.41479
-3.05485             1.03913             5.41479
-0.975086             2.51463             2.85443
-0.975086             2.51463             2.85443
-0.975086             2.51463             2.85443
0.160308             1.85148             1.63021
0.160308             1.85148             1.63021
0.160308             1.85148             1.63021
0.537302            0.826485            -0.71537
1.12948             1.16857             1.87545
1.12948             1.16857             1.87545
1.12948             1.16857             1.87545
1.12948             1.16857             1.87545
2.81916             3.06837             1.71149
2.45789             1.92774             2.49985
2.45789             1.92774             2.49985
2.2128             2.59839            0.958753
2.3005             2.73976             3.51888
-0.303515             2.02838             6.45842
-0.529999             2.77018             6.76004
2.2234             4.12773             7.55872
1.84525             3.85124             8.88482
4.70708             5.34306             7.20069
3.24498             4.84627              4.7297
2.78417             2.58255              6.1124
2.78417             2.58255              6.1124
2.78417             2.58255              6.1124
2.78417             2.58255              6.1124
0.203611             2.67588             4.15147
-0.933096            0.944633             2.46802
0.0559712            -1.29665             3.64416
0.0559712            -1.29665             3.64416
0.0559712            -1.29665             3.64416
0.0559712            -1.29665             3.64416
0.401781            -1.21734             2.12196
0.401781            -1.21734             2.12196
0.401781            -1.21734             2.12196
0.401781            -1.21734             2.12196
0.50468             0.99816             0.31662
2.62694             1.30983           -0.274975
2.10397             2.93897             -3.0215
-0.63835            0.477453           -0.687804
-1.85283            0.859988             0.91122
0.231454             1.27483            -1.17012
0.231454             1.27483            -1.17012
0.0257006           -0.724824           -0.472221
2.09719            0.328633           -0.768655
2.09719            0.328633           -0.768655
2.57482            -1.32322            -2.24654
2.57482            -1.32322            -2.24654
2.57482            -1.32322            -2.24654
2.57482            -1.32322            -2.24654
2.57482            -1.32322            -2.24654
1.02413             1.23415            -1.46534
1.02413             1.23415            -1.46534
1.02413             1.23415            -1.46534
1.02413             1.23415            -1.46534
-0.955518             3.88554            0.678843
-0.955518             3.88554            0.678843
-2.10199             2.18787             1.78092
-2.10199             2.18787             1.78092
-2.10199             2.18787             1.78092
0.481609             4.06604             3.44005
-0.257826             3.17184             5.69391
-0.257826             3.17184             5.69391
-0.257826             3.17184             5.69391
-0.257826             3.17184             5.69391
-2.52837             2.66029             8.20944
-0.426573             1.78536             9.03971
-0.426573             1.78536             9.03971
-0.426573             1.78536             9.03971
-0.426573             1.78536             9.03971
-0.426573             1.78536             9.03971
-0.426573             1.78536             9.03971
-0.853945             2.05615             8.87931
-2.46664             1.09435             6.75798
-2.46664             1.09435             6.75798
-2.96505             -1.2668             4.62753
-2.96505             -1.2668             4.62753
-2.96505             -1.2668             4.62753
-2.96505             -1.2668             4.62753
-2.96505             -1.2668             4.62753
-2.96505             -1.2668             4.62753
-2.11615            -3.18908             4.78829
-0.814802           -0.855662             3.04387
-1.52281             0.34126             3.58105
-1.52281             0.34126             3.58105
-1.52281             0.34126             3.58105
-1.52281             0.34126             3.58105
-3.20948            0.436693             3.77614
-0.996701             2.92479            0.949571
-0.495948            0.511763            -0.20046
-0.352458             2.91504             2.01072
0.905557          -0.0594331             1.89298
0.905557          -0.0594331             1.89298
0.905557          -0.0594331             1.89298
0.905557          -0.0594331             1.89298
0.905557          -0.0594331             1.89298
0.905557          -0.0594331             1.89298
0.905557          -0.0594331             1.89298
0.905557          -0.0594331             1.89298
0.905557          -0.0594331             1.89298
0.905557          -0.0594331             1.89298
0.905557          -0.0594331             1.89298
0.905557          -0.0594331             1.89298
0.905557          -0.0594331             1.89298
0.905557          -0.0594331             1.89298
0.905557          -0.0594331             1.89298
0.905557          -0.0594331             1.89298
0.905557          -0.0594331             1.89298
-1.13642            -0.75657             1.50439
-1.13642            -0.75657             1.50439
-0.165124           -0.310961            -0.92941
-1.24508            -1.46528            -3.60904
-1.24508            -1.46528            -3.60904
-1.17677            -3.48697            -1.23615
1.66699            -3.94124             1.43769
1.66699            -3.94124             1.43769
1.66699            -3.94124             1.43769
2.25871            -4.37337              4.2619
3.50973            -4.78029             5.29972
3.50973            -4.78029             5.29972
5.59782            -5.32452             7.17098
5.59782            -5.32452             7.17098
4.89333            -4.69685             5.32291
4.1662            -1.91581             3.77299
2.97556           -0.232405             3.17069
2.97556           -0.232405             3.17069
2.97556           -0.232405             3.17069
2.1172            -2.64451             1.76954
3.22191            -2.33444             4.02211
3.22191            -2.33444             4.02211
2.48196            -3.67838             3.91652
2.48196            -3.67838             3.91652
1.14494            -2.15927             3.10252
1.14494            -2.15927             3.10252
1.14494            -2.15927             3.10252
1.14494            -2.15927             3.10252
-0.588399            0.413415             4.82118
-0.588399            0.413415             4.82118
-0.588399            0.413415             4.82118
-0.588399            0.413415             4.82118
2.12835             2.80298             6.76549
2.99042              3.4198             4.84847
2.12528             1.30805              3.5245
-0.63858            0.540331             2.49067
-0.63858            0.540331             2.49067
-0.63858            0.540331             2.49067
-2.91043            -1.90777             4.04198
-2.91043            -1.90777             4.04198
-4.3799            -4.23937             6.80461
-6.31099             -3.2324             8.34386
-4.21638            -6.04837              7.7222
-2.99622            -6.16418             10.2447
-2.99622            -6.16418             10.2447
-2.39686            -4.58971             8.46359
-2.39686            -4.58971             8.46359
-0.969909            -3.73541             9.00415
-0.969909            -3.73541             9.00415
1.84736            -3.05649             9.94765
0.0223367            -3.34292             12.5467
0.0223367            -3.34292             12.5467
-1.58168            -4.22167             11.3533
-1.58168            -4.22167             11.3533
-2.59986            -1.88424             10.1245
-2.38005          -0.0363156             7.22007
-2.38005          -0.0363156             7.22007
-2.38005          -0.0363156             7.22007
-2.38005          -0.0363156             7.22007
0.427575             1.08103             6.63954
0.427575             1.08103             6.63954
0.427575             1.08103             6.63954
2.15082             1.36175             6.38092
0.842764           -0.991205             8.32039
0.842764           -0.991205             8.32039
2.55656              1.8961             6.78572
0.401376              1.4012             4.00118
-0.275272           -0.621761             4.00459
1.60159             1.13168             6.43539
2.98053           -0.264257             7.06179
2.98053           -0.264257             7.06179
3.83312            0.863058             5.04424
3.83312            0.863058             5.04424
3.83312            0.863058             5.04424
3.83312            0.863058             5.04424
3.83312            0.863058             5.04424
3.01745           -0.784672             4.66919
2.27048            -3.55624             3.95964
-0.0624291            -2.78634             6.91926
-2.04305            -3.15004             5.20512
-2.04305            -3.15004             5.20512
-0.599555           -0.971236              4.0448
-2.06926            -3.51323             4.16849
-2.49074            -2.16589             4.22625
-2.80703            -1.38213             4.70168
-1.11402            -4.09212             3.30534
0.197836            -1.35965             4.59488
-2.49163          -0.0691193             3.00356
-2.49163          -0.0691193             3.00356
-2.49163          -0.0691193             3.00356
-0.740432            0.677279             4.33536
0.543192            -2.17304             4.87603
0.543192            -2.17304             4.87603
2.40206            -1.29866             6.73267
2.40206            -1.29866             6.73267
-0.11295           -0.884024             5.14114
-0.779489            -2.80919             2.69287
-0.779489            -2.80919             2.69287
-0.779489            -2.80919             2.69287
-0.241895            -2.10855             2.77276
-0.241895            -2.10855             2.77276
0.0492991            0.865635             4.06336
-1.67864             1.09248             2.23429
-2.058             1.24322            0.892749
-4.10196           -0.984296             3.16161
-4.10196           -0.984296             3.16161
-4.10196           -0.984296             3.16161
-3.82577           -0.554597             4.44658
-2.1187            -1.27966             6.76019
-2.1187            -1.27966             6.76019
-3.16417             1.22037             3.95169
-0.47731             1.59156             2.64953
-0.47731             1.59156             2.64953
-1.30647           -0.679023              2.0469
-1.30647           -0.679023              2.0469
-1.30647           -0.679023              2.0469
-1.30647           -0.679023              2.0469
-1.30647           -0.679023              2.0469
-0.60786            -0.98512              3.1967
1.73565            0.349745             3.34186
1.73565            0.349745             3.34186
2.99953            0.534497              1.3388
2.05259             -2.3936            -1.03584
4.35993            0.340742            -2.56045
3.83115             2.08925            -2.34569
3.17732             1.24477            -1.44004
3.17732             1.24477            -1.44004
0.415826              3.6236            -1.97232
0.765429             3.34537            -4.05408
0.765429             3.34537            -4.05408
2.8505             4.86933            -2.44419
5.21957             2.01646            -3.06197
5.21957             2.01646            -3.06197
3.41153             4.09083            -5.64627
1.38542             5.90355            -3.10323
4.12289             3.81963            -4.99087
4.23816             1.79554            -7.18934
4.23816             1.79554            -7.18934
4.74501             1.25947            -5.23103
4.74501             1.25947            -5.23103
2.16732             3.11661            -3.74559
1.06613            0.902864            -2.80535
1.06613            0.902864            -2.80535
1.06613            0.902864            -2.80535
3.78288             3.17537            -3.93088
3.78288             3.17537            -3.93088
3.78288             3.17537            -3.93088
3.78288             3.17537            -3.93088
3.37095             3.13383            -2.46833
1.36636               5.027            -5.04559
1.36636               5.027            -5.04559
1.36636               5.027            -5.04559
1.08318             5.70368             -2.9342
1.08318             5.70368             -2.9342
-1.79928             6.21437            -1.30542
-3.27246             8.46897            -1.21121
-5.06519             7.42862            -3.28215
-5.84131             5.57581            -3.32963
-5.84131             5.57581            -3.32963
-2.97423             8.01338            -4.92042
-2.97423             8.01338            -4.92042
-2.92733             5.62639            -2.50868
-3.56528             3.59113            -3.97082
-1.65173             4.06801            -5.91612
-1.65173             4.06801            -5.91612
-0.239557             2.06256            -7.14214
-2.75092           0.0702464            -5.33249
-5.24016            -2.42476            -3.14303
-5.24016            -2.42476            -3.14303
-5.20418            -1.07903            -5.83149
-5.20418            -1.07903            -5.83149
-4.27292             1.91456            -4.73209
-4.00353            0.988538            -5.94252
-3.60573            -1.47602            -5.86916
-0.974574            -1.94523            -4.07972
-0.974574            -1.94523            -4.07972
-2.10497           -0.584018            -5.49481
-2.10497           -0.584018            -5.49481
-2.10497           -0.584018            -5.49481
-1.77161            0.189555            -3.97355
1.09344             1.13218            -4.41829
-1.90481           -0.383605              -4.441
-1.90481           -0.383605              -4.441
-1.90481           -0.383605              -4.441
-1.86572            0.466204            -3.03321
-1.86572            0.466204            -3.03321
-1.86572            0.466204            -3.03321
-1.86572            0.466204            -3.03321
0.663191             1.00183            -2.34711
0.663191             1.00183            -2.34711
-0.305935           -0.682399           -0.892615
1.67675            -3.05514            -3.64851
3.19874           -0.937537            -3.16932
3.19874           -0.937537            -3.16932
3.19874           -0.937537            -3.16932
2.9145           -0.523971           -0.749585
1.45211            -3.06263             1.15899
3.56957           -0.367011             2.05085
0.922065             1.47035             4.82599
0.658037            0.959561             2.80975
0.658037            0.959561             2.80975
0.658037            0.959561             2.80975
0.658037            0.959561             2.80975
0.658037            0.959561             2.80975
0.658037            0.959561             2.80975
0.658037            0.959561             2.80975
0.658037            0.959561             2.80975
0.658037            0.959561             2.80975
0.232229            0.541903             2.41537
0.232229            0.541903             2.41537
0.232229            0.541903             2.41537
1.15788             2.82777             4.02438
-1.01956          -0.0434316             1.50344
-1.01956          -0.0434316             1.50344
1.06475            0.672773             2.97315
1.17586            -1.66395             2.21416
1.17586            -1.66395             2.21416
1.17586            -1.66395             2.21416
1.17586            -1.66395             2.21416
2.46955            -1.70467             3.91426
3.22824            -1.61665             6.52486
2.1407            0.842875             8.64117
3.05866           0.0814573              7.1778
0.998872           -0.188583             7.28365
0.998872           -0.188583             7.28365
-0.991738            0.162823             4.70686
-0.991738            0.162823             4.70686
0.0906445             1.29354             4.25674
-0.310207             1.37706             2.72703
-0.310207             1.37706             2.72703
-0.310207             1.37706             2.72703
2.10021            -1.02796             2.28838
2.10021            -1.02796             2.28838
2.10021            -1.02796             2.28838
2.10021            -1.02796             2.28838
2.10021            -1.02796             2.28838
0.561398             1.32641             4.15792
0.561398             1.32641             4.15792
0.561398             1.32641             4.15792
-1.18801             3.87554              4.2546
1.79914             2.75961             3.56438
3.19226             2.92626             4.24067
1.06692             3.85839             3.69709
1.73231             2.36673             1.65539
1.73231             2.36673             1.65539
1.73231             2.36673             1.65539
1.60273            0.944006            0.964039
0.784726           -0.392914             2.59728
0.784726           -0.392914             2.59728
-1.70575             1.62013             3.31156
-1.70575             1.62013             3.31156
-1.70575             1.62013             3.31156
-2.09736            0.308288             2.50726
-0.0606885             1.83616             3.33251
1.3389              1.8543             2.79382
1.3389              1.8543             2.79382
1.3389              1.8543             2.79382
1.3389              1.8543             2.79382
1.3389              1.8543             2.79382
0.277796              0.6697               3.799
1.61365            -1.37656             3.37197
-1.14946           -0.579331             4.14429
1.67156           -0.692278             4.07051
1.67156           -0.692278             4.07051
1.67156           -0.692278             4.07051
1.67156           -0.692278             4.07051
4.09633             1.66453             2.88935
1.97394              1.1793             3.58863
1.97394              1.1793             3.58863
-0.93879           -0.152601             1.54199
-0.93879           -0.152601             1.54199
-0.93879           -0.152601             1.54199
-0.93879           -0.152601             1.54199
-0.93879           -0.152601             1.54199
-0.93879           -0.152601             1.54199
-0.93879           -0.152601             1.54199
-1.70874             1.93132             1.04997
-1.70874             1.93132             1.04997
-1.70874             1.93132             1.04997
-1.87908             1.19721             1.70173
-0.172517            0.481005             2.76581
-0.172517            0.481005             2.76581
-0.172517            0.481005             2.76581
-0.172517            0.481005             2.76581
-0.172517            0.481005             2.76581
-0.588394            -1.45806              3.9904
-0.588394            -1.45806              3.9904
2.20168           -0.784994             1.60534
-0.197387             0.49148             1.92067
-0.197387             0.49148             1.92067
-0.880687             3.16078             4.14436
-0.880687             3.16078             4.14436
1.84783            0.987321             4.18557
1.84783            0.987321             4.18557
1.84783            0.987321             4.18557
1.84783            0.987321             4.18557
1.84783            0.987321             4.18557
0.112255            0.593718             2.17186
0.112255            0.593718             2.17186
-2.17111             1.46044             2.63823
-3.76158             1.79397             1.65724
-3.76158             1.79397             1.65724
-3.23127           -0.589734            -1.20937
-3.88017           -0.462836            -3.20452
-2.16676            0.803719            -2.54792
-3.99976           -0.119406            -1.06009
-3.99976           -0.119406            -1.06009
-3.46683            -2.11577            -2.27177
-3.46683            -2.11577            -2.27177
-2.29185            -0.49009            -1.99942
-2.20039            0.313489            -3.19657
-1.91501            -2.40403            -5.28093
-1.91501            -2.40403            -5.28093
-1.91501            -2.40403            -5.28093
-0.453085            -1.82929            -5.13416
2.1171            -1.09495            -2.71698
0.632549             -2.0833            -2.64731
0.632549             -2.0833            -2.64731
0.632549             -2.0833            -2.64731
0.632549             -2.0833            -2.64731
0.632549             -2.0833            -2.64731
0.632549             -2.0833            -2.64731
0.632549             -2.0833            -2.64731
2.34347            -0.87029            -1.89907
2.34347            -0.87029            -1.89907
1.39744             1.87531            -4.34598
1.39744             1.87531            -4.34598
2.1576            0.898209            -2.09052
2.1576            0.898209            -2.09052
2.1576            0.898209            -2.09052
4.04441             1.46342            -2.80858
4.04441             1.46342            -2.80858
4.04441             1.46342            -2.80858
3.28068             1.34807            -2.05974
3.28068             1.34807            -2.05974
3.28068             1.34807            -2.05974
3.28068             1.34807            -2.05974
3.28068             1.34807            -2.05974
0.373585             3.62097            -3.20999
2.05145             2.03071            -6.11171
2.05145             2.03071            -6.11171
1.00624             1.96643             -4.9986
1.77327             2.75233            -2.55463
4.48222             1.48051            -1.95185
4.48222             1.48051            -1.95185
4.48222             1.48051            -1.95185
3.99838            0.359298            -1.20618
5.48581             1.69969            -2.25614
5.48581             1.69969            -2.25614
5.48581             1.69969            -2.25614
5.48581             1.69969            -2.25614
5.14756           -0.808188            -3.90944
4.37171            -1.94393            -1.84626
4.41061             0.26019            -4.55929
3.11891            -2.39702            -2.11182
3.11891            -2.39702            -2.11182
0.898307            0.410208            -3.10756
2.17543             2.85172            -2.12303
2.17543             2.85172            -2.12303
3.03675             1.88974            -3.64804
2.73106             3.35441             -2.5601
2.5253             4.94981            -3.38909
2.34065             5.91714            -5.73708
2.34065             5.91714            -5.73708
1.4804             4.14267            -7.36697
1.4804             4.14267            -7.36697
2.99352              3.5101            -7.59861
2.99352              3.5101            -7.59861
0.778267             1.43964            -5.26376
0.778267             1.43964            -5.26376
0.778267             1.43964            -5.26376
0.778267             1.43964            -5.26376
0.778267             1.43964            -5.26376
2.05316             1.73788            -5.13303
3.12287            -1.21704            -6.00552
0.542751              1.0813            -3.36222
0.542751              1.0813            -3.36222
-1.95916             0.37702            -1.82519
-1.95916             0.37702            -1.82519
-1.45362              1.4756             -4.0362
-1.45362              1.4756             -4.0362
-1.45362              1.4756             -4.0362
-1.45362              1.4756             -4.0362
-1.45362              1.4756             -4.0362
-1.45362              1.4756             -4.0362
-1.95852           -0.198503            -1.06189
0.218445           -0.680353            0.673188
0.218445           -0.680353            0.673188
0.218445           -0.680353            0.673188
-0.196901           -0.389503             1.17476
1.47598             1.12307            -1.26177
1.47598             1.12307            -1.26177
-0.985238            -1.40993             1.01251
0.987889            -1.06066             1.54716
0.987889            -1.06066             1.54716
2.21524            0.578172             3.00293
2.21524            0.578172             3.00293
0.0140899            -1.58495             3.92882
0.0140899            -1.58495             3.92882
0.0711994            -3.05581             3.69419
0.0711994            -3.05581             3.69419
0.0711994            -3.05581             3.69419
0.964808           -0.326138             6.36189
0.964808           -0.326138             6.36189
0.964808           -0.326138             6.36189
0.964808           -0.326138             6.36189
2.4646             2.43565             4.99297
2.4646             2.43565             4.99297
-0.485617             3.83433             6.37419
-0.0899322             3.23475             8.23205
1.27388              3.9885             8.55707
1.27388              3.9885             8.55707
1.27388              3.9885             8.55707
0.87267             3.57405             10.0105
0.87267             3.57405             10.0105
-0.260594             2.02731             7.66703
0.515593             2.67816              6.5542
3.09143             1.18448             6.01542
3.09143             1.18448             6.01542
3.09143             1.18448             6.01542
3.09143             1.18448             6.01542
3.09143             1.18448             6.01542
3.09143             1.18448             6.01542
4.66052            0.486615             6.03253
4.66052            0.486615             6.03253
4.94534            -1.12351              5.0406
2.17574             1.07817             3.92256
2.17574             1.07817             3.92256
0.300897             2.99439             4.87215
0.13341              2.7444             7.44077
1.71304             5.54128             8.07644
1.71304             5.54128             8.07644
3.00024             3.51568             9.45532
3.00024             3.51568             9.45532
3.00024             3.51568             9.45532
3.41074             3.29828             10.9711
1.87875             2.43227             13.5288
1.87875             2.43227             13.5288
1.87875             2.43227             13.5288
1.87875             2.43227             13.5288
-0.119446           -0.349013             11.5176
-0.119446           -0.349013             11.5176
-0.119446           -0.349013             11.5176
0.413656            -1.69769             8.70014
0.413656            -1.69769             8.70014
0.746933           -0.223342             8.75711
0.746933           -0.223342             8.75711
0.746933           -0.223342             8.75711
3.32182            -1.78888             7.27818
5.86984            -1.52081             4.76891
4.91718            -2.65148             6.88659
4.91718            -2.65148             6.88659
4.91718            -2.65148             6.88659
4.91718            -2.65148             6.88659
2.60563           -0.214943             7.94619
-0.187447            -2.37593              7.4298
0.958326            -4.60776             6.80768
1.36999            -4.04374              5.0782
1.36271            -5.04081             3.67502
1.36271            -5.04081             3.67502
1.36271            -5.04081             3.67502
-0.609279            -2.40629             3.73137
-0.609279            -2.40629             3.73137
-0.609279            -2.40629             3.73137
1.47544            -1.13301             5.27516
-0.447524             1.24061             4.72626
-3.07768             2.38098             4.27191
-5.86657              2.5691             6.93566
-3.94791             1.66178             7.46073
-6.46217             1.31918             5.41199
-5.17733             3.94078             5.92939
-5.17733             3.94078             5.92939
-5.17733             3.94078             5.92939
-3.81929             3.77496              8.5728
-3.81929             3.77496              8.5728
-3.81929             3.77496              8.5728
-3.08994             1.00669             5.79616
-0.662477             0.57017             4.84132
-0.662477             0.57017             4.84132
-1.90505           -0.699732             6.27783
-4.20485             1.72168             7.62406
-4.20485             1.72168             7.62406
-5.77716             4.23356             8.55087
-3.44167             2.73686             9.84026
-3.44167             2.73686             9.84026
-3.44167             2.73686             9.84026
-1.73619              2.3575             11.9407
-0.547399           -0.335648               12.68
-0.547399           -0.335648               12.68
-2.71141              1.1876             13.0996
-2.71141              1.1876             13.0996
-2.88896             3.91054             11.2784
-2.45807              4.0811             9.07387
-2.45807              4.0811             9.07387
-2.41252             3.81708              7.5794
-3.60511             5.72578             6.25072
-3.60511             5.72578             6.25072
-5.42813             2.81475             7.44857
-3.28233             2.96968              5.1135
-3.28233             2.96968              5.1135
-0.371186             3.67377             4.83718
1.17764             1.69576              4.9463
1.17764             1.69576              4.9463
-0.407854             2.22864             2.24606
2.40002             3.49143             4.40497
2.39031             1.89236             4.22754
2.39031             1.89236             4.22754
2.766           -0.208708              2.3699
1.22467            -2.27471             1.73774
1.80215            -3.88243             3.07386
1.80215            -3.88243             3.07386
1.80215            -3.88243             3.07386
0.38977            -4.92654              5.6516
2.76234            -2.36665             2.79965
2.76234            -2.36665             2.79965
2.76234            -2.36665             2.79965
0.899135           -0.381462             1.44089
0.899135           -0.381462             1.44089
0.899135           -0.381462             1.44089
0.899135           -0.381462             1.44089
0.899135           -0.381462             1.44089
0.899135           -0.381462             1.44089
0.899135           -0.381462             1.44089
-0.497399            -1.76566             1.83668
-1.40684            -2.45016             1.69529
-1.40684            -2.45016             1.69529
-4.00984            -2.02853             3.83186
-2.27268            -1.40415              4.0158
-1.83589           0.0507023              1.1937
-1.69288           -0.949077             2.25066
-1.69288           -0.949077             2.25066
-1.02374            -2.64746              4.3922
-1.78249              -2.371             3.38948
-1.78249              -2.371             3.38948
-3.53214           -0.284871             3.41098
-3.53214           -0.284871             3.41098
-3.53214           -0.284871             3.41098
-3.63314             2.63254             4.25651
-1.56034             2.13707             3.09868
-2.16389              1.2054             6.01466
-2.16389              1.2054             6.01466
-2.16389              1.2054             6.01466
-2.16389              1.2054             6.01466
-2.16389              1.2054             6.01466
-3.67538             2.73871             5.43198
-1.4259              5.0415             3.74403
-1.51404             2.81499             4.35149
-0.714554             2.62875             5.12775
-0.714554             2.62875             5.12775
-3.41635             5.40197             6.14215
-3.41635             5.40197             6.14215
-3.41635             5.40197             6.14215
-2.30241             3.88955             4.15731
-2.30241             3.88955             4.15731
-2.30241             3.88955             4.15731
-4.07145             2.94405             3.44438
-1.27527             3.34431             4.01436
-1.27527             3.34431             4.01436
-1.27527             3.34431             4.01436
0.620018             0.76673             5.96336
0.620018             0.76673             5.96336
-0.998579            0.808348             3.48576
-0.998579            0.808348             3.48576
-0.998579            0.808348             3.48576
0.342596             1.90346              1.4112
0.342596             1.90346              1.4112
0.342596             1.90346              1.4112
0.342596             1.90346              1.4112
-1.26851             1.58322             2.75065
0.989531            -0.95622             2.47195
0.989531            -0.95622             2.47195
0.989531            -0.95622             2.47195
3.48252           -0.328597             2.96803
3.48252           -0.328597             2.96803
3.48252           -0.328597             2.96803
3.48252           -0.328597             2.96803
2.49037            0.134124             5.42146
1.43022             1.56516             3.99727
1.7578             2.99608             5.00996
1.97334             1.77777             2.92462
1.97334             1.77777             2.92462
0.861334            0.714602            0.729628
0.861334            0.714602            0.729628
0.861334            0.714602            0.729628
0.861334            0.714602            0.729628
2.86728            -1.03308             3.01055
0.635843            -2.83866               1.978
0.635843            -2.83866               1.978
0.635843            -2.83866               1.978
0.635843            -2.83866               1.978
0.635843            -2.83866               1.978
1.90156            -1.04954            0.598938
1.90156            -1.04954            0.598938
3.2984           -0.285341             3.21215
2.02077            -1.88115             2.02884
2.02077            -1.88115             2.02884
-0.639025            -1.33343             2.03713
-0.639025            -1.33343             2.03713
-2.12024            0.775863             1.23084
-0.64045             2.00453             1.00013
-2.07748             2.15766            0.995951
-4.9896             1.23628             1.49353
-2.53133            -1.12386              3.4352
-2.85539            0.814681             4.26055
-2.85539            0.814681             4.26055
-1.80777             1.78115             3.60551
-1.80777             1.78115             3.60551
-1.55464            0.344722             3.85098
-1.55464            0.344722             3.85098
-1.55464            0.344722             3.85098
0.819575            -1.26755              4.7091
2.39555              1.4787             3.75336
2.11662          -0.0808096             3.75461
2.11662          -0.0808096             3.75461
-0.164012           -0.276598             6.43947
-0.150352            0.990002             4.64681
-0.150352            0.990002             4.64681
-0.150352            0.990002             4.64681
-0.150352            0.990002             4.64681
-0.150352            0.990002             4.64681
-0.150352            0.990002             4.64681
-0.150352            0.990002             4.64681
0.778984             3.45509             4.01841
3.24738             1.37316             5.72357
0.430519            0.401607             5.99856
2.07545             1.29356             3.20832
1.26477           -0.925716             4.08975
3.45776            0.328328             1.81137
0.878122             3.26654             1.85957
0.878122             3.26654             1.85957
0.878122             3.26654             1.85957
0.878122             3.26654             1.85957
-0.230651             2.12306             4.20119
-0.230651             2.12306             4.20119
-0.230651             2.12306             4.20119
-0.428916             2.51942             2.23811
-0.428916             2.51942             2.23811
-0.428916             2.51942             2.23811
-0.428916             2.51942             2.23811
-0.428916             2.51942             2.23811
-1.11913             2.13547             3.13633
-1.11913             2.13547             3.13633
-1.0604             1.27451             5.00533
-0.0703309           -0.889965             3.50736
-0.0703309           -0.889965             3.50736
-0.0703309           -0.889965             3.50736
-0.0703309           -0.889965             3.50736
-0.0703309           -0.889965             3.50736
-0.0703309           -0.889965             3.50736
2.38463            0.124372             3.44511
2.38463            0.124372             3.44511
2.38463            0.124372             3.44511
1.22955           -0.231861             3.09586
1.22955           -0.231861             3.09586
0.646686            -1.43955             2.91352
0.646686            -1.43955             2.91352
0.646686            -1.43955             2.91352
0.646686            -1.43955             2.91352
-0.710575            -1.43161             5.85481
-0.710575            -1.43161             5.85481
-0.710575            -1.43161             5.85481
-0.710575            -1.43161             5.85481
-0.710575            -1.43161             5.85481
-0.710575            -1.43161             5.85481
0.40033            -2.72644             3.85614
-0.620195           -0.627488             5.27889
-0.620195           -0.627488             5.27889
-0.620195           -0.627488             5.27889
-0.620195           -0.627488             5.27889
-0.620195           -0.627488             5.27889
-0.620195           -0.627488             5.27889
-3.26944             -0.3919             7.18604
-5.41252             2.28494              5.5118
-5.41252             2.28494              5.5118
-5.41252             2.28494              5.5118
-4.37568             3.31225             5.70114
-6.98081             1.39229             3.96554
-7.62842            0.891123             2.45909
-7.62842            0.891123             2.45909
-7.9632            -1.97512             3.90835
-7.9632            -1.97512             3.90835
-7.9632            -1.97512             3.90835
-6.5121            -1.55568              3.1229
-4.59504            0.746644              3.4878
-4.59504            0.746644              3.4878
-4.59504            0.746644              3.4878
-4.59504            0.746644              3.4878
-2.92448           0.0955528             1.27942
-2.92448           0.0955528             1.27942
-2.24317             2.68087             4.01055
-0.131756             3.97195             2.56753
-2.01113             2.44964             2.43022
0.863987            0.662109             3.84915
0.863987            0.662109             3.84915
0.863987            0.662109             3.84915
0.863987            0.662109             3.84915
0.863987            0.662109             3.84915
1.10512            -2.08585             3.58251
1.10512            -2.08585             3.58251
1.10512            -2.08585             3.58251
1.10512            -2.08585             3.58251
-1.29457            -1.54508             2.91147
-1.29457            -1.54508             2.91147
-1.29457            -1.54508             2.91147
-2.44336           0.0409707             3.77952
-2.44336           0.0409707             3.77952
-4.90138            0.326719             4.56106
-3.574             1.90161             6.41481
-3.574             1.90161             6.41481
-3.74304            0.233515             7.94429
-1.10544            0.790214             8.46216
-1.10544            0.790214             8.46216
1.52635             1.08132             9.44324
1.24804            0.814886             9.79969
-1.21476            -0.31274             8.52622
-2.97216           -0.170085             9.20664
-2.97216           -0.170085             9.20664
-2.97216           -0.170085             9.20664
-2.97216           -0.170085             9.20664
-3.24753             2.41119             9.32201
-3.24753             2.41119             9.32201
-1.68151           -0.489904             10.3608
0.790763            0.965097             11.1017
2.30694            -1.66807             9.44648
2.30694            -1.66807             9.44648
-0.369828             -3.0868              9.3702
-0.369828             -3.0868              9.3702
-0.369828             -3.0868              9.3702
-0.369828             -3.0868              9.3702
-2.36931             -2.4126             7.65952
0.580172           -0.452957             8.21991
0.580172           -0.452957             8.21991
0.66128            -1.73106             6.19901
0.8232          -0.0423885             3.76511
0.8232          -0.0423885             3.76511
-1.56078           -0.145139             5.15485
-1.56078           -0.145139             5.15485
-2.71636              1.5726             4.50215
-2.06228           -0.221099             4.60848
-2.06228           -0.221099             4.60848
0.0845858            0.396291             4.26468
1.88081            0.793867             2.39967
1.88081            0.793867             2.39967
1.88081            0.793867             2.39967
1.88081            0.793867             2.39967
1.88081            0.793867             2.39967
1.88081            0.793867             2.39967
0.665618           -0.892365            0.744129
0.665618           -0.892365            0.744129
2.65984             1.08757             2.88421
0.955387             1.75529             4.40058
0.955387             1.75529             4.40058
0.955387             1.75529             4.40058
3.37889              3.2818             2.19451
3.37889              3.2818             2.19451
3.37889              3.2818             2.19451
3.37889              3.2818             2.19451
3.37889              3.2818             2.19451
1.01343             2.84267           -0.775689
3.3409             2.42803             1.79013
3.3409             2.42803             1.79013
3.91091             2.13938             3.73299
1.98369             3.62638             1.57875
1.56137             3.36909             4.27983
3.0177            0.887714             2.26896
0.666461            0.991335             3.58417
0.666461            0.991335             3.58417
0.666461            0.991335             3.58417
0.666461            0.991335             3.58417
0.666461            0.991335             3.58417
0.666461            0.991335             3.58417
0.666461            0.991335             3.58417
0.666461            0.991335             3.58417
0.666461            0.991335             3.58417
2.92032            -1.72177             6.21044
2.92032            -1.72177             6.21044
1.11948            0.481275             5.79356
-0.586554            -1.83401             5.19202
1.82694              1.1191             4.08006
1.82694              1.1191             4.08006
0.765019            -1.17751             2.60435
0.765019            -1.17751             2.60435
0.359261            -1.60814             2.82672
0.359261            -1.60814             2.82672
0.359261            -1.60814             2.82672
0.359261            -1.60814             2.82672
0.359261            -1.60814             2.82672
0.359261            -1.60814             2.82672
0.359261            -1.60814             2.82672
3.11438            -1.18896             1.83342
2.18095             -1.1873           -0.811677
2.25675            -0.50712             -3.2339
0.849086             2.09476            -3.68076
0.849086             2.09476            -3.68076
0.849086             2.09476            -3.68076
0.849086             2.09476            -3.68076
0.849086             2.09476            -3.68076
-0.308395             3.46976            -2.26593
-1.1678             4.38056            -3.18897
1.21966             5.50629            -3.59595
1.21966             5.50629            -3.59595
0.189146             5.84442            -4.30388
-1.75955             5.58977            -3.41876
0.615638             2.61094            -1.23231
0.615638             2.61094            -1.23231
-0.723575           -0.120547            -2.30323
-0.723575           -0.120547            -2.30323
-0.723575           -0.120547            -2.30323
-0.588164          0.00978288            -4.39909
-0.588164          0.00978288            -4.39909
-0.588164          0.00978288            -4.39909
-0.453793             2.42248            -5.38338
-0.453793             2.42248            -5.38338
-0.453793             2.42248            -5.38338
1.2105             2.52497            -6.77341
0.801035             1.65584            -6.81829
0.801035             1.65584            -6.81829
0.801035             1.65584            -6.81829
0.801035             1.65584            -6.81829
1.39934           -0.490638             -9.2635
0.380021           -0.280428            -9.45922
1.89277            -1.77323            -9.04714
1.89277            -1.77323            -9.04714
4.54455            -2.00416            -6.78315
4.54455            -2.00416            -6.78315
2.72992            -4.62256            -7.70746
4.38866            -1.96735            -5.40123
2.00211            0.566282            -5.32656
2.00211            0.566282            -5.32656
2.00211            0.566282            -5.32656
1.75307           -0.496669             -2.7402
0.636136            -2.13572            -1.04822
1.38494           -0.273468             1.34567
1.38494           -0.273468             1.34567
1.38494           -0.273468             1.34567
-0.128873            0.546869             4.27709
-2.38399             0.56189             2.86616
-1.21069             3.08179             3.80258
-0.893642             3.36584             1.51766
-0.893642             3.36584             1.51766
-0.893642             3.36584             1.51766
-0.893642             3.36584             1.51766
-0.893642             3.36584             1.51766
-2.88051             3.31605             3.78686
-3.1287              3.4014             4.21699
-5.12424             6.09432             4.60658
-6.18329             5.68491              5.3567
-6.45404             3.47462             4.53281
-6.45404             3.47462             4.53281
-6.50681             4.29273              3.1236
-4.58312             5.48237             1.85456
-1.71588             3.80801             3.60854
-2.89947             0.96137             4.29734
-5.6538            0.678082             1.52315
-5.6538            0.678082             1.52315
-2.9367          -0.0782489             0.59373
-2.97707            -2.78009              1.6207
-0.726592            -3.27175             1.28357
-2.38623            -2.88991             3.33321
-1.65323            -2.89189             2.24926
-1.65323            -2.89189             2.24926
-1.65323            -2.89189             2.24926
1.09762            -1.74161              1.0686
-0.267189           -0.665566            0.932693
-0.267189           -0.665566            0.932693
0.886936           -0.303852             2.65298
0.815768            0.454216             4.05828
0.409114             2.67859             3.06353
0.409114             2.67859             3.06353
2.56369           -0.148497             2.29493
1.58736            -1.35071             3.92208
1.58736            -1.35071             3.92208
1.58736            -1.35071             3.92208
1.58736            -1.35071             3.92208
2.47714            -0.34841             4.55301
4.54317             1.65213             3.60039
4.54317             1.65213             3.60039
4.58124            0.314464             1.75626
4.58124            0.314464             1.75626
3.38602            0.317159              1.0481
0.446838            0.482673             2.75571
0.446838            0.482673             2.75571
0.446838            0.482673             2.75571
0.446838            0.482673             2.75571
0.446838            0.482673             2.75571
0.446838            0.482673             2.75571
0.446838            0.482673             2.75571
2.19497            -1.43924             5.07321
2.32488            -3.84183             4.73219
2.32488            -3.84183             4.73219
1.86364            -3.28588             5.66827
1.86364            -3.28588             5.66827
3.74713            -1.81678             5.60212
3.74713            -1.81678             5.60212
4.99184            -3.29375             3.29896
4.99184            -3.29375             3.29896
3.05392            -1.96933             4.72927
2.13683            -4.22829             4.23483
3.15898            -4.72276             3.58134
2.99426            -3.41109             1.54481
0.612994            -3.78606             1.70678
0.612994            -3.78606             1.70678
1.45785            -2.54125            -1.03298
1.45785            -2.54125            -1.03298
1.28568            0.429724            -2.57445
2.9194             1.19908            -1.52253
2.9194             1.19908            -1.52253
2.9194             1.19908            -1.52253
2.9194             1.19908            -1.52253
2.09569              2.6998             -3.0617
0.286891             2.46917            -3.55513
0.286891             2.46917            -3.55513
0.286891             2.46917            -3.55513
-1.06308             1.04311            -4.56849
0.241764            0.456125            -4.21067
-0.221493             1.75368            -4.00461
-0.090513           0.0623079            -1.29197
-0.090513           0.0623079            -1.29197
-0.090513           0.0623079            -1.29197
-0.090513           0.0623079            -1.29197
0.657797           -0.260122            -3.76607
-1.33324            -1.83377            -4.77344
-3.43106             0.86893              -4.121
-0.858305            -1.72931            -5.01963
0.0120688           0.0746567            -5.06361
0.0120688           0.0746567            -5.06361
1.1722            -1.93698            -4.13413
1.1722            -1.93698            -4.13413
-1.45366            -2.66155             -3.5288
-1.71082            -3.76259            -4.34352
-0.0183379            -5.42559            -6.80113
0.647865            -2.79377            -4.41659
2.54438            -3.59027            -2.50314
0.975281            -1.68059            -3.14546
0.975281            -1.68059            -3.14546
2.5905           -0.186638            -3.87014
2.5905           -0.186638            -3.87014
2.5905           -0.186638            -3.87014
2.5905           -0.186638            -3.87014
3.24722             1.15786            -4.86264
3.24722             1.15786            -4.86264
3.24722             1.15786            -4.86264
0.460621             3.93533            -6.98072
-1.70225             3.95812            -8.71254
-0.1012             4.94043            -7.38774
-0.1012             4.94043            -7.38774
-1.68356             6.85225            -4.56948
-1.68356             6.85225            -4.56948
-2.16076             5.97226            -3.35282
-1.74463             4.79702            -4.53861
-1.74463             4.79702            -4.53861
1.21739             6.23105            -4.32008
2.12214              4.9497             -2.9671
2.12214              4.9497             -2.9671
0.0887987             6.10761            -3.90394
1.99102             5.23904            -3.69906
3.88708              4.5923            -3.53894
3.88708              4.5923            -3.53894
2.37764             2.59032            -5.13024
0.167194           -0.272837            -6.52748
0.167194           -0.272837            -6.52748
-1.8477            0.753554            -4.60505
-1.8477            0.753554            -4.60505
-1.8477            0.753554            -4.60505
0.490291             3.37499            -2.25866
-0.210544             1.13052            -2.54658
-0.210544             1.13052            -2.54658
-0.210544             1.13052            -2.54658
-0.210544             1.13052            -2.54658
0.744186            -1.20483            -3.44426
0.744186            -1.20483            -3.44426
1.61738            -1.15188            -2.58662
1.61738            -1.15188            -2.58662
-0.758876            -1.87596            -2.15283
-1.91243            -4.68393            -4.41737
-1.91243            -4.68393            -4.41737
-3.63976            -4.85195            -2.73705
-3.08134            -6.05659            -2.54264
-3.08134            -6.05659            -2.54264
-2.55449            -3.29574            -3.60701
-2.55449            -3.29574            -3.60701
-0.709057            -4.28001             -3.6339
-2.00066            -4.10028            -4.39506
0.799006            -1.67803            -7.19131
-1.73995            -3.22203            -7.21584
-3.46384            -1.87201            -4.62426
-1.91803             -2.2191            -5.16278
-3.6189             0.55907            -5.60973
-3.6189             0.55907            -5.60973
-1.28854            -1.82608             -6.9307
-1.28854            -1.82608             -6.9307
-3.92857           -0.930146            -6.73716
-5.3898            -2.21715            -3.80428
-4.048            -2.17621            -3.87661
-1.61316           -0.439501            -3.70155
-1.09597           -0.735422            -3.16618
-1.09597           -0.735422            -3.16618
1.20169            -1.01804            -4.49603
0.801326            -3.99586            -3.03266
3.71027            -1.07237            -5.63676
3.23005            0.299269             -5.3961
3.23005            0.299269             -5.3961
1.10123            -0.34247             -5.2829
0.625658           -0.788451            -4.91996
-0.0952076            -1.47466            -3.36195
-0.0952076            -1.47466            -3.36195
-0.0952076            -1.47466            -3.36195
-1.6913            0.411193            -2.05273
-1.36883           -0.639491            -1.48601
-1.36883           -0.639491            -1.48601
-0.785892            0.190604           -0.910607
-0.493325           -0.302486            -2.63048
1.03737           0.0187703            -2.45752
1.03737           0.0187703            -2.45752
1.03737           0.0187703            -2.45752
-1.2678             0.74197            -4.11915
-1.2678             0.74197            -4.11915
1.05547           -0.063613            -4.21516
1.82513            0.482224            -3.01281
0.426262            -2.22284            -1.24235
0.0467291             -4.8004            -2.22856
0.746312            -2.59616            -4.00515
3.29057          -0.0643813            -6.74747
0.998582            0.678907            -4.90463
2.74957           -0.106876            -3.57731
2.74957           -0.106876            -3.57731
2.74957           -0.106876            -3.57731
3.82185           -0.424011            -2.90026
3.82185           -0.424011            -2.90026
2.89982            -3.37477            -4.96929
2.89982            -3.37477            -4.96929
2.64502            -3.38149            -3.76377
1.68875            -1.91241            -6.15676
1.68875            -1.91241            -6.15676
1.68875            -1.91241            -6.15676
1.68875            -1.91241            -6.15676
-0.0555021            -2.58822            -4.36149
2.16291             -1.7284            -6.30236
2.16291             -1.7284            -6.30236
3.0184            -2.50858            -5.93576
3.0184            -2.50858            -5.93576
2.22623            -1.14807            -6.58352
2.22623            -1.14807            -6.58352
2.22623            -1.14807            -6.58352
2.73549           -0.187025            -3.83989
2.73549           -0.187025            -3.83989
1.72746            -1.89062            -4.89015
4.65982            -2.32383            -1.93558
5.21888           -0.753851            -2.15144
5.21888           -0.753851            -2.15144
5.21888           -0.753851            -2.15144
5.21888           -0.753851            -2.15144
5.21888           -0.753851            -2.15144
2.65783           -0.879904            -3.25531
2.03846            -3.41202            -3.48909
2.03846            -3.41202            -3.48909
4.30407            -4.30219            -3.38343
5.22896            -5.71767            -4.94243
3.1194             -6.3815            -5.89679
3.01584            -6.23828            -5.80762
1.91979            -3.81708            -3.90998
1.13159            -3.12975            -6.36587
2.14346            -2.53374            -6.06969
3.26588             -5.0694            -3.23617
3.20616             -4.7606            -1.61429
3.20616             -4.7606            -1.61429
3.20616             -4.7606            -1.61429
3.20616             -4.7606            -1.61429
1.33792            -5.39768            -3.20163
1.33792            -5.39768            -3.20163
1.33792            -5.39768            -3.20163
-0.477982            -5.23015            -3.74479
-1.03975            -3.13015            -5.89023
-1.03975            -3.13015            -5.89023
-1.03975            -3.13015            -5.89023
-0.681027            -2.79857            -6.14246
-0.729791              -1.649            -6.00289
1.94162             -3.5581            -3.27543
-1.05294            -3.09551            -2.77151
1.73556             -1.1824            -5.19603
-1.2006             1.58028            -5.06959
0.912932            0.666384            -5.44775
0.912932            0.666384            -5.44775
0.912932            0.666384            -5.44775
0.912932            0.666384            -5.44775
-0.320498            -0.79648            -6.09186
-0.595009            -2.17489            -5.42905
-0.432632            -1.10021            -4.98338
-0.432632            -1.10021            -4.98338
0.802816            -1.83735            -7.79975
-0.418682            -3.22711            -6.27901
0.735186            -4.28488            -4.51745
0.735186            -4.28488            -4.51745
3.4191            -1.73921             -5.4845
3.4191            -1.73921             -5.4845
0.833034            -1.81375            -7.89804
-1.03722            0.136968            -6.63417
-1.03722            0.136968            -6.63417
-1.03722            0.136968            -6.63417
-1.03722            0.136968            -6.63417
-2.54445          -0.0468178            -8.53621
-1.9262            -0.44746            -8.83551
-2.51068           -0.257275            -8.34317
-0.541217            0.413275            -7.73956
0.997062             1.09465            -5.03773
1.59983             1.95057            -3.29303
3.72989           -0.376005            -3.92745
3.72989           -0.376005            -3.92745
4.03486            0.522686            -5.48909
2.00099            -1.83726            -2.84594
2.00099            -1.83726            -2.84594
1.2968            -1.64625            -1.92535
1.2968            -1.64625            -1.92535
-1.45019            0.940787            -1.26431
-0.273822             1.96008            -2.66177
-0.273822             1.96008            -2.66177
-0.273822             1.96008            -2.66177
-0.273822             1.96008            -2.66177
-0.273822             1.96008            -2.66177
-0.273822             1.96008            -2.66177
-0.273822             1.96008            -2.66177
-0.273822             1.96008            -2.66177
-0.273822             1.96008            -2.66177
-0.273822             1.96008            -2.66177
-0.273822             1.96008            -2.66177
0.788099             2.38487            -4.56446
3.77479           -0.607717            -4.06176
3.77479           -0.607717            -4.06176
3.77479           -0.607717            -4.06176
1.70328            0.346861             -2.9488
1.70328            0.346861             -2.9488
1.70328            0.346861             -2.9488
2.25722            0.518563            -2.33989
2.25722            0.518563            -2.33989
2.25722            0.518563            -2.33989
2.25722            0.518563            -2.33989
2.25722            0.518563            -2.33989
1.22399             1.20778            -1.31599
0.848405           -0.536409             1.11186
1.94428            0.698299             2.45138
-0.253148            0.340608             1.28456
-0.253148            0.340608             1.28456
-0.834749              2.8513             2.83912
-2.79781             0.48792             4.25106
-2.79781             0.48792             4.25106
-0.212027            0.299731             4.19451
-0.212027            0.299731             4.19451
0.532108             1.81953             2.68982
0.532108             1.81953             2.68982
0.532108             1.81953             2.68982
0.532108             1.81953             2.68982
-0.0811263            -0.54728             3.85132
-0.0811263            -0.54728             3.85132
-0.363216            -1.73308             5.68856
2.11267            -1.31212               3.302
1.32974            -1.91912             4.91156
-0.842916            0.392891             5.36819
-1.89384             -0.3094             5.85286
-1.04578             1.41758             4.83307
-3.28412           -0.455063              3.6178
-1.29814            -2.84081             2.03551
0.990002            -3.36911             3.49483
1.61715            -2.64346             1.20849
0.0267994            -2.97898             2.83786
0.287058            -5.38104             2.86352
1.0092            -4.98841             4.52741
1.0092            -4.98841             4.52741
0.167115            -1.99458             4.75427
-2.46394            -0.27218              2.0943
-3.46335            -0.75182             4.93013
-3.46335            -0.75182             4.93013
-1.69437            -2.39366             7.68311
-3.29458           -0.468761             4.74326
-0.501257            -2.64215             2.63339
0.107643             -3.0215             1.82341
0.107643             -3.0215             1.82341
0.107643             -3.0215             1.82341
0.107643             -3.0215             1.82341
2.70274            -2.44457             3.08861
2.70274            -2.44457             3.08861
1.31466            -2.28752              4.5015
1.37917            -3.31838             3.37234
1.37917            -3.31838             3.37234
1.37917            -3.31838             3.37234
-1.28318           -0.583887             2.64821
-1.28318           -0.583887             2.64821
-1.28318           -0.583887             2.64821
-3.85819           0.0451204             3.44781
-3.18002             2.07107             5.28452
-3.79567             4.42549             5.46143
-3.79567             4.42549             5.46143
-5.3387             4.28482             4.61768
-3.24743             3.17215             5.87609
-1.35707             4.34425              8.8126
-1.35707             4.34425              8.8126
-2.49821             2.23145             6.36639
-2.49821             2.23145             6.36639
-2.49821             2.23145             6.36639
-0.294762             1.57637             6.72567
0.344754            0.995461             5.26608
-1.8436             -1.7934             3.45532
-2.83139          -0.0288259             2.85207
-2.83139          -0.0288259             2.85207
-2.83139          -0.0288259             2.85207
-2.83139          -0.0288259             2.85207
-2.83139          -0.0288259             2.85207
-2.83139          -0.0288259             2.85207
-2.83139          -0.0288259             2.85207
-0.937236             1.75713              1.9521
-0.937236             1.75713              1.9521
-0.937236             1.75713              1.9521
-1.06147            0.692055           -0.849236
-1.06147            0.692055           -0.849236
-1.06147            0.692055           -0.849236
-1.06147            0.692055           -0.849236
0.866529             3.56627             -1.8346
0.0186493             1.60821            -4.62473
0.0186493             1.60821            -4.62473
2.07918            -1.26251            -2.22447
2.07918            -1.26251            -2.22447
0.704658            0.430736            -2.70328
0.704658            0.430736            -2.70328
0.704658            0.430736            -2.70328
0.704658            0.430736            -2.70328
3.31819            -2.53534            -1.58571
3.31819            -2.53534            -1.58571
3.31819            -2.53534            -1.58571
2.31958             -2.7479            -1.15166
0.969478            -5.00326            -4.01196
-0.605482            -2.19546            -2.88432
-3.06811             -1.7524            -4.82225
-3.06811             -1.7524            -4.82225
-3.06811             -1.7524            -4.82225
-0.455583           0.0734513             -1.9418
-0.455583           0.0734513             -1.9418
-0.455583           0.0734513             -1.9418
-1.09412            0.515088            -1.63767
-1.09412            0.515088            -1.63767
-1.09412            0.515088            -1.63767
-1.09412            0.515088            -1.63767
-1.09412            0.515088            -1.63767
-1.09412            0.515088            -1.63767
-1.3147            -1.41065            0.716048
1.41871            0.914155           -0.557361
2.48856            0.744099            -3.45654
2.48856            0.744099            -3.45654
2.81909           -0.973702            -4.22363
2.81909           -0.973702            -4.22363
3.09782            -2.99943            -1.74607
0.722776            -3.46631            -3.20246
0.138246            -3.05143            -2.28885
-0.0124813             -3.6873            -3.54484
-2.00232            -2.27356            -5.77745
-2.00232            -2.27356            -5.77745
-0.397721           -0.125215            -3.44991
-0.397721           -0.125215            -3.44991
-0.397721           -0.125215            -3.44991
-0.397721           -0.125215            -3.44991
-0.397721           -0.125215            -3.44991
0.212548             2.76108            -2.61226
1.35429             2.04895            -2.27512
-0.0335815            0.730502            -1.78791
-2.36714            -1.33697            -4.41202
-2.36714            -1.33697            -4.41202
-3.88077          0.00900963            -6.05987
-3.88077          0.00900963            -6.05987
-1.19027            -1.28658            -6.81056
-2.80563            -2.73087            -4.17356
-2.80563            -2.73087            -4.17356
-2.80563            -2.73087            -4.17356
-2.60762            -1.60782            -4.83113
-2.60762            -1.60782            -4.83113
-2.60762            -1.60782            -4.83113
-2.60762            -1.60782            -4.83113
-2.60762            -1.60782            -4.83113
-0.443336            -1.61866            -2.78744
0.683837            -1.06107            -1.70932
-0.504553            -2.96441            0.819664
-0.349895            -2.94774            -1.29805
-2.88443            -5.54189            -3.40731
-2.88443            -5.54189            -3.40731
-2.88443            -5.54189            -3.40731
-2.88443            -5.54189            -3.40731
-0.927545            -3.04798            -4.17085
-0.895925            -2.85594            -2.49507
1.6098           -0.758678            -1.95207
1.6098           -0.758678            -1.95207
1.6098           -0.758678            -1.95207
-1.1247             1.19745             1.03189
0.963126           -0.406967             1.11508
2.03216            -1.37946            -1.62474
2.11352            -2.81739           -0.645417
2.11352            -2.81739           -0.645417
2.99447           -0.197832           -0.540813
2.99447           -0.197832           -0.540813
1.4464            0.842494           -0.202336
0.667078            -1.13103             1.30897
0.667078            -1.13103             1.30897
0.667078            -1.13103             1.30897
0.667078            -1.13103             1.30897
1.30003            0.348206            -1.56666
1.30003            0.348206            -1.56666
1.30003            0.348206            -1.56666
1.30003            0.348206            -1.56666
-0.320146              2.0389           -0.600745
-1.12043             1.17027            -2.36809
-1.12043             1.17027            -2.36809
-1.12043             1.17027            -2.36809
-3.05208            -1.59687            -3.65917
-3.05208            -1.59687            -3.65917
-1.89696            -4.21718            -2.01135
0.579775             -5.4713            -4.55829
0.579775             -5.4713            -4.55829
0.579775             -5.4713            -4.55829
0.579775             -5.4713            -4.55829
-1.43234             -5.3007            -3.08569
-1.57439            -3.28447            -5.76058
-1.57439            -3.28447            -5.76058
-1.57439            -3.28447            -5.76058
-1.79167            -3.00268            -6.54067
-4.75018            -5.38211            -5.16651
-4.75018            -5.38211            -5.16651
-5.78131             -2.8092            -4.15621
-3.97679            -2.45425            -1.76338
-2.09935            -2.40494            -2.97717
-2.09935            -2.40494            -2.97717
0.269805            -1.06877            -4.74214
2.24833            0.676582             -3.7729
1.73399            -2.31668            -3.78678
0.348467          -0.0482306             -1.4178
0.348467          -0.0482306             -1.4178
-0.922534           -0.801925            -3.35705
-2.71746            -0.14867            -4.67269
0.249979            -2.55383            -4.65153
-0.191605           -0.290218            -2.59008
-1.95736            0.339467            -4.54609
-1.95736            0.339467            -4.54609
-1.72522            -1.67897            -2.12173
-1.72522            -1.67897            -2.12173
-1.6754            -3.05009            -2.42895
-1.6754            -3.05009            -2.42895
-1.6754            -3.05009            -2.42895
-1.6754            -3.05009            -2.42895
-1.18396            -2.00014            -1.38295
-2.58108           -0.882061            -3.66433
-1.78478            0.613282            -2.94101
-1.78478            0.613282            -2.94101
-3.40228            -2.27063            -1.88855
-3.40228            -2.27063            -1.88855
-3.40228            -2.27063            -1.88855
-3.51696             0.72421            -1.35592
-3.51696             0.72421            -1.35592
-0.655402           -0.948157            -4.24775
-0.655402           -0.948157            -4.24775
-0.655402           -0.948157            -4.24775
-0.655402           -0.948157            -4.24775
-0.655402           -0.948157            -4.24775
1.36618              1.0593            -2.75225
1.73522            -1.88501            -3.40889
-0.267323             -2.8147            -3.49665
-0.267323             -2.8147            -3.49665
-1.39917           -0.770571             -5.5135
-1.41587            0.758623            -5.20626
-1.86591           -0.490381             -2.3715
-1.86591           -0.490381             -2.3715
0.207016             1.41343            -4.78147
0.207016             1.41343            -4.78147
0.207016             1.41343            -4.78147
0.207016             1.41343            -4.78147
0.207016             1.41343            -4.78147
0.207016             1.41343            -4.78147
0.207016             1.41343            -4.78147
0.207016             1.41343            -4.78147
0.714757            -1.51899            -3.11098
-0.0691733            -1.67814            -4.80972
-0.0691733            -1.67814            -4.80972
-0.0691733            -1.67814            -4.80972
-0.0691733            -1.67814            -4.80972
0.773041            -1.18925            -7.22689
0.773041            -1.18925            -7.22689
0.773041            -1.18925            -7.22689
0.475954            -3.60987            -5.61146
-0.518215            -3.13481             -3.3205
0.597911            -5.08475            -2.41922
-0.0588104            -4.04309            -1.49112
-1.93921             -3.3195             1.21805
1.05688             -2.7179             2.57336
-1.28195          -0.0494033             5.18908
-1.2072             1.48929             6.55828
-1.56178            -1.39161              5.2069
-0.56179            -2.39115             4.71095
-0.56179            -2.39115             4.71095
-0.56179            -2.39115             4.71095
1.891            -2.09306              3.4321
1.99649          -0.0492122             3.01255
1.99649          -0.0492122             3.01255
1.99649          -0.0492122             3.01255
0.2612             -2.7547             2.07634
0.2612             -2.7547             2.07634
0.2612             -2.7547             2.07634
0.2612             -2.7547             2.07634
-2.05909           -0.856049             1.76949
-1.01704             1.24311             4.73205
1.57783           -0.572678             5.41354
1.57783           -0.572678             5.41354
1.57783           -0.572678             5.41354
-1.14544             1.76338             2.47975
-1.14544             1.76338             2.47975
-1.14544             1.76338             2.47975
-1.14544             1.76338             2.47975
-1.22035            0.587907             1.74643
-1.22035            0.587907             1.74643
-1.22035            0.587907             1.74643
-1.22035            0.587907             1.74643
-1.22035            0.587907             1.74643
-1.22035            0.587907             1.74643
-1.22035            0.587907             1.74643
-1.22035            0.587907             1.74643
1.326           -0.340071             0.97933
1.326           -0.340071             0.97933
1.326           -0.340071             0.97933
1.326           -0.340071             0.97933
1.326           -0.340071             0.97933
1.326           -0.340071             0.97933
0.187404            -1.62978            -1.94162
0.187404            -1.62978            -1.94162
0.187404            -1.62978            -1.94162
0.187404            -1.62978            -1.94162
0.187404            -1.62978            -1.94162
0.187404            -1.62978            -1.94162
0.187404            -1.62978            -1.94162
1.57367           -0.669077            -3.17675
-1.23709           -0.140398            -1.47029
-1.23709           -0.140398            -1.47029
-1.23709           -0.140398            -1.47029
-1.23709           -0.140398            -1.47029
-1.23709           -0.140398            -1.47029
-3.03398            0.500836             1.46803
-3.03398            0.500836             1.46803
-3.03398            0.500836             1.46803
-3.03398            0.500836             1.46803
-3.03398            0.500836             1.46803
-3.03398            0.500836             1.46803
-0.869105            -2.07069             3.92079
0.00966078            -2.69673             6.57029
0.00966078            -2.69673             6.57029
0.00966078            -2.69673             6.57029
0.00966078            -2.69673             6.57029
1.32402            -4.06288             7.45168
-1.5568            -3.30751             4.75906
1.33237            -4.61163             3.28829
2.10845            -2.58185             5.33267
2.94544           -0.410387             4.92739
2.94544           -0.410387             4.92739
0.248086            -2.18003             3.57385
0.248086            -2.18003             3.57385
-2.01859            0.610488             6.22295
-2.01859            0.610488             6.22295
-2.01859            0.610488             6.22295
-1.2538           0.0738362             4.96511
-0.85413           -0.197738             4.08266
0.906576            -1.90572              4.8927
-0.676267           -0.145459             3.35616
-0.676267           -0.145459             3.35616
-0.676267           -0.145459             3.35616
-0.676267           -0.145459             3.35616
1.09766            0.158653             3.51381
1.09766            0.158653             3.51381
3.12632            0.693607             4.17466
3.28633           -0.850148             4.29608
3.28633           -0.850148             4.29608
3.28633           -0.850148             4.29608
3.28633           -0.850148             4.29608
3.28633           -0.850148             4.29608
3.28633           -0.850148             4.29608
1.84667            -1.33566              4.2088
2.38642            0.129592              1.6471
2.38642            0.129592              1.6471
1.76949            0.352442           -0.629167
4.26955           -0.571115            -2.93898
2.06383             1.40592            -5.79875
2.06383             1.40592            -5.79875
1.52499            0.470912            -6.58161
1.52499            0.470912            -6.58161
-1.25456             1.69984            -6.19184
-1.25456             1.69984            -6.19184
-1.25456             1.69984            -6.19184
0.441283             1.47157            -3.41557
2.45693           -0.640967            -3.60985
2.45693           -0.640967            -3.60985
2.45693           -0.640967            -3.60985
0.856282            0.999962            -2.47486
0.856282            0.999962            -2.47486
0.856282            0.999962            -2.47486
-1.34836              1.9627            -5.27505
-1.34836              1.9627            -5.27505
-1.34836              1.9627            -5.27505
-1.34836              1.9627            -5.27505
-0.583147           -0.364918            -4.35289
-0.583147           -0.364918            -4.35289
-3.4842            -1.14831            -3.93182
-3.70301            0.909593            -5.28543
-3.90861             2.07109            -6.41753
-3.73857            0.939747            -4.70576
-3.38349              0.6765            -2.93005
-3.80895            0.798089            -1.71731
-2.11564            0.685348            0.396683
-2.46047            -0.42397             2.40606
-2.46047            -0.42397             2.40606
-1.41573            -1.40165             1.56905
-1.41573            -1.40165             1.56905
-1.41573            -1.40165             1.56905
-1.19741             1.37747             2.58978
-1.19741             1.37747             2.58978
-1.85425             -1.1145             3.55771
0.829608            -2.58644             4.50737
0.829608            -2.58644             4.50737
0.829608            -2.58644             4.50737
0.829608            -2.58644             4.50737
-0.887164            0.292033             3.93741
0.503634             1.83029             5.70919
0.357285            0.992093             6.05981
-0.923597            -1.80759             6.65662
0.441272            0.732168              4.8336
-0.740906           -0.825763             5.25854
-2.66076             1.31483             7.27714
-2.66076             1.31483             7.27714
-2.66076             1.31483             7.27714
-2.66076             1.31483             7.27714
-2.66076             1.31483             7.27714
-2.66076             1.31483             7.27714
-2.66076             1.31483             7.27714
-1.1846             1.34935             5.46433
-0.888748            -0.59011             4.37241
-0.888748            -0.59011             4.37241
-0.888748            -0.59011             4.37241
1.7439              1.6771             5.06186
1.60821            0.351061              6.7003
1.60821            0.351061              6.7003
1.60821            0.351061              6.7003
-1.13101             2.57179              7.7293
-3.1575             1.73043             4.97824
-0.939916             1.67672             6.60718
-0.498235            -0.63505             8.18931
-0.498235            -0.63505             8.18931
-0.498235            -0.63505             8.18931
-0.694933            -3.37618             6.56866
0.425518            -3.46594              4.6383
0.425518            -3.46594              4.6383
2.47336             -1.2419             2.86499
2.80322            0.217954             3.09563
2.082            -1.19285             3.33826
1.60825            -2.93649              5.1792
1.60825            -2.93649              5.1792
1.60825            -2.93649              5.1792
-0.951565            -1.69149             5.01945
1.11229             -2.7938              6.1118
1.78692            -1.07282             5.14706
1.78692            -1.07282             5.14706
1.78692            -1.07282             5.14706
-0.850681            -3.35047             2.54888
-3.27708            -4.97757             3.72652
-1.5692            -5.51571             3.99402
-3.08814            -8.20833             5.39133
-3.08814            -8.20833             5.39133
-4.89912            -6.47661             8.28041
-4.89912            -6.47661             8.28041
-5.23213             -6.2001             5.29356
-5.23213             -6.2001             5.29356
-4.2554            -7.04933             6.97019
-4.2554            -7.04933             6.97019
-5.94773            -5.93291             8.35242
-4.12696            -4.43705             10.5811
-3.686            -2.47251             12.6361
-3.686            -2.47251             12.6361
-3.17654            -1.41763             12.4378
-3.17654            -1.41763             12.4378
-3.21152             1.23565             11.6314
-3.21152             1.23565             11.6314
-0.736216            -1.16455             8.68969
-0.736216            -1.16455             8.68969
-0.736216            -1.16455             8.68969
-0.302674           -0.878182             6.78147
2.20926            -2.90715             6.17943
4.67188            -1.64738             6.50118
3.10384            0.787567             5.39398
4.01226           -0.921414             4.06567
3.46544            -1.41291             5.89762
2.48156            -2.93624             5.44191
2.48849           -0.786266             2.69986
2.48849           -0.786266             2.69986
2.48849           -0.786266             2.69986
1.17752            -1.88626             2.84496
1.17752            -1.88626             2.84496
1.17752            -1.88626             2.84496
1.17752            -1.88626             2.84496
1.17752            -1.88626             2.84496
1.17752            -1.88626             2.84496
-0.394881            0.670191             2.37525
-0.394881            0.670191             2.37525
-0.394881            0.670191             2.37525
0.733579             2.33818             2.03645
0.733579             2.33818             2.03645
0.733579             2.33818             2.03645
0.733579             2.33818             2.03645
0.733579             2.33818             2.03645
0.733579             2.33818             2.03645
0.733579             2.33818             2.03645
0.733579             2.33818             2.03645
0.733579             2.33818             2.03645
0.137615            0.442196             1.93025
0.137615            0.442196             1.93025
0.137615            0.442196             1.93025
0.232293            0.364838             4.41121
0.977074            -1.06649             2.86078
0.977074            -1.06649             2.86078
0.977074            -1.06649             2.86078
0.978354             1.78401             2.19177
0.978354             1.78401             2.19177
2.43556           -0.273982             1.54424
2.59612            0.255194             3.86398
0.727749            -2.19829             1.14885
1.04165            -2.19898              1.4533
1.04165            -2.19898              1.4533
1.04165            -2.19898              1.4533
1.04165            -2.19898              1.4533
1.04165            -2.19898              1.4533
2.58793              -1.198             1.91723
2.3348            0.516583             4.69014
3.51136          0.00568724             2.72316
3.51136          0.00568724             2.72316
3.51136          0.00568724             2.72316
1.11207              2.0261             1.73856
0.985346             3.17326              3.2052
0.985346             3.17326              3.2052
0.985346             3.17326              3.2052
0.985346             3.17326              3.2052
0.985346             3.17326              3.2052
2.29512             5.56684             3.19991
0.59072             5.36785             5.24522
-2.33782             5.65239             2.48441
-1.56235             5.99792             4.41071
-1.56235             5.99792             4.41071
-1.56235             5.99792             4.41071
-1.56235             5.99792             4.41071
-1.56235             5.99792             4.41071
-1.56235             5.99792             4.41071
-1.56235             5.99792             4.41071
-1.56235             5.99792             4.41071
-1.56235             5.99792             4.41071
-2.52572             3.43791             2.46069
-2.52572             3.43791             2.46069
-2.88869             1.15159             4.80869
-2.88869             1.15159             4.80869
-1.55402            -1.34318             3.58544
-1.94484             1.43141             1.46139
0.425129           -0.693129             4.39343
-1.81031            -2.25785             3.35734
0.228967            -2.58612             4.43985
0.228967            -2.58612             4.43985
0.228967            -2.58612             4.43985
-2.46203             -2.1612             5.28257
-2.46203             -2.1612             5.28257
-2.46203             -2.1612             5.28257
-2.19937            -3.17613             2.49507
-2.19937            -3.17613             2.49507
-2.02622            -3.59088             3.60856
-2.02622            -3.59088             3.60856
-2.02622            -3.59088             3.60856
-2.02622            -3.59088             3.60856
0.840353            -4.67201             2.70064
0.840353            -4.67201             2.70064
0.840353            -4.67201             2.70064
0.840353            -4.67201             2.70064
0.840353            -4.67201             2.70064
0.840353            -4.67201             2.70064
0.840353            -4.67201             2.70064
-0.0761921            -1.95651             2.85953
-0.672409            -1.46739             5.74652
-1.70428            0.243507             3.32614
1.23384             1.21413             1.62951
1.23384             1.21413             1.62951
1.23384             1.21413             1.62951
1.23384             1.21413             1.62951
1.23384             1.21413             1.62951
-1.4368             -0.5772             2.23523
-0.0574193             1.58112             4.94699
1.50057               3.547             4.34565
1.05741             2.52277             5.79654
3.52905            0.283009             7.09176
2.50205             1.26865             6.11711
1.03752             2.10384             5.18885
3.73543             0.02725             4.13806
3.73543             0.02725             4.13806
3.73543             0.02725             4.13806
4.17069              -1.888             2.90553
1.57676            -1.85856              4.1204
1.10828           0.0142933             1.72902
1.10828           0.0142933             1.72902
1.10828           0.0142933             1.72902
1.10828           0.0142933             1.72902
1.10828           0.0142933             1.72902
1.10828           0.0142933             1.72902
1.10828           0.0142933             1.72902
1.10828           0.0142933             1.72902
0.218043             2.83345            -1.25356
2.92146            0.114152             1.68265
2.92146            0.114152             1.68265
0.638631           -0.294999            -1.18484
0.638631           -0.294999            -1.18484
2.53656             1.30203             -3.0443
2.53656             1.30203             -3.0443
2.53656             1.30203             -3.0443
2.53656             1.30203             -3.0443
2.53656             1.30203             -3.0443
1.06188           -0.335395            -2.80136
-0.983656             0.70935            -3.03007
-0.983656             0.70935            -3.03007
-0.983656             0.70935            -3.03007
-0.740663           -0.270029             -2.7498
-0.740663           -0.270029             -2.7498
-0.740663           -0.270029             -2.7498
2.04173             1.48516            -5.39861
0.0693795             2.99437            -3.88833
0.0693795             2.99437            -3.88833
-2.31042             1.52804            -1.66011
-2.31042             1.52804            -1.66011
-2.31042             1.52804            -1.66011
-0.748813            0.443745            -1.75088
-0.748813            0.443745            -1.75088
-0.748813            0.443745            -1.75088
-0.748813            0.443745            -1.75088
-0.748813            0.443745            -1.75088
-0.748813            0.443745            -1.75088
-0.748813            0.443745            -1.75088
-0.748813            0.443745            -1.75088
-0.748813            0.443745            -1.75088
-0.748813            0.443745            -1.75088
-0.748813            0.443745            -1.75088
-0.748813            0.443745            -1.75088
-0.748813            0.443745            -1.75088
-0.748813            0.443745            -1.75088
-0.748813            0.443745            -1.75088
-0.748813            0.443745            -1.75088
-0.663844            0.290321            -3.75058
-0.663466           -0.899939            -3.98946
-2.38979            -2.80243            -6.87167
-4.73132            -3.18892            -4.83059
-6.57157              -3.654             -3.4505
-3.82712            -3.89405             -6.1348
-6.4769            -1.45036             -5.4267
-4.41708             1.50359            -7.17632
-4.41708             1.50359            -7.17632
-1.87218           -0.372325            -9.96373
-4.7928               -1.75            -7.69937
-4.7928               -1.75            -7.69937
-3.2806            -2.93109            -8.88329
-3.2806            -2.93109            -8.88329
-2.29284            -1.47989            -7.82585
-4.71892            0.935435            -6.02115
-4.07354            -1.16315             -8.8747
-3.93918            0.537507            -8.33913
-3.93918            0.537507            -8.33913
-3.14023          -0.0631464            -6.24481
-0.156785            0.544671            -6.85036
-0.558006            -2.34396            -6.10245
-0.558006            -2.34396            -6.10245
-0.558006            -2.34396            -6.10245
-0.558006            -2.34396            -6.10245
-0.582512            -1.63411            -3.85115
-0.582512            -1.63411            -3.85115
-0.582512            -1.63411            -3.85115
2.22832            -1.60196            -6.70698
2.22832            -1.60196            -6.70698
2.92447            -2.37432            -4.47122
0.696615            -1.89884            -3.55342
-0.631345            -3.93178            -4.10936
0.817198            -3.55657            -5.06068
-1.89128           -0.765826            -4.14086
-0.77486            0.951778            -1.91461
-1.15971             2.39505            -2.27135
-1.15971             2.39505            -2.27135
1.30273            0.384047             -3.4621
1.30273            0.384047             -3.4621
1.30273            0.384047             -3.4621
-0.726166             1.28786            -1.86055
-0.726166             1.28786            -1.86055
-0.726166             1.28786            -1.86055
-0.726166             1.28786            -1.86055
-0.726166             1.28786            -1.86055
-0.726166             1.28786            -1.86055
-0.726166             1.28786            -1.86055
-0.726166             1.28786            -1.86055
-0.726166             1.28786            -1.86055
-0.726166             1.28786            -1.86055
-0.726166             1.28786            -1.86055
-0.726166             1.28786            -1.86055
-0.726166             1.28786            -1.86055
-0.726166             1.28786            -1.86055
-0.726166             1.28786            -1.86055
-0.726166             1.28786            -1.86055
0.249124            0.496646           -0.700178
-0.620284            -1.64356             -2.7324
0.892397            -1.32849            -1.04836
2.02293              1.1993            -4.00535
1.40216            0.966931            -6.24911
0.592352           -0.318254            -6.89905
0.592352           -0.318254            -6.89905
0.592352           -0.318254            -6.89905
0.592352           -0.318254            -6.89905
2.41613            -1.71252            -7.33377
2.93183            0.385059            -4.64791
1.98763            0.701679            -3.45486
1.98763            0.701679            -3.45486
0.484415             1.13448            -2.17606
0.484415             1.13448            -2.17606
-1.0242             2.65336            -2.88212
-1.0242             2.65336            -2.88212
-1.31635           -0.073214             -4.0579
-0.762866            0.365618            -2.64119
-3.71133           -0.701964            -2.24385
-5.37972            -2.06984             -3.8107
-4.67831            -2.02712            -4.11272
-4.67831            -2.02712            -4.11272
-4.67831            -2.02712            -4.11272
-3.92698            -1.88176            -2.16187
-3.92698            -1.88176            -2.16187
-1.30297            0.104269           -0.898518
-2.22038           -0.719427             1.94031
-2.22038           -0.719427             1.94031
-2.22038           -0.719427             1.94031
-3.39845            -2.83455             2.36982
-2.94885           -0.336254             2.93136
-2.94885           -0.336254             2.93136
-1.91201            -1.48768             3.22842
-1.91201            -1.48768             3.22842
-1.36468            -1.42935             5.77743
1.14694            -1.24903              5.9616
0.45369             1.70713              5.4017
0.136687             2.76914             3.14429
2.03555            0.248462             4.02883
0.383886           -0.753077             4.00655
0.383886           -0.753077             4.00655
0.383886           -0.753077             4.00655
0.383886           -0.753077             4.00655
0.383886           -0.753077             4.00655
0.383886           -0.753077             4.00655
0.383886           -0.753077             4.00655
0.383886           -0.753077             4.00655
1.15224           -0.303264             1.11872
1.15224           -0.303264             1.11872
1.15224           -0.303264             1.11872
1.15224           -0.303264             1.11872
1.15224           -0.303264             1.11872
1.85521             1.69603           -0.875884
1.58092            0.579467            -2.13977
1.58092            0.579467            -2.13977
1.58092            0.579467            -2.13977
-0.20456            0.985158            -1.85308
-0.20456            0.985158            -1.85308
-0.20456            0.985158            -1.85308
-0.20456            0.985158            -1.85308
-0.20456            0.985158            -1.85308
0.150514             1.21888            -2.33749
-1.5106             2.57165            -1.62056
-3.49309            0.310753             -2.0894
-3.49309            0.310753             -2.0894
-2.99729            0.690449            -3.21846
-0.27665             2.39206            -2.95483
-0.27665             2.39206            -2.95483
-0.27665             2.39206            -2.95483
-0.27665             2.39206            -2.95483
-1.30813            0.131886            -4.40036
0.000315734            -1.29359            -4.08483
-2.44576             1.16444            -3.72645
0.28691            -1.23494            -4.63794
-0.0914142             1.12686            -3.25508
-0.790032            -1.28186            -5.35481
-0.620671            -1.36754            -4.45113
-0.620671            -1.36754            -4.45113
-0.620671            -1.36754            -4.45113
-0.620671            -1.36754            -4.45113
-0.620671            -1.36754            -4.45113
-0.620671            -1.36754            -4.45113
-0.620671            -1.36754            -4.45113
-0.620671            -1.36754            -4.45113
2.21221             1.26845            -2.44694
1.51573            0.125171           -0.740819
1.51573            0.125171           -0.740819
-0.875662             2.66507            -3.02229
0.605656             1.71955            -5.72913
0.605656             1.71955            -5.72913
0.605656             1.71955            -5.72913
1.14053           -0.158913            -5.75133
1.14053           -0.158913            -5.75133
-1.7481             2.46269             -4.0184
-1.7481             2.46269             -4.0184
-3.46434             1.23169            -3.28522
-3.46434             1.23169            -3.28522
-3.46434             1.23169            -3.28522
-2.49577           0.0960154            -2.20253
-2.49577           0.0960154            -2.20253
-2.49577           0.0960154            -2.20253
-2.34074            -0.34308            -4.35151
-2.34074            -0.34308            -4.35151
-2.18849             1.27012             -1.5333
-1.1582          -0.0362595            -1.85853
-1.1582          -0.0362595            -1.85853
-1.1582          -0.0362595            -1.85853
-1.1582          -0.0362595            -1.85853
-1.31003            -1.86409            -1.76518
-1.31003            -1.86409            -1.76518
-1.4895            -2.03137            -2.72567
0.287967            -1.10798            -2.19289
-1.21601            -2.62748            -2.21256
-3.3456           -0.661498            -4.61998
-3.3456           -0.661498            -4.61998
-3.3456           -0.661498            -4.61998
-0.430916            -1.33947            -3.08125
-0.430916            -1.33947            -3.08125
1.04284           0.0981654            -1.53309
1.04284           0.0981654            -1.53309
1.04284           0.0981654            -1.53309
2.057            -1.01938               0.458
0.108014            -1.00637            -2.14919
0.108014            -1.00637            -2.14919
-2.41815             1.40413            -4.05901
-2.41815             1.40413            -4.05901
-2.41815             1.40413            -4.05901
-2.41815             1.40413            -4.05901
-2.13873             2.31147            -2.87756
-2.13873             2.31147            -2.87756
-2.13873             2.31147            -2.87756
-2.20993          -0.0589294            -4.74947
-2.20993          -0.0589294            -4.74947
0.696224            0.531475            -3.57701
1.2036             2.41404             -1.7643
1.42482            0.359319            -4.72975
1.42482            0.359319            -4.72975
1.22172            -2.62168            -4.94829
1.22172            -2.62168            -4.94829
0.528287            -1.09944            -5.51077
0.528287            -1.09944            -5.51077
-1.19413            -1.87423            -2.72962
-1.19413            -1.87423            -2.72962
-1.19413            -1.87423            -2.72962
-1.62957            -2.83146             -2.2832
-1.62957            -2.83146             -2.2832
-1.62957            -2.83146             -2.2832
-3.12962            -3.22632            -3.31426
-1.43729            -2.19687            -2.47344
-1.43729            -2.19687            -2.47344
-1.43729            -2.19687            -2.47344
1.18858            -3.25213            -4.54231
1.18858            -3.25213            -4.54231
-1.39537             -1.9719             -3.4655
-1.52834           -0.477741            -2.08299
-1.52834           -0.477741            -2.08299
0.461058            0.347997            -2.69759
0.461058            0.347997            -2.69759
-0.758049             1.35854            -2.70316
-0.758049             1.35854            -2.70316
1.17613           -0.728865            -3.32056
2.20259           0.0199019            -3.24765
2.20259           0.0199019            -3.24765
1.69397            0.968796           -0.998531
1.69397            0.968796           -0.998531
1.3295            0.715319            -1.45587
1.3295            0.715319            -1.45587
1.3295            0.715319            -1.45587
1.95057            -1.02802            -3.75371
1.67901           -0.586526            -4.33693
1.67901           -0.586526            -4.33693
1.67901           -0.586526            -4.33693
-0.319846            -2.88164            -3.19191
-0.319846            -2.88164            -3.19191
-3.1319            -1.09322            -4.76128
-0.901158            -1.66239            -7.39678
1.38889            -1.45171            -9.80086
1.38889            -1.45171            -9.80086
3.33635             1.02235            -7.07673
5.09039             1.08269            -4.79807
4.32987            0.574418            -2.09713
4.32987            0.574418            -2.09713
4.32987            0.574418            -2.09713
4.32987            0.574418            -2.09713
4.32987            0.574418            -2.09713
2.68975           -0.988218            0.424429
2.68975           -0.988218            0.424429
4.17789            -1.06423             1.58242
1.98836            0.496373             3.86014
1.32342           -0.714775             3.75489
1.32342           -0.714775             3.75489
-0.997057            0.754595               5.998
1.38894            -1.54992             3.27198
4.10458             1.39548             3.33232
3.60819             1.52718             5.71898
3.60819             1.52718             5.71898
3.60819             1.52718             5.71898
3.60819             1.52718             5.71898
3.60819             1.52718             5.71898
3.60819             1.52718             5.71898
3.60819             1.52718             5.71898
3.80284            0.382044             5.38577
3.80284            0.382044             5.38577
3.80284            0.382044             5.38577
3.80284            0.382044             5.38577
5.00673             1.03385             8.30097
3.4389            -1.76554             7.72337
3.22683             1.18904             7.64093
3.22683             1.18904             7.64093
1.37394          0.00905236             7.19051
3.88912            -1.04572             9.60833
3.47269            -2.99853             9.43119
3.19622            -3.31662             6.73221
3.60023           -0.703515             7.76978
3.60023           -0.703515             7.76978
3.60023           -0.703515             7.76978
2.93535           -0.974485             6.25331
2.62628             1.04364             4.28055
2.62628             1.04364             4.28055
2.62628             1.04364             4.28055
2.54832          -0.0936001             4.14185
2.54832          -0.0936001             4.14185
2.54832          -0.0936001             4.14185
0.369347             2.03533             2.65144
0.369347             2.03533             2.65144
-0.320159              1.9552             2.22614
-2.73656            0.716551             3.25602
-0.272407            0.863067             5.26012
0.708751           -0.673474             3.18635
0.708751           -0.673474             3.18635
0.708751           -0.673474             3.18635
2.75746           0.0442633             1.65117
2.75746           0.0442633             1.65117
0.407604            -2.36054             3.97183
-1.76201            -3.06883             6.75785
-2.83821           -0.738654             7.12026
-1.46741             -2.1757             4.58426
-1.46741             -2.1757             4.58426
-3.14542            -3.21283             3.03109
-1.51991            -4.11547             3.96651
-0.1527            -4.19908             3.51603
1.26756            -5.89496             1.66535
2.1964            -4.30973            -1.23616
2.46642            -1.64162            -2.99407
2.46642            -1.64162            -2.99407
5.38817           -0.467835            -4.04693
3.63254             2.13764            -1.52596
4.81214           -0.108996            -4.40142
4.81214           -0.108996            -4.40142
4.81214           -0.108996            -4.40142
2.42802             2.74172            -5.08566
2.42802             2.74172            -5.08566
4.47663              3.7455            -6.06262
3.84539             4.23673            -5.53376
1.72278             3.19031            -6.90676
0.19227             2.74545            -8.70074
2.4706             1.73804            -7.13799
2.4706             1.73804            -7.13799
-0.209768             4.25244            -6.85728
-0.209768             4.25244            -6.85728
-0.209768             4.25244            -6.85728
-1.67684             4.65813            -5.34058
-2.01689              4.1602            -8.06419
-1.45563             5.10545            -9.19378
-2.5432             4.78487            -6.56833
-2.5432             4.78487            -6.56833
-1.34755             7.04072            -5.61619
-1.34755             7.04072            -5.61619
-1.34755             7.04072            -5.61619
1.15196             5.57707            -5.51307
-1.65691             3.23438            -3.61866
-1.75416            0.653768            -1.06299
-2.13927             2.05179             -3.5897
0.708492            0.737387            -4.15613
0.708492            0.737387            -4.15613
-0.13685            -1.94427            -4.29844
-0.13685            -1.94427            -4.29844
-0.13685            -1.94427            -4.29844
0.878644            0.355581            -4.29162
-1.38298             1.65248            -2.29797
-1.38298             1.65248            -2.29797
-1.38298             1.65248            -2.29797
-1.38298             1.65248            -2.29797
-2.57226          -0.0317522            -1.40865
0.0179402           0.0294809            0.547308
-0.0192998            -2.92427             1.95813
-0.0192998            -2.92427             1.95813
0.520483            -3.76004             3.53431
0.520483            -3.76004             3.53431
0.0256516            -2.38045             1.81465
0.896396            -1.30613             1.29095
0.896396            -1.30613             1.29095
2.33699            -1.01045             1.99325
2.33699            -1.01045             1.99325
2.33699            -1.01045             1.99325
2.33699            -1.01045             1.99325
-0.0664036            0.847606            0.559657
2.697            -2.10713             2.72769
0.493077            0.718036             5.12473
0.493077            0.718036             5.12473
-1.31754            -1.32496             5.93753
-1.31754            -1.32496             5.93753
-1.31754            -1.32496             5.93753
-1.31754            -1.32496             5.93753
0.492268            -4.08334             4.29211
2.51027            -4.73452             2.31337
2.51027            -4.73452             2.31337
1.51198            -3.98571             2.37905
1.51198            -3.98571             2.37905
1.51198            -3.98571             2.37905
1.51198            -3.98571             2.37905
2.2197            -5.29148             1.41193
0.307323            -4.03485             4.05026
0.307323            -4.03485             4.05026
0.307323            -4.03485             4.05026
2.41808            -1.56661              3.9028
2.41808            -1.56661              3.9028
0.615039            -2.66255             5.82964
0.615039            -2.66255             5.82964
3.16685             -3.8355             6.13355
2.54387            -4.49331             4.71737
2.68292            -4.23332             2.02484
3.29567            -1.73067             4.38557
3.29567            -1.73067             4.38557
3.29567            -1.73067             4.38557
3.29567            -1.73067             4.38557
3.29567            -1.73067             4.38557
3.42671            -2.02685             3.29597
3.42671            -2.02685             3.29597
3.46671            -2.64827             3.17168
3.46671            -2.64827             3.17168
3.46671            -2.64827             3.17168
4.36419            -1.90383             4.26437
4.36419            -1.90383             4.26437
3.81939           -0.976716             4.53121
3.81939           -0.976716             4.53121
3.81939           -0.976716             4.53121
3.81939           -0.976716             4.53121
3.81939           -0.976716             4.53121
1.89681            -2.40766              5.0393
2.99253            -3.52564             4.03456
-0.00444145            -2.24153             1.12925
1.5438            0.112201              2.2957
1.33381             -1.2689             1.71216
0.0743852            0.290891            -0.66275
-1.28921              3.1358            -3.54004
-1.28921              3.1358            -3.54004
-0.00380752             2.55837            -1.51942
-0.00380752             2.55837            -1.51942
-0.00380752             2.55837            -1.51942
-0.00380752             2.55837            -1.51942
1.3703             3.59439            0.760649
1.3703             3.59439            0.760649
1.88865             1.85384             1.16982
0.622541            0.783876             2.91888
2.79839            -1.73709             1.04327
2.79839            -1.73709             1.04327
4.76985              0.7739             3.80808
3.53702             1.18599             1.77755
5.98144            0.356556            0.979899
6.43873            -1.36969             3.81625
7.28817             0.92085             5.54567
6.13066             3.85914             6.37474
4.70812             5.10331             4.91145
4.42519               3.076             3.62348
4.42519               3.076             3.62348
2.5451             3.36871             2.11535
2.64835             3.66223             1.73709
2.21644             3.36212             4.25219
1.60554              1.7193             2.21709
0.26539             2.95067             3.03004
0.26539             2.95067             3.03004
0.976495            0.565253             2.93533
2.43062             1.59678              3.5439
2.43062             1.59678              3.5439
2.43062             1.59678              3.5439
2.43062             1.59678              3.5439
0.726172            0.814655             2.32001
3.52686          -0.0999869             3.91128
0.804088             0.22988             3.74318
0.804088             0.22988             3.74318
0.569828             2.04547              5.8317
0.569828             2.04547              5.8317
0.640501             2.85281             4.08197
-2.10853            0.652551             1.32937
-3.1081           -0.796855              2.3696
-1.55995            -1.06098             5.08274
-1.55995            -1.06098             5.08274
-1.55995            -1.06098             5.08274
-0.00881111             1.53841             2.63081
-0.00881111             1.53841             2.63081
-0.00881111             1.53841             2.63081
-0.00881111             1.53841             2.63081
-0.950063            0.140186             1.01773
-0.950063            0.140186             1.01773
-0.217899            -1.56141             2.69396
2.54788           -0.691832             1.17345
4.37068               1.497              3.8564
4.37068               1.497              3.8564
4.37068               1.497              3.8564
3.21789            0.435222             3.16761
1.09549            -1.88281             2.82832
1.09549            -1.88281             2.82832
-0.80129             1.00474              2.9923
-0.80129             1.00474              2.9923
-0.80129             1.00474              2.9923
-0.80129             1.00474              2.9923
-0.816621             1.81031              2.5817
-0.816621             1.81031              2.5817
-0.816621             1.81031              2.5817
-0.816621             1.81031              2.5817
-0.816621             1.81031              2.5817
-0.816621             1.81031              2.5817
-0.816621             1.81031              2.5817
-0.816621             1.81031              2.5817
-0.816621             1.81031              2.5817
-0.816621             1.81031              2.5817
-0.816621             1.81031              2.5817
-0.816621             1.81031              2.5817
-0.816621             1.81031              2.5817
0.578034             2.92247             4.29322
0.578034             2.92247             4.29322
-0.903446             1.31308             2.46172
1.08094           -0.785952              3.4922
-0.29066             -1.0374             1.12454
-0.29066             -1.0374             1.12454
-0.337683            -2.37087             2.29512
1.44041            -4.62641             1.47422
1.44041            -4.62641             1.47422
0.696321            -4.13506             3.15333
-0.715981            -4.05372              3.5065
-0.715981            -4.05372              3.5065
0.46656            -1.95157             5.79342
0.46656            -1.95157             5.79342
0.46656            -1.95157             5.79342
0.46656            -1.95157             5.79342
-2.34237            0.344684             4.42294
-0.511338             1.55074             4.95756
2.08483              -1.243             2.17412
2.08483              -1.243             2.17412
2.08483              -1.243             2.17412
0.897426            0.529628            0.654709
2.04083            -2.17402             3.13131
1.32494            -1.72498             2.02898
1.32494            -1.72498             2.02898
1.32494            -1.72498             2.02898
-0.132696             -2.2975             2.56992
-0.132696             -2.2975             2.56992
-1.85568           -0.116588             4.99676
-1.85568           -0.116588             4.99676
-3.57073         0.000730291             6.85791
-1.82426            0.194744             5.81165
0.658373           -0.933558              3.0985
0.658373           -0.933558              3.0985
1.58824             1.13495             1.94012
1.58824             1.13495             1.94012
1.58824             1.13495             1.94012
1.58824             1.13495             1.94012
2.44945              1.0479             2.56377
2.44945              1.0479             2.56377
2.44945              1.0479             2.56377
2.44945              1.0479             2.56377
-0.452564             -1.7463            0.386087
-1.08303            -3.33536             -1.3059
-1.08303            -3.33536             -1.3059
-2.25569            -2.87171            -4.06927
-0.219349            -3.05325            -5.53191
-0.219349            -3.05325            -5.53191
-2.00041            -1.92612            -4.48377
-2.00041            -1.92612            -4.48377
-1.15869            -1.27407            -3.59377
-2.9107            -2.46032            -4.20193
-2.97917            0.432405            -2.67121
-2.97917            0.432405            -2.67121
-2.97917            0.432405            -2.67121
-0.250887            -2.42804            -2.33556
-0.250887            -2.42804            -2.33556
-0.250887            -2.42804            -2.33556
-2.20827            -2.13788            -5.13457
-1.21802           0.0773954            -3.58753
-1.21802           0.0773954            -3.58753
-1.21802           0.0773954            -3.58753
-1.21802           0.0773954            -3.58753
-1.21802           0.0773954            -3.58753
-1.21802           0.0773954            -3.58753
-1.72289             1.27034            -1.44629
-1.6534            0.745729            -1.57848
-1.6534            0.745729            -1.57848
-1.6534            0.745729            -1.57848
-1.6534            0.745729            -1.57848
-1.6534            0.745729            -1.57848
-1.6534            0.745729            -1.57848
-1.6534            0.745729            -1.57848
-1.6534            0.745729            -1.57848
-1.6534            0.745729            -1.57848
-2.9602          -0.0621813            -3.72507
-3.10218           -0.977878            -4.19976
-3.10218           -0.977878            -4.19976
-0.517097             -3.4762            -5.32195
1.05153            -1.45274            -5.26718
1.05153            -1.45274            -5.26718
1.05153            -1.45274            -5.26718
1.05153            -1.45274            -5.26718
1.99767           -0.981268            -2.59625
1.99767           -0.981268            -2.59625
0.753529           0.0141342            -5.51532
0.753529           0.0141342            -5.51532
-1.88716            -0.86768            -6.10538
-3.30399             -1.7139            -5.04248
-3.30399             -1.7139            -5.04248
-3.30399             -1.7139            -5.04248
-3.30399             -1.7139            -5.04248
-3.30399             -1.7139            -5.04248
-5.62288            -1.34845             -6.1585
-2.70599             1.21394            -5.75535
-2.70599             1.21394            -5.75535
-1.60133            0.442982             -7.2366
1.30736           -0.657178            -9.11037
1.30736           -0.657178            -9.11037
1.81728             1.65533            -9.39663
2.94811             1.07323            -7.33912
3.7443             1.79171            -4.82461
3.7443             1.79171            -4.82461
3.7443             1.79171            -4.82461
3.7443             1.79171            -4.82461
3.7443             1.79171            -4.82461
0.875915           -0.889583            -7.41055
0.698462            -3.86424            -6.04341
0.698462            -3.86424            -6.04341
2.24046            -3.85765            -3.44183
2.24046            -3.85765            -3.44183
0.0483522            -3.43212              -3.837
0.76092            -2.76359            -5.47368
0.76092            -2.76359            -5.47368
-2.22124            -2.95648             -6.4183
-1.21665         -0.00492153            -7.83562
-1.9027             2.50727            -6.51584
-2.46709             1.29079            -7.09328
-2.46709             1.29079            -7.09328
-4.78694            0.298781            -6.77928
-2.28561             2.78734            -8.26004
-2.28561             2.78734            -8.26004
-2.73833             3.74434            -6.60601
-0.732067             0.77577            -4.32518
-0.732067             0.77577            -4.32518
-0.732067             0.77577            -4.32518
1.09944            -1.36258            -3.50608
0.346722            -1.08633            -3.96919
0.129462            0.559095             -1.5876
0.129462            0.559095             -1.5876
-0.558707             -2.0612             1.22714
2.33562           -0.453069           -0.773839
1.69627           -0.218081            -3.47503
1.77775            0.917017            -4.07134
1.77775            0.917017            -4.07134
1.77775            0.917017            -4.07134
1.77775            0.917017            -4.07134
2.75638           -0.645505            -5.67293
3.19078          -0.0393657            -4.77301
5.17129             1.73439            -3.04316
5.17129             1.73439            -3.04316
5.17129             1.73439            -3.04316
2.3308             1.78293            -2.46586
2.3308             1.78293            -2.46586
2.3308             1.78293            -2.46586
3.58576            0.106934            -2.62786
3.58576            0.106934            -2.62786
3.58576            0.106934            -2.62786
1.25046             2.05031           -0.709889
3.52437             1.03175            -2.43758
3.52437             1.03175            -2.43758
0.839385             3.24789            -4.87228
-0.170348            0.562991            -7.02748
-0.170348            0.562991            -7.02748
-0.170348            0.562991            -7.02748
-2.30031             2.40887            -9.69682
0.432831             3.27948            -7.36423
0.432831             3.27948            -7.36423
0.439918              2.5723            -7.39815
-1.14532           0.0377659             -5.9415
-1.14532           0.0377659             -5.9415
1.32181             2.27795            -7.67165
-0.622799            0.626346            -6.68177
-0.622799            0.626346            -6.68177
-2.42197              3.6182            -5.07823
-2.06794             3.83995            -2.83466
-2.06794             3.83995            -2.83466
-1.97922             0.91974            -5.76365
-1.97922             0.91974            -5.76365
-3.83479             2.03097            -6.93094
-4.66656              3.2079            -4.39065
-2.95491              3.7058             -7.2561
-1.17435             3.89593            -6.82664
-2.71471              5.3556            -4.85558
-4.13571             4.82957            -4.00856
-6.19936             1.96066            -2.73253
-6.19936             1.96066            -2.73253
-8.78128           -0.744838            -3.26603
-8.78128           -0.744838            -3.26603
-5.89629            -2.01662            -3.15711
-5.05157            -1.23702            -2.30511
-5.05157            -1.23702            -2.30511
-2.05719            0.391218            -5.06101
-0.463259             1.10612            -5.28538
-0.463259             1.10612            -5.28538
-0.463259             1.10612            -5.28538
0.4793             0.33963            -3.85177
2.00262             2.32037             -4.9649
2.00262             2.32037             -4.9649
3.03895           -0.176929            -3.56137
0.493231            -2.23584            -3.14264
-1.82399            -3.99886            -3.92691
0.425028            -1.52635            -3.85418
0.425028            -1.52635            -3.85418
0.425028            -1.52635            -3.85418
1.02737            0.110373            -4.60645
-0.7424            -2.00838            -4.73226
-0.7424            -2.00838            -4.73226
-0.102051            -4.58244            -3.31967
0.0625763            -2.43547            -1.81108
2.06358            -4.16063            -1.96708
3.06806            -4.39597            -1.38773
3.55211            -2.45107             1.14188
3.55211            -2.45107             1.14188
3.55211            -2.45107             1.14188
4.46196           -0.377338             3.08478
4.46196           -0.377338             3.08478
4.46196           -0.377338             3.08478
1.70264            0.247522             1.32141
-0.272365            -1.64774             3.51924
-1.28932           -0.663679             4.10314
-3.81209            -1.31901             2.15761
-3.81209            -1.31901             2.15761
-4.41114            -2.41275             1.72299
-3.87176          -0.0265071             1.37152
-1.87703            0.132626             1.26416
-2.02669             1.88662             3.51822
-2.02669             1.88662             3.51822
-0.818104           -0.841504             3.37388
-0.818104           -0.841504             3.37388
-3.44242            0.533479             1.46426
-4.65683            0.719696             4.17651
-3.88056            -2.15732             4.86801
-1.25885            -5.14004             7.46259
-1.17218            -6.13187             6.41596
-1.17218            -6.13187             6.41596
-1.09269            -4.25629             7.87781
0.519437            -5.93299             9.53071
-1.92792             -8.3777             9.11167
-4.6437            -8.17694             8.03799
-4.6437            -8.17694             8.03799
-3.3327            -5.18961             5.05773
-4.47774            -5.39293             4.90344
-6.29518            -4.12771             4.86635
-6.29518            -4.12771             4.86635
-6.29518            -4.12771             4.86635
-6.29518            -4.12771             4.86635
-4.97709            -5.55691             2.72441
-5.31642            -6.98316             4.60227
-5.37434            -4.95385              7.3965
-5.37434            -4.95385              7.3965
-5.58137            -4.94617             8.02266
-5.47918            -7.33386             7.93212
-5.47918            -7.33386             7.93212
-5.47918            -7.33386             7.93212
-8.38484            -4.92391             6.58679
-8.38484            -4.92391             6.58679
-8.38484            -4.92391             6.58679
-5.7806            -7.34565               5.142
-6.92732            -5.16882             3.18015
-6.92732            -5.16882             3.18015
-6.92732            -5.16882             3.18015
-6.92732            -5.16882             3.18015
-6.17988            -5.12657             2.34295
-3.95638            -7.89474             3.43955
-3.95638            -7.89474             3.43955
-2.29648            -7.67312             4.02146
-0.478556            -5.73901             6.67827
-0.457896            -5.19222             5.49188
-1.32662            -2.27758              5.6537
-1.32662            -2.27758              5.6537
-1.32662            -2.27758              5.6537
-1.32662            -2.27758              5.6537
-1.32662            -2.27758              5.6537
0.304688            -4.40819             3.65029
0.184961            -2.10575             2.47943
0.184961            -2.10575             2.47943
0.184961            -2.10575             2.47943
0.184961            -2.10575             2.47943
-1.01112           -0.200533            0.495047
-3.0665             0.79917             1.09302
-3.0665             0.79917             1.09302
-3.43403             1.49817             1.76528
-3.43403             1.49817             1.76528
-3.43403             1.49817             1.76528
-3.1362           -0.618318             4.24689
-3.1362           -0.618318             4.24689
-0.890467             1.04342             3.85838
-0.890467             1.04342             3.85838
-0.204779             2.35602             2.09033
-0.153656            0.124285             2.49603
0.171701            0.547374             2.39015
0.171701            0.547374             2.39015
0.171701            0.547374             2.39015
0.171701            0.547374             2.39015
0.171701            0.547374             2.39015
0.171701            0.547374             2.39015
0.171701            0.547374             2.39015
0.171701            0.547374             2.39015
-0.264862             3.37938             1.96842
-0.264862             3.37938             1.96842
-0.264862             3.37938             1.96842
-2.11743             4.31166               1.551
-4.8455              5.6572             3.98243
-4.18743             2.73167             3.71819
-4.18743             2.73167             3.71819
-4.34782             0.37196             3.50873
-3.83295            0.358439              2.7763
-3.83295            0.358439              2.7763
-3.83295            0.358439              2.7763
-1.17625            0.243174            0.712033
-1.17625            0.243174            0.712033
-3.74608             1.23654             1.90283
-3.74608             1.23654             1.90283
-3.74608             1.23654             1.90283
-3.74608             1.23654             1.90283
-3.74608             1.23654             1.90283
-3.74608             1.23654             1.90283
-1.10261             1.46309              1.0629
-1.10261             1.46309              1.0629
1.71747           -0.670517             1.13631
2.10042            -0.53989             1.16022
2.10042            -0.53989             1.16022
3.2843             2.23724            -1.59149
1.14185             2.44182            -2.24187
1.14185             2.44182            -2.24187
3.28959             2.56091            -3.89146
5.49703             1.08083            -4.76765
3.88069             3.39297            -5.88447
3.88069             3.39297            -5.88447
5.13767             1.24743            -3.73682
2.77724             3.90835            -1.87205
2.05574             3.89732            -1.46721
-0.339185             4.29952             1.47027
-0.339185             4.29952             1.47027
1.96789             1.36727            0.646722
-0.675694             1.95568             2.59214
-0.675694             1.95568             2.59214
-0.675694             1.95568             2.59214
0.939811             2.42982             3.31129
0.939811             2.42982             3.31129
1.52379            0.946642             1.42933
1.52379            0.946642             1.42933
1.52379            0.946642             1.42933
-0.0886193             1.36943             2.30848
-0.0886193             1.36943             2.30848
1.29801           -0.828818              1.3052
1.55152            -3.71888             4.23731
1.55152            -3.71888             4.23731
1.79451            -3.31746             5.73188
0.442562            -3.09572             5.37151
0.442562            -3.09572             5.37151
0.442562            -3.09572             5.37151
-0.545829            -3.17654             8.05304
-1.64197            -2.36239             10.5345
-1.39684            -5.08866             12.4967
0.12698            -3.77668             12.9144
0.12698            -3.77668             12.9144
-1.2466            -2.42427             10.0034
-2.25454            -2.67499             9.89177
-0.357419            -2.71849             7.10907
-0.357419            -2.71849             7.10907
-1.1361            -3.54438             5.94236
-0.380468            -3.37932             7.48426
-0.380468            -3.37932             7.48426
-0.380468            -3.37932             7.48426
-0.380468            -3.37932             7.48426
-1.31478            -2.94803              5.1929
-1.31478            -2.94803              5.1929
-1.31478            -2.94803              5.1929
-2.4565            -4.67889             3.68811
-2.4565            -4.67889             3.68811
-0.708812            -6.91051             4.37955
-3.70352            -3.95249             6.83058
-3.70352            -3.95249             6.83058
-4.17606            -1.89188             5.31496
-4.17606            -1.89188             5.31496
-4.17606            -1.89188             5.31496
-1.82731            -3.15361             3.24264
-2.41847            -2.44698             3.80944
-2.41847            -2.44698             3.80944
-0.687959           0.0818185             3.57384
-0.687959           0.0818185             3.57384
-0.687959           0.0818185             3.57384
-0.687959           0.0818185             3.57384
-0.687959           0.0818185             3.57384
-0.687959           0.0818185             3.57384
1.78176             1.87282             1.50281
1.78176             1.87282             1.50281
1.78176             1.87282             1.50281
-0.919331             3.28714             3.96633
-1.24556             4.43483             5.96181
-1.48296             1.80217             3.37348
-1.48296             1.80217             3.37348
-1.48296             1.80217             3.37348
-0.949949             -1.0365             5.66567
-0.949949             -1.0365             5.66567
-0.994199             1.09342             5.25059
0.633871             1.92839             2.53017
0.633871             1.92839             2.53017
0.633871             1.92839             2.53017
1.27702           -0.929111              3.2014
-0.864797           -0.958558             4.84398
1.24828            -2.29992             2.86724
1.24828            -2.29992             2.86724
-1.26335           -0.455426              3.0147
-1.26335           -0.455426              3.0147
0.0183343            0.727444             2.14568
0.0183343            0.727444             2.14568
0.0183343            0.727444             2.14568
0.0183343            0.727444             2.14568
0.95836             1.58795              3.7456
0.95836             1.58795              3.7456
0.95836             1.58795              3.7456
1.55816             3.07979              2.0355
1.9351            0.972872             4.57922
1.34805           -0.569535             4.70027
1.34805           -0.569535             4.70027
1.34805           -0.569535             4.70027
1.34805           -0.569535             4.70027
1.34805           -0.569535             4.70027
1.34805           -0.569535             4.70027
3.47398            0.190278             2.95921
3.47398            0.190278             2.95921
3.47398            0.190278             2.95921
3.71281            0.380578             3.10507
3.71281            0.380578             3.10507
2.90901            -1.16806             3.89099
3.49747            0.246741             4.66351
2.05583            -2.11072             4.58611
1.64754            -3.92206             4.24085
-1.2324             -3.3852             6.20483
-1.2324             -3.3852             6.20483
-2.3014            -1.58702             5.42966
-1.73262             -1.5761             6.39105
-1.94838            0.076907             6.27418
-1.94838            0.076907             6.27418
-3.09538           -0.678556             7.44144
-2.77192            0.496087             8.99479
-5.45514            -1.39296             6.12085
-2.72017           -0.666898             5.17504
-2.72017           -0.666898             5.17504
-2.03064            0.706886             6.37197
-2.03064            0.706886             6.37197
-2.03064            0.706886             6.37197
-0.887552            -1.74745              6.8382
-0.887552            -1.74745              6.8382
-0.887552            -1.74745              6.8382
-0.887552            -1.74745              6.8382
-0.887552            -1.74745              6.8382
-0.887552            -1.74745              6.8382
-0.887552            -1.74745              6.8382
-0.887552            -1.74745              6.8382
-0.076035            0.558147             5.38835
-0.076035            0.558147             5.38835
-0.076035            0.558147             5.38835
-0.076035            0.558147             5.38835
-0.604114             2.11005             6.32446
-0.604114             2.11005             6.32446
-0.604114             2.11005             6.32446
-0.516751            0.929678             3.68698
-0.934883          -0.0788163             5.54983
-0.934883          -0.0788163             5.54983
-2.53141             -2.9127             7.26609
-2.53141             -2.9127             7.26609
-1.2921           -0.560131             7.29048
-0.315147             2.05436             5.47246
-0.315147             2.05436             5.47246
-1.28554             3.35347             4.99318
-1.28554             3.35347             4.99318
-1.28554             3.35347             4.99318
-0.703376             1.81629              2.6117
1.0275             0.39502             4.25244
-1.86523            -2.50694             4.15193
0.828017            -1.86488               3.972
0.828017            -1.86488               3.972
-0.115964            -3.93279              5.8998
-0.74974            -4.15903             5.74261
1.21204            -4.00472              5.3386
-1.57055            -1.28385              5.0651
-1.57055            -1.28385              5.0651
-2.49365            -1.49305             4.03825
-2.00179           -0.309469             1.95905
0.514294            -1.20415             3.97656
2.29561            -1.34248             4.07512
-0.340731            0.339282             1.30496
0.818907             -2.0872             3.41948
0.800325           -0.848608              3.2589
0.193975           -0.641299             5.44236
1.24403             1.79925             3.99429
1.24403             1.79925             3.99429
1.24403             1.79925             3.99429
1.24403             1.79925             3.99429
1.24403             1.79925             3.99429
-1.46422             1.20311             2.81289
0.690543            -1.14829              2.1052
0.690543            -1.14829              2.1052
3.63563             1.77302             3.33633
3.63563             1.77302             3.33633
3.63563             1.77302             3.33633
2.4516             1.93083             4.81238
3.98505            0.817489             4.16798
3.98505            0.817489             4.16798
3.98505            0.817489             4.16798
5.80022             1.65729             3.59657
5.80022             1.65729             3.59657
5.80022             1.65729             3.59657
5.80022             1.65729             3.59657
5.33163             2.98934             3.67717
5.33163             2.98934             3.67717
2.96654            0.320076             5.27193
2.96654            0.320076             5.27193
4.14148            0.130999             3.22867
4.14148            0.130999             3.22867
1.35069            0.922984             2.16755
1.35069            0.922984             2.16755
1.35069            0.922984             2.16755
1.35069            0.922984             2.16755
4.25492             1.26188              4.0737
2.11498             2.96679             2.15067
-0.440045             4.79971             4.99016
-0.440045             4.79971             4.99016
-0.440045             4.79971             4.99016
0.582165             3.08343             5.75774
0.582165             3.08343             5.75774
0.57696             1.89196             6.25498
-0.270861             1.99209             4.39962
2.32243             4.85105             4.27502
-0.520014             2.16576             5.94946
-0.520014             2.16576             5.94946
-0.520014             2.16576             5.94946
-0.520014             2.16576             5.94946
-0.520014             2.16576             5.94946
-0.520014             2.16576             5.94946
-0.520014             2.16576             5.94946
-0.520014             2.16576             5.94946
-1.2162            0.431819             6.88564
-2.94118             2.01383              6.8035
-2.3904             1.86748             6.53816
-0.48294             2.68174             4.66397
1.4711           0.0167492             4.61706
-1.28558             1.89495             5.27819
-1.42054              3.0524             4.75673
-1.42054              3.0524             4.75673
-2.3467             1.87647             3.08046
0.565591            0.573748             2.60754
0.565591            0.573748             2.60754
0.565591            0.573748             2.60754
0.565591            0.573748             2.60754
0.565591            0.573748             2.60754
0.565591            0.573748             2.60754
0.565591            0.573748             2.60754
0.565591            0.573748             2.60754
1.99562             0.20518             3.21513
1.99562             0.20518             3.21513
1.99562             0.20518             3.21513
1.99562             0.20518             3.21513
1.99562             0.20518             3.21513
1.99562             0.20518             3.21513
-0.235846             0.29014             4.21897
1.31164            -2.37387             2.98137
-0.773357            0.580954             5.32183
1.9713            0.183485             5.45869
1.9713            0.183485             5.45869
3.46636             2.48341             4.85539
3.46636             2.48341             4.85539
3.46636             2.48341             4.85539
3.46636             2.48341             4.85539
3.46636             2.48341             4.85539
3.46636             2.48341             4.85539
3.46636             2.48341             4.85539
5.08179            0.911328             4.55395
5.08179            0.911328             4.55395
5.08179            0.911328             4.55395
2.34434           -0.818286             4.03905
2.97347            0.595956             3.10514
0.0216216            -1.60231             4.44343
0.0216216            -1.60231             4.44343
0.0216216            -1.60231             4.44343
-0.0484463             1.16205             5.80881
-0.0484463             1.16205             5.80881
0.792762             3.32609             4.20344
0.767169             5.91997               1.652
1.20434             5.38323             4.35144
1.20434             5.38323             4.35144
0.489133              5.3153             2.38738
-0.670196              5.5358             2.11253
-0.670196              5.5358             2.11253
-0.670196              5.5358             2.11253
0.354461              2.9581             3.21488
1.30845             2.92242              0.8642
1.11653             4.92145             1.35251
1.11653             4.92145             1.35251
0.077971             6.69624             3.55442
-0.334669             6.68898             3.66537
-0.334669             6.68898             3.66537
-0.334669             6.68898             3.66537
-0.334669             6.68898             3.66537
-0.794332             6.35881              5.1605
2.01439             3.46656             7.97043
2.01439             3.46656             7.97043
-0.413787             4.05134             6.77267
-0.413787             4.05134             6.77267
-0.97703             3.95425             5.80664
0.552111              3.2258             4.36936
0.552111              3.2258             4.36936
-1.58172             3.09886             4.69231
1.20032             2.49716             4.18821
-0.343365          -0.0257843             2.38186
-0.343365          -0.0257843             2.38186
-0.987478            -0.96714             1.96138
-0.987478            -0.96714             1.96138
-0.578111            -0.91889             2.93578
-0.578111            -0.91889             2.93578
-0.671925            0.199311             4.08502
-0.671925            0.199311             4.08502
-0.671925            0.199311             4.08502
-0.285937             -1.0212             1.09795
-2.67653            0.670415             3.25943
-2.67653            0.670415             3.25943
-2.67653            0.670415             3.25943
-2.67653            0.670415             3.25943
-1.51251             1.88984             3.84178
-1.35345             -0.1826             1.47522
-1.35345             -0.1826             1.47522
-1.35345             -0.1826             1.47522
-1.35345             -0.1826             1.47522
-1.35345             -0.1826             1.47522
0.705039            -1.30212             1.91563
0.705039            -1.30212             1.91563
0.705039            -1.30212             1.91563
0.705039            -1.30212             1.91563
3.6703             1.08756             2.88653
3.6703             1.08756             2.88653
1.28237             3.41117              3.6459
0.161398             5.36899             3.38556
0.161398             5.36899             3.38556
0.014528             5.14868             5.06597
0.014528             5.14868             5.06597
0.014528             5.14868             5.06597
-0.221576             4.15757             5.79888
-0.221576             4.15757             5.79888
-0.221576             4.15757             5.79888
2.20266             3.68008             3.29724
2.20266             3.68008             3.29724
2.20266             3.68008             3.29724
3.96046              4.8823             2.90018
3.96046              4.8823             2.90018
3.96046              4.8823             2.90018
4.60043             4.31862             1.41751
3.43899             3.52301             2.20117
3.43899             3.52301             2.20117
3.43899             3.52301             2.20117
3.56997              2.9798             1.40373
2.00514             1.82162             2.43895
2.39853           -0.804585              2.3644
2.39853           -0.804585              2.3644
2.39853           -0.804585              2.3644
2.39853           -0.804585              2.3644
2.39853           -0.804585              2.3644
2.39853           -0.804585              2.3644
2.39853           -0.804585              2.3644
4.23337           -0.062146            0.542065
3.76676            0.452939              2.9699
3.76676            0.452939              2.9699
3.76676            0.452939              2.9699
6.5313            -2.13912             5.17707
6.5313            -2.13912             5.17707
6.5313            -2.13912             5.17707
7.97851            -3.81643              5.4626
6.54401            -5.01943             6.10429
5.16695             -6.8203             4.79269
3.87878            -6.23538             5.92784
3.65119            -6.02185             5.00057
3.62648            -5.81779             6.58771
1.80214            -4.71483             5.91754
1.80214            -4.71483             5.91754
4.47585            -2.57863             4.35779
1.85715            -2.27531             3.69814
1.85715            -2.27531             3.69814
1.85715            -2.27531             3.69814
1.85715            -2.27531             3.69814
-0.867689            -3.34805             3.37612
-0.867689            -3.34805             3.37612
-0.867689            -3.34805             3.37612
-0.867689            -3.34805             3.37612
-0.867689            -3.34805             3.37612
-0.867689            -3.34805             3.37612
-0.461039            -1.55314             5.86207
-0.461039            -1.55314             5.86207
-0.461039            -1.55314             5.86207
-1.49552             1.42089             3.22709
-0.085587             1.60233             1.14912
-0.085587             1.60233             1.14912
-0.085587             1.60233             1.14912
1.3597           -0.139569            -1.41603
1.3597           -0.139569            -1.41603
1.3597           -0.139569            -1.41603
1.3597           -0.139569            -1.41603
3.90624             1.82045            -3.07125
4.65956             1.97838            -4.13579
4.65956             1.97838            -4.13579
4.65956             1.97838            -4.13579
5.93364            0.594991            -5.40413
6.55798           -0.950112            -2.65351
4.12076             1.34371           -0.972808
1.22761             1.80919             -2.2675
1.81929             3.65021             -4.5837
0.24494             3.93644            -2.00217
0.24494             3.93644            -2.00217
0.24494             3.93644            -2.00217
0.24494             3.93644            -2.00217
1.68723             2.08307            -2.79125
1.68723             2.08307            -2.79125
1.68723             2.08307            -2.79125
1.68723             2.08307            -2.79125
1.68723             2.08307            -2.79125
1.68723             2.08307            -2.79125
2.66905               2.545            -3.04749
2.66905               2.545            -3.04749
0.12929              2.8391            -4.51556
-1.92415             4.23785            -5.69724
0.0639777              3.6119            -4.18094
0.0639777              3.6119            -4.18094
-2.05676             1.07614            -5.14279
0.432596            0.289582            -4.05174
0.432596            0.289582            -4.05174
0.432596            0.289582            -4.05174
-1.6025           -0.282741            -2.91535
-1.6025           -0.282741            -2.91535
1.19565             1.52325            -3.85066
-1.34739             4.03526            -3.00635
-1.34739             4.03526            -3.00635
1.06656             1.99141            -5.38961
3.70014            0.301347            -4.22116
3.70014            0.301347            -4.22116
2.56872            0.645661            -3.72582
0.468598            0.325562            -1.43633
0.468598            0.325562            -1.43633
-1.81029              2.5936             1.36461
-1.81029              2.5936             1.36461
-1.81029              2.5936             1.36461
-1.81029              2.5936             1.36461
-3.96527             1.83534             3.47466
-4.50479              2.1304             2.20273
-4.73797           -0.649475             2.80149
-1.84235            -2.62565             4.69041
-1.84235            -2.62565             4.69041
-2.45455            -2.20799             4.17095
-2.45455            -2.20799             4.17095
-2.39539            -3.85624             5.39005
-4.05785            -2.85983             5.10721
-5.25568             -1.2092             6.33968
-2.76996            -3.81309             4.17404
-2.76996            -3.81309             4.17404
-4.05032           -0.922069             5.81646
-4.05032           -0.922069             5.81646
-4.05032           -0.922069             5.81646
-3.19373             -3.4742             4.31802
-3.19373             -3.4742             4.31802
-3.19373             -3.4742             4.31802
-3.19373             -3.4742             4.31802
-0.741408            -1.76872             4.35671
-0.741408            -1.76872             4.35671
-0.741408            -1.76872             4.35671
-0.741408            -1.76872             4.35671
-0.741408            -1.76872             4.35671
0.200279            -2.98871             2.34869
0.738073           -0.997012             4.13473
0.738073           -0.997012             4.13473
0.738073           -0.997012             4.13473
0.738073           -0.997012             4.13473
-1.69154            -2.17928             5.20973
-3.98743            -1.94066             5.15103
-2.99806            -2.46636             6.11712
-2.99806            -2.46636             6.11712
-2.99806            -2.46636             6.11712
-2.48308           -0.032094             4.89677
-2.48308           -0.032094             4.89677
-3.65966           -0.263324             4.67759
-3.65966           -0.263324             4.67759
-4.77863           -0.953157             4.84384
-3.14614            -2.42059             4.24477
-0.998521           -0.456204             1.56184
-0.998521           -0.456204             1.56184
-0.998521           -0.456204             1.56184
-0.998521           -0.456204             1.56184
-0.998521           -0.456204             1.56184
-0.998521           -0.456204             1.56184
-0.998521           -0.456204             1.56184
-1.85753           -0.305866              2.9441
0.157001           -0.926085             4.03682
1.13803           -0.124374             2.33911
1.13803           -0.124374             2.33911
1.13803           -0.124374             2.33911
1.13803           -0.124374             2.33911
-0.359029             -0.7955             2.85544
-0.359029             -0.7955             2.85544
1.9947            -2.97262             3.52847
1.50059             -3.0814             3.50636
1.50059             -3.0814             3.50636
1.50059             -3.0814             3.50636
2.7016            -1.11065             4.32999
2.7016            -1.11065             4.32999
2.7016            -1.11065             4.32999
1.69094             1.27687             2.71128
0.0787047             1.26473             1.43305
0.0787047             1.26473             1.43305
2.03956           -0.319267             3.68072
2.03956           -0.319267             3.68072
2.03956           -0.319267             3.68072
2.03956           -0.319267             3.68072
-0.329323           -0.830593             4.45927
0.605856              -2.334             3.77757
2.54553           -0.947137             4.54941
2.54553           -0.947137             4.54941
2.54553           -0.947137             4.54941
2.28187            -1.18936              6.6463
2.28187            -1.18936              6.6463
3.86635            -3.16453             6.29708
3.342            -5.79014             4.04485
3.342            -5.79014             4.04485
3.342            -5.79014             4.04485
2.1915            -5.23369             1.93066
3.75663            -3.32763             2.22685
1.21311           -0.589522             1.62183
-1.0119           -0.263496            -1.36535
-1.60837             1.44756             1.27107
0.200194             0.75812             3.31756
-0.276511            -1.80895             2.76064
-0.276511            -1.80895             2.76064
0.125904            -1.78297             4.24018
0.489702            -1.81073             3.76594
-0.87494            -1.24076             3.12561
0.306335           0.0871501             1.98497
0.306335           0.0871501             1.98497
0.306335           0.0871501             1.98497
-1.46875           -0.611908             3.61726
-0.963907            -1.58266             1.51401
-0.963907            -1.58266             1.51401
-0.963907            -1.58266             1.51401
-0.963907            -1.58266             1.51401
-1.85413            0.134249             3.21144
-2.30186            0.317403             1.44345
-2.30186            0.317403             1.44345
-2.30186            0.317403             1.44345
-2.30186            0.317403             1.44345
-2.30186            0.317403             1.44345
-2.12587           -0.984008             2.68332
-2.12587           -0.984008             2.68332
-1.10991            -2.13525             1.54189
-1.10991            -2.13525             1.54189
-1.71192            -2.01119             1.84141
-1.71192            -2.01119             1.84141
-0.162034            -1.11363             3.81581
-0.162034            -1.11363             3.81581
1.33576            -3.46483              1.3382
-1.10729            -3.57402              1.2767
-1.10729            -3.57402              1.2767
-1.10729            -3.57402              1.2767
-0.0614537            -0.96442            -1.69218
2.62828           -0.272048            -2.16253
2.62828           -0.272048            -2.16253
0.193626             -1.0862            -2.72469
0.193626             -1.0862            -2.72469
0.193626             -1.0862            -2.72469
0.193626             -1.0862            -2.72469
0.193626             -1.0862            -2.72469
0.193626             -1.0862            -2.72469
0.193626             -1.0862            -2.72469
0.193626             -1.0862            -2.72469
0.193626             -1.0862            -2.72469
-1.24705          -0.0112558            -4.21553
-1.24705          -0.0112558            -4.21553
-1.24705          -0.0112558            -4.21553
-1.41232            -2.03706            -2.42866
-1.41232            -2.03706            -2.42866
1.52461           -0.670116            -1.92055
1.52461           -0.670116            -1.92055
1.52461           -0.670116            -1.92055
1.52461           -0.670116            -1.92055
1.52461           -0.670116            -1.92055
1.52461           -0.670116            -1.92055
1.52461           -0.670116            -1.92055
1.52461           -0.670116            -1.92055
-0.0190704             1.76723            -4.31366
-0.0190704             1.76723            -4.31366
-0.0296824             2.37242            -7.29175
-2.91984             3.17224            -4.32615
-2.91984             3.17224            -4.32615
-2.91984             3.17224            -4.32615
-2.15788             3.85908             -3.8311
-2.15788             3.85908             -3.8311
-1.31696             3.55007            -1.95096
-1.48286             1.75942            -4.40541
-3.06911             2.80521            -4.99718
-3.06911             2.80521            -4.99718
-0.156983             1.39217            -6.14451
-0.156983             1.39217            -6.14451
-0.156983             1.39217            -6.14451
-1.16364           -0.965634            -5.19451
-1.16364           -0.965634            -5.19451
-1.1689             1.96203            -3.52443
-1.79885             1.53357            -2.23258
-1.79885             1.53357            -2.23258
-1.79885             1.53357            -2.23258
-1.79885             1.53357            -2.23258
-0.86175           -0.383826            -1.02984
-0.86175           -0.383826            -1.02984
-0.86175           -0.383826            -1.02984
-0.86175           -0.383826            -1.02984
-0.86175           -0.383826            -1.02984
-0.86175           -0.383826            -1.02984
-0.86175           -0.383826            -1.02984
0.317059           -0.418757            -2.85268
-1.44727           -0.722847            -2.68113
-1.44727           -0.722847            -2.68113
-1.44727           -0.722847            -2.68113
-0.137663             1.78679            -1.88406
-0.137663             1.78679            -1.88406
-0.778016           -0.757835            -2.21153
-0.778016           -0.757835            -2.21153
-0.778016           -0.757835            -2.21153
-0.778016           -0.757835            -2.21153
-1.85771            -1.73273            -1.99251
-1.85771            -1.73273            -1.99251
-1.85771            -1.73273            -1.99251
-0.266664           -0.634882            -2.22802
-0.266664           -0.634882            -2.22802
-0.653281            0.192968            -2.39512
0.118637             1.03715            -4.38826
2.81381            0.872137            -3.47413
2.81381            0.872137            -3.47413
2.81381            0.872137            -3.47413
2.81381            0.872137            -3.47413
2.81381            0.872137            -3.47413
2.81381            0.872137            -3.47413
2.81381            0.872137            -3.47413
0.119957             1.44915            -3.10032
0.119957             1.44915            -3.10032
0.119957             1.44915            -3.10032
0.119957             1.44915            -3.10032
0.119957             1.44915            -3.10032
-0.595929             2.70405            -5.59809
-0.595929             2.70405            -5.59809
-0.332559             4.24971            -3.44968
-0.332559             4.24971            -3.44968
-0.332559             4.24971            -3.44968
-1.47215             2.80964            -2.48759
-1.47215             2.80964            -2.48759
-1.47215             2.80964            -2.48759
-3.40587             1.99169            -5.14701
-3.40587             1.99169            -5.14701
-1.20293             2.06404             -2.6202
-1.20293             2.06404             -2.6202
1.04219             2.97067              -4.502
1.04219             2.97067              -4.502
-0.106002             2.60424            -2.09247
-0.106002             2.60424            -2.09247
-0.106002             2.60424            -2.09247
1.36638             4.62775            -2.29019
1.36638             4.62775            -2.29019
-1.16652             6.04009            -1.97957
-1.57178             5.09098            -2.22447
-0.21052             5.21129            -3.50507
-0.21052             5.21129            -3.50507
-0.21052             5.21129            -3.50507
-0.21052             5.21129            -3.50507
-0.21052             5.21129            -3.50507
-1.89182             3.08292             -4.0959
0.698044              4.1938            -1.87451
0.698044              4.1938            -1.87451
0.698044              4.1938            -1.87451
0.319576             3.37586            -2.54214
0.319576             3.37586            -2.54214
0.319576             3.37586            -2.54214
1.76705             1.79305             -2.9834
-0.238707              1.0666            -4.41799
-0.238707              1.0666            -4.41799
1.24168              3.2849            -6.77414
1.24168              3.2849            -6.77414
2.94927            0.912653            -7.68448
2.94927            0.912653            -7.68448
2.94927            0.912653            -7.68448
4.89702             1.18635             -7.6524
2.33456            0.565856            -6.95324
3.41495            -2.32871            -5.77776
2.63612            -1.41373            -7.06552
2.63612            -1.41373            -7.06552
4.15842            0.652399            -6.30516
1.56496             0.35297            -4.80042
-1.19488            0.995505            -2.09705
-1.19488            0.995505            -2.09705
-1.19488            0.995505            -2.09705
-1.19488            0.995505            -2.09705
-1.19488            0.995505            -2.09705
0.233409            -1.80214             -4.3212
-1.06805          -0.0102372            -5.41907
-1.40532            -1.29577            -6.31573
0.803425            0.257498            -4.25118
1.54327             1.08562            -6.28539
-0.62961           -0.114308             -7.0513
-2.73717             0.45181            -4.41368
-1.50228            -1.05095            -4.84222
0.0424704            -2.41232            -6.02007
-0.870884            -2.75042             -5.4313
-2.79195            -1.01334            -6.36934
0.196271             -3.1553            -4.64792
2.32892             -3.5868            -3.64004
2.32892             -3.5868            -3.64004
2.32892             -3.5868            -3.64004
2.32892             -3.5868            -3.64004
0.031502            -2.11808            -1.42531
0.031502            -2.11808            -1.42531
0.031502            -2.11808            -1.42531
0.031502            -2.11808            -1.42531
0.031502            -2.11808            -1.42531
2.28917            -1.77598             -3.0951
2.28917            -1.77598             -3.0951
2.28917            -1.77598             -3.0951
3.06355            -3.67394            -4.16286
4.08775            -1.39193            -3.36614
4.32513           -0.926963            -3.07285
4.32513           -0.926963            -3.07285
3.75647            -1.26498            -3.88599
3.58338          -0.0298871            -5.83302
3.84143           -0.878772            -4.82502
1.78439           0.0797298             -5.0753
1.04655            0.324158            -3.22829
1.90154             1.30926            -2.70314
1.90154             1.30926            -2.70314
1.90154             1.30926            -2.70314
1.90154             1.30926            -2.70314
-1.02529             -1.2932            -3.82789
-1.02529             -1.2932            -3.82789
1.03311            0.742098            -5.47515
-0.225571           -0.593547            -4.17468
-0.225571           -0.593547            -4.17468
0.0939054            0.219741            -3.53684
-1.13402            0.390241              -5.807
-2.58442              2.1513            -3.66734
-2.58442              2.1513            -3.66734
-2.58442              2.1513            -3.66734
-4.27463             4.84101            -6.36812
-4.27463             4.84101            -6.36812
-4.27463             4.84101            -6.36812
-2.20267             3.62294            -4.06847
-0.792482             1.15333            -1.63318
-0.792482             1.15333            -1.63318
-0.792482             1.15333            -1.63318
-0.792482             1.15333            -1.63318
-1.51607            0.511798            -1.78456
1.11902           -0.336876            -2.23484
-1.79156             1.60865            -2.45632
0.273883             3.00916            -3.12894
0.273883             3.00916            -3.12894
0.273883             3.00916            -3.12894
0.273883             3.00916            -3.12894
-1.61539             4.07371            -4.65952
-1.61539             4.07371            -4.65952
-1.61539             4.07371            -4.65952
-1.61539             4.07371            -4.65952
-1.61539             4.07371            -4.65952
-1.61539             4.07371            -4.65952
-1.61539             4.07371            -4.65952
-0.388699             2.01344            -2.36308
-0.388699             2.01344            -2.36308
-0.388699             2.01344            -2.36308
-1.11591            0.856722            -5.23562
-1.11591            0.856722            -5.23562
-3.49291            -2.11279            -2.32596
-3.49291            -2.11279            -2.32596
-3.49291            -2.11279            -2.32596
-3.49291            -2.11279            -2.32596
-3.59034           -0.599869            -2.25729
-3.59034           -0.599869            -2.25729
-5.98043             1.38623            -4.13817
-6.25777           -0.170492            -6.79978
-4.78721             1.03497            -6.88059
-2.93854            0.333416            -5.34472
0.0363083           -0.485164            -3.61832
0.0363083           -0.485164            -3.61832
0.0363083           -0.485164            -3.61832
0.0363083           -0.485164            -3.61832
0.0363083           -0.485164            -3.61832
0.0363083           -0.485164            -3.61832
0.0363083           -0.485164            -3.61832
1.89549             0.37989            -4.46058
3.02957           0.0541429            -2.89669
2.25899            -2.75266            -5.48025
3.8913            0.110567            -7.06734
6.04562             1.10838            -7.21511
6.04562             1.10838            -7.21511
6.67375           -0.812204            -5.94362
8.69213             2.09586            -7.83094
8.69213             2.09586            -7.83094
6.17124           -0.166318            -8.96848
6.17124           -0.166318            -8.96848
6.72272             2.64953            -7.28752
5.34518             4.61504            -8.86882
5.34518             4.61504            -8.86882
5.19293             6.79265            -7.24868
5.19293             6.79265            -7.24868
5.19293             6.79265            -7.24868
2.60613             6.55573            -6.58997
3.41993             7.89017            -8.78773
3.41993             7.89017            -8.78773
4.89881             6.04625            -9.16607
4.97283             3.83007            -9.23041
2.27848             4.97814             -8.4101
-0.116292             6.57885            -10.2766
1.85239             4.03513            -11.7483
2.94753             2.92931            -10.7576
2.05572             3.05219            -12.5561
2.7993             0.89772            -10.3327
0.918268             1.33612            -10.6769
-1.91321             3.14488            -8.09779
-3.10068             1.97164            -8.79877
-3.10068             1.97164            -8.79877
-1.69266            0.789021            -8.92281
-4.05633           -0.197681            -8.53894
-1.3694             1.51672            -11.1484
-1.902             3.44861            -9.53782
-2.73032             1.49771            -11.8741
-1.26074            0.314743            -12.0043
-1.26074            0.314743            -12.0043
-1.26074            0.314743            -12.0043
-1.26074            0.314743            -12.0043
-1.23267           -0.630367            -10.3267
-1.23267           -0.630367            -10.3267
1.47028             1.35284            -9.71793
1.47028             1.35284            -9.71793
1.47028             1.35284            -9.71793
0.0192474             3.01955            -6.83864
-0.524237             2.64005            -5.17448
-0.524237             2.64005            -5.17448
1.98881            0.881368            -6.07857
1.98881            0.881368            -6.07857
0.870744            0.019734            -3.47543
0.765168             2.41992            -6.12037
1.0944            0.330316            -6.22126
-1.74178            -1.67041            -5.07184
-1.74178            -1.67041            -5.07184
-1.99555            -2.31204            -2.79685
-1.99555            -2.31204            -2.79685
-1.99555            -2.31204            -2.79685
-1.99555            -2.31204            -2.79685
-1.99555            -2.31204            -2.79685
-1.50074            -1.72216            -5.20158
-1.91138            -1.70236            -2.98508
-1.91138            -1.70236            -2.98508
-1.91138            -1.70236            -2.98508
-1.91138            -1.70236            -2.98508
-1.91138            -1.70236            -2.98508
-1.91138            -1.70236            -2.98508
0.459819            -3.64399            -2.42762
1.49427            -3.37491           -0.663491
0.897063            -1.11845           -0.819001
-1.28577           -0.936155            -1.03489
1.0794            0.629918            -2.87383
1.0794            0.629918            -2.87383
-0.773215             1.20707            -2.91096
-0.773215             1.20707            -2.91096
-0.773215             1.20707            -2.91096
0.634206            -1.45765            -5.77774
1.29673            -3.56383            -4.32031
2.00069           -0.816298            -3.57704
-0.926668             1.38049            -3.66861
1.7225            0.794002            -1.67093
1.26021            -1.77234            -4.31595
-1.6491              -2.345            -2.36268
-1.6491              -2.345            -2.36268
-1.22712           -0.399667            -1.56838
-3.07956            -2.04115            -2.86206
-1.55016          -0.0127599             -0.7842
-3.86504           -0.431194            -2.81567
-3.86504           -0.431194            -2.81567
-3.86504           -0.431194            -2.81567
-2.75761             2.39456            -3.37458
-2.75761             2.39456            -3.37458
-0.724089             1.51065            -2.43498
-2.38206             2.64423            -3.64713
-4.45571             2.38081            -5.80103
-4.45571             2.38081            -5.80103
-4.45571             2.38081            -5.80103
-4.45571             2.38081            -5.80103
-4.45571             2.38081            -5.80103
-4.45571             2.38081            -5.80103
-5.42128             1.07155            -3.50156
-3.67644             2.65006            -5.40478
-1.26656              2.3491            -3.35377
-3.33398             3.37153            -4.14201
-3.33398             3.37153            -4.14201
-2.80411              3.4341            -2.84577
-4.58747            0.613389            -1.57035
-2.20933             2.37517              1.3804
0.521046             2.18797             2.98678
0.521046             2.18797             2.98678
0.797933             5.09181             3.13002
0.797933             5.09181             3.13002
-0.674435              3.2541             2.16376
-1.33496             2.17226             4.04442
-1.33496             2.17226             4.04442
-1.34781           -0.193443             1.66639
-0.990335            0.175102              4.3752
-0.990335            0.175102              4.3752
-0.990335            0.175102              4.3752
-0.990335            0.175102              4.3752
-0.990335            0.175102              4.3752
-0.990335            0.175102              4.3752
-0.990335            0.175102              4.3752
1.99257             -2.4209             4.78599
1.99257             -2.4209             4.78599
1.99257             -2.4209             4.78599
1.99257             -2.4209             4.78599
-0.675876            -1.28216             5.52104
0.410466           -0.789578             2.72374
0.410466           -0.789578             2.72374
0.414556           -0.063332             3.54464
0.414556           -0.063332             3.54464
0.414556           -0.063332             3.54464
-2.0833            -2.68821             2.00637
-1.02109            -3.32639             3.63399
-1.02109            -3.32639             3.63399
0.189814            -1.29058             5.99095
0.189814            -1.29058             5.99095
0.189814            -1.29058             5.99095
-0.0411188            -1.59603             7.14376
-0.0411188            -1.59603             7.14376
1.75821            0.536896             4.39405
1.75821            0.536896             4.39405
1.75821            0.536896             4.39405
1.0753           -0.551674              3.7834
-1.68915            0.157264             2.83285
-1.40083           -0.941594             3.11051
-1.12568           -0.469225             3.83075
-2.58128             1.12554             3.63976
-0.438897           -0.680236              5.8564
-0.438897           -0.680236              5.8564
1.16545            0.424342              6.3539
-0.0561264             1.89157             7.25899
-0.0561264             1.89157             7.25899
1.4346             1.62392             5.18598
1.4346             1.62392             5.18598
0.714201             2.79941             3.07744
1.18308             3.74135              5.0342
1.18308             3.74135              5.0342
1.89888             2.14026             2.39408
1.89888             2.14026             2.39408
2.71841             2.39209             4.12006
2.71841             2.39209             4.12006
3.85221            0.502033             5.50146
3.85221            0.502033             5.50146
3.27383             2.69095             5.00828
0.329853             5.32602             2.41441
0.329853             5.32602             2.41441
0.329853             5.32602             2.41441
0.329853             5.32602             2.41441
0.329853             5.32602             2.41441
0.329853             5.32602             2.41441
2.01954             4.05175             2.77181
2.01954             4.05175             2.77181
2.01954             4.05175             2.77181
0.890622             1.71793             4.18805
0.890622             1.71793             4.18805
0.890622             1.71793             4.18805
0.696799            0.914262             6.76112
-0.618843            -1.88934             5.69907
-0.618843            -1.88934             5.69907
-0.618843            -1.88934             5.69907
-0.618843            -1.88934             5.69907
0.0562976            0.570243             2.81696
1.28016             2.61173             3.59936
1.28016             2.61173             3.59936
1.28016             2.61173             3.59936
1.28016             2.61173             3.59936
1.28016             2.61173             3.59936
1.28016             2.61173             3.59936
0.717699            0.818514             4.31134
1.37905            0.529905             4.16088
1.37905            0.529905             4.16088
1.37905            0.529905             4.16088
1.37905            0.529905             4.16088
-0.316676           -0.687434             3.12935
-0.316676           -0.687434             3.12935
-0.316676           -0.687434             3.12935
-0.316676           -0.687434             3.12935
-0.316676           -0.687434             3.12935
-0.316676           -0.687434             3.12935
-0.316676           -0.687434             3.12935
-0.316676           -0.687434             3.12935
-0.316676           -0.687434             3.12935
-0.316676           -0.687434             3.12935
2.34435           -0.407016             4.15376
0.702139            -1.78821              3.9053
-0.191136            -2.76108             4.98945
0.751956            -3.22098             4.03663
-0.206509            -2.65499             4.64556
1.52157            -4.73803             3.38399
2.48014            -2.47157             1.78982
3.59854            -3.97258             4.50499
3.59854            -3.97258             4.50499
2.38726             -3.4435             1.58329
4.33291            -3.09359             3.30151
4.33291            -3.09359             3.30151
4.33291            -3.09359             3.30151
4.53488            -5.54307              6.2364
4.59713            -4.97377             3.75663
4.59713            -4.97377             3.75663
3.34345            -7.80446              1.9353
6.14697             -4.9477            0.808491
4.99259            -1.97307            0.260434
4.68815            -2.40778             2.47102
4.68815            -2.40778             2.47102
4.68815            -2.40778             2.47102
6.77709            -2.55726              2.4892
6.77709            -2.55726              2.4892
6.77709            -2.55726              2.4892
6.77709            -2.55726              2.4892
6.77709            -2.55726              2.4892
6.77709            -2.55726              2.4892
6.77709            -2.55726              2.4892
6.77709            -2.55726              2.4892
6.76383            -0.13494               2.511
6.76383            -0.13494               2.511
4.2401              2.5673           -0.453224
2.40499             4.47517            -1.08524
2.40499             4.47517            -1.08524
2.40499             4.47517            -1.08524
2.40499             4.47517            -1.08524
1.31184             5.78637            -1.02097
1.62918             2.82824            -2.79925
1.2527            0.334764            -5.37249
3.57293           -0.653527            -2.50915
3.57293           -0.653527            -2.50915
3.81818           -0.201289            -5.47676
3.81818           -0.201289            -5.47676
3.81818           -0.201289            -5.47676
4.19057            -1.34245            -3.18006
4.19057            -1.34245            -3.18006
4.19057            -1.34245            -3.18006
4.19057            -1.34245            -3.18006
2.99867            -1.47858            -4.25518
4.18511           -0.122231            -3.54076
4.18511           -0.122231            -3.54076
3.31266            0.291454             -5.3526
5.59321             2.50288             -4.9338
3.32989             4.56686            -6.12653
3.57818             3.43109            -6.96847
4.01618             1.95896            -8.48879
2.38091             3.04889            -10.2568
1.48959             2.24629            -7.89262
3.2058             4.47968            -5.98026
3.2058             4.47968            -5.98026
3.2058             4.47968            -5.98026
3.2058             4.47968            -5.98026
2.69139             5.84036            -3.66284
4.74908             2.90468            -5.92966
3.12936             4.20338            -4.01652
3.12936             4.20338            -4.01652
3.12936             4.20338            -4.01652
0.715838             1.28895            -1.14137
1.03371             1.54571            0.899783
1.03371             1.54571            0.899783
-1.01025             4.19103             3.36558
-1.01025             4.19103             3.36558
-0.120398             2.01249             3.15869
-0.120398             2.01249             3.15869
-0.120398             2.01249             3.15869
-2.21571             1.22237             2.97399
-2.46499            0.385861             2.94327
-2.46499            0.385861             2.94327
0.108646             1.50408             4.72449
0.108646             1.50408             4.72449
0.108646             1.50408             4.72449
2.53248            0.568603             5.25302
2.53248            0.568603             5.25302
2.53248            0.568603             5.25302
2.96258             2.99463             7.19173
2.96258             2.99463             7.19173
2.96258             2.99463             7.19173
1.03116             3.93489             8.05081
3.38028             2.21935             7.65382
5.9079             0.58807             5.83742
4.7725             -2.0207             7.19689
4.5327            0.454518             6.80948
4.51218           -0.653577             7.29893
4.51218           -0.653577             7.29893
6.57569         -0.00782902             4.63124
7.99788           0.0089434             3.06756
7.99788           0.0089434             3.06756
6.32718           -0.307364             2.09035
7.60221             -1.6959             4.15987
8.26822             0.66379             3.26892
8.26822             0.66379             3.26892
8.26822             0.66379             3.26892
8.46674            -0.76806             2.55333
8.46674            -0.76806             2.55333
8.33039            -2.68523             4.06243
8.33039            -2.68523             4.06243
7.83382            -2.76409             4.22035
7.22423            -2.07142             3.97452
6.25745            0.574008             6.47792
6.25745            0.574008             6.47792
6.25745            0.574008             6.47792
6.25745            0.574008             6.47792
6.25745            0.574008             6.47792
6.25745            0.574008             6.47792
3.80597             1.41695             3.76576
3.80597             1.41695             3.76576
3.80597             1.41695             3.76576
1.94878             0.81088            0.958084
1.1009            -1.10491             1.67553
0.735097            -1.65535             2.32125
0.735097            -1.65535             2.32125
0.735097            -1.65535             2.32125
0.735097            -1.65535             2.32125
0.735097            -1.65535             2.32125
-0.665956            -1.39299             2.83526
-0.665956            -1.39299             2.83526
-0.665956            -1.39299             2.83526
-0.665956            -1.39299             2.83526
-0.665956            -1.39299             2.83526
-0.665956            -1.39299             2.83526
-1.58331             1.01947             2.78631
-1.30485            0.672189             3.24134
-1.30485            0.672189             3.24134
-0.763263            0.431015             3.84067
-0.763263            0.431015             3.84067
2.06335             -1.1473               6.044
2.06335             -1.1473               6.044
2.06335             -1.1473               6.044
3.03688            -2.82308              5.2218
3.03688            -2.82308              5.2218
2.40131             -2.8281             3.32454
2.40131             -2.8281             3.32454
2.40131             -2.8281             3.32454
4.58567            -3.82619              2.3176
5.41711            -3.06473             4.06819
5.02435           -0.572162             1.82036
4.57809           -0.947836             3.45626
4.57809           -0.947836             3.45626
4.43434            -1.14821             2.81071
1.54217              1.5035             2.45598
1.54217              1.5035             2.45598
1.54217              1.5035             2.45598
1.54217              1.5035             2.45598
1.54217              1.5035             2.45598
1.54217              1.5035             2.45598
1.54217              1.5035             2.45598
-1.20545            0.297787             2.65695
-1.20545            0.297787             2.65695
-1.20545            0.297787             2.65695
-2.46068           -0.531019             2.81318
-0.685751            -1.67477             2.04897
-1.45086            -3.58118             3.58372
-1.45086            -3.58118             3.58372
-1.45086            -3.58118             3.58372
-1.10894             -1.6084             2.04784
-1.10894             -1.6084             2.04784
-1.10894             -1.6084             2.04784
-1.10894             -1.6084             2.04784
-3.25523            -2.56407             4.68038
-1.55352            -0.77878             2.90316
0.74755             2.06499             3.46539
0.138006           -0.929269             3.72064
0.138006           -0.929269             3.72064
0.980419             1.25131             2.98487
-1.34811           -0.672832             1.32622
-1.36981          -0.0587352            -1.04126
-1.36981          -0.0587352            -1.04126
-1.36981          -0.0587352            -1.04126
0.758821            -2.33861            -3.23871
0.758821            -2.33861            -3.23871
0.758821            -2.33861            -3.23871
0.758821            -2.33861            -3.23871
2.2449            -2.04887            -4.59836
-0.0315856             -3.1525             -5.9634
-0.659879            -2.79415             -3.7411
0.340525            -0.56636            -1.69414
0.340525            -0.56636            -1.69414
0.340525            -0.56636            -1.69414
0.340525            -0.56636            -1.69414
0.340525            -0.56636            -1.69414
0.340525            -0.56636            -1.69414
0.340525            -0.56636            -1.69414
0.340525            -0.56636            -1.69414
0.340525            -0.56636            -1.69414
0.340525            -0.56636            -1.69414
0.340525            -0.56636            -1.69414
0.340525            -0.56636            -1.69414
0.541036           -0.387696           -0.571232
0.541036           -0.387696           -0.571232
-2.26238             1.31255            -1.99824
-2.26238             1.31255            -1.99824
-2.26238             1.31255            -1.99824
-0.0706823             1.00325            -2.58054
2.74017              2.2967            -3.37764
1.35348           -0.699428            -4.03783
0.470358            -1.58505            -4.44401
3.38372           -0.907486            -4.32431
1.91934            -1.66654            -5.07401
1.84652            0.641715            -3.37652
2.41992            -1.65422            -5.59521
1.29607            -1.51515            -4.93311
1.29607            -1.51515            -4.93311
1.10268            -4.06052            -3.31238
3.30551            -1.23122            -3.58259
1.83814            0.542994            -2.56651
1.83814            0.542994            -2.56651
1.83814            0.542994            -2.56651
1.83814            0.542994            -2.56651
0.984169             2.95856            -3.49637
0.984169             2.95856            -3.49637
0.984169             2.95856            -3.49637
0.984169             2.95856            -3.49637
1.88482             2.21657            -1.46893
1.70212             2.50037            -2.78921
-1.20696             2.71997            -1.42143
-1.20696             2.71997            -1.42143
-1.20696             2.71997            -1.42143
0.608972             3.65413            -3.26844
0.608972             3.65413            -3.26844
0.608972             3.65413            -3.26844
0.295234             4.33079            -2.09972
0.295234             4.33079            -2.09972
0.960567             1.51221            -4.63135
3.32752           0.0991092            -5.22818
3.32752           0.0991092            -5.22818
2.54942          -0.0939195             -8.1444
5.1136            0.996544            -6.94605
3.35657             2.01659            -4.97031
3.35657             2.01659            -4.97031
2.54447              1.0501            -3.59318
1.44472            0.702933            -5.13758
1.65261          -0.0645751              -5.282
-1.33652           -0.504249            -6.17914
-1.33652           -0.504249            -6.17914
-4.22979            0.824451            -4.64702
-3.07733             2.63036            -2.99615
-1.7284            0.628608           -0.540451
-1.7284            0.628608           -0.540451
-1.7284            0.628608           -0.540451
-1.88729             3.34211            -2.62538
-1.88729             3.34211            -2.62538
-1.88729             3.34211            -2.62538
-1.88729             3.34211            -2.62538
-1.88729             3.34211            -2.62538
-1.88729             3.34211            -2.62538
-1.88729             3.34211            -2.62538
-1.88729             3.34211            -2.62538
-1.88729             3.34211            -2.62538
-1.16554             1.29614            -5.36379
-1.16554             1.29614            -5.36379
0.302617           -0.229924            -7.92548
0.302617           -0.229924            -7.92548
1.85704            0.876743            -6.93661
1.85704            0.876743            -6.93661
-0.688333             2.65449            -6.80796
-0.198846             3.58007            -6.84277
-2.94354             5.62005            -4.78952
-5.04133             3.48444            -5.05986
-5.04133             3.48444            -5.05986
-5.04133             3.48444            -5.05986
-5.04133             3.48444            -5.05986
-5.04133             3.48444            -5.05986
-5.04133             3.48444            -5.05986
-3.7646             3.57105            -3.20831
-3.7646             3.57105            -3.20831
-3.7646             3.57105            -3.20831
-3.7646             3.57105            -3.20831
-2.20994             4.00336            -0.86186
-0.139277             6.09917            -3.04334
-0.139277             6.09917            -3.04334
-3.08984             4.85977            -1.83337
-1.0797             4.01363            -1.41626
-2.3286             2.43726            -1.19098
-1.59847             1.32299            0.983888
-1.39814             1.90581             1.35275
-2.14935             2.44662             4.02583
-2.14935             2.44662             4.02583
-2.14935             2.44662             4.02583
-3.56722            0.465961             2.01166
-3.56722            0.465961             2.01166
-3.0468            0.648382             2.51873
-3.0468            0.648382             2.51873
-1.1125             2.70106             1.42155
-1.1125             2.70106             1.42155
-1.1125             2.70106             1.42155
-0.637186             0.46843           -0.562376
0.134191            -1.22997            0.766945
0.134191            -1.22997            0.766945
0.134191            -1.22997            0.766945
-1.10316            -1.85402             -1.8566
-1.10316            -1.85402             -1.8566
-1.10316            -1.85402             -1.8566
1.60524            -1.42371            -2.69763
1.60524            -1.42371            -2.69763
1.60524            -1.42371            -2.69763
0.478364            -3.68192            -3.27033
0.0116405            -5.32312            -4.93601
-0.158828            -6.18017            -2.10777
-0.211325            -4.14454            -2.19134
-3.17664            -2.61857            -3.35515
-0.188485            -3.45215            -5.41621
-1.75951            -4.81214            -8.38367
-1.75951            -4.81214            -8.38367
-1.75951            -4.81214            -8.38367
0.383411             -4.1218            -6.89288
2.42797            -3.24125            -9.13979
4.57107           -0.946298             -7.2716
2.88638           -0.151488            -5.46577
2.88638           -0.151488            -5.46577
2.65384           -0.749873            -2.92909
0.32413            0.679279            -1.09727
0.32413            0.679279            -1.09727
0.32413            0.679279            -1.09727
-1.05748             1.15521             1.60654
-1.05748             1.15521             1.60654
-1.05748             1.15521             1.60654
-1.91869          -0.0309405             2.39083
-1.91869          -0.0309405             2.39083
-3.86204            -0.92159              3.7257
-3.86204            -0.92159              3.7257
-4.76311             1.30186             4.89936
-2.92907             1.99136             6.23393
-1.95567             3.33859             4.50968
-3.22047             1.25857             4.89332
-3.22047             1.25857             4.89332
-0.917949             2.69008              4.2671
-0.850141             1.77523             3.90046
-0.850141             1.77523             3.90046
-0.763452             3.15098             3.24605
-2.27327             4.98248             3.13848
-0.517009             5.06551             5.36946
-0.517009             5.06551             5.36946
-0.517009             5.06551             5.36946
-0.517009             5.06551             5.36946
0.719185             2.29481             7.94316
0.719185             2.29481             7.94316
2.18388           -0.166531             6.10453
1.33968           -0.962836             7.40906
0.323501             -1.0196              9.5036
0.475507           -0.330253              8.3629
1.7706            -2.98053             6.05358
1.7706            -2.98053             6.05358
2.61996            -0.15392             4.06591
2.61996            -0.15392             4.06591
1.686             2.75984             3.44688
1.686             2.75984             3.44688
2.0563             4.67565             4.69919
0.927538             1.76049             3.77919
0.187129            -1.11616             5.37047
-2.63338            -1.47908             2.61137
-2.63338            -1.47908             2.61137
-2.419            -1.19515             2.22589
0.347255             0.51177             2.29698
2.94478            -1.64668             2.37852
3.82014            -3.38632             2.87623
4.48839            -2.85503             4.46157
4.48839            -2.85503             4.46157
4.48839            -2.85503             4.46157
5.57978           -0.176579             3.16768
2.61911            -1.40146             1.46224
2.61911            -1.40146             1.46224
1.3442            -3.37238             2.90935
4.29576           -0.987912             2.81837
3.0803            -2.07087              3.2259
2.5662            -2.63959             1.63523
0.0569826            -2.35641            -1.11341
2.39855            -2.95939            -3.64489
2.39855            -2.95939            -3.64489
2.39855            -2.95939            -3.64489
2.39855            -2.95939            -3.64489
2.39855            -2.95939            -3.64489
2.95117            -1.04355            -1.83323
0.537146             -2.6342            -4.60816
0.537146             -2.6342            -4.60816
0.537146             -2.6342            -4.60816
1.20792            -0.75815            -2.42093
1.20792            -0.75815            -2.42093
1.20792            -0.75815            -2.42093
1.20792            -0.75815            -2.42093
-0.169109             1.29081            -4.83259
0.749043            -1.11089            -7.23136
0.749043            -1.11089            -7.23136
0.674591           -0.586809            -7.12244
0.674591           -0.586809            -7.12244
0.674591           -0.586809            -7.12244
-1.79944           0.0677741            -5.37641
-1.09811          -0.0779194            -2.66632
-4.09459             0.22386             -3.4236
-2.23025            -1.20653            -5.73351
0.158984           -0.530111            -3.45218
0.158984           -0.530111            -3.45218
0.158984           -0.530111            -3.45218
-0.439147            0.671081            -3.24947
-0.439147            0.671081            -3.24947
-0.810014           -0.193667            -4.15373
-0.452159            -1.14228            -4.24291
-2.8317            -3.88152            -5.19638
-3.16933            -2.93145            -4.19137
-1.86212            -1.62653            -5.03807
-3.19224            0.634778            -4.13361
-3.19224            0.634778            -4.13361
-3.19224            0.634778            -4.13361
-3.19224            0.634778            -4.13361
-3.19224            0.634778            -4.13361
-3.19224            0.634778            -4.13361
-3.19224            0.634778            -4.13361
-2.01975            0.879104            -3.63787
-0.969317           -0.582996            -4.15244
-0.969317           -0.582996            -4.15244
-1.47608            0.376354            -5.40362
0.46674             3.23171             -2.7877
-0.901426             2.71924            -5.70693
-0.901426             2.71924            -5.70693
-0.901426             2.71924            -5.70693
0.6649              2.8577            -6.30324
0.6649              2.8577            -6.30324
0.6649              2.8577            -6.30324
2.54844              2.2365            -4.18471
0.952636           0.0278333            -5.05244
0.952636           0.0278333            -5.05244
3.06362            -0.62141            -4.36144
1.16122             1.10296            -3.50019
1.71275           0.0615672            -3.51796
1.71275           0.0615672            -3.51796
2.09578             0.68317            -1.24314
2.09578             0.68317            -1.24314
2.23692             2.84486            -1.76733
2.23692             2.84486            -1.76733
-0.632562             3.70731            -4.71999
-0.632562             3.70731            -4.71999
-0.632562             3.70731            -4.71999
-0.632562             3.70731            -4.71999
-0.632562             3.70731            -4.71999
-0.632562             3.70731            -4.71999
-0.632562             3.70731            -4.71999
0.852265             1.20129             -2.1009
0.852265             1.20129             -2.1009
0.852265             1.20129             -2.1009
0.852265             1.20129             -2.1009
0.939108             1.06174            -2.13651
0.939108             1.06174            -2.13651
-0.0425062            -1.13427            0.385934
-0.458273             1.51974             1.16684
-0.0450018            -1.32129             3.93729
-0.0450018            -1.32129             3.93729
-0.0450018            -1.32129             3.93729
2.88893            -1.21534             6.44274
3.15667            -0.15551             4.65696
2.00647            0.639204             3.28931
2.00647            0.639204             3.28931
-0.737908             2.95812             2.69478
-0.737908             2.95812             2.69478
-0.737908             2.95812             2.69478
-1.0859             1.42855             4.19818
-1.0859             1.42855             4.19818
-1.0859             1.42855             4.19818
-0.469442           -0.114907             2.01751
-0.469442           -0.114907             2.01751
-0.469442           -0.114907             2.01751
-1.92193           -0.441922             3.04824
-1.92193           -0.441922             3.04824
-1.92193           -0.441922             3.04824
-1.92193           -0.441922             3.04824
-1.92193           -0.441922             3.04824
-1.92193           -0.441922             3.04824
-1.92193           -0.441922             3.04824
-1.92193           -0.441922             3.04824
-1.92193           -0.441922             3.04824
-1.92193           -0.441922             3.04824
-2.89279            0.788389             2.38548
-4.11804           0.0989466             1.94385
-3.91322             2.11362             3.36269
-5.23846            0.221985             4.79068
-5.12278            -2.64178             2.33782
-4.77635           -0.109578             2.92717
-3.41953            0.354553             2.99769
-3.44114            -1.30707              2.6722
-3.44114            -1.30707              2.6722
-3.44114            -1.30707              2.6722
-2.37564           -0.374781             2.78925
-1.39206            -2.71823             3.77497
1.52206            0.230268             1.56657
1.54577            -1.47747             1.65049
1.54577            -1.47747             1.65049
1.54577            -1.47747             1.65049
0.411638            -1.03248             3.73405
0.411638            -1.03248             3.73405
0.411638            -1.03248             3.73405
2.06002            -1.54925             5.82679
4.59617             0.29917             3.08505
2.02658             2.36919             1.66628
2.02658             2.36919             1.66628
1.99569           -0.558027           -0.527188
1.61298            -3.25249           -0.862791
2.25567            -3.76349            -3.06945
2.25567            -3.76349            -3.06945
-0.271303             -6.6539            -4.10589
-1.16664            -5.73176            -2.64855
1.13801            -6.73762            -3.13249
1.13801            -6.73762            -3.13249
2.22248            -7.07286            -0.96264
2.22248            -7.07286            -0.96264
3.49938            -7.73787            -2.61513
3.58183            -6.24401            -5.60429
1.07499            -3.64918            -7.65887
3.46956            -2.83594            -5.83365
3.46956            -2.83594            -5.83365
3.46956            -2.83594            -5.83365
3.46956            -2.83594            -5.83365
3.65333            -2.35343            -4.01641
3.65333            -2.35343            -4.01641
5.56313            -2.32742            -3.93717
5.56313            -2.32742            -3.93717
5.56313            -2.32742            -3.93717
5.56313            -2.32742            -3.93717
5.56313            -2.32742            -3.93717
3.29963             0.43953            -4.87402
1.73145            -2.47488            -4.88016
1.73145            -2.47488            -4.88016
2.17148            0.127442            -3.10819
-0.736303            0.553971            -4.06541
-0.736303            0.553971            -4.06541
-0.969199            0.143449            -2.24988
-0.969199            0.143449            -2.24988
-0.969199            0.143449            -2.24988
-0.969199            0.143449            -2.24988
-0.969199            0.143449            -2.24988
-0.370801            0.738939            -1.00717
-0.370801            0.738939            -1.00717
1.85399              -2.193            -2.85032
4.8393            0.592823            -5.38461
2.59909             2.60216             -3.8099
2.59909             2.60216             -3.8099
2.59909             2.60216             -3.8099
0.0686702             2.60088            -2.62692
-1.25269              3.4234            -3.99823
-2.86767             1.45358            -5.84692
0.131273            0.661349            -4.22993
1.42354             1.68538            -3.41266
-0.933319             2.45647            -1.52392
-0.933319             2.45647            -1.52392
1.10069             1.91603            -2.81016
0.637016           -0.908286            -2.41717
0.637016           -0.908286            -2.41717
0.637016           -0.908286            -2.41717
0.637016           -0.908286            -2.41717
0.637016           -0.908286            -2.41717
0.637016           -0.908286            -2.41717
0.637016           -0.908286            -2.41717
0.637016           -0.908286            -2.41717
0.907395            0.198116            -2.91425
0.907395            0.198116            -2.91425
0.907395            0.198116            -2.91425
0.907395            0.198116            -2.91425
0.907395            0.198116            -2.91425
0.907395            0.198116            -2.91425
0.907395            0.198116            -2.91425
0.615436            0.374024            -1.55431
0.615436            0.374024            -1.55431
-0.20961             2.46451            -1.85294
-1.86606             1.01071            -2.81316
-1.86606             1.01071            -2.81316
-1.78967           -0.160544            -2.82532
-0.858771              1.7191             -2.1517
-0.858771              1.7191             -2.1517
-0.858771              1.7191             -2.1517
-0.858771              1.7191             -2.1517
-0.858771              1.7191             -2.1517
0.999945             2.61149            -1.36472
-1.35618            0.715095            0.930375
0.839032             1.49876             2.89623
-0.0950167              1.7511             3.02862
-1.861           -0.101838             3.88497
-1.861           -0.101838             3.88497
-1.861           -0.101838             3.88497
0.643455            -2.08553             1.42977
1.61993            -2.12179             4.39948
0.0315992            -0.49438             4.08223
0.0315992            -0.49438             4.08223
0.0315992            -0.49438             4.08223
0.0315992            -0.49438             4.08223
0.0315992            -0.49438             4.08223
1.26799              1.1241              5.0767
1.26799              1.1241              5.0767
1.26799              1.1241              5.0767
1.26799              1.1241              5.0767
-1.32033             1.47418             5.17674
0.585313             2.79375             6.93765
0.585313             2.79375             6.93765
0.947317            0.188573             5.90711
0.947317            0.188573             5.90711
0.146067            -1.55075             3.86201
0.146067            -1.55075             3.86201
0.146067            -1.55075             3.86201
0.753857            -2.77188             2.05857
1.21545            -4.45072             3.70809
1.21545            -4.45072             3.70809
0.992117            -1.54669              4.1197
1.61101            0.549857             2.79126
1.61101            0.549857             2.79126
1.61101            0.549857             2.79126
-0.173924            -1.99702             3.57973
-0.173924            -1.99702             3.57973
-0.733622             0.64798             5.98791
-0.733622             0.64798             5.98791
1.13103           -0.506654             3.62301
1.13103           -0.506654             3.62301
-0.701898           -0.598855             3.25225
-0.701898           -0.598855             3.25225
2.28893             -1.7851             4.75321
3.66471             1.10919             6.45836
3.86246             2.61951             6.85571
5.13444            0.820003               4.898
5.13444            0.820003               4.898
7.0926           -0.512894             3.80493
7.64225            -2.88315             4.31631
7.64225            -2.88315             4.31631
7.64225            -2.88315             4.31631
7.64225            -2.88315             4.31631
6.47042            -2.26806             5.67148
7.66171            0.287757             3.03182
8.0625             2.30813             3.34183
8.0625             2.30813             3.34183
9.65049              2.3509             3.61048
8.46474             3.29305             3.40527
8.46474             3.29305             3.40527
8.46474             3.29305             3.40527
8.50281             4.00391             4.85355
8.50281             4.00391             4.85355
5.6659             3.20378             6.06203
5.6659             3.20378             6.06203
3.99591             5.81343             3.84181
3.99591             5.81343             3.84181
1.47612             7.16132             5.94242
-0.568162              6.8627             3.57298
-0.0613547             5.74397             3.15051
1.79178             5.04735             3.72099
1.79178             5.04735             3.72099
1.79178             5.04735             3.72099
0.0141654             3.45226             1.69149
0.0141654             3.45226             1.69149
-2.64749             1.92126             3.76332
-4.94508            0.515062             3.39734
-4.94508            0.515062             3.39734
-2.01012            0.912578            0.908008
-2.01012            0.912578            0.908008
-2.01012            0.912578            0.908008
0.351838            0.210348           -0.847858
0.351838            0.210348           -0.847858
2.60346             -1.6072            -1.43835
2.60346             -1.6072            -1.43835
3.59021         -0.00579782            -1.86027
3.59021         -0.00579782            -1.86027
0.621265            0.824138            -2.48894
0.621265            0.824138            -2.48894
0.621265            0.824138            -2.48894
0.621265            0.824138            -2.48894
0.621265            0.824138            -2.48894
0.621265            0.824138            -2.48894
-0.396091           -0.400515            -2.67917
-0.396091           -0.400515            -2.67917
-0.396091           -0.400515            -2.67917
0.413254             1.87052            -2.04428
-1.92314             4.18097             -2.9095
-1.92314             4.18097             -2.9095
-4.62598             5.35707            -3.29679
-4.62598             5.35707            -3.29679
-4.62598             5.35707            -3.29679
-5.17454             3.79377            -4.20806
-5.59064             3.04034            -6.06866
-4.18763             3.74623            -4.64226
-5.15472             2.94573            -3.54081
-5.15472             2.94573            -3.54081
-5.15472             2.94573            -3.54081
-5.84861             5.55323            -2.85643
-5.84861             5.55323            -2.85643
-4.21749             7.55398            -5.67494
-1.96403             7.82597            -5.90351
-1.96403             7.82597            -5.90351
0.923416             6.22566            -5.02651
1.7268             5.17307            -2.41914
1.7268             5.17307            -2.41914
1.7268             5.17307            -2.41914
1.7268             5.17307            -2.41914
1.67095             2.17531            -4.00175
3.58661             5.03151            -2.94909
2.96141             5.19033            -3.33423
2.96141             5.19033            -3.33423
1.91853              5.0908            -4.89596
3.50006             5.46504            -3.76384
3.791             7.64398             -5.2192
3.791             7.64398             -5.2192
3.44289             5.85847            -7.71636
3.44289             5.85847            -7.71636
1.54091             7.86053             -7.9051
4.17127             7.10825            -7.97453
3.71087              7.0644            -8.24393
6.60115             6.67801            -5.34164
4.37108             3.79896            -6.50987
4.37108             3.79896            -6.50987
4.37108             3.79896            -6.50987
4.00429             4.32558            -3.82152
5.18175             2.67552            -5.46823
5.18175             2.67552            -5.46823
4.06566             1.34342            -8.03192
4.06566             1.34342            -8.03192
5.05145             2.59992            -6.02209
5.05145             2.59992            -6.02209
3.59828             5.01602            -3.45523
3.59828             5.01602            -3.45523
1.24233              3.9662            -1.63757
1.24233              3.9662            -1.63757
1.24233              3.9662            -1.63757
1.24233              3.9662            -1.63757
1.24233              3.9662            -1.63757
-1.46229             3.91486            -2.45239
-1.46229             3.91486            -2.45239
-1.46229             3.91486            -2.45239
-3.36396             2.37441            -4.61254
-3.06562             4.22345            -5.71626
-3.06562             4.22345            -5.71626
-4.52058             6.09916            -3.76904
-2.88603             7.64711             -3.9498
-2.88603             7.64711             -3.9498
-2.89439             7.78013            -5.02527
-3.87738             7.58246            -4.06518
-6.33059             5.37845            -6.28339
-7.30314             4.66731             -3.6781
-4.9802             6.47147            -4.33059
-4.38771             5.70095            -3.33074
-4.82603             5.77228            -5.78509
-4.82603             5.77228            -5.78509
-4.82603             5.77228            -5.78509
-4.82603             5.77228            -5.78509
-4.82603             5.77228            -5.78509
-4.82603             5.77228            -5.78509
-4.28549             6.05812             -6.2865
-4.28549             6.05812             -6.2865
-4.04135             4.45953            -6.46585
-4.24739             4.01941            -5.96746
-5.63186              6.3385            -3.66165
-5.16459             4.89571            -1.73903
-5.16459             4.89571            -1.73903
-3.837             2.83288            -3.22972
-1.49759             4.40221            -3.82211
-3.87861             5.85532            -4.41914
-4.14422             3.36412             -2.0626
-7.0799             3.02268            -3.75525
-5.88847             3.24664            -1.60846
-4.75916             2.65523            -1.36156
-4.75916             2.65523            -1.36156
-4.75916             2.65523            -1.36156
-4.75916             2.65523            -1.36156
-2.65512             2.84966            -1.23531
-2.65512             2.84966            -1.23531
-0.42074            0.789228           -0.306509
-1.67847            0.226878            -2.43217
-2.25395           0.0319426            -2.11838
-2.25395           0.0319426            -2.11838
-1.13733             3.03079            -2.36754
-1.13733             3.03079            -2.36754
-1.13733             3.03079            -2.36754
-1.13733             3.03079            -2.36754
-1.13733             3.03079            -2.36754
1.02193             1.98717            -1.78312
1.02193             1.98717            -1.78312
1.23454             4.09619            -1.64543
1.23454             4.09619            -1.64543
-1.40278              5.9783            -4.45119
0.786999             4.80774            -5.38062
-0.657439             3.18266            -6.00596
-0.657439             3.18266            -6.00596
-0.657439             3.18266            -6.00596
-0.535615            0.922968            -7.82186
0.991563            -1.93617            -4.98225
0.991563            -1.93617            -4.98225
0.991563            -1.93617            -4.98225
0.529141           0.0238093             -6.4066
2.28918             1.52313            -4.56583
2.67215           -0.454086            -4.45856
2.14203            0.547909            -2.74795
2.93997            0.218675            -2.15395
5.79372            -2.16937             -2.0779
5.45348            -3.88804            -3.28116
5.45348            -3.88804            -3.28116
4.42872            -5.39359            -5.13949
4.42872            -5.39359            -5.13949
4.42872            -5.39359            -5.13949
4.33278            -4.35651            -3.42668
4.33278            -4.35651            -3.42668
3.0298             -3.3744            -6.24525
0.890828           -0.701375             -4.3877
0.890828           -0.701375             -4.3877
1.6512             1.36892            -6.40376
3.85065             0.90533            -7.62448
1.249             2.95966            -7.76134
1.69663             4.10616             -6.1377
-0.12635             3.86373            -6.73724
-0.12635             3.86373            -6.73724
-0.12635             3.86373            -6.73724
-1.43285             4.18869             -5.6131
-1.43285             4.18869             -5.6131
-1.43285             4.18869             -5.6131
-1.43285             4.18869             -5.6131
-1.43285             4.18869             -5.6131
-1.43285             4.18869             -5.6131
-1.43625              1.6501            -4.01299
1.30201             1.39117            -2.24404
1.30201             1.39117            -2.24404
1.30201             1.39117            -2.24404
1.30201             1.39117            -2.24404
1.30201             1.39117            -2.24404
2.21402            0.491279            -2.97714
2.21402            0.491279            -2.97714
2.21402            0.491279            -2.97714
0.0470159           -0.615447            -3.40551
0.941034            -1.70496            -1.64989
0.941034            -1.70496            -1.64989
2.11385            -3.42814            -3.16341
4.06447           -0.855339            -2.60807
4.03957            -2.02956            -4.94651
4.39526            0.602395            -5.52838
4.39526            0.602395            -5.52838
4.39526            0.602395            -5.52838
4.39526            0.602395            -5.52838
5.08239            -2.34168            -3.92479
5.08239            -2.34168            -3.92479
2.67005              -1.617            -4.23416
1.33541             -1.5461            -3.54906
1.33541             -1.5461            -3.54906
-1.20849            0.529974            -1.90244
-1.20849            0.529974            -1.90244
-1.20849            0.529974            -1.90244
-1.20849            0.529974            -1.90244
-1.20849            0.529974            -1.90244
-0.0617012           -0.379048            -2.33294
-0.0617012           -0.379048            -2.33294
-1.57506            0.538556            -3.97109
-1.66217           -0.192563             -4.2297
-2.60608           -0.690657            -4.35743
-2.60608           -0.690657            -4.35743
-2.60608           -0.690657            -4.35743
0.114675            -1.16475              -1.669
-0.147941            -1.58824            -1.61867
-0.147941            -1.58824            -1.61867
-0.147941            -1.58824            -1.61867
-0.22492            0.708594            -1.42989
-0.22492            0.708594            -1.42989
-0.22492            0.708594            -1.42989
-0.22492            0.708594            -1.42989
-0.22492            0.708594            -1.42989
-0.22492            0.708594            -1.42989
2.22542             3.62647            -1.17066
0.0111342             2.87648             1.22894
0.0111342             2.87648             1.22894
0.476913             1.58695             1.98811
1.09111          -0.0485708             1.58519
1.09111          -0.0485708             1.58519
-0.795719           -0.218276           -0.665814
-0.795719           -0.218276           -0.665814
0.832218           -0.912457            -2.42306
0.832218           -0.912457            -2.42306
0.832218           -0.912457            -2.42306
0.832218           -0.912457            -2.42306
2.33043            -3.09688            -1.55476
-0.0741746            -1.91669            -1.54719
-0.0741746            -1.91669            -1.54719
-0.0741746            -1.91669            -1.54719
-0.0741746            -1.91669            -1.54719
1.04012           -0.146034            -3.77498
0.254604           -0.954113            -1.01211
-1.45221             1.75837            -1.99505
-1.45221             1.75837            -1.99505
-0.850905            0.447565            -2.55793
-0.850905            0.447565            -2.55793
-0.850905            0.447565            -2.55793
-0.850905            0.447565            -2.55793
-0.850905            0.447565            -2.55793
-2.175            0.165076            -2.78344
-2.175            0.165076            -2.78344
-2.18946           -0.907794            -2.48304
-2.69152            -3.15714             -5.2395
-2.69152            -3.15714             -5.2395
-2.69152            -3.15714             -5.2395
-2.69152            -3.15714             -5.2395
-2.69152            -3.15714             -5.2395
-0.790374            -1.89385            -4.24164
-1.77637           -0.898586            -4.19128
-1.9206            -3.29779            -2.57969
-2.6955           -0.505356            -3.53866
-2.6955           -0.505356            -3.53866
-2.6955           -0.505356            -3.53866
-0.293454           -0.781468            -3.10433
-0.293454           -0.781468            -3.10433
-1.86784            -2.97463            -4.10616
-0.00357939            -3.36398            -2.62675
-0.00357939            -3.36398            -2.62675
1.53811            -5.21729            -4.63867
1.53811            -5.21729            -4.63867
1.53811            -5.21729            -4.63867
-0.878339            -2.73879            -7.51741
-0.878339            -2.73879            -7.51741
-0.878339            -2.73879            -7.51741
-0.878339            -2.73879            -7.51741
0.394659           -0.675136            -4.87394
0.394659           -0.675136            -4.87394
-0.161409             1.13382            -2.93496
-0.161409             1.13382            -2.93496
-1.23333            0.069278           -0.999493
-1.23333            0.069278           -0.999493
-0.657975           -0.746144            -1.37465
-0.657975           -0.746144            -1.37465
-0.657975           -0.746144            -1.37465
-1.13842             1.36249            -2.43005
-1.13842             1.36249            -2.43005
-1.13842             1.36249            -2.43005
-1.71651           -0.599189            -1.20554
-1.71651           -0.599189            -1.20554
-0.0810012            0.151396            -1.21021
-0.0810012            0.151396            -1.21021
-0.0810012            0.151396            -1.21021
0.913386             0.87062            -2.15042
0.913386             0.87062            -2.15042
0.913386             0.87062            -2.15042
0.913386             0.87062            -2.15042
0.913386             0.87062            -2.15042
0.913386             0.87062            -2.15042
0.913386             0.87062            -2.15042
-0.760117            -2.12657            -2.99569
-2.24566            0.536294            -4.07463
0.58829            0.540801            -3.73517
2.67469             3.16333            -3.46765
2.88251             2.69526            -2.12037
2.99668           -0.182139            -1.19413
0.900069            -2.05117            -1.79497
0.900069            -2.05117            -1.79497
1.81895            -2.27974            -3.92908
1.81895            -2.27974            -3.92908
0.29226            -2.97516            -3.30989
0.29226            -2.97516            -3.30989
0.29226            -2.97516            -3.30989
1.25566            -2.29389            -2.83344
1.25566            -2.29389            -2.83344
1.25566            -2.29389            -2.83344
1.25566            -2.29389            -2.83344
-0.945877            0.587968            -3.81785
-0.945877            0.587968            -3.81785
-0.945877            0.587968            -3.81785
-0.945877            0.587968            -3.81785
1.83342            -1.11049            -1.69418
1.83342            -1.11049            -1.69418
1.83342            -1.11049            -1.69418
1.39792             -1.6935            -1.76123
1.39792             -1.6935            -1.76123
1.15277            0.705999            -3.66954
1.15277            0.705999            -3.66954
1.15277            0.705999            -3.66954
2.69082             3.20329            -5.83623
1.998             5.16702            -4.32328
-0.429679             3.71052            -3.60825
-0.429679             3.71052            -3.60825
1.63952             3.73276            -6.29454
0.00624117             4.34843            -8.78839
0.00624117             4.34843            -8.78839
-1.30267             2.82451            -8.96567
-1.30267             2.82451            -8.96567
-1.30267             2.82451            -8.96567
-1.30267             2.82451            -8.96567
-0.163801              5.2912            -6.98738
-2.9506              7.8363            -7.32369
-2.9506              7.8363            -7.32369
-4.23421             5.23507            -6.18582
-4.14674             6.41233            -3.84906
-1.41408              7.8141            -3.06224
-2.12569             5.16407            -4.95401
-1.29317             6.72815            -4.10872
-0.290423             4.87765             -4.5805
-0.290423             4.87765             -4.5805
-0.290423             4.87765             -4.5805
-3.27154             3.66298            -2.53152
-3.27154             3.66298            -2.53152
-3.27154             3.66298            -2.53152
-1.41263             0.94212            -2.80346
-1.41263             0.94212            -2.80346
1.02398           -0.564201            -1.25666
1.02398           -0.564201            -1.25666
0.439416            -1.10917            -4.10033
2.38107            0.181522            -5.09123
2.38107            0.181522            -5.09123
2.38107            0.181522            -5.09123
0.214768            -1.19517            -5.44523
2.0362            -2.81701            -3.92169
2.0362            -2.81701            -3.92169
2.13284           -0.176792            -5.06976
3.29294            0.127153            -2.50431
3.29294            0.127153            -2.50431
3.29294            0.127153            -2.50431
0.547157          -0.0219371            -2.49745
0.547157          -0.0219371            -2.49745
0.658625             1.86069            -2.82732
-0.910412             2.38667            -4.29135
-2.303            0.893471            -4.68782
-1.90925             2.21189            -4.74541
-1.90925             2.21189            -4.74541
-1.90925             2.21189            -4.74541
-1.90925             2.21189            -4.74541
-1.90925             2.21189            -4.74541
-1.90925             2.21189            -4.74541
-0.423903             2.62152            -3.94503
-1.88064            0.359257            -1.68836
-0.987609             -1.5578             -4.4384
-0.987609             -1.5578             -4.4384
-0.987609             -1.5578             -4.4384
-0.987609             -1.5578             -4.4384
1.8064           -0.502586            -3.14537
1.8064           -0.502586            -3.14537
1.8064           -0.502586            -3.14537
-1.11534          -0.0601366            -1.03701
-1.11534          -0.0601366            -1.03701
-0.422962          -0.0073242            -3.99055
-0.422962          -0.0073242            -3.99055
-0.422962          -0.0073242            -3.99055
0.342408           -0.558884            -5.36912
0.342408           -0.558884            -5.36912
0.342408           -0.558884            -5.36912
-1.59524            0.962581            -2.38919
-1.59524            0.962581            -2.38919
-1.59524            0.962581            -2.38919
-1.59524            0.962581            -2.38919
-1.59524            0.962581            -2.38919
-1.16887            0.983551            -2.98205
-1.16887            0.983551            -2.98205
-2.60455             0.00223            -3.10729
-2.60455             0.00223            -3.10729
-1.36131           -0.536708            -3.18795
-1.65836            0.379931            -1.23425
-1.69684           -0.202547            -2.03202
-0.871244             1.43594            -3.72467
-1.17818            0.282441            -4.88539
-0.44114            -1.38648            -3.50796
-2.53377             0.28067             -5.3383
-2.65064            -2.22209            -4.63572
-2.8947            -4.55261            -7.56465
-2.8947            -4.55261            -7.56465
-0.931923            -4.00273            -5.93207
-0.931923            -4.00273            -5.93207
-0.971519            -3.10215            -5.41754
-0.971519            -3.10215            -5.41754
-2.49704             -4.3669            -6.99229
-2.71001            -1.62902            -5.37071
-2.71001            -1.62902            -5.37071
-2.71001            -1.62902            -5.37071
-2.71001            -1.62902            -5.37071
-2.71001            -1.62902            -5.37071
-0.736367             1.32321            -2.64023
0.112737           -0.687033            -3.50096
0.112737           -0.687033            -3.50096
0.112737           -0.687033            -3.50096
0.112737           -0.687033            -3.50096
-0.901174            -1.30785            -5.74951
-0.901174            -1.30785            -5.74951
-0.2606            0.152222            -3.34381
-0.2606            0.152222            -3.34381
-0.2606            0.152222            -3.34381
-0.2606            0.152222            -3.34381
-2.69552            -1.65462            -4.41348
-2.69552            -1.65462            -4.41348
-2.69552            -1.65462            -4.41348
-3.63622             1.10935            -5.85102
-1.09212            0.855696            -5.35579
-1.09212            0.855696            -5.35579
0.0766229         -0.00816398            -5.92143
-2.59942             2.42409            -3.22478
-1.11703              2.8407            -3.28965
-1.11703              2.8407            -3.28965
-1.11703              2.8407            -3.28965
0.0567296             1.30707             -4.7774
0.0567296             1.30707             -4.7774
0.543449            0.692084            -3.62481
0.543449            0.692084            -3.62481
0.543449            0.692084            -3.62481
0.543449            0.692084            -3.62481
0.543449            0.692084            -3.62481
0.543449            0.692084            -3.62481
0.543449            0.692084            -3.62481
0.543449            0.692084            -3.62481
0.829623             1.79009             -2.3247
-1.53539             2.85282            -3.49679
-3.30972             1.00468            -4.58955
-3.30972             1.00468            -4.58955
-3.30972             1.00468            -4.58955
-1.5829              2.0749            -5.75702
-1.5829              2.0749            -5.75702
-4.4352             5.05804            -3.00814
-3.87182              2.2396           -0.484095
-4.90848             2.64415             1.65231
-3.78643            0.676399             1.57942
-4.22044            -2.22844             3.59619
-1.5348            -1.92488             5.26207
-0.30444           0.0994676             3.30205
-0.182419            0.173301              4.5098
1.00271            -2.13294             6.04445
1.00271            -2.13294             6.04445
1.00271            -2.13294             6.04445
2.78781           -0.870129             7.67236
4.16924            -2.71315              5.1117
2.68835            -1.98739               6.913
0.731797             -1.8548             8.06969
-0.23482            -1.27394             9.51925
-1.03991            -3.95172             8.20189
-1.03991            -3.95172             8.20189
0.900232            -1.49915             9.00729
2.20503            -2.28714             6.85232
2.20503            -2.28714             6.85232
-0.337175             -1.1127             7.27216
0.391258           -0.785677             6.62984
2.81126           -0.511066             5.33904
3.33966             1.34609             6.12476
2.5303            0.709063             6.92892
2.09102              2.1835             7.91594
1.18023             1.26289             6.45396
1.18023             1.26289             6.45396
-0.515513            0.773301             5.12512
-0.515513            0.773301             5.12512
-0.515513            0.773301             5.12512
-0.515513            0.773301             5.12512
-0.562232            -1.54913             4.47464
1.5217            0.255919             4.27181
-0.729874             1.25992             5.25462
-0.446966             2.84111             3.26336
-2.41386           0.0505328             5.94617
-2.41386           0.0505328             5.94617
-2.41386           0.0505328             5.94617
-1.00231            -1.90784             4.20792
-1.00231            -1.90784             4.20792
-1.00231            -1.90784             4.20792
-0.504654            -2.43842             3.24549
-0.504654            -2.43842             3.24549
-1.14822             -2.1527             2.02905
-2.46927            -4.14146             3.33428
-3.31184            -2.21369             1.89723
-1.78477            -2.71772             3.87818
-0.416865            -4.49679             5.13666
-0.416865            -4.49679             5.13666
-3.24388              -1.983             4.75565
-4.21334            -4.21639             4.27256
-4.21334            -4.21639             4.27256
-4.21334            -4.21639             4.27256
-4.47205            -4.81072               6.039
-4.47205            -4.81072               6.039
-2.83568            -2.93467             4.80933
-3.30084            -5.31135              5.5119
-1.05481            -3.29648               5.017
-1.05481            -3.29648               5.017
-1.37657             -4.6153             2.93088
-2.44517            -4.58947             1.48908
-2.44517            -4.58947             1.48908
-1.61377            -4.93723             1.91972
-1.61377            -4.93723             1.91972
-1.61377            -4.93723             1.91972
-2.22112            -3.27017             3.05229
-3.93109            -1.49174             1.78287
-3.93109            -1.49174             1.78287
-3.93109            -1.49174             1.78287
-3.18054            -1.11302            0.720628
-0.626503           -0.649501             1.57457
-0.626503           -0.649501             1.57457
0.330042            -2.91367             4.28093
2.91956           -0.182286             2.20954
2.04452             2.70325             2.14272
1.97223            0.822937             2.01756
1.97223            0.822937             2.01756
1.97223            0.822937             2.01756
0.814602            -1.37169               3.608
0.814602            -1.37169               3.608
0.814602            -1.37169               3.608
2.81977             1.51797             1.38565
1.31178             3.34641             1.97243
1.31178             3.34641             1.97243
1.31178             3.34641             1.97243
1.31178             3.34641             1.97243
1.31178             3.34641             1.97243
1.31178             3.34641             1.97243
1.62514             2.59765             3.73594
1.62514             2.59765             3.73594
1.62514             2.59765             3.73594
1.62514             2.59765             3.73594
4.38307            0.252014             6.54251
4.38307            0.252014             6.54251
5.15712            0.300415             8.11161
5.15712            0.300415             8.11161
5.15712            0.300415             8.11161
4.40462             3.21378             9.75174
4.2485             3.95203             10.6134
1.47014             4.67687             9.43385
0.192491             6.39898             6.53153
1.09032             4.31314             8.13004
1.09032             4.31314             8.13004
1.09032             4.31314             8.13004
1.09032             4.31314             8.13004
0.122585             2.09735             9.58538
1.67987            0.712094              6.8872
0.228139            -1.85169             5.57259
-2.31274            -1.94025              6.9237
-2.70555            -2.22349             4.87894
-2.70555            -2.22349             4.87894
-1.16584           -0.533598             5.65968
-1.16584           -0.533598             5.65968
-1.16584           -0.533598             5.65968
1.75353            -2.38924             3.99367
-0.35278            0.259113             4.93667
-0.35278            0.259113             4.93667
2.22367            0.633413             2.58921
2.22367            0.633413             2.58921
1.89523             1.49757             4.25841
1.89523             1.49757             4.25841
1.89523             1.49757             4.25841
1.89523             1.49757             4.25841
1.49609           -0.770149             5.24674
3.27333            -2.03662             3.36888
3.27333            -2.03662             3.36888
1.8627            -1.26115             5.01423
1.8627            -1.26115             5.01423
-0.350033            -1.69698             6.38059
-0.350033            -1.69698             6.38059
0.297702            -3.73971             3.71531
0.297702            -3.73971             3.71531
0.297702            -3.73971             3.71531
0.297702            -3.73971             3.71531
0.297702            -3.73971             3.71531
-1.68354            -1.14216             3.39773
-1.68354            -1.14216             3.39773
0.703817          -0.0400448             4.36096
-2.13472            -1.98202             2.92006
-0.957655            -2.19746             4.84202
1.61295            0.199917             2.50992
1.61295            0.199917             2.50992
1.61295            0.199917             2.50992
1.61295            0.199917             2.50992
1.61295            0.199917             2.50992
1.61295            0.199917             2.50992
-0.336023            -1.39264            0.890532
-0.336023            -1.39264            0.890532
-0.336023            -1.39264            0.890532
1.33452            -1.94375             2.81955
-0.570328            -2.51545             4.03958
-0.570328            -2.51545             4.03958
-0.718804            -2.88268             3.43158
-0.718804            -2.88268             3.43158
-0.718804            -2.88268             3.43158
-0.899407            -5.65295             5.13467
1.39652            -5.16854             5.35282
1.72026            -4.76355             4.60008
0.15414            -4.18596             3.95108
2.15567            -2.87294              6.1459
2.19873            -1.93728             4.98392
0.0958875            0.724442              4.2373
-0.773761              1.1507             2.21832
-3.72341             1.27891             3.12629
-3.72341             1.27891             3.12629
-3.72341             1.27891             3.12629
-3.06333             3.24542             2.10955
-3.06333             3.24542             2.10955
-3.06333             3.24542             2.10955
-3.06333             3.24542             2.10955
-4.29553             1.30314             3.31828
-1.64358             3.67112             2.58341
-1.78649             2.01164             2.95728
-1.78649             2.01164             2.95728
-1.78649             2.01164             2.95728
0.0392297          -0.0742712              3.7292
0.0392297          -0.0742712              3.7292
-0.146257             2.53868             6.60172
-0.368158            0.438923             3.99619
-0.368158            0.438923             3.99619
-0.368158            0.438923             3.99619
-0.368158            0.438923             3.99619
-0.368158            0.438923             3.99619
1.20918             1.13275             2.68388
0.470574              2.6094              3.7095
0.470574              2.6094              3.7095
0.470574              2.6094              3.7095
1.77565             1.07869             5.41855
1.77565             1.07869             5.41855
1.77565             1.07869             5.41855
1.77565             1.07869             5.41855
1.77565             1.07869             5.41855
1.57801           0.0673541             6.35673
1.79836            -2.63949             8.54996
1.79836            -2.63949             8.54996
1.79836            -2.63949             8.54996
1.50505            0.219653             6.79863
-0.0725768             0.51837             6.52913
-1.91721            0.166667             6.73061
-1.91721            0.166667             6.73061
0.578395             1.59753             7.20006
2.4189             0.25539               4.789
2.4189             0.25539               4.789
2.4189             0.25539               4.789
3.07102            -2.27223             3.64572
3.07102            -2.27223             3.64572
3.07102            -2.27223             3.64572
2.45185           -0.142656              4.1144
5.17817            -2.35255             4.11051
5.64247            -1.08621             2.34413
5.64247            -1.08621             2.34413
5.64247            -1.08621             2.34413
5.80281             1.43281             4.98548
4.99759             1.30543             6.72677
4.99759             1.30543             6.72677
4.99759             1.30543             6.72677
3.83372             4.00625              4.6823
3.83372             4.00625              4.6823
1.47415             5.63296             2.64123
1.47415             5.63296             2.64123
1.47415             5.63296             2.64123
1.30055             5.30011             2.81616
1.30055             5.30011             2.81616
-0.0185792             5.34159              3.6609
-1.71981             4.01875             2.74202
-1.71981             4.01875             2.74202
-1.74365              5.3755             3.94312
-1.74365              5.3755             3.94312
-1.12711             4.37861             6.17581
-1.12711             4.37861             6.17581
-3.12489             4.48608             6.14858
-2.71116             1.62496             6.96464
-2.71116             1.62496             6.96464
-4.40881              3.8599             7.53065
-5.37378              1.8712             5.20426
-5.19956             4.80173              3.2541
-5.19956             4.80173              3.2541
-7.33017             2.04845             4.40965
-5.49315             2.88243             3.38163
-6.62716            0.903468             3.27671
-8.14871            0.704269             4.91793
-7.86064           -0.739283             4.58621
-7.86064           -0.739283             4.58621
-7.86064           -0.739283             4.58621
-4.95921            -2.63838             4.34955
-4.95921            -2.63838             4.34955
-4.35951            -3.51183             6.35157
-4.35951            -3.51183             6.35157
-4.35951            -3.51183             6.35157
-3.3851            -2.51007             3.55324
-3.3851            -2.51007             3.55324
-3.3851            -2.51007             3.55324
-3.3851            -2.51007             3.55324
-3.3851            -2.51007             3.55324
-4.97615             -2.3862             5.61451
-4.97615             -2.3862             5.61451
-3.2469           -0.999866             4.17423
-1.38237            0.843619             1.57915
-1.38237            0.843619             1.57915
-3.16083             1.49787             4.08252
-3.16083             1.49787             4.08252
-3.67892             1.32721             1.98545
-3.67892             1.32721             1.98545
-3.17893             1.20224             1.57807
-3.17893             1.20224             1.57807
-1.58629           -0.522474             2.24461
-2.56598            -0.89676             2.90484
-2.56598            -0.89676             2.90484
-2.56598            -0.89676             2.90484
-2.56598            -0.89676             2.90484
-2.56598            -0.89676             2.90484
-2.56598            -0.89676             2.90484
-1.0868            0.338168             2.24377
-1.0868            0.338168             2.24377
-1.0868            0.338168             2.24377
-3.98886             1.17818             4.84099
-3.98886             1.17818             4.84099
-3.98886             1.17818             4.84099
-3.98886             1.17818             4.84099
-3.98886             1.17818             4.84099
-4.88382             2.51912             4.61017
-4.587             1.87656             6.61122
-6.0289             2.27085             4.15896
-6.0289             2.27085             4.15896
-4.29409             2.89523             7.02603
-4.39587             5.29104             5.08585
-4.21964             3.29022             5.18883
-4.21964             3.29022             5.18883
-2.2988            0.348761             3.16872
-2.2988            0.348761             3.16872
-2.2988            0.348761             3.16872
-2.2988            0.348761             3.16872
-2.2988            0.348761             3.16872
-2.2988            0.348761             3.16872
-2.2988            0.348761             3.16872
0.142992           -0.919448             5.11592
1.65782            -2.68014             2.54287
1.65782            -2.68014             2.54287
-1.17904            -4.61708             3.26302
-3.25617            -3.40161             5.62099
-1.91237            -2.08309             4.10088
-1.91237            -2.08309             4.10088
-1.91237            -2.08309             4.10088
-2.59195           -0.917264             3.54593
-3.35198            -2.47436             2.99511
-3.23329            -1.37008             5.02216
-3.23329            -1.37008             5.02216
-4.90843           0.0644845              2.2217
-4.90843           0.0644845              2.2217
-4.90843           0.0644845              2.2217
-3.13326             1.45626             1.28654
-3.13326             1.45626             1.28654
-1.71863          -0.0589484              2.2307
-1.71863          -0.0589484              2.2307
-1.71863          -0.0589484              2.2307
-1.71863          -0.0589484              2.2307
-1.71863          -0.0589484              2.2307
-1.71863          -0.0589484              2.2307
-2.17207           -0.539757            0.404018
-4.99493            0.251031             1.94792
-4.99493            0.251031             1.94792
-5.17155             1.84208             3.32187
-5.9321           -0.190928             3.92792
-3.49806             2.05753             2.88169
-2.03541             1.80965              1.0871
-0.511895           -0.258968            -1.39777
-0.511895           -0.258968            -1.39777
-0.511895           -0.258968            -1.39777
-0.0145882           -0.048913            -2.92716
-0.0145882           -0.048913            -2.92716
-0.0145882           -0.048913            -2.92716
-0.0145882           -0.048913            -2.92716
-0.0145882           -0.048913            -2.92716
-0.0145882           -0.048913            -2.92716
-2.09544            -2.12134            -3.25734
-2.09544            -2.12134            -3.25734
-0.866404            0.593865            -6.04499
-0.435114             1.97259            -4.81466
-0.489374           -0.633683            -2.26887
-0.489374           -0.633683            -2.26887
-0.489374           -0.633683            -2.26887
-0.489374           -0.633683            -2.26887
-2.59353             2.13213            -3.55385
-1.30446             1.34699            -2.71495
0.127595             3.46068            -1.72147
-0.654417             2.91079           -0.819033
1.99244             3.05058            -1.55587
1.99244             3.05058            -1.55587
2.577             4.63183            -1.91979
2.577             4.63183            -1.91979
2.577             4.63183            -1.91979
-0.242359             3.81364           -0.896275
-2.30915             3.89577            -2.90163
-2.30915             3.89577            -2.90163
-2.30915             3.89577            -2.90163
-2.30915             3.89577            -2.90163
-2.30915             3.89577            -2.90163
-2.30915             3.89577            -2.90163
-2.30915             3.89577            -2.90163
-3.05785             5.98563             -3.8832
-4.44535             3.56582            -6.14311
-1.78521             3.81542            -6.96227
-0.542163              1.1031            -7.37751
-3.19692            0.348105            -7.91138
-3.19692            0.348105            -7.91138
-1.41305             -1.5028            -6.37496
-1.41305             -1.5028            -6.37496
-2.45299            -2.21872            -6.06822
-0.566698            -4.11607            -5.11915
-0.566698            -4.11607            -5.11915
0.68101            -2.00602            -5.98997
-1.45549           -0.460556            -5.79322
-1.42209           -0.350436            -6.93659
-1.42209           -0.350436            -6.93659
-3.28252             2.32016            -5.35942
-3.28252             2.32016            -5.35942
-4.25317             3.01139            -2.63081
-4.25317             3.01139            -2.63081
-6.59831             3.26055            -3.76152
-6.59831             3.26055            -3.76152
-6.59831             3.26055            -3.76152
-7.51979             1.24866              -4.156
-5.12543             4.19311            -2.52383
-3.22661             4.50582            -2.01559
-3.22661             4.50582            -2.01559
-0.474231             3.69656            0.968055
-0.474231             3.69656            0.968055
-0.474231             3.69656            0.968055
-0.204511             5.59191             2.49606
-0.204511             5.59191             2.49606
0.677086             3.14222             4.79967
0.677086             3.14222             4.79967
-1.24518            0.218211             6.26945
-2.98116             1.54173             4.52982
-2.88438             3.22305             4.49655
-2.88438             3.22305             4.49655
-2.88438             3.22305             4.49655
-2.88438             3.22305             4.49655
-1.80887             2.83762             2.76993
-1.80887             2.83762             2.76993
-3.68431              4.5793             4.21454
-1.76104             3.96025             3.37954
0.790035             1.54242             1.84381
-2.00402             1.82809             2.66647
-2.00402             1.82809             2.66647
-2.00402             1.82809             2.66647
0.84494           -0.480112             3.32811
0.936938           -0.163247             3.81621
-1.30477            -1.21455             5.58539
-2.36899            -2.32618             3.90468
-2.36899            -2.32618             3.90468
-2.36899            -2.32618             3.90468
-0.424647            -2.25957             4.64586
1.67896            -3.86688             2.98815
1.67896            -3.86688             2.98815
1.67896            -3.86688             2.98815
3.68106            -5.18669             5.83819
3.68106            -5.18669             5.83819
3.68106            -5.18669             5.83819
4.62565            -3.14424             5.29714
5.07164            -1.98303             4.48742
5.07164            -1.98303             4.48742
2.62723            -4.76684             2.27873
2.62723            -4.76684             2.27873
2.62723            -4.76684             2.27873
2.62723            -4.76684             2.27873
2.62723            -4.76684             2.27873
3.04685            -6.53396             4.15102
4.1359             -5.4193             2.07926
4.1359             -5.4193             2.07926
4.1359             -5.4193             2.07926
6.193            -2.89435             4.45192
5.29266            -3.05237             1.64212
5.29266            -3.05237             1.64212
4.80432            -3.66642             2.10986
4.80432            -3.66642             2.10986
3.77895            -5.22294             4.50254
3.96733            -3.30559             3.45787
3.96733            -3.30559             3.45787
3.43817            -3.07258             2.40102
0.749612            -4.27818            0.765734
2.1368            -3.03842            -1.39611
2.1368            -3.03842            -1.39611
2.1368            -3.03842            -1.39611
2.1368            -3.03842            -1.39611
2.45647             -4.2359            -2.66341
1.12916            -4.86895            -2.75434
0.551223            -4.82854            -4.37087
0.609096             -4.8965            -2.63728
0.609096             -4.8965            -2.63728
0.609096             -4.8965            -2.63728
0.609096             -4.8965            -2.63728
0.609096             -4.8965            -2.63728
3.42419            -2.65401            -2.80849
2.89047            -1.33566            -1.67939
2.89047            -1.33566            -1.67939
2.89047            -1.33566            -1.67939
2.87194            -1.84055            -4.62125
2.87194            -1.84055            -4.62125
2.87194            -1.84055            -4.62125
1.54445           0.0974439             -3.0138
1.54445           0.0974439             -3.0138
-0.0140991            0.496685            -4.30171
0.762731           -0.775693              -2.044
0.762731           -0.775693              -2.044
0.762731           -0.775693              -2.044
-1.2962             1.92097            -1.09965
1.25609             1.75805           -0.796872
1.25609             1.75805           -0.796872
2.32922             4.46127            -2.95905
2.24989             4.45768            -5.89398
0.117786             5.45577             -6.7705
0.117786             5.45577             -6.7705
-1.83865             3.35642            -7.46318
-1.83865             3.35642            -7.46318
0.0661004              2.4657            -7.96989
0.191632            0.212098            -5.11344
0.191632            0.212098            -5.11344
0.191632            0.212098            -5.11344
0.500428            -1.52245            -2.15951
0.500428            -1.52245            -2.15951
0.500428            -1.52245            -2.15951
0.500428            -1.52245            -2.15951
0.500428            -1.52245            -2.15951
0.500428            -1.52245            -2.15951
-1.24662            -1.57357            -3.25241
-1.24662            -1.57357            -3.25241
-1.24662            -1.57357            -3.25241
0.515205            -2.20141            -2.03168
0.515205            -2.20141            -2.03168
0.515205            -2.20141            -2.03168
0.548135           -0.397657            -3.34607
0.548135           -0.397657            -3.34607
0.548135           -0.397657            -3.34607
-1.36515           -0.143482            -1.08372
-1.36515           -0.143482            -1.08372
-0.620271            -1.01165             1.10056
1.48241            0.472066            0.904388
2.01458             1.31443             3.81177
1.51726             2.37262             2.02093
0.78183            0.294314             1.53826
0.78183            0.294314             1.53826
0.78183            0.294314             1.53826
0.78183            0.294314             1.53826
0.925611            0.476241            -1.24979
0.925611            0.476241            -1.24979
0.925611            0.476241            -1.24979
2.38189            -1.38612             1.37227
2.38189            -1.38612             1.37227
2.38189            -1.38612             1.37227
2.38189            -1.38612             1.37227
1.29976            0.570799             3.43361
1.69549             0.57988             1.93024
1.69549             0.57988             1.93024
1.69549             0.57988             1.93024
0.0525571            -2.04503             1.74064
0.0525571            -2.04503             1.74064
0.0525571            -2.04503             1.74064
0.0260541            -2.06465             1.96503
0.0260541            -2.06465             1.96503
0.0260541            -2.06465             1.96503
0.0260541            -2.06465             1.96503
0.0260541            -2.06465             1.96503
0.0260541            -2.06465             1.96503
0.0260541            -2.06465             1.96503
0.0260541            -2.06465             1.96503
0.0260541            -2.06465             1.96503
0.0260541            -2.06465             1.96503
0.0260541            -2.06465             1.96503
0.0260541            -2.06465             1.96503
-0.0775071            -1.51738             1.29608
-0.0775071            -1.51738             1.29608
-0.0775071            -1.51738             1.29608
-0.975737             -1.4009            -1.24616
-0.975737             -1.4009            -1.24616
-1.47216            -2.68025           -0.998536
-1.47216            -2.68025           -0.998536
-1.47216            -2.68025           -0.998536
-0.366667            -3.87259            -3.59057
0.720192            -1.47587             -3.9156
0.720192            -1.47587             -3.9156
2.82079              -2.859            -5.60402
2.46716            -1.83423             -3.4368
-0.0599759            0.910131           -0.528052
-0.962813             1.32833             2.13115
-0.962813             1.32833             2.13115
-0.962813             1.32833             2.13115
-0.962813             1.32833             2.13115
-0.962813             1.32833             2.13115
-0.962813             1.32833             2.13115
-0.962813             1.32833             2.13115
-0.962813             1.32833             2.13115
-0.962813             1.32833             2.13115
-0.962813             1.32833             2.13115
0.900123           -0.387358             1.87317
0.900123           -0.387358             1.87317
3.06875            -2.31522             1.75385
2.16759           -0.999142             2.77132
2.16759           -0.999142             2.77132
2.16759           -0.999142             2.77132
0.152383           -0.527936             0.92723
0.152383           -0.527936             0.92723
2.98014            0.619078             2.76242
2.98014            0.619078             2.76242
2.98014            0.619078             2.76242
2.98014            0.619078             2.76242
5.83644             3.27348             5.44993
5.83644             3.27348             5.44993
5.83644             3.27348             5.44993
5.16242             2.99203             4.04658
3.92883             4.07776             3.15361
4.77156             1.88555             3.39606
1.92234             1.15806             2.58037
1.92234             1.15806             2.58037
1.92234             1.15806             2.58037
1.92234             1.15806             2.58037
1.0381             1.60583             1.45454
1.0381             1.60583             1.45454
1.0381             1.60583             1.45454
1.0381             1.60583             1.45454
2.3943             1.66702             2.76907
2.3943             1.66702             2.76907
2.3943             1.66702             2.76907
0.333842              1.7013             4.54421
-1.63155           -0.885021             2.48843
-1.63155           -0.885021             2.48843
-1.63155           -0.885021             2.48843
-1.63155           -0.885021             2.48843
0.588682            -1.90511             1.20136
0.588682            -1.90511             1.20136
0.588682            -1.90511             1.20136
0.588682            -1.90511             1.20136
0.292185            -3.30737             2.85414
-1.37754            -1.48302             5.43231
-1.37754            -1.48302             5.43231
-2.13066             1.07536             4.26342
-2.83821            -1.79819             3.35803
-2.83821            -1.79819             3.35803
0.0302623           -0.718468             1.25665
0.0302623           -0.718468             1.25665
0.0302623           -0.718468             1.25665
0.0302623           -0.718468             1.25665
0.0302623           -0.718468             1.25665
0.0302623           -0.718468             1.25665
0.0302623           -0.718468             1.25665
0.0302623           -0.718468             1.25665
0.800996             1.84356             3.18746
0.0608565             1.64228             2.48181
0.0608565             1.64228             2.48181
-2.69154            0.247974             3.94776
0.0921394            -2.65073             5.51768
0.0921394            -2.65073             5.51768
-2.21117            -2.04948             7.06107
-4.60268            -0.85538             5.33828
-4.60268            -0.85538             5.33828
-2.40678            -1.50141             6.26241
-3.95978            -2.41464              3.5791
-3.25381            0.238402             5.20017
-0.506596             2.95897             4.54052
-1.68844             3.26533              3.6973
-1.68844             3.26533              3.6973
-1.68844             3.26533              3.6973
0.958738             1.83258            0.756276
-0.0539548             3.46708            -1.18444
1.00608             1.71488             1.30532
1.00608             1.71488             1.30532
-0.0488242            -1.07202             4.19937
-0.0488242            -1.07202             4.19937
-0.523035            0.754467             2.35619
-0.523035            0.754467             2.35619
-2.87856            0.179838             1.91382
-0.0911738            -1.59277             3.78864
1.19253            0.149407             2.13819
1.39989            -1.03261             4.25205
2.22597            0.803494             2.40138
0.546054             1.70528             1.21721
-1.75464             2.61008             3.87259
-1.75464             2.61008             3.87259
-2.00643            0.479716             3.82008
-1.64137            -2.37148             4.16726
0.667012            -3.23712             3.24479
2.45298            -3.00618             3.11752
1.57428           -0.699209             3.29564
1.57428           -0.699209             3.29564
0.333264            -2.36158             1.96624
0.333264            -2.36158             1.96624
0.333264            -2.36158             1.96624
1.11003            -1.30147              3.0077
1.11003            -1.30147              3.0077
1.11003            -1.30147              3.0077
1.11003            -1.30147              3.0077
1.11003            -1.30147              3.0077
1.11003            -1.30147              3.0077
1.11003            -1.30147              3.0077
1.11003            -1.30147              3.0077
1.11003            -1.30147              3.0077
-0.322452            -1.81031             3.46385
-0.322452            -1.81031             3.46385
-0.322452            -1.81031             3.46385
-0.322452            -1.81031             3.46385
-0.322452            -1.81031             3.46385
-0.322452            -1.81031             3.46385
-0.724462            0.666478             4.57542
-3.42844            0.552153             2.57869
-3.42844            0.552153             2.57869
-1.02462            0.309744             4.47926
0.340384            -2.27981             6.38714
0.340384            -2.27981             6.38714
0.340384            -2.27981             6.38714
0.157336           -0.507746             7.03499
1.55816           -0.376331             6.90747
2.9822            -1.60639             7.16556
2.35173            -3.15525             6.79687
2.35173            -3.15525             6.79687
2.35173            -3.15525             6.79687
-0.191779            -5.32205             8.00451
2.04489            -3.94576             7.11754
-0.444919            -4.54643             6.93961
-0.444919            -4.54643             6.93961
-1.70421            -2.91072             8.44248
-1.70421            -2.91072             8.44248
-1.70421            -2.91072             8.44248
-1.39161            -0.35096             10.6617
-1.39161            -0.35096             10.6617
0.063376           -0.255757             10.1623
0.063376           -0.255757             10.1623
-1.43132            -1.69369             8.71039
-2.61482            -3.61288             7.31338
-0.36922            -1.41164             9.99824
2.42938           -0.441124               8.917
1.35545           -0.469953             9.10247
0.00263793             1.71578              6.6516
-2.31557            0.658941             5.85478
-1.92261             1.79591             3.99637
-1.92261             1.79591             3.99637
-1.92261             1.79591             3.99637
-1.92261             1.79591             3.99637
-2.5235             2.12474             2.66162
-2.5235             2.12474             2.66162
-2.5235             2.12474             2.66162
-2.5235             2.12474             2.66162
-1.78921             4.25879             4.07275
-1.48679             2.33048             4.28041
1.23721            0.600016             3.85594
1.23721            0.600016             3.85594
1.23721            0.600016             3.85594
0.877861             1.18961             1.50102
1.34719            -1.11852             2.03323
1.34719            -1.11852             2.03323
3.17514            0.703332             1.45324
1.64133             2.68577             2.44479
1.64133             2.68577             2.44479
2.49901            0.110169             5.04635
-0.386425            0.352078             5.81122
0.768254             2.29158             3.85318
1.86129             1.73859             1.50713
1.86129             1.73859             1.50713
1.86129             1.73859             1.50713
1.68962          -0.0716404             4.37699
1.13077           -0.202765             1.63234
1.13077           -0.202765             1.63234
0.216395            0.195961            -1.21454
-0.438439            -0.18772            -2.14042
-0.438439            -0.18772            -2.14042
0.560034             2.31118            -2.59507
0.721931             2.57703            -1.91703
3.28347             1.38269            -3.09457
3.28347             1.38269            -3.09457
0.915654             1.39794            -2.24084
0.915654             1.39794            -2.24084
0.915654             1.39794            -2.24084
-1.00319             3.78459            -3.81511
-1.00319             3.78459            -3.81511
-0.557932              5.4224            -2.95914
1.49725             6.09378            -4.28245
3.03395             5.37366            -1.65273
5.00526             2.61063            -1.04169
5.00526             2.61063            -1.04169
5.25426             4.12078            -1.79652
3.1774              5.1581            -2.26349
3.1774              5.1581            -2.26349
4.97702             2.47884            -3.64257
5.04758            0.229977            -5.75516
4.80328            -1.73279            -3.28135
3.21975          -0.0976376            -5.38827
3.21975          -0.0976376            -5.38827
3.21975          -0.0976376            -5.38827
3.58095             2.14681            -6.01924
2.86034           -0.635015            -3.04839
0.0124664            -1.91046             -2.3915
0.0124664            -1.91046             -2.3915
-2.39944            -4.15205            -2.57096
-3.16825            -1.75417            -1.58862
-3.07165            -1.52863            -2.48901
-1.27756              1.4697            -2.80772
-1.27756              1.4697            -2.80772
-1.27756              1.4697            -2.80772
-1.64011              4.1625            -4.87361
-1.64011              4.1625            -4.87361
-2.23282             4.00728            -4.45144
-3.48969             2.34557            -5.53652
-4.05282          -0.0224897            -6.33236
-5.20077           -0.679786            -6.18057
-7.25113            -3.51502            -6.37358
-7.79363            -1.56268            -4.67051
-6.07342            -2.39658            -5.66789
-6.07342            -2.39658            -5.66789
-6.07342            -2.39658            -5.66789
-6.28711          -0.0480974             -8.2396
-6.28711          -0.0480974             -8.2396
-6.28711          -0.0480974             -8.2396
-8.26091             2.71681            -5.58696
-8.26091             2.71681            -5.58696
-8.26091             2.71681            -5.58696
-7.81109             1.77152            -7.26004
-7.81109             1.77152            -7.26004
-5.95936           -0.369017            -8.26004
-7.16626            -2.96725            -6.22881
-7.16626            -2.96725            -6.22881
-4.6317            -5.24701             -3.6188
-1.73007            -3.96967             -2.0761
-1.73007            -3.96967             -2.0761
-0.960056            -1.86855            -1.32629
-0.960056            -1.86855            -1.32629
-1.592            -1.62734            0.580862
-1.10058            -2.70438            -1.66199
-1.10058            -2.70438            -1.66199
-3.27382            -2.94793             -2.4918
-3.27382            -2.94793             -2.4918
-3.27382            -2.94793             -2.4918
-3.27382            -2.94793             -2.4918
-1.35809           -0.428391            -1.76935
-1.35809           -0.428391            -1.76935
-1.35809           -0.428391            -1.76935
-1.35809           -0.428391            -1.76935
-1.35809           -0.428391            -1.76935
0.255581             1.95581            -1.74592
0.255581             1.95581            -1.74592
0.255581             1.95581            -1.74592
-1.14194             1.21691           -0.766986
-1.14194             1.21691           -0.766986
-1.14194             1.21691           -0.766986
-1.14194             1.21691           -0.766986
-3.35097           -0.291996            -1.92733
-3.35097           -0.291996            -1.92733
-5.04062            0.724624            -4.27399
-5.04062            0.724624            -4.27399
-5.04062            0.724624            -4.27399
-5.04062            0.724624            -4.27399
-5.04062            0.724624            -4.27399
-7.36117              0.8294            -3.48801
-7.36117              0.8294            -3.48801
-7.36117              0.8294            -3.48801
-6.74483            0.302846            -3.13814
-5.59075            0.171657            -5.53987
-8.4611            -1.52745            -5.80151
-7.39395            0.518675            -7.06115
-5.21615            -1.71003            -6.67399
-8.08324            -3.51202            -4.30909
-8.08324            -3.51202            -4.30909
-9.28038            -3.93935            -4.35831
-9.28038            -3.93935            -4.35831
-9.28038            -3.93935            -4.35831
-6.67776            -3.62164            -6.39306
-5.31405            -3.65477            -8.17778
-4.42457            -1.80193            -5.47126
-4.42457            -1.80193            -5.47126
-3.24648            0.707619            -7.47896
-3.24648            0.707619            -7.47896
-3.24648            0.707619            -7.47896
-3.24648            0.707619            -7.47896
-6.22758            0.948519            -6.46772
-3.4621           -0.174354            -4.47428
-3.4621           -0.174354            -4.47428
-3.4621           -0.174354            -4.47428
-2.65557            -2.31758            -3.11349
-2.28431           -0.102519            -6.04122
0.0865488          -0.0206349            -4.32081
0.0865488          -0.0206349            -4.32081
0.0865488          -0.0206349            -4.32081
-0.896166             1.07492            -1.80291
-0.896166             1.07492            -1.80291
-0.896166             1.07492            -1.80291
-0.896166             1.07492            -1.80291
-1.95053             1.51759            0.580952
-2.11692            0.606319             2.77414
-2.11692            0.606319             2.77414
-2.11692            0.606319             2.77414
-2.11692            0.606319             2.77414
-2.11692            0.606319             2.77414
-0.614398              -0.169            0.957495
-0.614398              -0.169            0.957495
-2.68922            -1.96148             3.65053
-2.68922            -1.96148             3.65053
-1.51239         -0.00627998             4.41003
0.396859          -0.0921954             5.19392
0.396859          -0.0921954             5.19392
0.396859          -0.0921954             5.19392
-1.71906            0.349912             4.68449
-2.25533             2.27507             3.46878
-2.25533             2.27507             3.46878
-2.25533             2.27507             3.46878
-2.37975              1.2375             1.83095
0.299252            -1.71538             1.67054
0.299252            -1.71538             1.67054
0.299252            -1.71538             1.67054
0.610702           -0.420495             2.91261
0.610702           -0.420495             2.91261
-0.923739            0.144538             2.88304
-0.632969            -1.88095             5.20356
-2.6156          -0.0111864             3.74137
-2.6156          -0.0111864             3.74137
-0.12334            -1.66015             5.03691
-0.12334            -1.66015             5.03691
-3.0633            0.656166             3.75397
-3.0633            0.656166             3.75397
-1.81613            -1.66317             3.33616
0.534443           -0.868134             1.54985
0.534443           -0.868134             1.54985
0.488034           -0.704372             2.56523
0.488034           -0.704372             2.56523
0.0211855             1.54408            0.993342
0.0211855             1.54408            0.993342
0.0211855             1.54408            0.993342
0.496203            -1.35954            -1.61217
0.496203            -1.35954            -1.61217
0.496203            -1.35954            -1.61217
0.0120494            -0.33176            -4.16113
0.70564             1.89622            -2.42746
-0.795498           -0.601933           -0.820342
-0.795498           -0.601933           -0.820342
-0.795498           -0.601933           -0.820342
-0.795498           -0.601933           -0.820342
-0.795498           -0.601933           -0.820342
-0.764895            -1.09511             0.80876
-0.764895            -1.09511             0.80876
0.276011           -0.403176            0.719694
0.276011           -0.403176            0.719694
0.451115            0.849101            -1.41287
0.451115            0.849101            -1.41287
0.451115            0.849101            -1.41287
0.451115            0.849101            -1.41287
0.451115            0.849101            -1.41287
1.58961           -0.398078            -1.70398
4.02463            -2.84526            -3.90609
4.02463            -2.84526            -3.90609
3.59086            -2.67215            -5.15315
1.67727           -0.441805            -7.33511
1.67727           -0.441805            -7.33511
1.54106             1.13209             -4.8691
0.824762             0.45336            -1.96724
0.722777            0.879246            -4.96625
0.722777            0.879246            -4.96625
1.39499             2.39792            -3.11137
3.08247             3.55749            -5.75951
2.93192            0.963201            -6.06983
2.70039           -0.739439            -7.02939
1.6831            -2.26865            -6.91751
-0.154952           -0.965233            -4.97285
-0.154952           -0.965233            -4.97285
-0.154952           -0.965233            -4.97285
-0.154952           -0.965233            -4.97285
-1.3383            -2.13835            -4.71075
-1.3383            -2.13835            -4.71075
-1.3383            -2.13835            -4.71075
-3.58196           -0.216672            -3.80954
-4.75251            0.390758            -3.86956
-1.98195           -0.898751            -3.21548
-1.98195           -0.898751            -3.21548
-1.98195           -0.898751            -3.21548
-4.00424            0.508364            -2.87009
-1.59643             2.08356            -5.64934
-1.4308             2.77239            -2.88051
-0.99516             1.39292             -2.8242
-0.99516             1.39292             -2.8242
-0.0598582             2.54054            -3.90385
-0.0598582             2.54054            -3.90385
-0.0598582             2.54054            -3.90385
2.77802             1.12182             -3.6325
2.77802             1.12182             -3.6325
1.22621              3.2712            -2.97024
1.22621              3.2712            -2.97024
0.265167             3.02243            -5.42506
-0.192345             2.36983            -4.09303
1.6954           -0.189738            -4.43022
1.6954           -0.189738            -4.43022
1.6954           -0.189738            -4.43022
1.6954           -0.189738            -4.43022
0.606039            -2.98514            -4.87752
0.606039            -2.98514            -4.87752
1.66965           -0.826685            -3.13872
-0.579402             2.14764            -3.33756
-2.63756             3.91503            -4.24953
-2.63756             3.91503            -4.24953
-2.63756             3.91503            -4.24953
-2.63756             3.91503            -4.24953
-3.40117             4.95107            -2.94049
-3.40117             4.95107            -2.94049
-3.40117             4.95107            -2.94049
-3.40117             4.95107            -2.94049
-3.99684             7.05067             -4.4042
-1.55077              7.7212            -3.47515
-1.55077              7.7212            -3.47515
-1.55077              7.7212            -3.47515
-1.55077              7.7212            -3.47515
-1.55077              7.7212            -3.47515
-0.487251             7.80598            -2.68543
2.11295             6.16171            -2.90974
-0.483566             5.12175            -1.37921
-1.30295             2.70016            -1.15159
0.341091             4.87855             -3.5395
-0.709195             5.19144            -3.87223
-0.902472             2.73032            -2.80793
-0.902472             2.73032            -2.80793
-1.60653             2.60309            -2.74932
-1.60653             2.60309            -2.74932
-1.90256             3.80936            -5.69688
-1.90256             3.80936            -5.69688
0.438102             2.63675            -4.39883
1.37566             1.66693            -6.06047
1.37566             1.66693            -6.06047
1.31813             1.54478            -3.96958
1.31813             1.54478            -3.96958
1.31813             1.54478            -3.96958
1.31813             1.54478            -3.96958
1.31813             1.54478            -3.96958
1.31813             1.54478            -3.96958
1.31813             1.54478            -3.96958
1.31813             1.54478            -3.96958
0.828615             2.78324            -6.76463
0.828615             2.78324            -6.76463
0.951007            0.417694            -5.68721
0.951007            0.417694            -5.68721
0.951007            0.417694            -5.68721
0.951007            0.417694            -5.68721
0.951007            0.417694            -5.68721
2.15            -2.04207            -4.20742
1.08594           -0.168778            -1.45102
1.08594           -0.168778            -1.45102
1.01818           -0.947697            -2.64028
1.01818           -0.947697            -2.64028
-1.86436           -0.884343           -0.998981
-1.86436           -0.884343           -0.998981
-3.05949           -0.184618            -2.82258
-3.05949           -0.184618            -2.82258
-0.413284            -2.43928            -3.03393
-0.413284            -2.43928            -3.03393
-0.413284            -2.43928            -3.03393
1.85031            0.446874            -4.55879
2.80123            -2.37079            -2.32481
-0.18602             -3.3861            -2.82095
-0.18602             -3.3861            -2.82095
-2.83831            -3.56671            -3.89531
-0.014895            -3.37708            -3.68319
-0.014895            -3.37708            -3.68319
0.811239            -3.92478            -3.42351
0.811239            -3.92478            -3.42351
-1.08235            -2.18924            -1.81135
0.458829            -2.20665            -4.56192
0.458829            -2.20665            -4.56192
-1.80567            -2.01752            -5.39506
-1.80567            -2.01752            -5.39506
0.685361           -0.347418            -3.36929
0.685361           -0.347418            -3.36929
-0.238066            -3.20984             -3.5452
0.712687            -1.63822            -1.41631
-2.19318            -2.13225             1.20224
-1.02142            -2.61573            -1.23639
-1.02142            -2.61573            -1.23639
0.0171315            -0.90873            0.672066
0.0171315            -0.90873            0.672066
0.0171315            -0.90873            0.672066
0.0171315            -0.90873            0.672066
0.757052            0.558192             1.72728
-1.95912           -0.755398             1.31542
-2.37405            -1.41534             1.38726
-2.37405            -1.41534             1.38726
-4.5626           0.0650963             2.03735
-4.5626           0.0650963             2.03735
-4.5626           0.0650963             2.03735
-4.5626           0.0650963             2.03735
-4.5626           0.0650963             2.03735
-4.5626           0.0650963             2.03735
-4.41095             1.80958              3.7594
-4.41095             1.80958              3.7594
-4.41095             1.80958              3.7594
-2.59246             4.35784             3.69113
-2.59246             4.35784             3.69113
-2.59246             4.35784             3.69113
-0.695894             2.62272             6.00748
-0.695894             2.62272             6.00748
-0.695894             2.62272             6.00748
-0.695894             2.62272             6.00748
-0.695894             2.62272             6.00748
-2.17882             1.49268             3.73001
-2.17882             1.49268             3.73001
-2.17882             1.49268             3.73001
-2.17882             1.49268             3.73001
-3.03233             1.16169             2.32553
-3.03233             1.16169             2.32553
-3.03233             1.16169             2.32553
-3.03233             1.16169             2.32553
-3.73226            0.103019             4.98067
-3.72068             2.33809             5.24061
-3.72068             2.33809             5.24061
-3.27206           -0.602544             6.77123
-4.18964            -2.91271             7.18853
-4.18964            -2.91271             7.18853
-1.79199            -5.08979             8.71665
-1.79199            -5.08979             8.71665
-1.79199            -5.08979             8.71665
-1.79199            -5.08979             8.71665
-0.385243            -6.63383             6.33745
-0.385243            -6.63383             6.33745
-0.385243            -6.63383             6.33745
-2.40534            -9.35458             7.56005
0.267214              -9.262              8.3704
3.06972            -6.27728             7.95913
2.70002            -4.45267              6.0189
2.70002            -4.45267              6.0189
2.70002            -4.45267              6.0189
2.70002            -4.45267              6.0189
2.70002            -4.45267              6.0189
3.5722            -2.25007             6.25872
4.95312            0.743916             4.43767
3.75904            -1.76779             3.69312
3.75904            -1.76779             3.69312
5.00178            -0.48882             3.63341
5.45328             -3.3675             3.28004
5.45328             -3.3675             3.28004
5.45328             -3.3675             3.28004
4.44522           -0.821702             3.03049
3.11626            -2.55192             2.77145
0.359161            -2.43968            0.715822
0.356411             -3.4894            -1.31374
-2.48803            -3.98846            -4.27302
-2.48803            -3.98846            -4.27302
-2.48803            -3.98846            -4.27302
-0.837991            -4.04614             -2.2661
-0.837991            -4.04614             -2.2661
-2.36932             -3.3251            -3.75534
-3.94308            -1.67304            -4.58006
-3.94308            -1.67304            -4.58006
-3.94308            -1.67304            -4.58006
-3.94308            -1.67304            -4.58006
-3.94308            -1.67304            -4.58006
-2.37871              1.1256            -2.66454
-2.37871              1.1256            -2.66454
-2.77735            -1.29749            -3.82017
-0.00800209            -3.47429            -3.23982
-1.59044           -0.631674            -4.66905
1.31703            -1.05781            -5.05637
1.31703            -1.05781            -5.05637
2.94269             1.22303            -2.56323
2.94269             1.22303            -2.56323
4.26113           -0.472656            -1.50774
4.26113           -0.472656            -1.50774
4.26113           -0.472656            -1.50774
3.37836            -2.99811            -4.48534
3.75798            -4.51723            -3.58485
5.16759            -4.52862            -4.96299
3.34356            -3.36624            -7.31979
3.34356            -3.36624            -7.31979
3.00504            -3.26044            -7.77504
1.16529            -1.30254            -9.25667
3.5909           -0.883013             -9.1978
1.72797             1.01759            -6.50646
3.21136             3.67191            -6.86452
3.18268             2.50548            -8.61693
3.18268             2.50548            -8.61693
2.02784               5.438             -7.3226
2.39183             3.01297            -6.80999
2.66437               2.207            -8.55587
2.66437               2.207            -8.55587
4.37237             4.62601            -6.34856
4.37237             4.62601            -6.34856
3.3845             6.59802            -7.69384
6.29542             7.21486             -5.6746
6.17747             6.01553            -6.47905
6.17747             6.01553            -6.47905
4.71264              6.2653            -6.02422
1.81423              4.1057            -5.55493
1.372             2.71142            -3.01838
1.372             2.71142            -3.01838
-0.852723            0.824413            -5.70736
1.30056            0.141492            -4.85634
-1.63766             2.13253             -2.1956
-1.63766             2.13253             -2.1956
-0.946698              1.7598            -4.72896
-0.946698              1.7598            -4.72896
-2.10275             3.11316            -7.21553
0.320505             3.74658            -5.31444
2.60607             3.65746            -2.33999
2.60607             3.65746            -2.33999
2.60607             3.65746            -2.33999
-0.145227             1.77374            -5.18167
2.37416             1.83671            -2.94655
1.71257           -0.866457            -2.01095
1.71257           -0.866457            -2.01095
2.20729           -0.826505           -0.768678
0.570602             1.31474           -0.245857
1.70475            0.959618            0.971651
-0.676156          -0.0895561            -1.42253
-1.15046           -0.277337            0.810809
-1.15046           -0.277337            0.810809
-1.15046           -0.277337            0.810809
-1.15046           -0.277337            0.810809
-2.36085           -0.618676             2.02633
-2.36085           -0.618676             2.02633
-2.36085           -0.618676             2.02633
-2.36085           -0.618676             2.02633
-2.36085           -0.618676             2.02633
-2.36085           -0.618676             2.02633
0.380358           -0.846933             3.71483
0.380358           -0.846933             3.71483
0.380358           -0.846933             3.71483
0.380358           -0.846933             3.71483
0.324182             1.43827            0.942048
0.324182             1.43827            0.942048
0.324182             1.43827            0.942048
0.598155          -0.0692831           -0.943797
0.598155          -0.0692831           -0.943797
0.598155          -0.0692831           -0.943797
-0.970159             1.08871             1.14427
-1.48343            0.364807            -1.01164
0.443609             0.11522            -3.85305
1.90212            -1.48586            -6.45666
1.90212            -1.48586            -6.45666
1.90212            -1.48586            -6.45666
-0.187219            -1.37248            -3.67361
-0.593288            -1.35842            -5.41726
-2.46668            -1.16532            -5.02346
-2.46668            -1.16532            -5.02346
-2.46668            -1.16532            -5.02346
-5.11848             -1.1424             -4.3019
-5.11848             -1.1424             -4.3019
-4.39122           -0.165406            -4.35961
-1.97274             -1.8573            -4.13022
-1.97274             -1.8573            -4.13022
-1.97274             -1.8573            -4.13022
-1.99253              0.2692             -3.3176
-1.99253              0.2692             -3.3176
-1.99253              0.2692             -3.3176
-1.99253              0.2692             -3.3176
-1.04333           -0.427082            -1.29714
-1.04333           -0.427082            -1.29714
-0.0464858            0.136331            -2.62586
-0.0464858            0.136331            -2.62586
-0.0464858            0.136331            -2.62586
-0.0464858            0.136331            -2.62586
-0.922919             2.78363             -3.6301
0.163838           -0.106553           -0.713325
0.163838           -0.106553           -0.713325
-0.771384           -0.302793            -1.58281
-0.771384           -0.302793            -1.58281
-0.771384           -0.302793            -1.58281
-0.771384           -0.302793            -1.58281
-0.771384           -0.302793            -1.58281
-0.771384           -0.302793            -1.58281
-3.68191            -3.11176            -3.37787
-2.18133            -1.75661            -5.97212
-2.18133            -1.75661            -5.97212
-0.616529            -3.45924            -5.47714
-0.616529            -3.45924            -5.47714
-2.40928            -2.14435            -5.93433
-0.53158             -1.1341            -5.36246
-0.53158             -1.1341            -5.36246
0.730843             1.70676            -3.01374
0.730843             1.70676            -3.01374
0.0925986            0.520477            -1.87719
0.0925986            0.520477            -1.87719
0.0925986            0.520477            -1.87719
0.0925986            0.520477            -1.87719
2.44294             -0.3475            -4.01575
0.781024             1.22337            -5.33146
-0.912465            -1.72762            -2.96639
-0.912465            -1.72762            -2.96639
-0.912465            -1.72762            -2.96639
-0.912465            -1.72762            -2.96639
-0.912465            -1.72762            -2.96639
-0.912465            -1.72762            -2.96639
-0.682769            -4.11973            -4.00347
-0.682769            -4.11973            -4.00347
-2.84464            -4.68608            -3.13494
-2.84464            -4.68608            -3.13494
-3.6374            -4.89734            -5.05684
-5.99781            -3.43787            -4.45863
-5.4017            -5.93466            -1.80963
-5.4017            -5.93466            -1.80963
-5.43894            -5.60531            -2.44398
-2.84967            -7.89795            -3.55339
-2.76664            -8.40077             -6.3002
-2.76664            -8.40077             -6.3002
-2.76664            -8.40077             -6.3002
-2.76664            -8.40077             -6.3002
-2.76664            -8.40077             -6.3002
-1.00473            -8.66281            -7.89614
-1.00473            -8.66281            -7.89614
-1.00473            -8.66281            -7.89614
-1.00473            -8.66281            -7.89614
-3.32752            -6.51747            -9.01108
-0.393276            -5.05135            -8.20915
-0.393276            -5.05135            -8.20915
-1.47973            -3.45442            -9.57836
-1.47973            -3.45442            -9.57836
1.00546            -4.23938            -11.5291
1.00546            -4.23938            -11.5291
0.192739             -6.5543            -12.2695
1.45109            -3.59294            -11.9897
4.27696            -2.99839            -14.4864
4.27696            -2.99839            -14.4864
5.42237            -4.67637            -13.5271
5.42237            -4.67637            -13.5271
4.10835            -4.25957            -12.9524
4.10835            -4.25957            -12.9524
6.34542            -3.24069            -12.7483
6.34542            -3.24069            -12.7483
6.34542            -3.24069            -12.7483
6.34542            -3.24069            -12.7483
6.33925            -2.24131            -12.1767
7.06544            0.452832            -10.3858
5.90196           -0.658085            -7.78694
5.90196           -0.658085            -7.78694
5.90196           -0.658085            -7.78694
5.42571            -2.84369            -4.86712
5.42571            -2.84369            -4.86712
3.75184           0.0230803            -4.53175
1.23806            -2.40104            -2.37764
-1.33872            -4.28745            -2.55177
-3.70832            -1.91377            -1.78189
-3.70832            -1.91377            -1.78189
-1.54515            -2.22116            0.493215
0.502667            -1.39229            -0.67145
2.25812           -0.871162            -2.04424
2.49194              1.8155            -4.51899
5.0759            0.958923            -2.40794
5.0759            0.958923            -2.40794
5.0759            0.958923            -2.40794
5.22128             1.24304            -4.24451
5.22128             1.24304            -4.24451
5.22128             1.24304            -4.24451
5.22128             1.24304            -4.24451
7.61069           -0.959783            -1.87945
7.61069           -0.959783            -1.87945
5.5319            -0.20723            -2.23997
3.555            -1.02668            -2.33523
3.64403            0.662688            -3.31339
3.64403            0.662688            -3.31339
3.64403            0.662688            -3.31339
3.64403            0.662688            -3.31339
1.19272           -0.876404            -5.67176
1.07589            0.489705            -3.62421
1.07589            0.489705            -3.62421
1.07589            0.489705            -3.62421
1.07589            0.489705            -3.62421
-1.42668           0.0945966           -0.722027
-1.42668           0.0945966           -0.722027
-1.42668           0.0945966           -0.722027
-2.2909           0.0800104             -3.6384
-2.2909           0.0800104             -3.6384
0.480457            0.850151            -1.30619
3.29942             1.90676            -3.41613
0.813569          -0.0770501            -1.90329
0.813569          -0.0770501            -1.90329
-1.413           -0.479796             -3.4969
-1.99477           -0.526422            -3.92047
-0.909327             1.25574            -2.47808
1.14479             1.04072             -4.6827
1.99212            -1.77677            -2.14076
1.99212            -1.77677            -2.14076
-0.585123            -4.06092            -4.74828
-2.89227            -4.87785            -5.76594
-5.37672            -1.98881            -2.87334
-5.50333            -2.79266             -4.6284
-5.50333            -2.79266             -4.6284
-4.816             -4.5334            -3.86067
-4.816             -4.5334            -3.86067
-4.85319            -2.81836            -5.90989
-4.85319            -2.81836            -5.90989
-4.85319            -2.81836            -5.90989
-3.02956            -3.60891            -4.52003
-5.28347           -0.939469            -5.69941
-6.12594             1.09287            -3.81271
-4.35238             2.49935            -2.21163
-4.35238             2.49935            -2.21163
-3.2894         -0.00083766            -3.04051
-1.52914           -0.557545            -5.71721
-1.52914           -0.557545            -5.71721
-1.52914           -0.557545            -5.71721
-1.43212               1.898            -5.05476
1.33816           -0.646937            -3.06023
1.33816           -0.646937            -3.06023
1.78107             1.21119            -1.92345
-0.0722749            0.924847            -4.77628
-0.0722749            0.924847            -4.77628
-0.310631            -2.02221            -2.55303
-0.310631            -2.02221            -2.55303
-0.111586            -2.98968            -4.04183
-0.111586            -2.98968            -4.04183
-0.111586            -2.98968            -4.04183
-0.111586            -2.98968            -4.04183
-0.111586            -2.98968            -4.04183
-0.388499            -2.29285            -1.47887
-0.388499            -2.29285            -1.47887
-0.388499            -2.29285            -1.47887
-0.388499            -2.29285            -1.47887
-0.388499            -2.29285            -1.47887
-0.790243            -1.52053            -3.16381
-0.790243            -1.52053            -3.16381
-0.790243            -1.52053            -3.16381
-0.790243            -1.52053            -3.16381
-0.790243            -1.52053            -3.16381
-0.790243            -1.52053            -3.16381
-0.790243            -1.52053            -3.16381
-0.790243            -1.52053            -3.16381
-0.790243            -1.52053            -3.16381
-0.790243            -1.52053            -3.16381
1.7956            -2.53074            -1.96189
3.08726            -1.67062            -2.31426
3.08726            -1.67062            -2.31426
1.77738            -4.40275             -3.9635
1.77738            -4.40275             -3.9635
3.223            -2.06738             -2.6995
3.223            -2.06738             -2.6995
3.223            -2.06738             -2.6995
3.223            -2.06738             -2.6995
3.223            -2.06738             -2.6995
3.223            -2.06738             -2.6995
3.223            -2.06738             -2.6995
4.08175            0.626939            -4.20504
4.08175            0.626939            -4.20504
4.08175            0.626939            -4.20504
4.08175            0.626939            -4.20504
3.24561            0.909902            -5.50536
4.34968            0.342226            -3.09567
3.40968             0.40547            -2.39724
1.82472             2.35789            -3.13775
1.82472             2.35789            -3.13775
0.925317           -0.572321            -2.04129
0.925317           -0.572321            -2.04129
0.0658581           0.0212613            -3.74622
0.0658581           0.0212613            -3.74622
-0.841255            -0.89482            -4.63368
-0.841255            -0.89482            -4.63368
-0.841255            -0.89482            -4.63368
-1.96014           -0.462132            -3.99643
-0.351041             1.71002            -3.96529
-0.351041             1.71002            -3.96529
-0.351041             1.71002            -3.96529
-0.351041             1.71002            -3.96529
-0.351041             1.71002            -3.96529
-0.351041             1.71002            -3.96529
-0.351041             1.71002            -3.96529
-0.351041             1.71002            -3.96529
-0.161713             1.99997            -1.94976
-0.161713             1.99997            -1.94976
1.70265            0.331099            -3.78745
2.7377           -0.888462             -4.8356
2.7377           -0.888462             -4.8356
2.44406            -1.64374            -7.04222
2.44406            -1.64374            -7.04222
2.44406            -1.64374            -7.04222
2.44406            -1.64374            -7.04222
2.44406            -1.64374            -7.04222
4.49809          0.00868482            -5.87313
2.16997             1.76785            -8.54166
3.51913              3.1342            -6.17365
3.74019            0.738671            -3.88832
3.74019            0.738671            -3.88832
3.0711            -1.64257              -3.608
5.05338          -0.0729633            -4.39338
5.05338          -0.0729633            -4.39338
2.28734              2.7611            -3.46402
2.28734              2.7611            -3.46402
2.28734              2.7611            -3.46402
2.28734              2.7611            -3.46402
2.28734              2.7611            -3.46402
2.28734              2.7611            -3.46402
0.151955           -0.123419            -4.57863
0.151955           -0.123419            -4.57863
0.151955           -0.123419            -4.57863
-1.39485             1.18463            -3.94771
-1.39485             1.18463            -3.94771
-1.39485             1.18463            -3.94771
-1.39485             1.18463            -3.94771
-1.39485             1.18463            -3.94771
-1.39485             1.18463            -3.94771
-1.39485             1.18463            -3.94771
0.663603            -1.69705            -2.80922
0.663603            -1.69705            -2.80922
0.663603            -1.69705            -2.80922
0.663603            -1.69705            -2.80922
0.663603            -1.69705            -2.80922
0.663603            -1.69705            -2.80922
0.663603            -1.69705            -2.80922
-1.86502            -2.12988            -2.21446
-1.39646           -0.296443            -3.42772
-1.39646           -0.296443            -3.42772
-1.39646           -0.296443            -3.42772
-0.240559             2.03294           -0.735572
-0.240559             2.03294           -0.735572
0.890172             1.62351           -0.782718
0.561899            0.499417             1.43633
0.561899            0.499417             1.43633
0.561899            0.499417             1.43633
0.561899            0.499417             1.43633
0.561899            0.499417             1.43633
0.561899            0.499417             1.43633
0.561899            0.499417             1.43633
0.561899            0.499417             1.43633
0.561899            0.499417             1.43633
3.02929           -0.519914             3.59304
3.02929           -0.519914             3.59304
0.420866            -2.48484              1.8603
0.420866            -2.48484              1.8603
0.420866            -2.48484              1.8603
1.4249             -4.2635             4.58228
1.4249             -4.2635             4.58228
1.4249             -4.2635             4.58228
-0.901488            -1.54378             7.30971
1.68056          0.00355364             5.91143
1.14362           0.0656027             5.95262
0.744774             1.36779             4.72681
0.744774             1.36779             4.72681
0.744774             1.36779             4.72681
0.378925           -0.723522             5.64384
-1.30079             1.08741             3.63192
0.769728            -1.28515             1.61876
1.15564            0.513709             2.36614
1.25117            -2.29843             3.04411
1.25117            -2.29843             3.04411
-0.977637            -3.36754             5.90803
-2.80368           -0.745275             4.53053
-5.41821            0.221367             2.61113
-2.52449           -0.868881             4.76385
0.391501            -2.19996             4.02858
0.391501            -2.19996             4.02858
0.253707            -1.24039             1.29024
-1.64221             -1.0197             4.23358
0.671598            -2.40549             1.30934
0.145552          -0.0277782            0.287517
-0.409076             1.11677            -1.94333
-0.409076             1.11677            -1.94333
-0.409076             1.11677            -1.94333
-0.409076             1.11677            -1.94333
-0.353754            -1.55368            -4.43683
-0.353754            -1.55368            -4.43683
2.25804             -2.2475            -3.73113
0.396846            -1.46376            -6.43553
-1.60945            -3.25989            -5.63868
-1.60945            -3.25989            -5.63868
-1.60945            -3.25989            -5.63868
-0.0200229            -1.91657            -4.05746
-1.63903            -3.88931            -4.69218
-0.150772            -5.86755            -3.81312
1.53037             -7.5128            -5.00156
1.53037             -7.5128            -5.00156
1.10395            -4.83393            -5.55691
1.10395            -4.83393            -5.55691
0.472083            -4.88989            -6.62434
0.472083            -4.88989            -6.62434
0.875347             -2.2984            -6.20741
-0.0601966            -1.12362            -5.01594
-0.0601966            -1.12362            -5.01594
-0.0601966            -1.12362            -5.01594
-0.0601966            -1.12362            -5.01594
-0.703676             1.35337            -6.32149
-0.703676             1.35337            -6.32149
-2.45242            0.885394            -3.93471
-1.80584           -0.849741            -2.04284
-0.0331918           -0.212475            -3.56607
-2.8654            -1.88058            -5.37783
-0.657036            -1.72955            -5.14636
-0.657036            -1.72955            -5.14636
-1.58473            -3.16365            -3.27371
-1.02687            -3.75514            -2.77376
-1.82498            -1.82427            -2.47395
-2.93737            -4.25118            -3.55143
-2.83681            -1.47518            -4.83759
-2.24075            -2.13179            -4.79703
-3.49716            -4.06669            -3.79774
-3.93565            -3.42691            -4.78429
-5.44549            -2.90646            -5.08116
-5.44549            -2.90646            -5.08116
-5.44549            -2.90646            -5.08116
-5.08715           -0.171583            -5.81992
-5.60656            -2.45779            -5.35541
-5.60656            -2.45779            -5.35541
-6.08927           -0.887368            -6.34922
-6.6666            -2.80051            -7.30836
-5.96225            -3.50081            -6.05682
-6.96959             -1.3821            -5.46694
-4.21415            -1.40484            -4.05626
-4.21415            -1.40484            -4.05626
-2.94456            -2.75997            -1.18099
-3.48738            -1.38787            -1.24313
-3.48738            -1.38787            -1.24313
-1.55563             -2.1024            -3.80086
-1.55563             -2.1024            -3.80086
-0.391313             0.35838            -4.96922
-1.82344           -0.406063            -4.32548
0.448704            0.474835            -1.50096
0.448704            0.474835            -1.50096
-1.153            0.496632             1.04774
0.139995             1.15728            -1.03378
0.139995             1.15728            -1.03378
1.5283            0.169354            -1.73534
1.5283            0.169354            -1.73534
1.5283            0.169354            -1.73534
1.5283            0.169354            -1.73534
1.5283            0.169354            -1.73534
1.5283            0.169354            -1.73534
1.5283            0.169354            -1.73534
1.5283            0.169354            -1.73534
1.5283            0.169354            -1.73534
-0.04051             2.14113            -1.84663
-0.04051             2.14113            -1.84663
-2.40535           -0.691099            -2.64304
-1.41833           -0.595676            -3.53558
-1.41469            -2.92253            -1.54787
0.854696           -0.288617            -1.60604
0.854696           -0.288617            -1.60604
0.854696           -0.288617            -1.60604
-0.692449            -2.72586             -3.3595
-0.692449            -2.72586             -3.3595
1.15796            -2.02932            -5.44792
1.15796            -2.02932            -5.44792
1.14937            -2.77716            -2.71782
2.39502            -1.25396            -2.50416
2.39502            -1.25396            -2.50416
2.39502            -1.25396            -2.50416
2.67492            -1.31304            -5.27391
4.9612            0.712569            -7.98544
4.43343             2.03772             -7.0721
5.14699            0.277163            -6.77202
5.77695            0.604451            -7.79245
5.77695            0.604451            -7.79245
7.50542           -0.250016            -5.59708
7.50542           -0.250016            -5.59708
6.80544            0.144052            -5.48747
6.80544            0.144052            -5.48747
6.80544            0.144052            -5.48747
5.68461             1.11959            -5.55977
5.68461             1.11959            -5.55977
5.68461             1.11959            -5.55977
5.68461             1.11959            -5.55977
3.29517           -0.597415            -7.79037
1.08121            -3.10145            -7.12157
1.90888           -0.410878            -6.09243
1.90888           -0.410878            -6.09243
1.90888           -0.410878            -6.09243
1.90888           -0.410878            -6.09243
1.88394           -0.293911            -4.23325
-0.958267            -2.04331             -4.6245
-0.958267            -2.04331             -4.6245
-0.356413            -2.81306            -7.04944
-0.356413            -2.81306            -7.04944
2.21556            -2.22681            -9.10096
-0.126359          -0.0402268            -7.46866
1.91018             -1.2159            -6.88947
0.429586            -1.31664            -6.89617
0.429586            -1.31664            -6.89617
0.429586            -1.31664            -6.89617
0.429586            -1.31664            -6.89617
0.429586            -1.31664            -6.89617
-0.704701             -2.4306            -6.82944
1.12778            -4.37214            -3.95177
0.536514            -3.20728            -1.66453
2.40409            -1.12136             1.09796
2.33219            -3.73598            0.870471
3.09736            -1.49258              1.4703
3.09736            -1.49258              1.4703
3.09736            -1.49258              1.4703
5.15989            -1.76546             2.97044
5.15989            -1.76546             2.97044
5.15989            -1.76546             2.97044
5.15989            -1.76546             2.97044
5.15989            -1.76546             2.97044
3.24166            -2.61006              1.6389
3.24166            -2.61006              1.6389
3.24166            -2.61006              1.6389
6.0589            -3.17082            0.600334
6.0589            -3.17082            0.600334
7.46379            -3.92599            -2.20323
7.46379            -3.92599            -2.20323
5.8096            -6.27808            -2.16033
6.84986             -6.8691            -4.17207
6.72191            -7.48192            -2.22192
6.24906            -8.98915            -4.87416
6.24906            -8.98915            -4.87416
6.24906            -8.98915            -4.87416
6.24906            -8.98915            -4.87416
6.63232            -6.98195            -3.80571
5.28917            -5.29758            -2.97177
2.33675            -7.55667            -2.79219
5.01458            -6.66546            -1.98877
5.01458            -6.66546            -1.98877
5.01458            -6.66546            -1.98877
5.12442             -5.5661            -3.97334
5.12442             -5.5661            -3.97334
2.46957            -4.28393              -4.888
1.41967            -1.66829            -3.89584
3.37846           -0.367421            -4.02622
4.37523          -0.0137846            -4.16796
4.37523          -0.0137846            -4.16796
3.8348           -0.688457            -6.74648
3.8348           -0.688457            -6.74648
3.8348           -0.688457            -6.74648
4.33194             1.65724            -5.29895
4.33194             1.65724            -5.29895
2.75044            0.445664             -5.7741
0.85752            0.396068            -4.08357
0.85752            0.396068            -4.08357
0.85752            0.396068            -4.08357
1.02484            0.300743            -3.60336
0.744683            0.868419            -1.49283
-1.4955            0.289156            -1.58035
-1.4955            0.289156            -1.58035
-1.4955            0.289156            -1.58035
-3.55556            -1.73923            -3.63432
-4.03473            -1.04509            -2.24315
-3.79476             1.35541            -1.29109
-0.991844          -0.0299508             1.48484
-0.991844          -0.0299508             1.48484
-0.991844          -0.0299508             1.48484
-0.991844          -0.0299508             1.48484
0.49085            0.393736             4.33175
-1.41724             1.90148             3.86603
-2.07736             1.09881             2.90972
-2.07736             1.09881             2.90972
-2.07736             1.09881             2.90972
-2.92174            -0.74885             5.86925
-2.92174            -0.74885             5.86925
-3.43535             -3.0243             5.80357
-3.43535             -3.0243             5.80357
-2.17263            -5.98836             4.08899
-1.60793              -3.704             5.80584
-1.60793              -3.704             5.80584
-1.60793              -3.704             5.80584
-3.77791            -2.07289              5.7426
-3.77791            -2.07289              5.7426
-2.09281            0.662923              7.4109
0.808579            -1.71141             5.17937
-0.873224           -0.391313             5.37988
-0.0962904            -3.37361             5.30518
2.50924            -4.98545             4.35913
2.50924            -4.98545             4.35913
1.07567             -2.0293             5.11465
3.91992           -0.418275             4.90937
3.91992           -0.418275             4.90937
3.39738            -1.51868             2.46138
4.48725            -4.37667             4.48763
4.48725            -4.37667             4.48763
5.80443            -2.68308             2.21785
5.80443            -2.68308             2.21785
5.80443            -2.68308             2.21785
5.80443            -2.68308             2.21785
5.80443            -2.68308             2.21785
3.80312            -2.46859             2.49659
3.80312            -2.46859             2.49659
3.80312            -2.46859             2.49659
4.85785           -0.943122            0.489733
7.25473            0.177437             2.01415
7.25473            0.177437             2.01415
7.25473            0.177437             2.01415
6.46788            -1.32601             2.84125
6.46788            -1.32601             2.84125
5.88307          -0.0806235             4.55276
5.88307          -0.0806235             4.55276
2.94812             2.31086             4.35483
2.94812             2.31086             4.35483
2.94812             2.31086             4.35483
2.94812             2.31086             4.35483
2.94812             2.31086             4.35483
0.470211            0.391135             1.92641
0.470211            0.391135             1.92641
0.470211            0.391135             1.92641
0.470211            0.391135             1.92641
-0.102029            -1.90027             3.31535
-0.888114           -0.407511             3.24829
-0.888114           -0.407511             3.24829
-0.888114           -0.407511             3.24829
-0.888114           -0.407511             3.24829
-0.888114           -0.407511             3.24829
-0.888114           -0.407511             3.24829
-0.888114           -0.407511             3.24829
-0.888114           -0.407511             3.24829
-0.888114           -0.407511             3.24829
-0.888114           -0.407511             3.24829
-0.888114           -0.407511             3.24829
-0.888114           -0.407511             3.24829
-0.888114           -0.407511             3.24829
-0.888114           -0.407511             3.24829
-0.888114           -0.407511             3.24829
-0.888114           -0.407511             3.24829
-0.888114           -0.407511             3.24829
-0.888114           -0.407511             3.24829
-0.888114           -0.407511             3.24829
-0.888114           -0.407511             3.24829
-0.888114           -0.407511             3.24829
-0.0293146             1.41102             1.92138
-0.0293146             1.41102             1.92138
-0.0293146             1.41102             1.92138
-0.0293146             1.41102             1.92138
-0.0293146             1.41102             1.92138
0.0476114           -0.827301             1.79887
0.0476114           -0.827301             1.79887
0.670076            -2.56731             2.10279
-0.388056            -2.60848             3.13331
0.172596             -1.5999             5.21481
1.72099             -2.4834             3.46057
4.54935            -4.98887             3.77598
4.77114            -2.26289             4.64701
4.77114            -2.26289             4.64701
6.85261            -4.03073             3.18022
4.54747            -3.42907             6.13118
5.02174             -3.8926             5.11803
4.31894            -5.52681              6.9821
4.31894            -5.52681              6.9821
4.03978            -2.76502               8.203
6.54928            -3.36831             9.14594
7.62728            -1.73961             6.31265
6.75261            -4.54919               5.385
4.75149            -4.46264             3.61569
4.75149            -4.46264             3.61569
4.75149            -4.46264             3.61569
4.75149            -4.46264             3.61569
3.69731            -5.28298             4.74428
3.52529             -5.5658             4.49484
3.42434            -8.09396             1.96293
3.42434            -8.09396             1.96293
2.97813            -8.52859             3.23635
5.39954             -7.2676              3.6192
5.39954             -7.2676              3.6192
5.39954             -7.2676              3.6192
3.69745            -9.27476             4.51937
4.25713            -8.38833             2.20582
5.43716            -6.80137             1.28451
5.72887            -7.04859             2.98913
4.80432            -5.31094             4.15184
4.80432            -5.31094             4.15184
4.80432            -5.31094             4.15184
2.41864            -3.26126             1.48752
3.88594            -1.79074             4.34801
2.95526            -2.35652              7.1728
3.35527            -2.07779             8.26657
2.34376            0.230512             6.67207
2.73196            -2.02041             4.35217
0.602502            -1.89569             1.86615
0.602502            -1.89569             1.86615
1.8805            -1.31976             2.06904
3.46951           -0.500245             4.44056
3.46951           -0.500245             4.44056
1.10505            -1.80923             3.63004
1.10505            -1.80923             3.63004
-0.228128            0.208904              5.9258
1.11297            -2.40411             4.77796
-1.75857            -2.17466             4.22475
-1.03343           0.0775484             3.29361
-1.03343           0.0775484             3.29361
-1.03343           0.0775484             3.29361
-1.03343           0.0775484             3.29361
-1.03343           0.0775484             3.29361
-0.370581           -0.599321             2.93821
-0.370581           -0.599321             2.93821
-0.370581           -0.599321             2.93821
-0.370581           -0.599321             2.93821
-0.370581           -0.599321             2.93821
-0.370581           -0.599321             2.93821
-0.370581           -0.599321             2.93821
-0.370581           -0.599321             2.93821
-0.370581           -0.599321             2.93821
-0.370581           -0.599321             2.93821
-0.0990583           -0.261412             4.61343
-0.0990583           -0.261412             4.61343
-2.86071              1.4619             2.35465
-2.86071              1.4619             2.35465
-2.86071              1.4619             2.35465
-2.86071              1.4619             2.35465
-1.02003            -1.53117             1.91013
-1.52698            -1.24313             1.97386
-0.960322            -2.94536             2.03916
-2.99812           -0.740093             3.42289
-2.99812           -0.740093             3.42289
-1.70731            -2.37815             2.42479
-1.70731            -2.37815             2.42479
-3.32351            0.451884             3.75141
-1.64065            -1.02166             5.49052
-2.0046           -0.749605             5.22728
0.757492            -1.63266             4.47529
2.67027            -2.94695             3.74207
2.67027            -2.94695             3.74207
2.67027            -2.94695             3.74207
2.67027            -2.94695             3.74207
5.33467          -0.0733998              5.4244
5.49883           -0.538614             5.45621
5.49883           -0.538614             5.45621
4.41537           -0.853954             2.89274
2.29633           -0.344831             4.06897
2.29633           -0.344831             4.06897
1.47716             1.38595              4.6277
1.47716             1.38595              4.6277
2.14617             1.90879              5.8103
1.10042             2.53982             4.05361
1.10042             2.53982             4.05361
1.10042             2.53982             4.05361
2.83921             4.12793             3.56886
4.2041             1.46195             5.11368
1.60881            0.748256             5.42592
0.940324             1.35453              5.5839
3.71733             1.15162             5.96908
3.71733             1.15162             5.96908
3.97346            0.639917             8.51911
2.08073              3.0503             7.28462
0.523358             1.44833                7.38
0.523358             1.44833                7.38
-1.41939           -0.301535              6.4783
-3.69694             2.12411             3.76819
-3.69694             2.12411             3.76819
-3.69694             2.12411             3.76819
-3.69694             2.12411             3.76819
-4.62116           0.0207378             2.86013
-4.62116           0.0207378             2.86013
-4.19905           -0.593877             2.68145
-1.34141            -3.30799              1.5713
-1.34141            -3.30799              1.5713
-1.34141            -3.30799              1.5713
-1.34141            -3.30799              1.5713
-3.00684            -1.69128             2.88227
-3.00684            -1.69128             2.88227
-4.12278            -2.95088             2.75699
-1.15861            -2.45871             4.26223
-1.15861            -2.45871             4.26223
-1.15861            -2.45871             4.26223
1.23511            -2.26164             4.10192
1.67462            -3.71307             3.24919
-1.04179            -3.07924             3.16876
0.268882          -0.0984592            0.718101
0.268882          -0.0984592            0.718101
-2.18552           -0.600732            -2.05208
-2.18552           -0.600732            -2.05208
-2.18552           -0.600732            -2.05208
-0.923462            0.287758            -3.09549
-0.923462            0.287758            -3.09549
-0.923462            0.287758            -3.09549
-0.923462            0.287758            -3.09549
0.200394            0.130773            -1.93118
0.200394            0.130773            -1.93118
-0.033455            -1.36983            -1.15425
-0.033455            -1.36983            -1.15425
0.594981             1.22641             -2.6171
2.19636            -1.60003            -1.76209
2.19636            -1.60003            -1.76209
2.19636            -1.60003            -1.76209
2.19636            -1.60003            -1.76209
3.46092           -0.596385            -2.53102
2.79572            -1.34526            -2.30944
2.79572            -1.34526            -2.30944
2.79572            -1.34526            -2.30944
2.79572            -1.34526            -2.30944
-0.0557912           -0.886558            -4.23203
-2.75101            -1.00302            -5.87487
-2.58814            -0.65169            -3.66948
-2.58814            -0.65169            -3.66948
-3.32388           -0.136619            -1.77116
-5.64654            -2.51398            -1.46454
-2.65008            -3.53132            -1.32483
-2.28324            -4.76595            -3.52474
-2.28324            -4.76595            -3.52474
-2.28324            -4.76595            -3.52474
-4.17906            -2.90164            -3.51587
-4.17906            -2.90164            -3.51587
-4.17906            -2.90164            -3.51587
-2.1963            -1.69106            -5.13245
-2.86837            0.937659            -3.67787
-2.86837            0.937659            -3.67787
-2.86837            0.937659            -3.67787
-1.10763           -0.897062            -5.81343
-1.10763           -0.897062            -5.81343
-1.10763           -0.897062            -5.81343
-1.10763           -0.897062            -5.81343
0.0657497            -3.64544            -7.26126
0.0657497            -3.64544            -7.26126
-1.16038            -3.34817            -9.41985
-1.16038            -3.34817            -9.41985
-1.90623            -4.00941             -8.1214
-1.18196            -3.41746            -8.26564
-1.18196            -3.41746            -8.26564
-1.18196            -3.41746            -8.26564
1.29756            -2.70493             -6.9435
-0.474342            -4.47037            -4.84688
-2.50617            -3.45681            -4.68605
-1.67278            -5.60644             -2.0203
-1.67278            -5.60644             -2.0203
-1.67278            -5.60644             -2.0203
-1.67278            -5.60644             -2.0203
-1.67278            -5.60644             -2.0203
-1.67278            -5.60644             -2.0203
-1.21456             -3.6077            -1.45183
-2.764            -1.36456           -0.937524
-2.58701            0.577403            -1.76951
-4.64947             1.28598            -4.19371
-4.64947             1.28598            -4.19371
-4.64947             1.28598            -4.19371
-3.23999             2.23996            -5.57808
-2.31864             4.82568            -6.35942
-3.73168             3.87751            -6.11114
-5.18363              1.2653            -4.06302
-5.18363              1.2653            -4.06302
-5.18363              1.2653            -4.06302
-5.92155             2.77486            -1.12961
-4.17316             4.53221            -3.18233
-1.26095             3.23085            -1.02443
-1.26095             3.23085            -1.02443
-1.26095             3.23085            -1.02443
-0.723162            0.678199           -0.882249
-0.863733             2.32189            -1.27804
1.11021            0.370984           -0.825608
1.11021            0.370984           -0.825608
1.11021            0.370984           -0.825608
1.88856            -1.55994            -2.08875
0.232161            -4.45459            -3.39646
0.232161            -4.45459            -3.39646
0.232161            -4.45459            -3.39646
0.890594            -2.71895            -5.18775
-0.354985           -0.663711            -2.59228
-0.354985           -0.663711            -2.59228
-0.354985           -0.663711            -2.59228
-0.354985           -0.663711            -2.59228
-0.354985           -0.663711            -2.59228
-0.354985           -0.663711            -2.59228
-0.354985           -0.663711            -2.59228
-0.354985           -0.663711            -2.59228
-0.354985           -0.663711            -2.59228
-0.354985           -0.663711            -2.59228
-0.354985           -0.663711            -2.59228
-3.20275           -0.657348            -0.86586
-2.08226            0.417945             2.02343
-0.934968             1.41819             3.36259
-0.934968             1.41819             3.36259
-0.934968             1.41819             3.36259
-0.934968             1.41819             3.36259
-0.934968             1.41819             3.36259
1.5585            0.659607            0.992163
1.27065            -1.00361            -1.49369
1.27065            -1.00361            -1.49369
1.27065            -1.00361            -1.49369
0.488077            -1.77362            -1.39097
0.488077            -1.77362            -1.39097
-1.45082            -2.88491            -1.17539
-0.896561            -2.65238            -1.29616
-0.896561            -2.65238            -1.29616
-0.896561            -2.65238            -1.29616
0.562117            0.217549             0.72381
0.562117            0.217549             0.72381
0.562117            0.217549             0.72381
2.29065             1.03337            -1.27444
2.29065             1.03337            -1.27444
0.762897            -1.64196           -0.776339
-0.721954            -2.03433             2.03059
1.28694            -2.58928           -0.772915
-1.47115            -2.10426             -2.8196
-1.47115            -2.10426             -2.8196
-1.47115            -2.10426             -2.8196
-2.96291            0.295062            -0.57934
-2.96291            0.295062            -0.57934
-3.94325             1.51771            -1.92625
-3.94325             1.51771            -1.92625
-4.83189            -1.00981            -1.60345
-4.83189            -1.00981            -1.60345
-5.18426             1.26509            -1.46827
-5.18426             1.26509            -1.46827
-5.18426             1.26509            -1.46827
-4.42079             1.36482            -3.75907
-4.42079             1.36482            -3.75907
-3.18182             1.47374            -3.91664
-1.4305              1.6541            -3.97708
-0.69437           -0.451586            -3.75264
0.577822            -2.33569            -2.16016
-0.0705461            -1.51961            -1.24119
-0.0705461            -1.51961            -1.24119
-2.28484           0.0529214            -2.90087
0.0483032           -0.778788            -4.88424
0.170992            0.146058            -4.96164
1.37946             1.10705            -2.40114
1.37946             1.10705            -2.40114
1.37946             1.10705            -2.40114
1.37946             1.10705            -2.40114
1.37946             1.10705            -2.40114
1.37946             1.10705            -2.40114
1.37946             1.10705            -2.40114
-0.619017           -0.143662            -1.22542
-0.619017           -0.143662            -1.22542
-0.619017           -0.143662            -1.22542
-0.619017           -0.143662            -1.22542
-2.41541            -1.68637            -3.41921
-2.41541            -1.68637            -3.41921
-2.41541            -1.68637            -3.41921
-2.41541            -1.68637            -3.41921
-0.741293            -2.88131           -0.684728
1.25025            -3.98679            -2.71296
0.64787            -4.45445            -3.35922
0.724068            -4.33891            -2.73172
0.724068            -4.33891            -2.73172
0.724068            -4.33891            -2.73172
0.724068            -4.33891            -2.73172
-1.8625            -4.41687            -1.00653
-1.13809            -3.96616            -1.61569
-0.915028            -3.13404            -2.69837
-0.915028            -3.13404            -2.69837
-0.915028            -3.13404            -2.69837
-0.915028            -3.13404            -2.69837
0.671927            -2.44591            -4.70682
0.671927            -2.44591            -4.70682
0.310084           -0.332463            -4.66843
0.310084           -0.332463            -4.66843
-2.16955          -0.0423724            -3.97644
-2.26502            -1.19692            -4.05631
-2.21435           0.0801168            -4.25715
-2.21435           0.0801168            -4.25715
-2.07426            -1.63071             -4.4741
-2.59917            0.258845            -2.30754
-0.440141            -1.38368            -1.27451
-0.440141            -1.38368            -1.27451
-0.440141            -1.38368            -1.27451
0.911734            -2.35761            -1.89691
0.250886            -3.90358            -2.64929
0.996355            -5.07179            -2.75061
-0.956709             -6.8601            -5.24426
-0.956709             -6.8601            -5.24426
-0.956709             -6.8601            -5.24426
-2.89954            -6.93171            -4.56194
-1.90459            -4.58369            -7.17496
-1.90459            -4.58369            -7.17496
-2.14839            -2.01854            -9.44199
-1.53777            -1.37377             -7.8701
-1.53777            -1.37377             -7.8701
-3.44904           -0.235433            -7.46928
-3.44904           -0.235433            -7.46928
-3.70486            0.719086            -5.07697
-3.70486            0.719086            -5.07697
-4.92503           -0.286262            -3.65573
-4.92503           -0.286262            -3.65573
-4.92503           -0.286262            -3.65573
-2.99972             2.22761            -2.31858
-2.99972             2.22761            -2.31858
-0.847133            0.544921            -1.25364
-0.847133            0.544921            -1.25364
-0.847133            0.544921            -1.25364
-0.847133            0.544921            -1.25364
-0.920925            -1.29489            -1.57748
-0.864296           -0.245421            -3.58601
-0.864296           -0.245421            -3.58601
-2.91896             1.68682           -0.984562
-3.92073             2.38824            -2.99623
-2.90595            0.221135            -5.71556
-2.90595            0.221135            -5.71556
-1.87589           -0.311197            -3.41437
-1.87589           -0.311197            -3.41437
-1.65675             1.22312            -4.15241
-3.33082             3.39889            -2.52145
-0.851342             6.16677            -2.75595
-0.851342             6.16677            -2.75595
-0.851342             6.16677            -2.75595
0.549991             4.56205             -4.4486
0.549991             4.56205             -4.4486
2.72304             2.24904            -2.06334
1.71034             3.00135            -1.52833
1.71034             3.00135            -1.52833
3.81503             2.42329            -2.26717
1.34151           0.0916441            -2.13242
0.96775            0.407186            -1.70835
-0.987433           -0.632187            -2.54928
-0.987433           -0.632187            -2.54928
-0.987433           -0.632187            -2.54928
0.695977           -0.383754            -1.09873
-0.168848            0.747771           -0.900126
-0.168848            0.747771           -0.900126
-1.44045           -0.114672            0.697271
-1.44045           -0.114672            0.697271
-1.44045           -0.114672            0.697271
-0.980093            -2.82139            -1.86961
-0.980093            -2.82139            -1.86961
-3.16446            0.155358            -4.29383
-3.16446            0.155358            -4.29383
-1.60983            -1.09516            -3.74958
-0.971832             1.86877            -1.99666
-0.971832             1.86877            -1.99666
-1.4692             1.20546            -1.46219
-1.43218            -0.13392             1.32115
-1.43218            -0.13392             1.32115
-0.552715             1.55616             1.58654
-3.17706             3.37997             2.74955
-1.44435             4.45039             2.21852
-1.44435             4.45039             2.21852
0.278564             5.86582             2.71088
2.97482             3.54144              2.7444
2.04456             4.86151             1.92144
-0.847405             3.27221             2.52736
-0.847405             3.27221             2.52736
-0.847405             3.27221             2.52736
-0.847405             3.27221             2.52736
-0.847405             3.27221             2.52736
-0.847405             3.27221             2.52736
-0.847405             3.27221             2.52736
-0.847405             3.27221             2.52736
-0.847405             3.27221             2.52736
-0.847405             3.27221             2.52736
-0.847405             3.27221             2.52736
-1.89979             1.33089             3.48144
-0.836261           -0.974859             5.50134
-0.836261           -0.974859             5.50134
-1.21106            -2.13002             5.52907
-2.01517           0.0451074             5.88256
-2.01517           0.0451074             5.88256
-2.01517           0.0451074             5.88256
-2.01517           0.0451074             5.88256
-2.01517           0.0451074             5.88256
-1.21606            0.755468             6.20594
-1.21606            0.755468             6.20594
-0.81574             0.51065             3.86612
0.723376           -0.488948             3.43344
-0.729449            -1.45141             1.99098
-0.729449            -1.45141             1.99098
-0.729449            -1.45141             1.99098
-2.1881             1.25866           -0.651163
0.02457             2.01823            -2.77055
0.02457             2.01823            -2.77055
0.296753            0.441488            -5.41937
0.0775829            -1.51766            -7.24655
-0.180195          -0.0431787              -4.605
-0.180195          -0.0431787              -4.605
-0.180195          -0.0431787              -4.605
-1.84026            0.765517            -2.18638
0.847404             2.43499            -1.20078
-0.485473           -0.138282           -0.360146
-1.51543            -2.12089             2.54994
-1.51543            -2.12089             2.54994
-1.51543            -2.12089             2.54994
-1.90993             -3.0524              3.4641
-1.90993             -3.0524              3.4641
-1.90993             -3.0524              3.4641
-1.90993             -3.0524              3.4641
0.429997            -2.55996             6.06913
-0.724687            -4.99866             6.24153
-0.724687            -4.99866             6.24153
-0.724687            -4.99866             6.24153
-0.724687            -4.99866             6.24153
-3.0853             -2.3272             4.15774
-3.24303            0.296341              3.0551
-1.09045            -1.04656             5.15625
-2.79949            -3.13398             3.88401
-2.79949            -3.13398             3.88401
-3.48142            -1.67311             1.94988
-3.48142            -1.67311             1.94988
-2.68461            -3.62238             3.82042
-0.595905            -2.39776             2.09823
-0.595905            -2.39776             2.09823
-0.595905            -2.39776             2.09823
1.28845            -1.79742             2.18424
3.5168            -2.75729             2.58899
5.7441           -0.220989             5.31457
4.15225           -0.198264             2.53209
4.15225           -0.198264             2.53209
4.15225           -0.198264             2.53209
4.15225           -0.198264             2.53209
3.12356              1.0857              3.9065
0.634717              1.9598             3.89818
-2.27531             1.60047             3.07783
0.103724            -1.18713             2.86582
0.103724            -1.18713             2.86582
1.69615            -1.20345              2.0802
1.69615            -1.20345              2.0802
1.69615            -1.20345              2.0802
1.69615            -1.20345              2.0802
1.69615            -1.20345              2.0802
-0.720548           -0.858305            0.743803
-3.01594          -0.0501301             2.06303
-3.01594          -0.0501301             2.06303
-3.01594          -0.0501301             2.06303
-3.18047           -0.811196             4.45114
-3.18047           -0.811196             4.45114
-2.41284            -2.50974             3.31332
0.367338           -0.653589             3.98521
0.367338           -0.653589             3.98521
0.367338           -0.653589             3.98521
0.367338           -0.653589             3.98521
0.367338           -0.653589             3.98521
0.367338           -0.653589             3.98521
-0.148593             1.02724             6.34294
-2.85169            -0.10638             4.22769
-0.757666            -1.47324             1.36213
1.85067            -1.40591              4.1084
1.85067            -1.40591              4.1084
0.178212            -1.82667              1.7352
-1.31528             -1.6247             2.48997
-1.31528             -1.6247             2.48997
-1.31528             -1.6247             2.48997
-1.31528             -1.6247             2.48997
1.0958            -3.53074              4.0085
1.0958            -3.53074              4.0085
1.0958            -3.53074              4.0085
1.0958            -3.53074              4.0085
3.30765            -2.25909             3.35259
3.39384            -4.12693             2.35273
1.6867            -3.40012             3.48269
1.6867            -3.40012             3.48269
1.6867            -3.40012             3.48269
1.6867            -3.40012             3.48269
-0.418191            -3.63461             5.47105
-0.418191            -3.63461             5.47105
-1.23232            -1.17073             3.85061
-1.23232            -1.17073             3.85061
-1.23232            -1.17073             3.85061
-1.23232            -1.17073             3.85061
-1.23232            -1.17073             3.85061
-1.854           -0.500019             3.85335
-1.854           -0.500019             3.85335
-1.854           -0.500019             3.85335
-1.854           -0.500019             3.85335
-1.854           -0.500019             3.85335
0.468981             1.34308             2.37872
0.442876            -1.11824             3.84884
0.442876            -1.11824             3.84884
0.442876            -1.11824             3.84884
-0.494619           -0.378895              2.2496
-0.494619           -0.378895              2.2496
-0.494619           -0.378895              2.2496
-0.494619           -0.378895              2.2496
-0.494619           -0.378895              2.2496
-0.494619           -0.378895              2.2496
-1.60784             2.35067             3.80619
0.474357             0.62592             3.85518
-1.02609              1.1278             4.92493
-1.02609              1.1278             4.92493
-2.08552            0.615142             3.16372
-2.08552            0.615142             3.16372
0.741058            -2.05003              5.7376
-1.42611            -3.91451             3.83734
0.596829            -1.72786             1.39434
0.596829            -1.72786             1.39434
0.644105           -0.677473             1.55437
0.644105           -0.677473             1.55437
0.644105           -0.677473             1.55437
0.644105           -0.677473             1.55437
-1.99069            -2.38533             2.97663
-1.99069            -2.38533             2.97663
-1.99069            -2.38533             2.97663
-1.99069            -2.38533             2.97663
-0.360565            -1.07079             4.58704
-0.360565            -1.07079             4.58704
-1.08432            -2.27483             3.23881
-1.062            -1.20011             1.96333
-1.062            -1.20011             1.96333
-1.062            -1.20011             1.96333
-1.062            -1.20011             1.96333
-1.062            -1.20011             1.96333
-1.062            -1.20011             1.96333
-1.062            -1.20011             1.96333
-1.062            -1.20011             1.96333
-1.062            -1.20011             1.96333
-2.55994            -4.16423             2.62842
-2.55994            -4.16423             2.62842
-0.504644             -4.7994             1.18747
0.474461            -5.05258             3.05931
2.31941            -4.90857             4.14972
2.31941            -4.90857             4.14972
3.98862            -3.60694             2.30629
3.98862            -3.60694             2.30629
3.61946            -5.14859              4.3846
3.22337            -4.18854             6.26503
6.15863            -2.92682             6.49195
6.15863            -2.92682             6.49195
6.15863            -2.92682             6.49195
3.365            -1.26962             7.00526
4.22285            0.488155             4.02762
4.45709             3.11832             4.76455
3.51305             5.14399             2.43812
0.733611             2.55382            0.950717
1.66059             5.04033             2.19269
2.69439             4.17894           -0.739955
2.33585             6.31244             1.96677
2.33585             6.31244             1.96677
4.70149             3.90029           -0.676262
6.23185             3.88173            -3.13416
5.08511             3.18179            -1.97322
3.11579             2.09297            -3.61927
3.11579             2.09297            -3.61927
0.469337             3.45224            -2.69782
0.469337             3.45224            -2.69782
0.469337             3.45224            -2.69782
0.469337             3.45224            -2.69782
0.469337             3.45224            -2.69782
-2.25022             1.40037            -4.45073
-2.25022             1.40037            -4.45073
-2.25022             1.40037            -4.45073
0.44976            0.292879             -3.4196
2.61355           -0.461812            -4.99216
-0.197931            0.834576            -3.07415
-0.197931            0.834576            -3.07415
-0.197931            0.834576            -3.07415
-0.197931            0.834576            -3.07415
-0.197931            0.834576            -3.07415
-0.197931            0.834576            -3.07415
-0.197931            0.834576            -3.07415
-0.608967             2.20807            -5.00887
-0.608967             2.20807            -5.00887
-0.608967             2.20807            -5.00887
2.05645           -0.380341            -5.45611
2.05645           -0.380341            -5.45611
-0.884425            -1.25003             -5.2414
-3.67421           -0.738935            -4.17213
-3.67421           -0.738935            -4.17213
-3.67421           -0.738935            -4.17213
-3.67421           -0.738935            -4.17213
-3.67421           -0.738935            -4.17213
-3.67421           -0.738935            -4.17213
-3.67421           -0.738935            -4.17213
-1.94658            -2.04593            -3.19981
-2.52929            0.845923            -3.79712
-2.51873             1.71603            -4.21434
-1.12628            0.240882            -4.94117
0.54535             2.58589            -4.09701
0.54535             2.58589            -4.09701
0.54535             2.58589            -4.09701
0.788917           -0.149574            -3.35857
0.788917           -0.149574            -3.35857
0.788917           -0.149574            -3.35857
0.788917           -0.149574            -3.35857
-1.3052           -0.941563            -5.54613
0.871891            -1.34532            -3.83556
0.168479             1.17033           -0.878716
0.168479             1.17033           -0.878716
-1.15767             0.97387            0.415393
-0.749128             3.76206             1.68874
0.695187             4.23276             1.60694
2.18025             2.15049              2.8308
2.18025             2.15049              2.8308
0.720419             3.51132             2.51112
0.720419             3.51132             2.51112
0.720419             3.51132             2.51112
0.720419             3.51132             2.51112
-1.16565             3.00255             2.15766
-1.16565             3.00255             2.15766
-1.16565             3.00255             2.15766
-1.20554             1.74187           -0.715348
-2.64786             2.80403             2.15174
-4.70969             2.41546             2.10289
-4.70969             2.41546             2.10289
-4.70969             2.41546             2.10289
-4.02447              4.8059             3.06959
-4.02447              4.8059             3.06959
-4.02447              4.8059             3.06959
-4.02447              4.8059             3.06959
-1.05971             7.38981             1.31099
-2.12265             7.46626            -1.55246
-2.12265             7.46626            -1.55246
-2.12265             7.46626            -1.55246
0.409754             6.13802             -3.5123
0.409754             6.13802             -3.5123
-1.85704             5.32367            -4.00787
-1.85704             5.32367            -4.00787
-0.457489              3.4234            -4.71801
-0.457489              3.4234            -4.71801
1.46378            0.478565            -4.17158
1.46378            0.478565            -4.17158
1.46378            0.478565            -4.17158
1.46378            0.478565            -4.17158
1.46378            0.478565            -4.17158
1.46378            0.478565            -4.17158
1.46378            0.478565            -4.17158
-1.25647            -1.79719            -2.59492
-1.25647            -1.79719            -2.59492
-1.25647            -1.79719            -2.59492
-2.77725            -1.77385            -2.21445
-2.77725            -1.77385            -2.21445
-2.77725            -1.77385            -2.21445
-2.91626            -1.23764             -4.8789
-3.16077             1.57792            -3.29796
-3.16077             1.57792            -3.29796
-3.16077             1.57792            -3.29796
-3.2151            0.128877            -1.08133
-3.2151            0.128877            -1.08133
-3.2151            0.128877            -1.08133
-2.05211             1.67662            -3.78456
-2.05211             1.67662            -3.78456
0.0390252           -0.576867            -4.91119
0.0390252           -0.576867            -4.91119
0.0390252           -0.576867            -4.91119
0.0390252           -0.576867            -4.91119
0.0390252           -0.576867            -4.91119
-1.40427            -2.37751            -3.99959
-1.40427            -2.37751            -3.99959
-0.745795            -4.03795            -5.60328
-1.80187            -2.50692            -5.31099
-0.419491            -4.34252            -5.50092
-0.419491            -4.34252            -5.50092
-1.87925             -5.7114            -2.88656
-1.87925             -5.7114            -2.88656
0.218758            -3.97718            -2.39943
1.75098            -5.78583            -1.68074
-0.121488            -5.99581            -2.04347
2.35235            -3.94468            -4.17265
1.12104            -2.43198            -2.26699
-1.49903            -1.68818            -2.74314
-1.49903            -1.68818            -2.74314
-1.49903            -1.68818            -2.74314
-1.94644            0.586434            -1.27176
-1.94644            0.586434            -1.27176
-1.94644            0.586434            -1.27176
-2.39915            -1.15655            -1.06497
-0.170579           -0.846969            -2.54421
-0.170579           -0.846969            -2.54421
-0.170579           -0.846969            -2.54421
-0.170579           -0.846969            -2.54421
-0.170579           -0.846969            -2.54421
0.812367            -3.70903            -2.61476
0.812367            -3.70903            -2.61476
-0.8619            -5.01118            -1.52242
-0.8619            -5.01118            -1.52242
-0.8619            -5.01118            -1.52242
-0.8619            -5.01118            -1.52242
-0.647458            -3.54807            -2.95917
-0.647458            -3.54807            -2.95917
-0.485173            -1.28772            -4.08637
-1.129           -0.980156            -6.31754
-3.47125            -2.56621            -6.09869
-4.19871            -4.76374            -3.10353
-4.19871            -4.76374            -3.10353
-4.19871            -4.76374            -3.10353
-4.19871            -4.76374            -3.10353
-1.98784            -5.54189            -5.63802
-2.76534            -5.23151            -6.39847
-0.624536            -7.07788            -6.41709
-0.211614            -4.98109            -3.73676
-0.211614            -4.98109            -3.73676
-0.681834            -1.99647            -3.06443
-0.681834            -1.99647            -3.06443
-0.681834            -1.99647            -3.06443
-0.681834            -1.99647            -3.06443
0.194186            -1.31767            -1.53548
0.194186            -1.31767            -1.53548
0.194186            -1.31767            -1.53548
0.194186            -1.31767            -1.53548
-1.07404           -0.387694            -2.63433
-1.07404           -0.387694            -2.63433
-1.07404           -0.387694            -2.63433
0.144665             -1.1503           -0.172059
1.05895            -1.39863           -0.323407
-1.25257            -4.11803            -3.15799
-3.11413            -6.72995            -4.32519
-3.11413            -6.72995            -4.32519
-3.11413            -6.72995            -4.32519
-3.11413            -6.72995            -4.32519
-3.11413            -6.72995            -4.32519
-0.456243            -6.53356            -2.29207
-1.02278            -6.87484            -3.35622
-1.02278            -6.87484            -3.35622
-1.02278            -6.87484            -3.35622
-1.02278            -6.87484            -3.35622
-1.02278            -6.87484            -3.35622
-1.28505            -5.38365            -5.79516
-0.274352             -2.5656            -6.71822
-0.468125            -1.44562            -7.67657
-1.98734           -0.713196            -8.65595
-1.98734           -0.713196            -8.65595
-3.80983           0.0210746              -6.335
-4.74548            0.293027            -3.95774
-4.74548            0.293027            -3.95774
-2.8253              1.8693            -2.04844
-2.8253              1.8693            -2.04844
-2.8253              1.8693            -2.04844
-2.8253              1.8693            -2.04844
0.0336865             3.30976            -5.03057
-1.13759             1.64394            -4.43715
-0.431536             2.27649            -1.49946
-0.431536             2.27649            -1.49946
-0.431536             2.27649            -1.49946
-3.34317           -0.380575            -3.36823
-3.34317           -0.380575            -3.36823
-3.34317           -0.380575            -3.36823
-1.54297            -1.50414            -1.91593
-2.68031            -2.79769            -3.48237
-1.74571           -0.568996            -3.75125
-0.458439             1.07242            -1.82057
-0.458439             1.07242            -1.82057
-0.458439             1.07242            -1.82057
-0.458439             1.07242            -1.82057
0.112726           -0.408706             -3.1576
0.112726           -0.408706             -3.1576
0.112726           -0.408706             -3.1576
0.112726           -0.408706             -3.1576
0.112726           -0.408706             -3.1576
0.112726           -0.408706             -3.1576
0.112726           -0.408706             -3.1576
-0.665971             2.31103            -2.23311
-0.665971             2.31103            -2.23311
-1.20215             1.29756            -2.42119
-1.20215             1.29756            -2.42119
-0.53112             1.29195            -1.51765
-0.53112             1.29195            -1.51765
-0.538239             1.42996            -2.87013
-0.538239             1.42996            -2.87013
-0.538239             1.42996            -2.87013
-0.281164             3.73709            -2.27588
-1.88214             4.15871            -4.99726
-1.88214             4.15871            -4.99726
-2.72493             1.54979             -4.3592
-2.20352            0.771293            -2.05652
-2.74218            0.471548           -0.609877
-2.74218            0.471548           -0.609877
-2.04125             3.22863             1.99396
-2.38128             6.22061             1.13858
-2.64655             6.50022            -1.44276
-1.96694             6.05801             1.34473
-1.96694             6.05801             1.34473
-1.96694             6.05801             1.34473
-1.96694             6.05801             1.34473
-0.655289              4.0758           -0.624662
0.330909             2.59858              1.7697
-0.03302           0.0649879              3.4236
-0.03302           0.0649879              3.4236
-0.03302           0.0649879              3.4236
-2.21369            -1.73059             2.98163
-2.21369            -1.73059             2.98163
-2.63524           -0.410071              3.5876
-2.63524           -0.410071              3.5876
-0.684281            -1.49316               1.579
-1.01968              1.2501             1.53143
0.866371            -0.65888           -0.892321
0.866371            -0.65888           -0.892321
0.866371            -0.65888           -0.892321
0.866371            -0.65888           -0.892321
0.866371            -0.65888           -0.892321
-1.88278            -2.81435            -2.47468
-1.88278            -2.81435            -2.47468
0.243356            -1.56686            -2.01844
-0.642952           -0.490576             -4.5642
1.16824           -0.239878            -4.27385
1.18537            -1.26617            -4.73273
1.18537            -1.26617            -4.73273
1.18537            -1.26617            -4.73273
1.18537            -1.26617            -4.73273
2.3772           -0.752985            -3.95047
2.3772           -0.752985            -3.95047
2.09357             1.78174            -2.79535
2.09357             1.78174            -2.79535
-0.706686           -0.803759            -2.29383
-0.706686           -0.803759            -2.29383
-0.706686           -0.803759            -2.29383
0.465699            0.847863             -2.7645
0.465699            0.847863             -2.7645
0.465699            0.847863             -2.7645
0.465699            0.847863             -2.7645
0.465699            0.847863             -2.7645
0.465699            0.847863             -2.7645
0.465699            0.847863             -2.7645
0.465699            0.847863             -2.7645
-0.89301             3.01025            -1.78021
-2.63003             3.48793            -2.23496
-2.63003             3.48793            -2.23496
-2.63003             3.48793            -2.23496
-0.654419             3.14717            -4.64124
-1.01233             2.20265            -5.37018
-3.62943             1.82248            -2.63366
-3.62943             1.82248            -2.63366
-3.62943             1.82248            -2.63366
-1.76919             1.92506              -3.555
-1.76919             1.92506              -3.555
-0.178619              1.6091            -4.35744
2.14902           -0.334178            -3.81161
2.90509            -0.80085            -1.64152
2.90509            -0.80085            -1.64152
2.90509            -0.80085            -1.64152
3.74999           -0.113503            -3.48101
3.74999           -0.113503            -3.48101
3.74999           -0.113503            -3.48101
2.94515             1.81707            -2.93028
2.94515             1.81707            -2.93028
2.73229             1.80269            -2.77386
2.51653             1.56232            -2.96755
2.51653             1.56232            -2.96755
2.51653             1.56232            -2.96755
2.51653             1.56232            -2.96755
2.51653             1.56232            -2.96755
2.51653             1.56232            -2.96755
1.46165            -1.09451             -1.5758
-1.17673            0.646769             -1.8681
0.718519            -1.51328           -0.891117
-0.269358            -1.82435           -0.875657
-2.25583            0.132075             -3.7935
-2.25583            0.132075             -3.7935
-1.75288             1.24644            -4.76576
-1.75288             1.24644            -4.76576
-1.75288             1.24644            -4.76576
-1.75288             1.24644            -4.76576
-1.75288             1.24644            -4.76576
-1.43204            -1.57153            -4.10193
-1.43204            -1.57153            -4.10193
-1.43204            -1.57153            -4.10193
-1.43204            -1.57153            -4.10193
1.33854           -0.782712            -4.26763
1.33854           -0.782712            -4.26763
1.33854           -0.782712            -4.26763
1.88595             1.39054            -6.12896
1.88595             1.39054            -6.12896
1.55407             3.48026            -5.55352
0.444185             3.98961            -5.60924
0.444185             3.98961            -5.60924
-1.32313             6.40217            -4.47108
-0.696204              5.6858             -2.3487
-1.77444             3.67713            -1.49232
-2.88076             2.73539           -0.752982
-5.28702             5.17317            -2.40104
-6.07741             4.77781            -2.65647
-6.07741             4.77781            -2.65647
-3.64486             3.25298           -0.609003
-6.63844             1.00951            -1.58411
-6.19604             1.26824             -1.8869
-6.19604             1.26824             -1.8869
-6.19604             1.26824             -1.8869
-6.19604             1.26824             -1.8869
-6.54263           -0.489906            -2.15213
-6.54263           -0.489906            -2.15213
-6.54263           -0.489906            -2.15213
-5.91473             1.38862            -2.10944
-5.91473             1.38862            -2.10944
-5.91473             1.38862            -2.10944
-5.91473             1.38862            -2.10944
-5.91473             1.38862            -2.10944
-5.91473             1.38862            -2.10944
-6.13945             1.62016             -2.6142
-5.04231             2.66196            -2.84143
-4.90257             1.63718            -2.16722
-4.87378             2.61211            -3.92628
-4.54994            0.757841            -5.02701
-4.54994            0.757841            -5.02701
-3.91959              2.3389            -3.55393
-2.25106            0.933356             -4.0803
-2.25106            0.933356             -4.0803
0.563152             2.99986            -1.91915
-2.09227            0.223233            -4.48856
-2.09227            0.223233            -4.48856
-0.66099            -0.67149            -4.69116
-0.66099            -0.67149            -4.69116
-2.53927           -0.411813            -2.22569
-0.817963             -3.3632            -2.34717
0.442088            -2.21156            -3.52222
0.442088            -2.21156            -3.52222
-0.895017            0.153824            -3.75332
0.633148             1.17203            -1.80497
1.52202            0.456754            -1.07226
1.2162            -2.18987            -3.12802
1.2162            -2.18987            -3.12802
2.10699           -0.409601            -4.52947
2.10699           -0.409601            -4.52947
2.10699           -0.409601            -4.52947
0.400591             2.11843            -1.58519
0.400591             2.11843            -1.58519
0.897578            0.484837            -1.83202
0.897578            0.484837            -1.83202
0.897578            0.484837            -1.83202
0.897578            0.484837            -1.83202
0.897578            0.484837            -1.83202
-1.25027            0.019135            -1.50729
-1.25027            0.019135            -1.50729
-1.25027            0.019135            -1.50729
-1.25027            0.019135            -1.50729
0.250382            0.509067            -2.55638
0.250382            0.509067            -2.55638
-2.00683               1.124             -2.6797
-2.00683               1.124             -2.6797
-2.04476           -0.737354            -2.05751
-2.04476           -0.737354            -2.05751
-2.04476           -0.737354            -2.05751
-2.04476           -0.737354            -2.05751
-1.76671             0.81629             -2.3583
-1.76671             0.81629             -2.3583
-1.76671             0.81629             -2.3583
-1.76671             0.81629             -2.3583
0.303334          -0.0747165            0.443444
-1.69814            -1.51479           -0.780093
-0.658971          -0.0680718            -1.31537
-0.658971          -0.0680718            -1.31537
-0.658971          -0.0680718            -1.31537
-0.658971          -0.0680718            -1.31537
-0.658971          -0.0680718            -1.31537
-0.658971          -0.0680718            -1.31537
-1.04848            0.206023             1.21956
-0.330858           0.0552748            0.985968
-0.330858           0.0552748            0.985968
-0.330858           0.0552748            0.985968
0.167485             1.78589             1.23852
1.69288            -1.19463             2.29648
-0.41815            0.508642             3.46081
-0.41815            0.508642             3.46081
-0.41815            0.508642             3.46081
1.66722            0.184891             5.33874
4.4347             1.26417             6.75893
3.15537             3.28761             6.70895
0.185353             3.14857             5.22281
0.185353             3.14857             5.22281
0.185353             3.14857             5.22281
0.185353             3.14857             5.22281
0.630825             4.41687             2.59839
0.630825             4.41687             2.59839
0.630825             4.41687             2.59839
0.78997             3.54494             5.07275
0.78997             3.54494             5.07275
0.78997             3.54494             5.07275
0.78997             3.54494             5.07275
3.55916             2.51231             4.86038
3.55916             2.51231             4.86038
1.4511            0.868721             6.73652
1.4511            0.868721             6.73652
1.25324            -1.26549             5.05876
1.25324            -1.26549             5.05876
1.41802            0.524416             5.51524
0.368705             3.00096             2.71979
2.71878             2.94912             3.78023
2.00172             2.46527             3.39367
2.00172             2.46527             3.39367
0.456342             1.09588             3.96325
1.55793            -1.25062             2.46306
1.55793            -1.25062             2.46306
1.55793            -1.25062             2.46306
1.55793            -1.25062             2.46306
1.55793            -1.25062             2.46306
2.10266             0.60898             0.97367
2.10266             0.60898             0.97367
1.09972           -0.593361             1.72975
1.09972           -0.593361             1.72975
1.09972           -0.593361             1.72975
1.09972           -0.593361             1.72975
1.09972           -0.593361             1.72975
1.09972           -0.593361             1.72975
1.09972           -0.593361             1.72975
1.09972           -0.593361             1.72975
-1.43145           0.0618316            0.374771
-1.43145           0.0618316            0.374771
-1.43145           0.0618316            0.374771
-3.95024             1.71487             3.23802
-1.43265             2.31137             4.05986
-1.25523             2.09081             7.00124
0.470056             4.57794              7.5961
0.470056             4.57794              7.5961
2.54428             2.11839             8.52151
4.09436             1.03615             8.87004
4.09436             1.03615             8.87004
4.09436             1.03615             8.87004
4.09436             1.03615             8.87004
4.09436             1.03615             8.87004
2.75787            -1.54193             6.25969
2.75787            -1.54193             6.25969
0.477125            -3.39273             5.43509
0.477125            -3.39273             5.43509
-2.23138            -2.05871             6.63868
-2.73274            -1.56995             4.33839
-4.70032             1.23165             2.73161
-4.70032             1.23165             2.73161
-4.70032             1.23165             2.73161
-4.70032             1.23165             2.73161
-2.56559             3.92366             4.30451
-4.01628             4.90013             2.91983
-5.20529             7.31897             3.10269
-2.70245             5.61883             4.02758
-2.70245             5.61883             4.02758
-1.05316             5.24449             4.64497
-1.44091             2.46539             6.92163
-4.39777           -0.378014             5.57262
-4.39777           -0.378014             5.57262
-4.39777           -0.378014             5.57262
-2.4285            -1.31069             7.23182
-1.84902            0.743068             5.49919
0.655612            -1.32172             3.80735
1.45777             1.57435             3.78444
1.45777             1.57435             3.78444
1.45777             1.57435             3.78444
1.45777             1.57435             3.78444
1.45777             1.57435             3.78444
0.283773           -0.209622             2.35897
0.283773           -0.209622             2.35897
0.283773           -0.209622             2.35897
0.283773           -0.209622             2.35897
0.283773           -0.209622             2.35897
0.221511             1.07213             1.33605
0.221511             1.07213             1.33605
0.221511             1.07213             1.33605
0.221511             1.07213             1.33605
0.34657             3.32104             3.22881
0.34657             3.32104             3.22881
0.34657             3.32104             3.22881
0.34657             3.32104             3.22881
-0.0387141             3.22461             2.45639
-0.0387141             3.22461             2.45639
-0.0387141             3.22461             2.45639
-0.0387141             3.22461             2.45639
-0.0387141             3.22461             2.45639
-0.0387141             3.22461             2.45639
-1.30899             1.81493             1.88964
-1.30899             1.81493             1.88964
-2.14087             2.52335             3.28217
-1.0393             2.14218             3.45044
-0.534112           -0.646123             5.04128
-0.534112           -0.646123             5.04128
-1.99559            -3.48137             4.56704
-1.99559            -3.48137             4.56704
-1.99559            -3.48137             4.56704
-3.53146            -4.27742             3.90511
-3.53146            -4.27742             3.90511
-4.80345            -1.87865             5.34945
-3.48186            -2.39702             6.49105
-3.48186            -2.39702             6.49105
-3.48186            -2.39702             6.49105
-3.48186            -2.39702             6.49105
-3.56951           -0.180448             5.94505
-3.56951           -0.180448             5.94505
-0.765              2.3438             3.36512
-2.605             4.74399             4.29084
-4.7412             2.10049             3.46221
-4.08586             3.18913             4.46633
-4.08586             3.18913             4.46633
-4.08586             3.18913             4.46633
-4.08586             3.18913             4.46633
-4.08586             3.18913             4.46633
-4.08586             3.18913             4.46633
-4.08586             3.18913             4.46633
-4.08586             3.18913             4.46633
-4.08586             3.18913             4.46633
-1.24275             5.24425             3.43434
-0.239278             4.01796             5.74056
0.96681             3.28044             5.44572
0.96681             3.28044             5.44572
0.6352             1.88326             4.79803
0.6352             1.88326             4.79803
-1.16942           -0.573629              2.0822
-1.16942           -0.573629              2.0822
-1.16942           -0.573629              2.0822
-1.16942           -0.573629              2.0822
-1.16942           -0.573629              2.0822
-1.16942           -0.573629              2.0822
-1.16942           -0.573629              2.0822
-1.16942           -0.573629              2.0822
-1.16942           -0.573629              2.0822
-1.16942           -0.573629              2.0822
-1.88176            -1.14786             1.66994
-1.88176            -1.14786             1.66994
-1.65965            0.996136            -1.05346
-1.65965            0.996136            -1.05346
-1.65965            0.996136            -1.05346
-1.65965            0.996136            -1.05346
-3.3522             2.03325            -3.92447
-4.21017           -0.668795            -2.70577
-4.67192            -1.44257            -1.98443
-2.604            -3.80359            -3.11566
-2.604            -3.80359            -3.11566
-2.604            -3.80359            -3.11566
-0.888017            -3.24482            -5.88336
-0.888017            -3.24482            -5.88336
0.136896            -1.94183            -5.09558
-2.24161            -1.14071            -2.37262
-0.55581            -3.39827            -4.26538
-0.55581            -3.39827            -4.26538
-0.55581            -3.39827            -4.26538
-0.55581            -3.39827            -4.26538
-0.55581            -3.39827            -4.26538
-0.55581            -3.39827            -4.26538
2.00093            -1.50414             -6.5246
-0.406686            -3.99767            -4.02335
-0.406686            -3.99767            -4.02335
-0.406686            -3.99767            -4.02335
-2.96713            -1.73217             -1.4046
-3.31603          -0.0605501            -4.30046
-1.46621            -2.81431            -3.70225
-2.2507            -4.03375            -3.61749
-2.0712            -2.26438            -2.97356
-2.0712            -2.26438            -2.97356
-0.144827            0.537503            -3.60352
2.0778             -1.1753            -1.53979
2.29042            -2.11937            -3.79614
2.29042            -2.11937            -3.79614
1.69712            -2.24534            -3.02299
3.22738            0.534175            -6.02229
5.66009              1.6174            -5.39532
4.85835              1.6648            -3.02182
3.98172             4.65486            -1.40675
1.45309             3.31828            -3.31281
1.45309             3.31828            -3.31281
1.45309             3.31828            -3.31281
2.64731              3.6102            -3.33606
0.788156             2.04137            -4.70348
-0.0767684             2.22277            -5.09314
1.10741            0.830855            -5.20262
1.10741            0.830855            -5.20262
2.59761           0.0928524             -2.7199
2.59761           0.0928524             -2.7199
1.57473           0.0588261           -0.823332
0.91905            0.205983            -3.80644
0.91905            0.205983            -3.80644
0.91905            0.205983            -3.80644
0.91905            0.205983            -3.80644
0.91905            0.205983            -3.80644
0.91905            0.205983            -3.80644
0.91905            0.205983            -3.80644
1.91315             2.29371            -4.38443
1.91315             2.29371            -4.38443
1.91315             2.29371            -4.38443
1.91315             2.29371            -4.38443
1.91315             2.29371            -4.38443
1.91315             2.29371            -4.38443
-0.70696              1.6919            -3.55519
-0.70696              1.6919            -3.55519
-1.4304            0.114135            -5.09594
-1.4304            0.114135            -5.09594
-2.89852            -2.75405             -2.8739
-2.89852            -2.75405             -2.8739
-2.89852            -2.75405             -2.8739
-2.89852            -2.75405             -2.8739
-2.89852            -2.75405             -2.8739
-2.89852            -2.75405             -2.8739
-2.89852            -2.75405             -2.8739
-1.98738            -1.53288            -5.66105
-1.98738            -1.53288            -5.66105
-1.98738            -1.53288            -5.66105
-1.98738            -1.53288            -5.66105
-1.98738            -1.53288            -5.66105
-0.743521            0.413824            -7.35209
-0.743521            0.413824            -7.35209
0.00958489             1.97882            -5.65944
0.00958489             1.97882            -5.65944
0.00958489             1.97882            -5.65944
0.00958489             1.97882            -5.65944
0.00958489             1.97882            -5.65944
-0.885313          -0.0825771            -5.85389
-2.79381           -0.472229            -7.01242
-2.85913            -1.20753            -5.19988
-2.85913            -1.20753            -5.19988
-2.85913            -1.20753            -5.19988
-0.682654           -0.647224            -6.34298
-0.107721           -0.969769            -4.91376
-0.107721           -0.969769            -4.91376
0.892021           -0.472023            -4.34352
0.892021           -0.472023            -4.34352
-1.97386           -0.913024            -2.19933
0.0883633            0.319482            -1.78665
0.0883633            0.319482            -1.78665
-1.35818            0.479455           -0.846233
-1.35818            0.479455           -0.846233
-2.11908           -0.898179             1.71394
-2.11908           -0.898179             1.71394
-0.884564            -1.69088             3.56227
-0.884564            -1.69088             3.56227
-0.884564            -1.69088             3.56227
-0.884564            -1.69088             3.56227
-0.816091          -0.0681722             4.23227
-0.816091          -0.0681722             4.23227
-0.816091          -0.0681722             4.23227
0.394125             1.93009             2.17961
0.394125             1.93009             2.17961
0.394125             1.93009             2.17961
0.394125             1.93009             2.17961
-1.78007            0.652112             2.29901
-1.78007            0.652112             2.29901
-1.78007            0.652112             2.29901
-1.78007            0.652112             2.29901
0.782646              1.0241             1.77277
0.782646              1.0241             1.77277
1.86075            -1.95058             4.16487
1.86075            -1.95058             4.16487
1.81816            -2.34114             3.44977
0.741965             -1.1885             4.57393
0.860667            -3.49394             4.21772
0.860667            -3.49394             4.21772
1.7099            -2.64107             6.35944
1.7099            -2.64107             6.35944
1.08229            -2.60306             5.18202
0.830514            -1.51417             5.07702
-1.43318            0.101452             5.08197
-1.43318            0.101452             5.08197
-1.43318            0.101452             5.08197
-1.34502             2.75781             2.98743
-0.825751          -0.0800776             5.51128
-0.996924            -1.07684             3.47406
-3.81911             0.57225             4.49977
-3.81911             0.57225             4.49977
-3.81911             0.57225             4.49977
-0.924733            -2.40037              2.2433
-0.924733            -2.40037              2.2433
-0.401898           -0.240112            0.346429
-0.401898           -0.240112            0.346429
-0.401898           -0.240112            0.346429
2.29266            0.531903             2.52536
2.29266            0.531903             2.52536
2.29266            0.531903             2.52536
2.29266            0.531903             2.52536
-0.140775             2.69812             4.02248
-2.7941             1.98638             4.09672
-2.7941             1.98638             4.09672
-2.7941             1.98638             4.09672
-2.7941             1.98638             4.09672
-2.7941             1.98638             4.09672
-2.7941             1.98638             4.09672
-2.7941             1.98638             4.09672
-2.8001             3.48723             4.79642
-2.8001             3.48723             4.79642
-4.37526             1.88321             6.21894
-3.88052          -0.0523444             4.36454
-3.88052          -0.0523444             4.36454
-3.88052          -0.0523444             4.36454
-3.0996            0.786772             3.20572
-3.0996            0.786772             3.20572
-2.84279            -1.05258             5.80864
-4.28963            -1.01147             5.89089
-2.00761             1.41278             6.66171
-2.00761             1.41278             6.66171
-2.00761             1.41278             6.66171
-2.00761             1.41278             6.66171
-3.45417             2.74932             9.42846
-1.02241             4.96852             11.0444
-1.02241             4.96852             11.0444
0.616311             4.37221             8.35086
3.18418             3.41612             6.69309
3.49994             1.58728             5.99814
3.49994             1.58728             5.99814
3.49994             1.58728             5.99814
3.30964            0.592657             8.08137
4.17813            0.731417             5.30786
1.70526            -2.12658             6.63408
-1.13623           -0.483634             8.17933
-3.57845            -3.19722             9.06974
-3.57845            -3.19722             9.06974
-1.15777            -3.04216             8.63998
-1.15777            -3.04216             8.63998
0.718743            -3.65723             10.4517
0.718743            -3.65723             10.4517
0.989513            -5.58588             7.74612
0.989513            -5.58588             7.74612
0.989513            -5.58588             7.74612
-0.832951            -7.46933             5.65492
-0.832951            -7.46933             5.65492
-2.62974            -9.38046             7.42385
-2.62974            -9.38046             7.42385
-0.144448            -7.92853             8.37354
-0.697786            -5.64179             6.62907
-0.697786            -5.64179             6.62907
-1.46459            -3.16444             4.85728
-1.46459            -3.16444             4.85728
-3.02878            -1.84519             2.26207
-0.126919            -4.49783             5.03552
2.15426            -3.01846             6.00115
2.15426            -3.01846             6.00115
4.4115            -1.33983             5.75664
6.29283           -0.124262             5.94319
6.65623            -2.53267             3.51162
7.26022            -1.58847              5.5027
5.56546            -1.64926              6.8578
5.56546            -1.64926              6.8578
3.47768            -3.41434             5.20085
1.40235             -1.7621             3.92481
1.76641            -2.23535             2.59845
1.76641            -2.23535             2.59845
2.01849            -2.62349             1.46034
2.01849            -2.62349             1.46034
2.76339            0.240438             1.34051
3.11023            0.918058             3.43447
3.11023            0.918058             3.43447
3.62219           -0.430839             2.07836
0.657057            0.648175              1.2082
0.657057            0.648175              1.2082
0.657057            0.648175              1.2082
0.657057            0.648175              1.2082
0.657057            0.648175              1.2082
-0.684215             1.15677             1.28831
-0.684215             1.15677             1.28831
-2.31537            0.592445             1.84213
-0.569666            0.651029             4.27632
-0.569666            0.651029             4.27632
-2.41322            0.598315             4.85246
-2.41322            0.598315             4.85246
-2.41322            0.598315             4.85246
-0.553748             1.38178             4.93934
0.451265             3.06414             3.25723
0.451265             3.06414             3.25723
0.451265             3.06414             3.25723
0.451265             3.06414             3.25723
0.699619              2.3285            0.676298
0.699619              2.3285            0.676298
-1.0655             2.62196           -0.812562
-1.0655             2.62196           -0.812562
-2.29672             3.46081            -1.54433
-2.29672             3.46081            -1.54433
-1.13807             3.05433            -1.43513
-1.13807             3.05433            -1.43513
-2.64758              5.6528             -2.2796
-2.64758              5.6528             -2.2796
-3.41128             3.94372            -2.51946
-3.41128             3.94372            -2.51946
-0.725973             1.88888            -1.32652
-0.725973             1.88888            -1.32652
-0.725973             1.88888            -1.32652
-3.65588            0.231304             1.27013
-3.65588            0.231304             1.27013
-1.41303             1.12304             0.43692
-3.18261           -0.463292           -0.778157
-3.18261           -0.463292           -0.778157
-0.642219             2.50771            -1.86044
-0.642219             2.50771            -1.86044
-0.642219             2.50771            -1.86044
0.815558             2.87562            -3.17775
-0.832759             5.80951           -0.304101
0.462346             5.75437           -0.638651
0.462346             5.75437           -0.638651
-0.465671              4.7393             -2.3513
-0.465671              4.7393             -2.3513
-0.465671              4.7393             -2.3513
1.67403             5.92328            -4.08406
4.59634             3.87294             -2.2055
4.59634             3.87294             -2.2055
3.6006             5.06952            -2.23873
3.6006             5.06952            -2.23873
0.948948             7.34365            -4.25578
0.948948             7.34365            -4.25578
0.948948             7.34365            -4.25578
0.948948             7.34365            -4.25578
0.948948             7.34365            -4.25578
0.948948             7.34365            -4.25578
0.948948             7.34365            -4.25578
2.84418             7.85983            -6.10837
2.84418             7.85983            -6.10837
2.84418             7.85983            -6.10837
5.02901             7.79186            -7.63673
5.02901             7.79186            -7.63673
7.5242             5.52374             -7.5956
7.48036             3.46544            -5.23153
7.48036             3.46544            -5.23153
5.84309             5.14856            -6.53836
3.11434             6.28783            -8.35161
4.27807             6.24309            -5.53911
4.27807             6.24309            -5.53911
5.38785             6.15786            -5.76211
5.38785             6.15786            -5.76211
3.31935             5.33137            -4.99696
3.31935             5.33137            -4.99696
0.9031              7.9342            -4.01698
-1.47275              8.9666            -4.54152
-1.47275              8.9666            -4.54152
-4.46378             7.29295            -5.44687
-2.72867             7.03285            -5.94443
-2.20452             6.87965            -5.20919
-2.20452             6.87965            -5.20919
0.321893             4.14206            -7.41638
-0.15429             2.48119             -6.5381
-0.100772          -0.0660174            -5.79987
0.48793             2.43343            -2.92518
0.116803           -0.242082            -5.12998
-0.453027            -1.02902            -2.71854
2.49014             1.39311            -1.43708
2.49014             1.39311            -1.43708
4.42274            0.935085            -3.65504
4.42274            0.935085            -3.65504
4.42274            0.935085            -3.65504
4.42274            0.935085            -3.65504
4.42274            0.935085            -3.65504
4.42274            0.935085            -3.65504
2.49918             2.33349            -1.38694
1.65122             4.81462            -3.72414
0.738108             3.91437            -3.06981
0.738108             3.91437            -3.06981
-1.83579             1.12458            -3.62931
-1.83579             1.12458            -3.62931
-1.83579             1.12458            -3.62931
0.400337             2.18619            -4.19388
2.06914           -0.345465            -4.17626
1.12286            -2.33507             -2.3707
1.12286            -2.33507             -2.3707
1.12286            -2.33507             -2.3707
1.12286            -2.33507             -2.3707
1.12286            -2.33507             -2.3707
-1.05976            0.306822           -0.949598
1.34987           0.0425068            -2.93002
1.34987           0.0425068            -2.93002
1.34987           0.0425068            -2.93002
1.34987           0.0425068            -2.93002
1.34987           0.0425068            -2.93002
1.34987           0.0425068            -2.93002
1.34987           0.0425068            -2.93002
1.34987           0.0425068            -2.93002
1.34987           0.0425068            -2.93002
1.34987           0.0425068            -2.93002
1.34987           0.0425068            -2.93002
1.34987           0.0425068            -2.93002
-0.548528           -0.722474            -3.58034
-0.548528           -0.722474            -3.58034
0.717963           0.0632453            -1.22073
-0.414002             1.75871            -3.41874
-0.414002             1.75871            -3.41874
-0.414002             1.75871            -3.41874
-0.414002             1.75871            -3.41874
-0.414002             1.75871            -3.41874
-0.414002             1.75871            -3.41874
-1.51221            -0.33756            -4.31825
0.648919            0.933147            -2.38142
0.648919            0.933147            -2.38142
0.648919            0.933147            -2.38142
0.648919            0.933147            -2.38142
0.648919            0.933147            -2.38142
0.648919            0.933147            -2.38142
0.648919            0.933147            -2.38142
0.648919            0.933147            -2.38142
0.648919            0.933147            -2.38142
0.648919            0.933147            -2.38142
0.648919            0.933147            -2.38142
0.648919            0.933147            -2.38142
0.648919            0.933147            -2.38142
0.648919            0.933147            -2.38142
-2.20566            0.787118            -4.33027
-1.21527           0.0285195            -2.65527
-1.21527           0.0285195            -2.65527
0.122139           -0.801865             -5.1611
-2.66252             -3.0757            -5.65442
-2.82891            -1.10198            -3.57929
-2.82891            -1.10198            -3.57929
-5.48767             1.53276            -2.77085
-5.48767             1.53276            -2.77085
-6.58214            0.814221            -4.96003
-4.11235            -1.86204            -6.58083
-3.65335            -0.95218            -4.89414
-5.08272            0.501875            -5.50576
-7.3624             1.32432            -4.87036
-7.167           -0.449468            -3.54975
-5.80612          -0.0768515            -1.36663
-3.84146            -1.01248            -1.60902
-3.3473            -1.72337            -2.53208
-3.3473            -1.72337            -2.53208
-3.3473            -1.72337            -2.53208
-3.3473            -1.72337            -2.53208
-3.3473            -1.72337            -2.53208
-3.3473            -1.72337            -2.53208
-3.3473            -1.72337            -2.53208
-3.63084            -4.09534            -4.44895
-3.63084            -4.09534            -4.44895
-3.63084            -4.09534            -4.44895
-3.63084            -4.09534            -4.44895
-4.3153            -5.50717            -3.09279
-4.3153            -5.50717            -3.09279
-5.16727            -5.45114            -1.85747
-4.66076            -2.90343            -2.54401
-4.66076            -2.90343            -2.54401
-4.07412           -0.676769            -5.48764
-1.28948             1.42939            -5.70086
-3.48176           -0.530778            -4.82116
-3.12883             1.88989            -3.57441
-3.12883             1.88989            -3.57441
-0.384324             2.54941            -6.47663
-0.384324             2.54941            -6.47663
-0.384324             2.54941            -6.47663
-1.20067             2.97444            -5.58842
-1.20067             2.97444            -5.58842
-1.32922             1.49713            -2.72922
-1.32922             1.49713            -2.72922
-1.32922             1.49713            -2.72922
-2.8455            0.876151             -4.9625
-1.20122             3.00175            -3.13161
-1.20122             3.00175            -3.13161
-1.20122             3.00175            -3.13161
-1.20122             3.00175            -3.13161
-0.321489             3.20879            -2.27039
-0.321489             3.20879            -2.27039
-0.321489             3.20879            -2.27039
-0.321489             3.20879            -2.27039
1.86174             3.09668            -4.54292
0.981567             4.16574            -4.85326
0.981567             4.16574            -4.85326
2.33167             1.92261            -4.37621
2.90179             4.77648            -3.82768
2.90179             4.77648            -3.82768
4.08267             2.80492            -2.42383
1.98862              4.4009            -3.26925
1.98862              4.4009            -3.26925
1.10415             1.94249            -2.27684
3.49346             0.85592            -3.39168
3.49346             0.85592            -3.39168
3.49346             0.85592            -3.39168
3.49346             0.85592            -3.39168
3.49346             0.85592            -3.39168
1.38348            -2.07451             -1.6083
3.5591            0.140495            -1.51256
5.21414             2.68831             -1.6245
5.21414             2.68831             -1.6245
5.21414             2.68831             -1.6245
5.21414             2.68831             -1.6245
5.21414             2.68831             -1.6245
5.21414             2.68831             -1.6245
5.21414             2.68831             -1.6245
5.21414             2.68831             -1.6245
5.21414             2.68831             -1.6245
5.21414             2.68831             -1.6245
5.21414             2.68831             -1.6245
5.07266            0.652487            0.399102
5.68505            -1.53537             2.14658
5.68505            -1.53537             2.14658
5.68505            -1.53537             2.14658
5.68505            -1.53537             2.14658
5.68505            -1.53537             2.14658
5.65084            0.447002             2.43311
5.65084            0.447002             2.43311
4.34808             2.41733             3.94547
4.92822             4.71552             5.39132
5.69325             2.27913               6.669
8.65562           -0.231144             5.07033
7.83605            -3.12656             6.74741
5.06393            -3.06116             6.34432
3.47266            -1.12439             5.10126
2.33015            -2.36207             6.74365
1.2587            -4.17076             5.52863
3.39742            -3.12543             4.70785
5.00202            -3.99534             4.10375
5.00202            -3.99534             4.10375
5.00202            -3.99534             4.10375
5.00202            -3.99534             4.10375
6.02676            -1.77454              4.3656
3.83147            -1.54108             4.50261
4.81537            -2.51285             2.14939
4.81537            -2.51285             2.14939
4.81537            -2.51285             2.14939
2.1056            -1.16863             2.17696
4.40892             0.22645             2.36349
4.40892             0.22645             2.36349
4.40892             0.22645             2.36349
4.40892             0.22645             2.36349
4.18516             1.35057             2.78928
2.37324           -0.020446             2.15605
2.37324           -0.020446             2.15605
0.279986           -0.362956            0.674148
2.08777             0.58915            -0.31574
4.97465            -2.25954             2.11864
3.19748            -2.76393             2.06667
3.19748            -2.76393             2.06667
2.90543           -0.472607             4.28395
3.25276          -0.0343111             2.57919
3.25276          -0.0343111             2.57919
3.25276          -0.0343111             2.57919
3.25276          -0.0343111             2.57919
3.25276          -0.0343111             2.57919
3.25276          -0.0343111             2.57919
3.25276          -0.0343111             2.57919
3.25276          -0.0343111             2.57919
3.25276          -0.0343111             2.57919
5.37851            0.823397             4.64821
3.36517            0.381281             4.33207
3.36517            0.381281             4.33207
3.36517            0.381281             4.33207
3.36517            0.381281             4.33207
3.68095             2.16133             3.62238
3.68095             2.16133             3.62238
1.38927           -0.670393              5.3929
0.670261            -1.09471             6.22823
0.670261            -1.09471             6.22823
-1.14378           -0.131475             3.72866
0.589845           -0.628861             4.21915
0.589845           -0.628861             4.21915
0.589845           -0.628861             4.21915
-0.678762             -2.6242             3.56394
-1.37302            -2.45486             3.88386
-1.37302            -2.45486             3.88386
-1.37302            -2.45486             3.88386
-1.30477            -2.66734             1.53746
-1.30477            -2.66734             1.53746
-3.39584            -3.72266             1.32232
-0.683051             -5.3606            -1.61141
-0.683051             -5.3606            -1.61141
-0.683051             -5.3606            -1.61141
1.10069              -4.618            0.780341
0.33919            -1.67686           -0.782706
-0.795291            -1.99769            0.643182
-2.60528           -0.340084            -2.27847
-2.60528           -0.340084            -2.27847
0.0811911             1.04579            -3.05137
0.105849            -1.84329           -0.579536
2.08483            -1.95377            -2.18286
1.72849            0.254012            -4.15697
0.685029            0.860948             -1.9699
0.685029            0.860948             -1.9699
0.685029            0.860948             -1.9699
0.685029            0.860948             -1.9699
0.497755            0.752525            0.875346
0.497755            0.752525            0.875346
-1.43498             2.23976             3.82134
0.0720636            0.127198              5.6971
0.399792             1.03141             6.11949
1.20791           -0.632631             4.68156
1.20791           -0.632631             4.68156
1.59714           -0.568089             3.06998
1.59714           -0.568089             3.06998
1.59714           -0.568089             3.06998
1.59714           -0.568089             3.06998
1.59714           -0.568089             3.06998
1.59714           -0.568089             3.06998
1.59714           -0.568089             3.06998
1.46698              1.5323             3.18847
1.46698              1.5323             3.18847
1.46698              1.5323             3.18847
-0.126457             1.33103             1.75987
-0.126457             1.33103             1.75987
-0.126457             1.33103             1.75987
-0.706068             0.77034             4.08076
-1.72454            0.306511             5.02956
-1.69299            -1.01757             5.31986
-1.69299            -1.01757             5.31986
-1.69299            -1.01757             5.31986
-0.958492            -2.27008             4.21567
-0.7114            -1.61831             1.53242
-0.7114            -1.61831             1.53242
-0.580869            -1.65488             3.21922
-0.580869            -1.65488             3.21922
-2.54407            -1.18473              3.0578
-2.54407            -1.18473              3.0578
-2.54407            -1.18473              3.0578
0.0567546             1.52156             5.36789
0.0567546             1.52156             5.36789
1.54866             2.59427             5.14425
2.20085              2.7629             5.50094
0.359887             2.32002             3.78751
0.359887             2.32002             3.78751
2.05791           -0.608257              1.6665
2.05791           -0.608257              1.6665
1.72387             -1.1213             3.73709
1.15563            -1.65085             5.10781
-0.00938202           -0.109552             5.52464
-0.00938202           -0.109552             5.52464
-0.00938202           -0.109552             5.52464
1.66817             1.39257             3.67919
1.66817             1.39257             3.67919
-0.57197           -0.298703             4.90626
-0.57197           -0.298703             4.90626
-2.36491            -1.76757             7.22044
0.0932375            -1.00892             4.59743
-1.25951             1.60572             2.08263
0.263953             0.29351             4.15282
0.263953             0.29351             4.15282
-0.10171            -2.33151             2.90154
-0.10171            -2.33151             2.90154
-2.75214            -4.26197             4.23565
-3.90303            -2.37021             6.51318
-3.90303            -2.37021             6.51318
-3.90303            -2.37021             6.51318
-3.32315            -1.97953             6.00698
-2.46759            -4.69471             7.33071
-1.27435            -2.65473             6.13831
-1.27435            -2.65473             6.13831
-1.27435            -2.65473             6.13831
1.70622            -3.11219             3.79595
1.70622            -3.11219             3.79595
2.34353            -2.20821             1.74047
2.34353            -2.20821             1.74047
1.03758            -2.66277             1.54044
-1.49529            -1.58456             3.32296
-1.49529            -1.58456             3.32296
-1.49529            -1.58456             3.32296
-1.49529            -1.58456             3.32296
-1.49529            -1.58456             3.32296
-1.49529            -1.58456             3.32296
1.20388           -0.326779             2.59541
1.20388           -0.326779             2.59541
1.20388           -0.326779             2.59541
-0.211264             -2.4859             4.71965
-0.211264             -2.4859             4.71965
-0.211264             -2.4859             4.71965
-0.211264             -2.4859             4.71965
-0.211264             -2.4859             4.71965
-0.211264             -2.4859             4.71965
1.99936            -2.51159             3.03835
1.99936            -2.51159             3.03835
1.99936            -2.51159             3.03835
1.99936            -2.51159             3.03835
0.805082           -0.676367             2.08978
0.805082           -0.676367             2.08978
0.805082           -0.676367             2.08978
0.805082           -0.676367             2.08978
0.649397             0.57885             4.05576
1.00507             1.65128             5.10097
1.45177            0.156277             5.67787
1.45177            0.156277             5.67787
-0.952355             1.42813             4.65228
-2.47894            -1.40776             2.51813
-2.47894            -1.40776             2.51813
-4.33641            -2.04946             2.84415
-3.81833            -2.87157             4.77443
-2.42768            -1.61699             5.84146
-3.80746            -3.02777             3.15446
-3.80746            -3.02777             3.15446
-3.80746            -3.02777             3.15446
-3.03719           -0.329339             2.94899
-3.03719           -0.329339             2.94899
-3.03719           -0.329339             2.94899
-3.03719           -0.329339             2.94899
-1.25816            -1.21651             2.55396
-1.86459            0.312275             4.59538
-3.48633             1.24093             5.19696
-3.48633             1.24093             5.19696
-4.15441           -0.161463             4.55912
-3.2684            -1.08011             3.54183
-1.79661           -0.182841             3.48393
0.222364           -0.641201             1.10077
0.222364           -0.641201             1.10077
0.222364           -0.641201             1.10077
-1.37292            0.127377             3.21073
-1.84155             1.18963             5.53245
-2.92044           -0.434407             4.88692
-1.14084            -1.04916               6.322
-1.14084            -1.04916               6.322
-3.18702           -0.311982             7.56943
-3.18702           -0.311982             7.56943
-2.44996             1.60526             6.61521
-2.44996             1.60526             6.61521
-0.0273561            0.109062             8.07385
0.445525             1.25517             6.77768
-2.05323             3.64839             4.96175
-2.05323             3.64839             4.96175
-2.05323             3.64839             4.96175
-2.05323             3.64839             4.96175
-2.05323             3.64839             4.96175
-2.05323             3.64839             4.96175
-2.05323             3.64839             4.96175
-3.88717             1.68882             2.93537
-4.12655            0.465666             3.52402
-3.44849            0.873987             2.75326
-0.735786             3.08528             2.78066
-1.16657             0.12289             4.83556
-0.985173          -0.0183369             3.85771
-0.985173          -0.0183369             3.85771
-1.99688            0.659228              3.5456
-1.99688            0.659228              3.5456
-1.99688            0.659228              3.5456
-1.99688            0.659228              3.5456
-4.20759             1.28904             4.60089
-3.83693             1.20909             2.31761
-0.896702             3.22725             4.18232
-3.26269             1.44642             6.13345
-3.27363             4.27379             4.34469
-3.27363             4.27379             4.34469
-3.27363             4.27379             4.34469
-5.15715             3.46362             2.24737
-3.97278              2.3989             3.29908
-3.97278              2.3989             3.29908
-3.97278              2.3989             3.29908
-2.47472             2.44423             3.55068
-1.62504           -0.234569             2.00652
-1.62504           -0.234569             2.00652
-1.62504           -0.234569             2.00652
-3.75562           -0.326896             3.25056
-3.75562           -0.326896             3.25056
-0.842244           -0.460233             3.67247
-0.842244           -0.460233             3.67247
0.0181177           -0.206862             1.73793
-2.15746            0.267888             2.34352
-2.15746            0.267888             2.34352
-2.15746            0.267888             2.34352
-2.15746            0.267888             2.34352
-1.48349             2.05347             2.22718
-1.30848             1.15174             4.83921
-1.30848             1.15174             4.83921
-1.30848             1.15174             4.83921
-1.30848             1.15174             4.83921
-0.960856            -1.05494             6.57478
-0.960856            -1.05494             6.57478
-0.960856            -1.05494             6.57478
0.682242           -0.899228             6.86166
-0.881669           -0.813274             6.90725
-0.258515            -1.45198             6.70263
-0.258515            -1.45198             6.70263
-3.05479            -3.07286             4.04113
-3.05479            -3.07286             4.04113
-2.25365            -2.68967             4.01243
-2.25365            -2.68967             4.01243
-2.25365            -2.68967             4.01243
0.675054           -0.458146             4.29975
0.675054           -0.458146             4.29975
0.339685             1.88567             2.39373
0.339685             1.88567             2.39373
-0.82528            0.634694              4.2656
-0.82528            0.634694              4.2656
-0.82528            0.634694              4.2656
-0.82528            0.634694              4.2656
-2.34524           -0.234923              2.2997
-0.225427             1.33622             3.12594
-0.225427             1.33622             3.12594
-0.225427             1.33622             3.12594
-2.93553            0.186686             3.02722
-2.93553            0.186686             3.02722
-0.246038             2.40946              1.9522
-0.246038             2.40946              1.9522
-0.902514           -0.101326            0.296585
-3.26632             1.50197             1.49869
-0.771856             3.03395              1.2898
-0.771856             3.03395              1.2898
-0.771856             3.03395              1.2898
-0.771856             3.03395              1.2898
-3.74872               2.787             2.37724
-3.74872               2.787             2.37724
-3.74872               2.787             2.37724
-3.74872               2.787             2.37724
-3.74872               2.787             2.37724
-2.14179             2.74004             2.04109
-2.14179             2.74004             2.04109
-2.14179             2.74004             2.04109
-2.14179             2.74004             2.04109
-2.14179             2.74004             2.04109
-2.14179             2.74004             2.04109
-0.635959             4.43166             1.77323
0.651815              2.8876             2.71361
-0.833268            0.120927            0.457572
1.28177           -0.682453            -2.00482
1.28177           -0.682453            -2.00482
1.28177           -0.682453            -2.00482
1.28177           -0.682453            -2.00482
1.28177           -0.682453            -2.00482
1.28177           -0.682453            -2.00482
1.28177           -0.682453            -2.00482
1.28177           -0.682453            -2.00482
1.28177           -0.682453            -2.00482
0.157064            -1.23389            -2.06247
0.157064            -1.23389            -2.06247
0.157064            -1.23389            -2.06247
0.157064            -1.23389            -2.06247
0.157064            -1.23389            -2.06247
0.157064            -1.23389            -2.06247
1.67575            -2.10923             -3.7785
2.49063           -0.619585            -4.10424
2.49711            -1.93677              -2.474
-0.138927            0.193426           -0.409445
1.33224           -0.405957            -2.79815
1.33224           -0.405957            -2.79815
1.33224           -0.405957            -2.79815
1.33224           -0.405957            -2.79815
-0.491176             1.05251            -4.35531
2.26853            -1.27469            -1.80956
2.26853            -1.27469            -1.80956
1.0004            0.400849            -2.43729
1.0004            0.400849            -2.43729
1.0004            0.400849            -2.43729
1.03937            -2.51459            -4.88802
1.03937            -2.51459            -4.88802
1.03937            -2.51459            -4.88802
-0.602729            0.203377            -5.49533
-0.602729            0.203377            -5.49533
-0.602729            0.203377            -5.49533
-0.602729            0.203377            -5.49533
-0.602729            0.203377            -5.49533
-0.602729            0.203377            -5.49533
-0.602729            0.203377            -5.49533
1.53145            0.655445              -6.149
0.0610038           -0.913367            -5.13692
-2.48143             -1.6863            -2.43559
-2.48143             -1.6863            -2.43559
-2.48143             -1.6863            -2.43559
-2.2074            -1.85586            -1.99733
-0.28761            -2.84458            -1.69824
-0.32691          -0.0775271            -3.18358
1.58057             0.71527            -3.78278
1.58057             0.71527            -3.78278
0.879744            -1.16576            -3.44584
0.257346            0.778219            -4.97116
0.257346            0.778219            -4.97116
-2.0431             2.53374            -4.44729
-2.0431             2.53374            -4.44729
-0.398378            0.185542            -2.54487
0.0143745            0.230735           -0.977906
-1.49194           -0.982162             1.88559
-1.49194           -0.982162             1.88559
0.525065           -0.391549             2.50186
-0.616173             2.32201             3.78362
-0.616173             2.32201             3.78362
-0.0320812             2.05222             4.76748
-2.82099             1.63834              3.7475
-2.33773           -0.921944             6.08362
-2.33773           -0.921944             6.08362
-2.1695             1.02275             3.75983
-2.1695             1.02275             3.75983
-0.635494            0.200718             2.27371
2.13854            -1.34632             2.75525
3.48339            -1.04585             3.33566
3.48339            -1.04585             3.33566
1.97092            0.580375             3.75394
1.97092            0.580375             3.75394
-0.120932             1.69883              4.3138
-0.120932             1.69883              4.3138
-2.03613             2.47528             4.90591
-2.03613             2.47528             4.90591
-3.77102             3.13739             4.78331
-3.77102             3.13739             4.78331
-3.45197             1.61034             2.95143
-1.64726           0.0448507             2.99874
-1.64726           0.0448507             2.99874
-1.64726           0.0448507             2.99874
-2.738            0.689402             4.21198
0.0485996             2.83937             4.12623
0.0485996             2.83937             4.12623
0.0485996             2.83937             4.12623
0.436179             3.32361             2.51774
0.436179             3.32361             2.51774
0.436179             3.32361             2.51774
0.436179             3.32361             2.51774
0.436179             3.32361             2.51774
-1.35845              1.9794             1.36557
-1.35845              1.9794             1.36557
-0.468225           -0.400144             3.37448
-0.468225           -0.400144             3.37448
-0.468225           -0.400144             3.37448
-0.468225           -0.400144             3.37448
-0.468225           -0.400144             3.37448
-0.468225           -0.400144             3.37448
-0.468225           -0.400144             3.37448
-0.468225           -0.400144             3.37448
-0.468225           -0.400144             3.37448
1.84945            0.819715             2.87636
1.84945            0.819715             2.87636
1.84945            0.819715             2.87636
0.480023             3.76108            0.968323
2.46691             1.23035             -2.0281
2.46691             1.23035             -2.0281
1.25742             2.05689            0.754238
3.66402              1.6282             1.81812
3.66402              1.6282             1.81812
3.66402              1.6282             1.81812
0.819677              1.8152             2.43408
0.819677              1.8152             2.43408
1.99567           -0.954916             5.14277
-0.509257            -1.94929             5.81018
-0.509257            -1.94929             5.81018
-0.509257            -1.94929             5.81018
-0.509257            -1.94929             5.81018
0.0337938            -4.09685             4.48338
1.14773            -3.98912             3.76041
-1.70033            -3.14065             4.66167
0.528795           -0.338928             5.94574
-1.81006          -0.0145494             4.09428
-2.4336            -1.73867             1.90232
-2.4336            -1.73867             1.90232
-2.20542            0.508129             2.96654
-2.20542            0.508129             2.96654
-1.02514             1.61312              2.9936
-0.0643612            -1.25872             3.47006
-0.0643612            -1.25872             3.47006
0.935823            0.723429             4.13211
0.935823            0.723429             4.13211
0.935823            0.723429             4.13211
2.24745            0.727308             5.54657
2.24745            0.727308             5.54657
-0.511097             1.30226             4.15187
-1.03461            0.482471             5.09305
-2.69877             3.27298             5.38732
-2.79549             2.02732              3.2228
-2.79549             2.02732              3.2228
0.14301            0.906783             2.93515
-0.29249             2.80877              2.9131
-0.246128              2.5289             4.15404
-0.778312             5.23304             3.38842
-0.778312             5.23304             3.38842
-0.778312             5.23304             3.38842
-0.778312             5.23304             3.38842
0.297784             3.95512             4.84389
0.297784             3.95512             4.84389
2.5652             5.08911             3.78402
1.62117              3.2378             4.64909
1.85579             4.20356              2.7086
1.47098             5.25332             1.12245
1.47098             5.25332             1.12245
-1.34031             3.42433           -0.458578
1.0744             4.66331            -1.14591
0.316299             5.58634            -1.86673
0.316299             5.58634            -1.86673
0.316299             5.58634            -1.86673
0.316299             5.58634            -1.86673
0.316299             5.58634            -1.86673
0.316299             5.58634            -1.86673
0.316299             5.58634            -1.86673
3.13692              4.3162            -3.77566
3.13692              4.3162            -3.77566
3.13692              4.3162            -3.77566
5.09839             4.61566            -2.82218
5.09839             4.61566            -2.82218
5.09839             4.61566            -2.82218
5.09839             4.61566            -2.82218
3.94524             6.95049            -5.61832
3.94524             6.95049            -5.61832
5.81661             4.58023            -3.32814
5.81661             4.58023            -3.32814
5.81661             4.58023            -3.32814
3.15293              5.1526            -2.57983
3.15293              5.1526            -2.57983
3.15293              5.1526            -2.57983
3.15293              5.1526            -2.57983
3.15293              5.1526            -2.57983
4.35243             3.69682            -3.10675
4.35243             3.69682            -3.10675
4.35243             3.69682            -3.10675
4.63885             3.47766            -1.80153
4.80299             2.89216            -3.12952
4.80299             2.89216            -3.12952
2.85004             3.18375            -4.65518
2.85004             3.18375            -4.65518
0.94742             2.96469            -5.33239
0.94742             2.96469            -5.33239
1.99005            0.663231            -3.99865
1.99005            0.663231            -3.99865
1.99005            0.663231            -3.99865
3.17485            -1.10998            -4.03223
3.17485            -1.10998            -4.03223
3.17485            -1.10998            -4.03223
2.15557            -1.83594             -1.6094
3.1587            0.561313            -4.24215
3.1587            0.561313            -4.24215
3.1587            0.561313            -4.24215
3.1587            0.561313            -4.24215
3.1587            0.561313            -4.24215
2.44972            0.756029            -4.37859
0.807212            -0.10744            -4.24303
2.64871             -1.5979             -2.9542
3.53212            0.417367            -3.32874
3.53212            0.417367            -3.32874
2.06562            -2.13965            -3.10045
1.79859            0.359869            -1.66068
0.600319            0.700939            -4.39606
-0.619405            -1.17747            -2.39651
-0.619405            -1.17747            -2.39651
-0.619405            -1.17747            -2.39651
-1.75358             1.73609             -3.0037
-1.75358             1.73609             -3.0037
-1.75358             1.73609             -3.0037
-1.75358             1.73609             -3.0037
-0.93809            -1.16502            -2.71626
-0.93809            -1.16502            -2.71626
-0.93809            -1.16502            -2.71626
1.31891           -0.757206            -2.94123
-0.599804             2.03255            -4.49825
-2.66136            0.172471            -2.85816
-0.0480854           -0.542424            -1.92548
-0.0480854           -0.542424            -1.92548
0.698995             0.73986           -0.460355
-1.11907            0.354329            0.420888
-1.11907            0.354329            0.420888
-0.745548             1.14234           -0.848019
-0.745548             1.14234           -0.848019
1.86029           -0.934792             1.35274
1.86029           -0.934792             1.35274
2.54295              1.1882             1.71478
2.54295              1.1882             1.71478
2.54295              1.1882             1.71478
2.33376             3.06439             4.45842
2.33376             3.06439             4.45842
2.33376             3.06439             4.45842
3.96518            0.997568             4.10821
4.43438            -0.22687              3.2727
3.53167            0.459289             3.34924
3.36566            0.100816             5.03098
3.36566            0.100816             5.03098
2.7411             2.52942             3.17705
3.88206            0.825041             3.33759
3.88206            0.825041             3.33759
1.16301              2.1216             1.67668
2.70751             2.72421              4.1256
2.70751             2.72421              4.1256
2.70751             2.72421              4.1256
2.70751             2.72421              4.1256
1.64982             0.47108             1.97108
-0.630998           0.0300294             1.41276
-0.630998           0.0300294             1.41276
-0.440506           -0.749287             2.01294
-0.440506           -0.749287             2.01294
0.949151           -0.314304             1.60033
0.949151           -0.314304             1.60033
0.949151           -0.314304             1.60033
-1.45217            0.249445           -0.866439
-1.45217            0.249445           -0.866439
-1.45217            0.249445           -0.866439
-1.45217            0.249445           -0.866439
0.90488            0.628915            -1.36986
1.61505            0.340406            -4.24097
3.48891             2.28459            -3.20639
4.59764              1.9184            -5.41544
4.31015              1.3298             -4.4567
4.31015              1.3298             -4.4567
