#HALF_LENGTH_HISTORY
493.902
477.942
463.457
450.926
432.531
419.732
403.257
395.965
385.89
378.525
371.343
363.519
359.366
354.13
349.874
344.461
337.689
331.54
325.652
319.423
315.011
308.548
306.537
302.783
299.73
296.842
293.766
289.245
287.068
284.167
281.837
280.415
276.335
273.958
271.273
270.122
269.075
266.1
263.537
259.906
258.7
257.836
252.927
250.318
247.112
246.163
243.293
239.108
235.234
231.911
228.957
227.066
226.945
225.038
224.835
224.249
223.868
223.052
220.784
219.033
217.392
214.799
216.591
215.206
213.4
213.078
211.208
211.568
209.936
209.765
206.477
206.258
204.828
202.242
199.957
196.658
196.226
195.745
194.129
191.574
191.198
191.77
189.479
189.392
188.136
187.267
187.076
186.82
187.73
188.304
187.418
186.33
186.376
184.54
182.642
183.357
183.024
183.647
181.818
181.268
178.754
178.815
177.074
176.535
176.607
175.214
173.321
172.658
172.528
173.518
172.756
173.376
175.155
173.217
171.177
170.236
169.486
169.951
169.5
169.888
166.701
166.13
165.063
163.96
164.569
164.322
163.947
161.418
161.875
158.834
158.101
157.275
158.243
158.329
156.389
157.64
158.118
159.063
158.408
158.307
157.58
156.265
157.96
155.688
156.207
155.943
156.105
156.426
156.173
158.162
156.289
156.365
154.949
153.805
154.784
153.987
154.701
152.708
152.441
152.298
155.885
154.247
154.992
155.913
157.722
157.38
155.465
156.775
154.328
153.731
155.026
152.72
152.449
151.259
150.676
149.403
151.897
152.126
150.734
149.928
149.011
149.639
150.022
146.696
148.124
149.583
147.55
146.587
147.721
145.977
146.094
143.316
144.184
144.984
142.628
142.016
141.668
139.485
140.334
141.006
139.559
138.974
141.688
140.143
140.569
138.7
138.924
139.335
139.466
139.073
140.693
137.989
138.71
140.042
140.268
139.95
138.913
137.713
139.438
139.05
141.474
140.046
139.914
139.411
137.632
135.416
135.032
135.793
134.693
136.136
135.018
137.271
134.388
135.325
134.703
134.619
132.166
134.193
132.978
131.496
129.478
132.116
131.888
131.94
131.169
129.895
130.322
131.085
132.803
132.146
131.686
129.881
130.283
132.069
131.536
131.817
131.431
130.928
129.912
130.8
130.757
130.191
130.652
128.53
127.467
127.518
127.741
128.14
128.355
128.349
127.29
129.457
129.106
129.652
129.844
130.245
133.04
131.685
132.378
132.219
130.491
131.277
129.947
128.874
127.806
128.395
128.716
128.223
126.843
126.411
125.764
126.56
127.402
125.834
125.94
125.397
126.063
127.267
125.267
127.555
126.048
125.944
125.954
124.902
124.088
124.915
125.117
124.227
124.642
124.426
125.746
127.571
127.028
128.729
127.914
126.48
126.155
124.507
126.014
126.138
125.121
127.339
124.504
124.521
123.625
122.222
121.79
122.834
123.965
123.724
124.984
122.999
122.276
122.05
123.022
121.884
122.898
121.172
122.298
120.408
120.545
119.324
121.971
122.184
124.477
124.11
124.665
123.59
125.445
124.519
127.066
125.839
121.93
123.78
122.624
123.49
122.199
120.824
121.193
122.732
121.841
122.291
120.615
120.708
122.183
121.577
121.793
120.959
121.035
124.332
125.543
123.535
122.574
122.8
122.963
124.091
123.063
120.264
119.149
120.603
120.933
120.401
121.703
122.326
121.327
122.725
122.922
122.232
121.24
121.158
120.832
121.293
121.341
119.939
121.224
119.417
120.644
120.41
122.245
122.533
121.747
121.974
122.929
120.11
121.634
121.781
122.371
121.279
121.287
120.944
120.147
120.311
120.675
121.451
121.838
122.199
120.374
120.697
121.206
121.94
122.057
121.608
120.472
121.342
121.251
121.181
120.398
120.708
120.333
120.224
119.44
119.852
121.008
120.193
119.816
121.693
123.062
120.146
120.802
119.954
119.3
118.266
118.697
119.583
117.367
118.757
118.68
119.396
119.571
119.88
121.194
121.318
121.22
121.241
120.202
120.398
120.332
123.708
121.449
120.28
120.003
122.16
122.069
121.121
119.715
118.961
120.638
118.992
118.759
117.248
117.659
117.313
120.16
118.493
120.004
118.099
118.195
119.532
119.572
118.173
117.423
119.168
119.046
119.828
120.467
119.687
119.487
119.066
118.836
119.925
121.842
120.031
121.822
120.813
121.013
121.206
121.58
120.326
118.35
118.273
119.268
120.123
120.863
118.056
119.732
120.177
118.491
121.567
120.486
120.409
122.321
119.862
122.067
121.717
120.144
119.455
119.475
119.26
119.591
117.517
119.345
119.719
119.316
120.788
120.864
121.915
121.655
120.69
119.116
120.321
119.304
119.978
119.314
119.243
118.83
119.877
118.098
118.461
119.654
118.96
118.472
119.789
117.055
118.014
117.941
116.196
116.837
116.238
118.617
117.168
117.62
117.069
118.974
117.871
118.567
118.317
116.57
118.742
119.291
119.043
117.825
119.188
117.723
117.164
117.075
119.103
117.725
119.658
118.378
117.701
119.162
117.465
119.662
119.554
119.377
118.812
116.749
117.586
118.613
117.419
120.386
117.369
117.97
117.475
116.58
118.572
121.135
121.368
123.483
124.278
125.558
122.755
125.509
124.344
122.623
122.557
122.03
121.552
121.084
121.529
122.337
120.985
120.322
119.269
121.495
120.877
117.963
118.402
119.231
117.128
119.195
118.958
119.607
119.575
117.778
116.555
115.312
116.793
117.918
117.29
118.693
117.486
118.158
117.599
119.96
116.978
117.472
118.185
118.394
118.406
118.894
120.177
121.018
119.753
119.553
117.821
118.527
120.092
118.104
115.933
116.132
118.486
119.795
118.511
117.13
119.088
117.688
117.565
117.603
117.702
117.437
118.778
117.468
119.084
120.176
119.331
119.048
119.077
119.287
119.003
119.657
118.015
119.051
120.001
118.045
118.444
117.196
116.905
117.603
116.906
118
118.019
118.519
117.996
118.392
118.53
119.796
118.803
118.96
120.371
119.752
117.696
118.083
118.215
118.597
117.799
115.422
117.683
116.75
116.249
116.761
115.798
116.903
118.055
117.035
117.811
118.733
116.838
118.783
119.67
118.078
118.201
116.277
118.23
117.458
118.262
118.769
118.993
119.046
118.724
118.339
118.077
121.149
119.699
119.474
119.742
116.54
119.809
118.382
117.703
118.052
118.021
118.129
116.438
118.702
116.885
117.716
118.232
116.353
118.132
117.604
118.058
116.652
118.399
118.096
120.92
117.899
117.675
117.702
118.086
115.923
115.739
116.009
116.702
115.678
117.287
116.834
117.792
118.408
118.8
119.421
119.887
120.536
118.327
118.086
116.716
117.766
117.009
117.003
117.078
118.217
119.019
118.175
118.459
119.215
118.464
119.657
116.93
118.956
118.522
117.109
118.555
116.973
116.833
117.708
117.588
117.349
117.045
115.614
115.997
117.451
117.584
118.285
118.923
117.7
118.187
116.973
118.392
120.851
119.749
119.931
116.985
119.806
118.601
119.04
118.814
117.503
117.509
118.724
117.552
117.111
118.337
118.24
117.387
117.234
116.453
118.739
120.522
121.833
121.111
118.192
118.348
118.411
118.766
121.22
120.357
119.655
120.005
118.705
119.064
118.656
116.64
116.305
117.863
117.978
117.669
117.657
118.852
119.973
119.565
119.452
118.077
118.245
118.323
119.126
121.081
119.799
117.062
117.912
117.148
118.92
118.08
118.218
120.184
119.068
118.949
119.525
118.496
118.746
118.016
117.33
116.368
116.816
115.835
116.306
116.65
115.118
118.553
118.918
117.735
119.603
117.657
118.408
120.228
118.356
117.076
116.529
118.33
117.43
118.206
118.79
116.32
120.452
118.585
118.42
118.838
119.623
119.907
119.557
119.57
119.062
119.059
119.28
117.975
116.879
116.129
116.801
118.992
118.235
116.874
118.103
118.085
117.463
116.015
117.73
116.689
118.249
118.61
119.242
119.705
118.924
118.451
118.374
119.505
116.251
117.553
118.121
119.58
119.996
117.301
117.668
119.971
120.383
120.322
120.585
117.548
116.593
117.905
119.623
120.452
120.287
121.175
120.601
119.611
117.441
118.939
117.836
118.393
116.915
117.421
116.606
117.839
117.942
118.216
118.447
119.504
118.037
117.781
118.577
118.787
120.272
117.906
118.082
118.068
116.751
118.234
115.24
118.304
118.292
118.699
118.146
118.253
121.579
119.652
118.661
118.1
117.881
116.687
118.073
119.333
118.713
118.841
117.477
118.283
118.256
118.218
120.975
119.457
119.651
119.322
118.284
119.38
117.239
117.63
115.425
118.023
118.33
117.179
118.796
117.868
119.406
120.913
118.669
119.956
118.339
118.575
118.032
117.914
118.013
119.188
117.71
117.743
116.386
116.613
116.439
116.087
116.378
117.776
117.192
119.046
118.135
119.937
118.029
116.636
120.117
118.657
118.55
116.928
117.302
117.683
118.997
117.853
116.904
119.051
116.833
116.088
116.256
117.028
117.703
116.67
116.445
116.285
116.455
116.748
116.281
114.369
115.435
116.01
116.205
119.051
116.429
118.037
116.649
116.025
117.171
118.491
116.732
115.186
113.753
114.127
114.83
114.076
116.933
113.74
113.667
116.14
117.516
118.923
117.243
118.12
118.215
119.532
119.455
120.318
118.137
118.819
116.256
118.163
117.399
115.071
116.094
115.448
115.74
116.913
119.158
118.921
120.953
118.913
119.259
117.432
117.355
115.467
116.684
116.571
116.356
116.499
118.226
119.418
118.709
119.136
121.131
118.868
116.953
115.298
117.009
117.453
115.965
115.616
118.406
117.188
116.768
117.841
118.505
117.59
115.767
116.195
115.838
117.834
117.522
118.549
118.145
118.273
116.825
115.658
116.365
115.36
115.384
115.536
118.284
117.589
117.195
118.452
119.609
117.979
118.345
119.508
119.421
117.948
118.966
118.062
116.514
117.983
116.741
117.194
118.592
117.864
116.614
117.021
117.526
115.899
116.62
117.619
118.182
117.067
116.845
116.658
118.898
120.217
116.272
119.538
117.62
118.058
118.631
117.635
117.594
118.375
117.765
115.874
117.033
119.168
120.853
122.027
120.918
119.987
120.049
116.99
116.731
116.423
115.76
117.236
114.299
115.62
117.467
118.597
117.342
117.009
117.266
116.286
115.713
115.183
114.414
115.312
116.52
115.43
117.914
117.382
116.948
118.814
115.471
117.405
115.565
118.233
117.873
117.082
116.65
117.943
116.244
114.35
115.769
115.262
117.016
117.957
117.699
118.052
116.878
115.81
115.608
116.75
118.515
117.628
118.247
118.76
116.946
116.681
115.504
114.714
117.763
118.021
118.722
119.867
119.141
117.678
117.936
118.03
118.756
118.154
118.373
118.443
120.145
119.358
118.307
117.816
117.029
117.233
118.259
115.792
116.236
117.933
117.813
116.596
116.673
116.708
116.486
115.372
116.623
115.926
115.16
116.921
115.688
117.133
117.762
117.41
117.299
117.224
115.27
116.102
115.891
115.8
117.571
116.122
114.407
115.362
115.946
117.289
115.438
117.377
118.979
116.322
116.882
116.496
114.804
113.682
115.169
114.441
113.999
115.806
116.304
115.468
116.171
117.102
115.955
114.796
115.857
116.371
117.231
117.173
119.055
117.379
118.709
117.164
117.956
116.942
117.327
117.707
117.484
117.463
116.992
116.571
115.177
116.16
115.031
115.369
115.391
116.558
115.529
115.102
114.293
115.347
116.798
118.093
116.935
116.799
117.353
117.629
118.352
116.738
116.367
114.08
116.09
114.769
115.491
115.892
117.086
119.354
118.431
118.475
116.418
116.598
117.655
117.815
117.368
116.864
116.73
117.07
116.625
117.685
117.443
118.322
117.319
116.077
117.393
118.858
116.42
114.63
115.469
114.909
114.629
113.353
114.574
114.871
115.903
114.154
116.821
115.187
114.51
115.577
116.148
115.755
114.908
116.128
116.175
115.773
116.172
117.491
116.513
117.343
116.288
114.849
117.395
116.316
118.033
117.924
116.744
117.788
118.32
116.966
116.682
117.471
117.043
115.202
114.535
115.034
115.498
116.739
116.799
115.015
115.682
117.818
118.563
116.384
117.434
116.54
115.913
117.714
118.492
116.312
116.9
117.023
117.859
115.609
118.113
117.63
117.473
114.974
117.973
117.029
117.501
117.426
118.655
116.597
116.261
115.036
114.812
114.682
115.63
115.199
118.016
117.863
118.46
118.105
118.72
117.188
115.47
116.542
115.417
113.829
115.872
117.22
115.545
116.293
116.246
116.032
115.724
115.511
117.783
116.263
115.169
115.886
117.012
118.94
118.272
118.084
119.701
116.533
118.069
118.275
119.888
118.489
118.048
118.293
117.891
118.548
117.092
116.221
117.177
117.952
116.633
116.504
115.69
118.367
116.098
118.014
118.868
118.883
117.969
116.926
116.415
116.207
114.823
115.345
115.426
115.37
116.318
116.967
116.567
117.538
116.447
114.381
114.991
116.231
115.201
117.546
116.846
115.385
114.711
117.662
115.456
116.56
116.309
116.396
115.406
115.976
114.849
116.019
115.923
117.261
117.273
117.915
116.617
116.952
115.693
117.105
116.149
115.736
116.73
117.431
117.72
116.593
116.664
118.251
117.717
116.017
118.227
117.384
117.515
116.043
116.354
116.27
117.89
118.813
118.752
116.522
117.37
118.506
117.922
118.331
119.191
116.968
117.477
116.202
118.403
118.9
117.801
118.523
118.247
117.622
115.965
117.942
117.092
118.829
119.531
119.232
119.863
119.146
118.228
119.122
117.364
118.201
118.369
119.602
117.342
116.861
116.705
116.268
116.092
115.787
116.809
115.29
115.461
115.913
116.145
115.848
116.2
118.078
118.082
117.265
117.753
117.198
117.303
117.416
116.838
116.709
119.359
117.283
117.674
113.985
115.763
117.827
118.961
115.987
116.442
114.918
116.412
115.878
118.559
116.925
116.431
117.669
117.476
118.206
117.203
117.152
117.78
116.472
118.281
118.554
117.301
119.622
120.514
119.59
119.207
117.543
117.987
117.912
116.782
116.27
116.609
115.803
118.023
117.394
116.593
117.039
116.046
115.803
115.789
116.32
118.977
118.543
117.622
116.843
116.079
117.013
118.557
117.254
118.453
118.439
118.009
120.287
118.675
117.332
118.825
117.439
115.374
116.606
115.672
116.216
119.423
118.189
116.315
115.951
118.594
119.35
117.956
118.081
116.151
116.653
116.127
114.622
115.069
118.546
116.896
117.854
117.187
117.067
116.635
116.043
118.243
115.823
118.139
116.341
116.412
114.781
117.28
115.698
116.942
118.466
115.254
117.625
117.512
117.995
115.954
117.899
118.293
118.589
116.594
115.953
116.637
116.621
116.891
116.833
115.297
116.6
116.315
115.804
115.828
116.56
117.152
118.166
117.122
117.577
117.898
119.5
116.706
118.142
116.783
118.767
119.232
117.154
117.895
116.742
115.701
116.907
116.664
119.638
118.638
119.377
117.038
116.678
117.27
118.095
117.169
118.321
118.162
119.247
117.526
115.947
117.359
117.269
117.505
115.886
116.994
117.349
117.179
117.007
116.185
116.245
115.703
115.474
115.244
115.62
116.287
117.109
117.863
116.107
116.564
117.908
115.838
116.355
115.603
115.951
117.516
116.342
116.624
116.282
116.583
117.692
120.204
118.349
119.909
118.585
115.782
116.509
117.542
119.16
117.724
117.019
118.178
116.29
116.805
117.417
119.161
119.7
118.677
117.181
116.471
117.056
119.638
116.915
117.504
117.083
115.167
116.91
116.521
118.032
116.768
116.89
118.413
117.581
118.07
115.781
117.708
119.559
118.09
118.097
115.707
117.172
117.581
116.875
117.955
116.127
117.248
117.261
116.706
117.2
118.347
116.316
116.654
114.81
116.231
117.848
116.757
117.256
114.792
117.239
116.191
117.487
117.301
115.424
117.679
118.369
118.06
118.362
116.456
118.386
118.391
117.914
117.526
116.298
116.541
117.663
115.592
115.474
117.621
117.396
117.555
117.728
117.687
117.106
116.505
116.675
117.669
117.024
117.638
117.201
118.614
116.663
116.126
116.803
116.577
116.304
117.684
117.281
116.625
115.981
115.728
117.462
117.228
118.2
119.285
118.793
116.32
116.651
116.916
116.998
116.109
117.959
116.31
116.269
115.337
115.996
115.792
115.049
115.54
114.547
115.148
115.085
116.522
117.015
114.047
115.158
116.608
116.313
116.912
115.06
117.324
116.788
116.091
113.831
115.036
115.371
116.564
116.583
116.76
116.247
116.918
118.826
117.913
118.067
117.92
118.54
118.36
118.023
117.782
118.196
116.811
115.964
115.598
116.175
114.964
118.107
117.499
116.78
118.274
116.55
118.751
119.111
118.856
117.925
118.11
116.775
116.476
116.262
117.545
117.848
119.194
119.941
118.355
117.315
117.219
115.388
116.366
118.859
117.734
118.488
118.839
119.077
118.243
118.479
119.585
118.66
118.605
116.215
117.939
119.079
118.704
120.199
119.184
118.626
119.312
118.885
117.916
119.267
119.159
117.561
118.575
117.26
119.383
119.772
120.069
118.051
118.565
120.606
118.387
117.682
116.447
118.024
116.657
117.983
118.714
118.859
117.158
118.984
116.611
118.76
117.761
117.88
115.601
116.582
114.491
116.638
116.756
115.563
116.879
115.912
116.549
116.335
116.952
116.987
117.891
119.397
118.078
118.217
117.493
119.156
118.741
118.837
119.939
119.557
117.5
118.044
117.431
117.837
117.117
118.84
115.905
117.865
118.277
117.5
117.176
117.238
116.766
116.902
117.187
117.563
118.947
117.589
116.304
118.705
118.466
118.5
119.062
116.912
117.43
117.69
117.886
117.763
116.756
116.816
118.249
115.667
116.214
115.511
115.624
117.371
115.359
116.705
117.999
119.087
120.226
118.352
119.698
119.012
116.367
116.562
115.17
115.28
116.521
116.909
114.861
115.995
118.483
115.724
115.705
116.868
117.424
117.012
118.928
118.861
117.174
117.004
116.126
116.385
114.843
114.527
116.333
115.67
117.174
116.538
116.22
116.942
115.553
117.707
114.884
115.824
115.627
115.311
117.384
115.765
113.53
114.738
115.255
116.47
114.617
116.27
114.949
113.833
114.3
113.447
116.494
116.333
117.383
117.354
117.052
116.829
117.152
115.775
117.265
116.152
116.92
117.15
116.227
114.992
116.361
115.732
115.622
117.009
117.302
117.987
115.788
115.756
115.234
114.802
117.287
115.073
115.809
115.582
115.239
115.788
116.732
116.685
116.013
119.199
118.923
118.694
117.667
115.891
117.243
117.883
116.887
117.042
118.872
117.251
115.234
117.609
116.046
117.795
115.91
116.062
117.204
119.281
117.083
115.054
115.273
115.151
115.474
117.214
117.577
117.469
117.229
116.253
116.719
116.736
117.544
116.983
117.701
114.395
117.438
117.154
117.969
118.832
119.359
119.211
117.809
118.411
119.145
117.617
118.849
117.107
118.319
116.844
117.947
116.567
114.895
116.563
116.02
117.829
117.574
117.969
116.308
118.296
117.767
118.505
114.78
117.773
116.887
117.179
117.505
118.299
117.738
116.596
116.317
116.374
117.388
116.874
117.503
114.741
116.576
117.576
115.168
115.514
115.588
116.792
116.425
117.178
117.153
116.724
115.962
115.517
115.38
115.046
113.669
115.48
114.584
116.691
114.321
117.03
117.455
116.282
116.465
117.641
114.838
115.758
114.715
115.258
114.489
115.188
116.077
117.011
118.568
116.659
117.32
115.568
117.588
116.721
116.097
117.348
115.134
113.954
115.138
115.504
116.586
115.756
118.178
117.681
119.137
116.725
118.094
117.33
116.409
117.544
117.536
117.528
118.179
117.999
116.727
115.82
116.006
116.619
115.764
115.911
116.529
115.249
114.007
113.784
114.584
115.055
114.96
115.848
117.19
115.283
115.828
116.481
114.564
115.243
116.703
114.332
116.547
115.639
116.134
116.758
115.369
115.482
115.782
116.983
115.547
114.061
114.089
114.882
113.636
114.854
113.486
116.474
115.532
117.911
117.511
117.535
116.809
119.44
117.871
117.942
117.436
116.658
118.858
116.041
116.335
115.663
115.602
115.361
117.109
115.517
114.308
116.313
115.622
116.793
116.083
117.355
115.061
116.323
115.752
114.836
114.416
114.095
112.637
113.517
115.424
116.211
116.215
116.167
112.959
115.264
116.853
116.573
116.311
117.086
116.425
117.968
116.411
117.142
116.363
113.41
114.437
114.422
114.253
115.833
116.728
117.075
117.837
116.766
116.955
117.777
117.716
118.27
119.206
115.178
118.195
116.604
114.503
116.488
116.613
115.115
116.257
116.16
116.279
116.874
119.001
118.05
115.56
117.8
116.397
115.86
116.43
116.374
114.677
114.651
116.125
116.235
114.938
117.993
118.193
117.533
117.305
116.221
116.335
115.932
114.049
115.751
113.662
112.563
114.741
113.425
114.24
113.632
115.488
116.528
115.987
115.991
116.984
114.652
114.139
115.453
115.771
117.774
114.709
116.564
115.556
117.458
114.904
116.029
115.791
118.028
116.147
114.835
115.179
114.65
114.841
114.709
116.466
116.75
115.73
116.18
116.151
116.261
119.523
119.205
119.38
118.589
119.173
117.135
117.931
116.912
115.687
116.326
115.347
116.518
116.941
117.358
116.167
117.385
116.492
116.79
115.136
115.969
113.776
116.641
116.015
117.42
116.214
116.653
117.316
115.595
116.407
114.28
114.686
113.89
113.794
112.344
114.319
114.277
114.996
115.594
114.393
115.08
116.793
116.194
116.349
115.831
116.852
117.512
117.458
116.598
117.791
116
115.653
116.902
118.759
118.092
117.891
115.437
117.214
115.511
114.526
115.639
117.201
117.512
117.222
115.36
115.362
115.717
115.01
115.863
113.921
114.855
117.072
116.046
115.839
116.827
118.454
116.241
115.284
115.959
113.461
114.787
114.611
113.849
114.532
115.168
114.202
115.946
114.076
116.073
115.261
116.853
114.43
112.531
114.467
115.5
114.248
117.377
117.687
117.449
116.421
115.2
115.579
114.022
115.176
115.11
115.221
115.169
116.282
113.959
115.716
113.32
115.741
112.543
113.556
115.735
115.193
116.181
116.554
113.867
112.581
113.747
115.05
114.953
115.592
116.118
115
118.585
115.523
116.632
115.997
115.438
113.767
116.608
117.614
114.757
115.111
118.226
115.818
114.126
115.394
115.795
115.933
116.802
116.963
116.293
114.238
115.357
116.094
117.868
116.812
113.238
114.449
116.782
115.409
113.69
114.02
113.854
114.88
114.712
114.594
117.405
118.325
116.238
114.453
115.447
115.332
114.511
114.968
115.381
115.764
115.094
113.868
112.996
114.001
115.338
113.985
115.899
117.014
117.577
116.036
116.391
116.237
114.046
114.026
115.364
117.422
115.272
114.888
115.535
115.91
114.029
112.852
113.327
116.082
117.402
116.479
117.339
116.632
116.799
118.441
115.466
116.055
115.258
114.83
115.251
116.428
117.15
115.677
112.323
110.871
113.106
112.857
114.966
116.768
116.361
115.05
114.411
116.499
112.784
112.42
112.282
113.653
114.061
115.138
116.669
116.304
115.817
116.459
115.994
115.583
113.226
114.925
114.084
115.848
116.15
118.255
115.147
114.072
113.062
113.261
113.954
112.572
114.078
115.04
115.358
115.278
116.271
116.683
116.155
115.488
115.185
115.9
115.261
115.503
114.817
114.765
114.491
113.791
114.149
113.996
115.359
113.577
117.716
114.127
114.956
113.515
114.043
115.483
115.278
116.345
116.938
117.275
116.591
117.454
118.411
118.066
117.58
117.233
117.502
116.88
117.327
116.884
114.648
115.08
113.971
115.468
115.636
116.767
114.69
115.929
114.141
114.709
113.827
115.046
115.746
117.279
117.586
114.464
117.152
115.859
116.023
116.749
116.512
115.77
115.493
116.553
115.559
116.062
115.529
114.877
113.781
117.215
116.37
116.31
114.59
113.787
114.744
114.907
115.512
114.507
114.209
116.759
119.03
118.37
119.288
117.757
116.175
117.423
115.493
117.062
116.784
115.411
116.502
115.417
117.731
116.104
116.158
115.417
115.395
114.489
115.034
116.173
114.657
116.383
115.498
116.018
116.389
115.012
115.069
114.143
116.435
116.05
113.714
113.259
113.854
115.139
115.604
116.783
116.034
115.214
114.541
114.734
116.462
117.119
117.512
116.473
115.565
114.43
115.307
113.963
113.362
115.491
114.224
115.439
115.21
114.184
113.532
114.816
114.633
115.827
115.369
114.398
116.221
115.339
117.801
117.463
118.916
117.752
117.633
118.666
117.884
117.381
117.738
115.432
114.669
113.425
114.61
116.51
115.65
113.869
115.486
112.967
112.527
113.137
112.643
114.453
114.946
115.646
117.683
116.166
116.475
116.284
117.693
118.895
116.214
116.968
117.313
116.758
114.636
114.392
116.398
115.314
115.42
114.834
113.312
115.251
114.079
114.816
116.025
115.776
115.189
115.313
114.688
114.306
115.243
116.449
114.717
117.259
117.223
116.195
115.77
115.765
115.594
115.839
117.214
116.851
116.235
115.852
114.841
116.702
115.743
116.085
115.781
114.705
115.95
116.615
116.801
117.548
116.223
116.31
117.37
118.816
116.313
116.786
116.909
116.271
115.69
114.575
116.655
116.119
115.548
114.921
116.413
114.158
116.218
116.883
116.003
117.115
116.101
117.061
118.441
117.827
118.133
118.395
118.624
118.062
117.364
115.441
116.983
118.247
117.207
115.944
115.425
116.281
117.953
118.074
116.764
116.208
115.998
116.281
118.347
116.808
115.353
116.776
115.561
116.183
114.652
114.849
114.446
113.331
114.367
115.725
116.203
115.895
116.311
117.444
117.521
117.354
116.088
116.723
117.799
116.714
118.06
116.635
117.486
118.414
117.797
116.172
116.726
117.703
117.451
117.598
115.564
117.001
116.646
115.004
115.436
116.067
115.38
117.065
115.993
114.993
114.106
116.054
116.557
115.655
115.558
114.35
114.688
113.966
116.75
115.237
116.897
117.472
115.425
114.284
114.916
115.685
116.217
115.372
115.654
116.381
116.29
117.781
117.077
114.976
115.087
115.657
117.115
116.952
114.715
115
114.298
115.106
116.507
116.86
116.003
116.111
117.014
114.669
116.007
115.702
116.404
115.758
114.198
115.864
115.011
114.482
114.721
115.389
115.041
115.033
115.103
114.705
115.621
116.207
115.324
114.023
114.224
114.425
116.362
115.719
114.151
115.897
117.238
117.186
115.489
115.841
117.821
115.484
116.228
115.455
114.973
116.25
114.899
116.571
116.944
115.88
114.894
115.405
115.137
115.154
115.628
115.785
116.848
114.942
114.973
116.115
114.32
115.749
115.413
114.394
115.318
113.917
115.759
115.629
116.001
117.386
117.985
117.61
114.527
116.978
115.371
115.256
115.582
114.865
114.047
113.638
115.225
115.875
117.436
115.689
115.969
115.513
114.586
112.903
113.179
114.974
113.143
114.068
114.673
116.103
113.418
115.511
116.867
115.225
117.032
115.89
114.877
115.152
114.927
115.26
115.715
114.056
112.974
112.969
112.885
113.086
115.04
113.705
113.595
114.758
113.971
113.689
114.645
116.685
115.338
115.002
115.365
116.663
116.826
116.348
115.748
116.274
115.718
115.788
116.869
114.594
111.916
112.52
115.177
114.413
116.793
116.667
117.215
116.153
117.148
114.806
114.79
115.172
113.068
113.73
115.374
115.353
116.135
115.152
117.567
117.565
116.495
118.433
117.318
117.217
118.047
117.025
115.015
116.261
116.301
115.554
114.94
116.485
114.651
116.366
114.96
117.426
116.986
118.896
117.582
115.996
115.425
114.987
114.471
114.928
115.513
116.205
116.945
117.326
115.672
116.356
118.801
116.655
116.179
116.466
116.05
115.854
116.717
116.573
116.63
116.436
117.18
118.151
115.814
114.912
115.056
116.822
116.573
114.664
116.579
115.308
116.554
115.027
115.529
113.182
116.61
116.293
116.176
113.865
114.967
114.639
113.844
115.193
115.054
114.55
113.391
116.54
117.841
117.946
115.788
118.038
117.271
117.284
117.997
116.781
115.558
116.783
116.128
115.731
115.761
118.406
117.096
116.369
115.211
115.181
113.875
115.044
116.49
114.183
114.171
114.929
114.638
114.851
115.764
114.326
113.774
115.284
114.633
114.114
114.054
115.88
115.866
114.841
115.39
115.095
114.578
114.794
115.169
115.95
115.368
117.42
116.125
116.302
114.416
115.562
116.002
117.76
117.994
117.207
120.33
119.921
119.108
118.186
119.123
118.037
116.855
117.093
116.345
116.075
114.314
114.59
115.666
116.271
117.6
116.865
115.852
116.651
118.041
117.316
117.304
118.307
117.564
116.261
116.368
116.858
116.134
116.193
113.979
114.831
113.646
116.386
116.711
116.884
115.051
117.211
116.34
116.736
114.928
115.065
114.233
112.748
114.128
113.935
115.043
114.295
113.408
114.468
115.832
114.453
115.33
116.437
115.309
117.31
116.639
116.27
115.988
116.206
116.264
116.537
116.5
115.588
115.438
116.032
115.626
115.224
116.192
116.348
115.657
113.702
113.131
115.6
117.673
114.309
116.643
115.653
117.917
116.919
116.972
113.893
115.299
114.476
115.56
115.708
116.538
116.572
114.556
115.774
116.555
118.462
117.928
115.82
116.183
115.576
116.457
116.012
116.646
116.444
118.016
116.81
118.524
119.748
118.279
117.449
117.185
116.459
118.694
115.825
118.88
119.636
117.578
117.869
115.471
117.931
117.099
116.834
117.66
117.676
117.08
117.642
117.992
118.522
116.716
117.073
116.546
113.53
115.173
116.071
115.749
116.46
113.657
114.583
115.236
115.893
116.684
117.39
118.813
118.99
118.246
115.422
115.71
114.293
114.615
114.037
116.376
116.154
116.87
116.397
116.306
117.9
115.862
116.674
115.517
115.016
114.644
116.399
117.846
114.873
115.876
114.546
113.497
116.097
116.406
117.015
116.334
117.196
117.69
118.336
117.794
118.063
117.448
116.106
115.635
117.436
117.511
116.265
114.344
115.865
116.582
117.436
117.119
115.748
116.381
115.753
113.935
113.802
115.993
115.966
116.754
116.119
115.337
115.36
114.147
113.995
114.81
116.652
114.626
114.292
115.535
116.62
118.205
118.62
117.135
116.932
117.123
116.419
115.858
117.198
117.092
117.006
116.635
116.256
114.948
116.06
115.983
114.514
114.737
115.499
115.524
116.763
115.449
115.177
115.505
116.951
115.836
115.284
115.287
114.667
116.483
115.576
115.078
114.317
117.307
118.258
116.556
117.179
116.336
113.946
114.542
115.104
114.744
114.892
114.14
113.025
114.573
116.193
115.605
115.162
115.468
115.736
115.92
115.746
114.102
115.154
117.153
115.678
115.604
115.08
111.472
112.864
113.526
112.691
113.269
114.167
114.488
115.802
115.293
116.114
116.912
115.455
115.889
113.634
113.074
113.083
115.668
114.258
114.562
116.293
115.826
115.1
115.214
117.35
116.682
117.307
115.738
116.805
117.838
118.414
118.19
117.507
118.309
116.82
115.982
114.894
116.162
114.845
115.868
116.534
117.116
116.015
115.329
114.999
114.862
114.081
114.027
111.962
114.302
115.091
115.653
113.828
114.78
114.964
117.061
116.909
116.994
116.813
114.618
113.387
114.964
112.751
113.696
112.924
111.767
111.804
112.163
114.14
114.749
115.235
114.852
116.242
115.974
114.514
116.806
115.185
115.657
113.626
113.716
114.949
115.645
115.622
115.282
115.789
116.029
117.64
116.8
115.801
114.218
113.288
115.363
116.382
116.905
113.991
114.869
116.005
114.304
114.669
117.026
112.994
113.901
113.799
114.325
116.39
115.767
115.428
116.079
113.693
112.746
113.79
114.145
111.832
114.419
115.552
116.117
116.033
113.844
114.008
114.613
115.037
114.423
111.583
113.418
112.573
113.631
115.327
116.623
116.352
116.838
116.586
115.2
114.931
115.134
114.217
115.176
115.177
114.109
114.949
116.628
115.629
114.091
115.51
116.501
114.807
115.144
116.169
115.398
114.944
116.868
115.969
117.013
118.913
118.755
117.615
118.157
117.579
115.088
115.327
115.346
116.817
115.221
115.803
115.2
115.771
115.1
117.496
117.969
116.711
118.377
117.477
115.496
117.254
115.528
115.709
115.279
114.528
114.758
116.009
114.471
115.143
114.929
115.288
113.895
114.929
114.695
114.829
117.485
114.988
113.956
114.679
113.845
112.519
113.243
115.351
115.937
116.664
115.803
116.524
115.718
117.242
118.401
115.362
115.597
114.105
113.375
114.817
113.336
114.43
115.485
115.312
113.679
114.642
114.051
115.935
115.451
116.713
115.511
117.437
117.058
117.419
114.221
115.183
118.017
116.191
114.329
117.863
115.787
115.662
114.047
114.583
115.656
114.889
116.296
117.723
116.97
116.058
115.243
115.627
115.765
115.668
117.65
118.508
115.124
116.031
114.531
116.755
115.502
115.703
116.139
115.152
115.77
115.661
115.673
116.45
115.418
115.889
114.529
113.726
115.738
114.067
115.113
115.767
115.332
115.699
116.257
115.08
116.103
117.05
116.522
116.257
115.811
114.898
114.213
115.388
115.744
114.479
115.851
115.573
113.54
114.943
114.655
114.282
117.117
116.457
117.484
116.758
114.948
116.841
114.598
115.307
114.04
113.221
113.552
113.25
114.861
115.729
115.619
114.342
115.738
116.879
117.391
114.807
115.724
116.217
116.115
115.976
116.394
114.883
112.922
116.247
112.998
114.878
115.34
117.609
116.689
116.006
118.17
116.826
116.333
115.52
116.657
116.647
115.38
114.897
115.126
114.121
115.155
114.207
114.846
114.561
115.843
115.322
115.399
117.509
116.564
115.452
116.004
115.077
113.81
115.28
117.289
115.814
114.313
113.957
116.053
115.423
116.025
116.198
116.465
115.751
116.18
114.792
115.936
114.45
115.434
116.835
115.992
116.066
116.711
115.823
114.65
115.32
113.629
115.653
117.294
116.145
113.689
113.835
114.179
115.015
115.758
116.654
113.876
114.712
116.984
115.151
116.224
117.125
116.898
117.5
115.574
114.31
115.705
114.951
116.177
115.607
114.195
114.627
115.238
115.086
116.387
115.679
117.443
116.283
116.431
115.219
116.438
113.493
115.945
115.879
114.616
116.666
116.729
115.694
117.179
117.288
115.008
114.671
116.783
114.385
113.497
114.294
114.245
115.742
116.596
114.375
116.964
118.295
116.963
116.943
115.705
115.383
114.661
115.341
115.587
115.43
115.308
117.119
116.162
114.385
115.161
115.965
114.619
115.902
116.463
115.527
115.942
115.326
116.166
115.487
115.205
115.418
114.916
115.598
114.183
114.619
115.381
115.618
116.06
117.921
116.852
117.691
116.479
116.017
114.442
116.351
116.138
115.244
114.501
113.682
113.085
112.672
113.806
112.138
111.824
115.262
115.513
116.146
114.065
113.995
114.551
113.904
116.887
117.421
117.074
115.364
115.436
115.902
115.711
117.864
115.922
117.135
118.998
115.832
117.296
113.908
116.931
115.322
117.712
117.384
115.349
115.971
115.107
117.311
117.737
115.798
114.996
115.118
116.567
119.134
117.13
116.687
116.871
115.944
116.741
115.208
116.54
114.861
116.633
116.361
116.336
115.512
116.587
115.159
116.041
115.978
116.449
118.138
118.256
116.692
116.429
114.485
116.29
115.729
116.444
115.666
115.635
117.041
116.255
114.696
116.491
115.733
115.791
113.419
115.104
112.228
115.267
115.311
114.237
115.651
115.251
115.804
115.279
114.192
115.463
117.01
113.821
115.727
113.887
117.267
116.732
116.225
116.676
115.111
115.627
116.063
115.936
116.685
115.059
115.033
114.063
112.298
113.384
112.253
111.029
113.066
114.143
113.885
113.641
112.798
113.245
114.928
116.987
115.988
116.076
114.521
116.44
115.407
115.769
116.655
113.229
112.26
113.216
114.581
115.537
113.084
115.194
116.479
115.486
115.763
115.369
114.476
114.801
114.592
116.804
115.087
116.634
115.35
117.789
117.743
118.274
117.392
117.673
116.458
117.896
117.778
114.933
114.583
115.514
115.653
116.339
116.419
116.139
114.6
115.871
115.589
115.936
116.04
115.411
116.431
116.596
117.212
116.666
114.381
114.098
116.229
113.379
114.684
116.969
115.982
115.79
115.938
114.588
113.854
115.292
112.996
113.854
113.632
114.022
113.504
114.367
114.185
113.903
114.174
115.867
115.644
114.26
113.421
117.445
115.972
116.106
116.182
116.446
115.375
117.238
116.368
116.639
115.758
114.489
115.507
117.483
117.478
115.771
115.108
116.049
113.102
115.423
114.965
115.235
115.362
115.731
115.034
114.157
114.803
115.111
114.853
116.036
115.357
116.612
117.935
116.225
115.85
113.162
115.574
117.92
117.516
117.776
115.921
117.285
113.898
114.524
115.747
115.731
115.825
115.622
116.604
114.627
116.215
116.208
117.65
118.746
116.918
117.693
118.359
116.36
114.885
114.31
117.67
115.54
116.154
112.929
114.061
114.457
113.453
114.475
114.171
114.605
115.918
114.975
117.07
117.441
115.023
114.532
114.646
115.245
114.619
115.037
113.928
116.037
114.87
116.892
116.568
116.574
116.769
117.082
117.84
118.346
115.758
116.908
116.394
116.939
117.142
116.963
114.815
115.375
116.6
117.892
117.843
116.951
116.384
116.531
117.84
116.314
114.59
115.194
113.454
117.058
115.785
116.118
116.22
116.428
114.825
117.005
116.314
115.588
117.083
117.487
116.868
117.547
118.224
115.578
116.131
114.888
115.9
115.888
115.058
115.014
117.497
116.166
114.185
114.662
114.548
114.209
113.837
115.864
117.519
116.673
115.301
114.319
116.274
117.249
115.963
114.798
113.667
115.68
115.389
113.389
115.241
113.728
116.097
115.714
116.151
116.96
113.715
115.003
114.313
113.311
113.256
116.137
114.988
115.11
116.397
117.74
116.408
114.329
115.334
115.804
113.804
114.374
114.614
116.017
114.67
115.75
116.557
116.143
117.13
115.812
117.362
116.567
116.527
115.712
115.637
114.907
115.143
113.301
114.004
116.56
116.325
117.772
117.988
116.513
116.983
116.125
116.181
116.045
115.512
114.145
116.635
114.993
114.698
113.465
114.422
115.129
115.591
114.593
116.387
115.755
115.041
114.498
115.929
115.205
114.278
115.414
115.649
116.474
115.051
114.342
115.848
115.513
115.367
116.38
116.82
115.908
118.402
116.08
116.456
116.486
115.494
116.536
116.531
116.37
117.413
117.698
117.651
117.178
117.332
119.214
115.802
118.555
115.675
116.998
115.722
116.393
117.067
116.776
114.959
115.261
115.033
116.635
115.598
116.098
115.22
117.129
118.5
115.03
115.858
115.48
116.504
113.391
114.284
114.462
116.529
117.515
116.288
115.123
116.356
115.069
115.569
118.028
116.55
115.879
116.368
113.204
115.365
115.71
116.443
115.113
114.648
114.46
113.763
114.678
115.567
115.89
114.252
114.771
114.315
115.583
115.824
116.713
115.408
116.106
114.738
116.012
113.855
114.969
115.804
116.321
115.95
114.492
113.979
113.953
114.626
114.722
111.661
115.005
115.586
112.512
114.589
114.182
114.837
115.12
117.701
116.799
117.873
119.736
119.148
116.827
116.132
113.833
114.026
116.197
114.073
115.027
116.461
114.75
116.369
116.029
116.313
116.045
114.393
114.226
112.497
114.291
112.342
113.219
114.058
113.335
114.605
114.239
114.632
115.403
115.864
115.277
117.023
119.758
114.443
114.805
114.327
115.999
114.261
113.739
114.883
116.076
115.445
113.611
115.342
114.299
115.642
115.963
116.669
115.18
117.305
116.989
115.937
115.164
114.429
115.456
114.817
114.966
115.936
115.626
116.58
116.207
114.914
116.356
115.282
114.564
115.275
115.985
115.79
116.382
113.649
114.063
115.436
115.609
116.104
116.079
116.33
117.021
115.548
115.51
116.165
116.772
114.315
114.865
113.856
114.846
114.519
114.925
116.055
114.814
113.755
115.112
113.844
115.471
116.249
116.916
116.601
116.759
115.6
114.417
114.88
113.467
116.684
115.606
117.33
114.675
115.239
114.568
114.577
116.714
115.254
112.92
112.292
113.658
115.157
115.459
117.836
116.193
116.103
114.948
115.842
116.815
116.069
115
116.334
115.805
115.285
115.331
113.429
114.957
116.018
116.631
115.694
116.505
116.822
115.406
115.063
115.005
115.528
113.516
116.758
114.521
113.292
113.482
114.621
114.197
114.876
114.792
112.524
115.851
115.009
116.893
115.743
116.874
115.414
116.559
117.36
117.185
114.888
116.585
114.217
113.813
115.312
116.643
114.076
115.313
113.1
113.829
113.473
114.629
114.66
114.864
115.239
113.86
115.795
115.194
113.46
115.062
117.414
116.083
116.619
116.157
115.121
114.628
115.148
115.729
114.804
114.991
113.634
114.61
114.519
117.021
116.47
117.074
115.972
115.996
114.277
116.817
115.51
116.045
115.309
115.237
115.372
114.995
116.099
115.397
114.377
116.494
117.046
117.26
116.218
115.68
116.045
117.85
116.859
117.841
119.4
116.836
118.188
116.852
116.591
116.649
116.15
115.892
114.754
114.872
113.189
115.765
115.061
115.816
115.764
115.652
116.373
115.634
116.317
117.094
118.379
117.664
118.178
116.513
115.832
114.596
115.971
115.481
115.076
115.556
116.192
114.415
114.859
115.333
117.791
117.342
116.511
117.642
118.764
118.033
116.287
118.429
115.371
116.877
115.452
114.693
114.623
115.596
116.621
116.447
116.633
116.034
116.06
116.897
117.571
115.117
114.505
115.998
114.732
115.443
115.174
116.129
117.011
118.621
117.551
117.177
118.263
116.291
116.298
117.017
117.27
115.859
114.591
111.8
114.938
115.914
114.603
113.156
114.642
114.874
114.861
113.94
115.023
114.835
115.124
114.214
115.579
117.076
117.397
117.732
116.251
116.99
116.155
116.124
115.655
114.548
116.707
117.277
116.725
116.227
120.072
118.291
116.963
116.463
117.744
117.633
116.352
115.982
115.927
115.956
116.589
117.547
113.867
113.598
114.482
114.523
115.827
116.149
117.044
114.734
117.139
116.844
115.566
117.217
115.708
115.401
116.241
114.411
114.56
114.89
115.809
116.08
114.824
114.634
115.047
114.552
115.777
115.008
114.688
116.713
115.036
112.385
114.87
113.405
112.407
113.2
113.977
114.065
115.245
117.182
118.265
116.92
115.296
114.876
116.358
116.719
116.135
115.682
116.893
116.833
115.212
115.519
115.646
114.72
114.638
115.985
115.451
115.283
114.233
114.332
115.365
116.993
116.019
114.638
114.595
113.556
115.26
115.822
116.102
115.509
114.406
114.845
114.825
115.774
116.562
116.252
116.346
117.75
116.077
114.858
114.529
118.782
115.561
116.187
115.357
116.707
116.81
114.12
115.286
117.072
116.258
115.163
116.271
116.407
117.584
118.393
117.699
117.271
117.172
117.373
117.013
114.735
116.557
115.409
114.225
115.741
113.929
113.67
115.065
115.344
116.528
116.023
117.165
117.564
116.082
115.901
114.142
113.801
115.388
115.975
116.117
116.49
116.344
115.326
114.933
115.4
115.836
117.718
116.367
115.623
115.073
115.518
114.375
112.444
114.799
114.123
114.803
114.737
116.279
118.113
118.286
118.032
115.559
117.943
117.313
119.091
118.464
117.481
117.147
116.301
115.939
114.825
113.672
116.845
116.055
115.399
114.26
114.875
116.756
117.09
116.12
116.097
115.116
116.447
117.597
119.312
115.304
115.229
115.833
115.569
116.132
114.862
113.69
113.097
113.713
113.641
114.518
112.748
113.241
112.4
111.661
113.267
111.786
112.954
114.175
114.583
114.611
113.757
115.898
115.989
114.95
115.533
115.444
114.359
115.424
115.485
115.797
116.877
114.725
114.956
116.109
114.079
114.948
115.21
115.468
115.664
113.08
113.663
114.138
114.572
115.169
115.585
115.327
116.242
116.283
115.613
116.784
114.82
114.431
114.122
113.712
113.859
112.523
113.847
115.507
114.771
114.206
114.524
115.807
115.206
115.916
114.581
114.948
115.682
115.315
114.153
116.428
115.234
114.765
114.068
113.902
115.631
116
116.075
115.722
115.978
114.28
114.806
115.366
115.027
114.74
115.924
114.756
112.33
113.745
113.35
115.312
113.355
115.717
115.164
115.374
114.013
114.449
112.887
115.319
114.055
114.019
115.242
114.7
113.019
113.944
114.286
115.272
114.497
115.45
114.888
113.993
114.497
115.723
115.527
114.601
115.588
115.264
115.102
114.425
115
115.007
114.628
114.596
115.467
117.239
116.456
117.626
117.712
118.177
116.189
117.031
116.581
116.075
116.846
116.164
116.154
115.561
115.67
115.03
116.731
115.168
115.834
117.644
116.439
116.637
114.567
116.884
116.742
116.019
115.64
114.111
114.53
114.423
115.263
113.341
115.123
112.776
111.09
112.916
113.199
114.64
112.903
113.491
113.666
114.454
115.526
115.75
115.775
114.987
114.478
115.079
114.739
115.432
115.56
115.829
113.454
114.418
115.09
114.744
113.833
113.856
114.353
114.947
114.917
114.38
115.05
114.59
112.769
113.957
115.48
113.945
114.764
115.246
117.017
115.423
115.25
115.754
116.386
116.373
115.601
116.955
115.144
115.829
112.855
114.073
113.658
113.912
115.195
116
114.805
114.208
115.704
116.739
115.807
114.586
114.397
113.303
112.509
115.083
116.022
114.574
116.991
115.927
116.464
115.143
114.798
114.679
116.035
116.796
116.661
117.382
118.393
118.767
118.63
116.854
116.137
114.9
113.685
115.285
116.316
115.451
114.855
114.459
113.303
114.194
114.259
113.281
114.89
114.528
113.655
113.883
115.027
113.724
113.24
113.755
114.297
115.304
114.769
113.96
115.979
114.641
114.236
115.216
114.253
115.516
114.668
114.284
114.992
115.485
114.096
114.181
114.599
116.544
115.469
117.249
116.398
115.358
114.809
115.604
115.253
116.619
115.092
116.897
116.99
117.716
115.708
116.811
115.56
113.325
113.276
116.991
115.287
114.586
114.985
115.333
115.145
115.875
115.947
114.432
113.427
113.891
114.663
112.377
115.034
116.092
115.864
116.416
117.03
116.447
116.755
116.007
115.373
114.225
116.007
117.203
116.494
116.596
117.065
116.409
116.071
115.828
113.487
112.736
113.496
113.548
113.67
115.299
115.617
114.373
114.242
113.29
112.663
114.291
114.626
114.072
115.686
115.045
113.364
112.99
114.169
115.071
117.643
115.141
117.368
115.13
114.964
115.368
115.458
115.107
115.758
114.733
115.76
117.416
116.88
117.105
118.442
117.805
117.417
116.991
114.865
114.318
113.437
114.512
114.976
114.931
115.944
115.145
113.063
113.271
114.774
114.152
112.145
112.053
113.957
114.993
113.581
112.149
113.06
115.014
116.068
117.9
116.607
116.27
115.469
114.742
114.979
115.813
116.254
116.1
117.592
115.925
115.398
115.307
113.214
112.538
113.981
113.754
116.333
116.22
116.355
115.812
116.12
117.09
115.386
116.906
117.255
115.364
115.194
112.989
112.259
111.419
113.695
112.671
112.271
114.274
113.898
114.761
115.308
116.118
115.786
115.105
115.56
115.927
114.397
115.541
114.078
114.372
114.858
115.163
115.151
114.316
116.65
117.189
115.282
116.128
115.839
116.05
116.266
116.592
115.031
116.638
117.465
115.28
116.826
116.118
114.039
114.848
115.642
114.362
115.074
114.085
114.438
114.77
113.429
116.851
117.029
117.976
118.137
120.096
118.42
117.887
116.821
116.813
115.517
115.131
116.372
115.548
112.785
112.947
112.654
112.77
111.516
113.171
113.879
114.774
114.87
113.925
114.448
113.528
113.915
115.613
114.877
114.643
114.322
114.408
114.015
113.671
115.572
116.935
113.794
113.601
113.443
114.222
114.538
113.757
113.031
113.473
113.773
114.232
115.286
113.184
114.729
116.877
116.212
116.172
114.953
113.819
114.432
113.412
114.498
112.544
115.125
112.347
114.585
114.443
115.921
114.329
112.678
113.949
112.827
112.452
115.826
115.389
117.534
117.828
115.589
113.523
115.537
115.32
115.535
116.609
115.442
115.225
116.449
116.355
115.875
116.863
115.706
116.454
115.605
116.319
115.346
117.734
116.763
116.494
116.095
114.034
116.065
115.64
115.579
116.41
117.64
116.252
117.456
116.458
117.225
117.66
114.646
116.001
116.078
116.118
115.618
114.194
115.46
113.275
115.055
114.205
113.701
114.386
116.353
116.345
118.547
116.598
116.688
117.255
116.247
116.706
115.807
116.158
116.53
116.323
115.951
114.964
115.612
113.596
113.696
112.869
113.511
114.844
114.649
115.488
115.073
115.963
114.804
114.789
114.443
115.442
114.22
115.757
116.569
115.809
117.028
117.99
117.531
115.608
118.052
115.033
116.197
114.306
114.288
115.462
116.609
114.114
112.502
111.405
113.137
114.242
113.84
113.302
114.441
114.651
115.767
116.452
117.445
114.317
114.633
116.112
116.492
115.654
116.03
113.975
115.009
116.369
117.13
116.811
115.5
115.527
114.611
117.025
116.577
114.592
116.508
115.736
114.897
116.01
114.74
114.088
115.45
115.931
116.56
116.488
117.378
116.337
116.194
115.493
114.652
114.593
113.924
112.66
115.794
117.136
114.984
115.506
114.577
116.113
115.203
115.284
117.948
118.372
117.133
116.865
116.258
114.692
114.778
116.862
117.599
117.758
119.287
116.216
114.54
115.888
116.04
117.416
116.919
117.012
117.69
115.373
115.522
114.408
116.928
116.434
115.291
115.87
115.965
116.752
117.477
116.019
113.941
115.956
115.761
116.331
115.562
113.485
114.526
117.034
117.164
118.884
116.763
115.301
116.147
116.829
115.186
116.418
114.957
116.983
116.246
116.358
117.202
117.83
118.527
117.472
114.637
114.867
115.183
115.052
116.155
115.968
115.138
115.813
117.557
115.542
116.378
114.523
114.706
117.724
117.575
115.48
114.813
115.153
115.014
114.332
114.346
113.894
112.89
113.468
115.368
114.657
114.447
114.739
115.034
115.596
113.507
115.297
114.951
114.886
115.095
114.836
116.989
115.765
116.763
115.784
116.188
115.749
114.29
115.101
115.482
114.987
113.96
113.964
114.092
114.236
116.449
115.373
115.874
115.67
115.03
116.077
115.793
117.608
115.825
114.583
113.939
112.709
114.514
114.558
115.051
113.964
117.023
116.454
115.525
116.089
115.929
117.554
117.359
115.722
114.903
114.727
115.901
118.004
116.981
114.838
116.27
115.59
116.287
114.853
114.71
112.097
113.434
112.62
115.789
113.531
112.791
112.033
114.799
114.184
114.545
114.043
113.563
113.957
115.188
114.381
114.286
112.963
113.763
113.388
112.085
113.477
112.412
115.097
116.827
115.253
115.188
114.18
113.583
114.925
114.397
115.332
115.337
115.791
115.096
114.056
112.309
114.227
114.376
112.668
113.75
114.124
114.609
115.597
115.246
114.751
116.799
115.344
115.636
116.613
115.006
114.434
114.694
113.494
115.78
113.908
114.291
112.707
113.81
114.079
114.17
115.761
115.124
115.526
113.536
114.237
114.542
114.596
113.205
114.951
112.511
112.55
113.408
113.891
115.326
116.581
114.776
114.924
114.277
113.759
114.166
115.492
113.351
114.803
116.079
114.025
115.939
115.593
116.985
115.254
116.308
115.715
114.34
114.759
112.15
115.683
115.393
115.463
115.622
114.692
117.585
116.702
116.014
117.08
117.418
119.182
117.456
116.071
117.255
118.53
117.276
116.292
115.993
115.072
115.107
114.087
112.403
113.88
113.422
113.94
113.532
114.919
114.826
114.695
116.601
115.159
117.101
115.846
114.852
114.388
116.76
116.372
115.536
117.219
115.981
116.452
116.234
114.367
115.507
114.668
113.642
113.814
113.17
114.376
115.561
116.927
115.349
113.165
114.081
113.273
115.254
114.385
114.039
115.581
112.947
114.539
114.638
113.718
113.123
114.034
114.514
112.989
114.186
114.28
114.144
113.711
115.149
114.986
113.794
117.18
114.903
115.629
115.787
117.477
117.088
115.91
116.64
114.768
116.25
113.067
114.864
113.405
115.856
113.272
113.344
113.028
112.35
112.445
114.527
116.168
115.789
115.133
114.88
114.442
115.678
115.384
113.61
116.92
116.002
115.374
115.314
114.989
115.093
114.556
116.2
115.763
115.585
117.382
116.608
116.026
116.186
116.022
117.127
114.111
114.659
115.915
116.796
115.68
115.516
114.55
113.929
113.341
114.274
114.828
114.194
115.6
117.394
117.573
116.134
115.518
116.834
114.748
114.961
114.936
114.636
113.721
114.099
115.673
117.209
117.606
116.285
114.138
116.473
115.552
113.689
114.976
116.616
114.545
113.735
116.916
114.445
116.95
115.054
116.189
115.266
114.788
112.991
113.605
113.713
115.299
114.946
117.643
117.366
116.492
113.999
115.675
114.033
114.638
115.293
114.728
116.931
115.335
115.192
113.907
113.571
115.562
114.37
113.568
113.157
114.284
114.975
117.323
115.44
114.663
113.976
116.074
115.208
116.656
116.649
115.046
115.643
113.473
115.432
115.504
116.333
114.113
116.473
117.117
116.244
113.64
115.988
117.527
115.788
115.278
116.437
116.959
117.56
117.375
117.127
116.441
115.682
115.14
114.168
113.947
112.921
115.309
115.425
114.537
113.614
113.828
114.052
113.688
116.867
114.62
115.446
114.67
114.804
117.296
116.057
115.6
115.849
117.426
116.16
115.506
113.454
115.196
116.183
114.943
115.76
114.786
114.678
115.91
115.471
115.219
116.183
119.084
116.572
114.496
114.886
115.672
115.212
114.872
114.538
115.085
113.706
115.475
113.73
113.571
114.137
114.55
114.66
114.314
114.231
115.024
113.565
113.79
114.651
115.001
113.643
113.844
115.442
116.094
117.246
116.506
116.217
113.894
113.362
112.752
113.269
113.082
116.364
116.705
115.197
115.713
115.234
114.844
115.322
116.125
116.941
115.799
116.658
115.287
116.542
115.581
115.731
114.356
115.022
115.741
117.217
116.309
117.087
116.264
115.528
116.188
115.425
116.234
117.064
117.471
114.442
116.596
115.769
113.828
114.497
114.615
115.296
115.103
113.99
115.391
114.175
112.524
113.69
113.982
114.6
116.54
116.743
117.042
115.3
113.623
115.239
116.035
117.323
117.082
117.683
115.47
114.434
115.137
115.182
116.78
114.412
116.269
114.979
115.898
116.986
117.289
115.427
116.441
116.502
117.668
116.071
116.389
114.335
114.57
114.705
113.402
113.287
116.128
115.656
115.368
117.702
115.545
113.811
113.604
115.327
114.006
114.232
114.545
114.933
116.571
118.024
114.799
115.88
117.274
114.288
113.7
113.052
113.995
112.86
115.55
114.772
114.554
114.428
114.033
112.665
114.082
114.16
115.482
115.711
116.387
116.937
116.804
116.44
116.604
117.132
116.752
114.609
114.778
114.282
114.678
115.301
116.187
114.525
115.655
114.465
115.007
116.184
116.264
115.885
115.313
113.636
114.162
115.601
114.744
114.903
114.82
115.969
115.82
116.341
114.843
115.703
115.585
115.242
116.477
117.493
116.811
115.958
114.035
113.633
114.833
115.597
116.176
114.783
115.97
114.299
113.147
114.727
115.181
115.922
114.881
114.652
115.878
114.605
114.574
115.463
116.552
115.75
116.091
117.118
116.637
116.058
117.05
116.176
117.273
116.636
116.551
114.52
115.337
114.978
113.903
113.042
112.58
114.621
113.475
113.109
112.402
114.019
114.101
113.86
113.531
114.346
114.901
113.722
115.119
114.92
116.469
115.59
117.019
116.756
116.122
115.894
116.19
113.645
112.096
110.115
112.158
112.257
114.833
114.221
114.496
114.572
115.528
116.903
114.439
115.445
117.509
118.226
116.729
116.797
116.316
116.044
116.718
114.815
116.294
115.107
116.806
117.283
116.581
117.339
116.887
117.559
118.989
116.074
117.295
116.414
116.074
115.388
114.402
115.769
114.98
114.111
115.695
115.252
113.843
115.183
117.275
114.509
116.088
118.011
115.942
116.618
115.458
114.945
112.383
113.368
114.007
114.43
112.803
113.759
114.644
113.981
115.432
114.736
114.821
115.37
113.118
113.729
113.993
114.542
114.344
114.822
114.827
114.31
115.421
114.257
117.057
114.837
115.597
115.004
113.471
112.652
113.963
115.496
116.271
115.747
115.093
114.516
115.409
116.465
116.975
114.523
114.397
115.548
113.311
114.516
114.034
115.587
114.338
113.673
113.41
112.352
114.525
113.777
114.369
113.391
115.767
112.716
114.141
113.077
113.44
114.499
114.724
115.164
112.885
114.507
113.981
116.302
116.52
116.094
116.551
117.156
116.734
115.878
114.348
113.113
111.513
111.851
115.387
114.376
112.231
114.677
114.619
113.302
112.554
114.564
114.243
113.718
112.159
115.042
115.55
114.644
115.783
118.364
116.963
116.901
115.46
116.831
116.396
117.235
115.696
116.275
114.699
115.66
117.153
114.771
117.062
115.361
112.813
114.175
113.44
114.273
114.234
113.622
114.56
113.899
115.078
115.252
116.601
115.069
115.117
116.046
115.391
115.771
115.733
116.365
115.998
115.995
117.986
116.794
118.079
118.126
115.143
113.975
116.074
115.413
115.246
115.076
115.484
116.654
115.252
116.065
115.446
115.032
114.875
115.316
117.296
115.195
116.77
115.218
117.838
118.407
117.473
116.577
116.69
116.09
116.088
117.031
116.549
115.389
115.628
116.038
117.276
116.521
116.65
116.543
117.319
116.433
115.624
114.851
115.358
114.308
114.333
117.745
115.641
115.574
117.023
116.591
115.775
116.84
118.667
117.772
115.529
116.548
116.424
114.93
113.738
113.669
112.798
114.771
115.13
114.179
114.631
113.693
115.917
115.067
115.995
116.839
116.759
117.365
117.578
116.677
115.416
117.278
116.136
114.898
115.664
114.026
114.378
115.205
116.664
117.149
115.361
114.877
116.252
115.629
114.07
114.729
116.744
114.311
116.368
114.387
116.096
116.261
114.752
115.826
115.092
115.334
117.025
116.497
114.497
115.28
116.168
115.955
117.335
114.244
114.888
114.206
115.204
115.745
116.213
114.571
114.879
117.453
115.408
115.405
115.748
116.419
115.738
117.176
116.549
114.175
116.619
114.777
113.126
114.059
113.468
113.971
114.212
113.927
115.304
114.951
115.477
114.885
115.609
115.732
118.34
116.239
115.739
114.664
113.759
114.903
116.063
114.956
115.095
113.548
114.626
112.614
113.947
114.032
114.793
115.859
115.236
114.427
115.857
115.687
116.582
115.551
114.906
115.394
115.053
113.803
113.287
113.364
113.81
115.136
115.275
113.066
113.931
116.265
115.599
115.646
117.143
117.223
115.523
115.527
115.221
116.304
115.629
115.521
114.706
113.222
113.105
114.997
115.13
115.358
115.804
114.585
115.318
117.395
116.237
116.563
115.346
115.964
116.081
113.729
116.892
116.518
116.594
112.795
114.043
113.697
112.148
112.841
114.403
115.809
114.162
115.905
117.62
117.302
114.343
116.454
116.481
115.366
116.723
115.589
117.299
116.487
116.104
114.901
114.918
115.446
116.733
118.263
116.921
116.528
115.879
115.634
115.916
115.272
116.044
116.033
115.046
115.489
116.204
116.052
114.938
115.56
116.3
115.923
113.836
115.171
115.174
115.488
117.939
116.095
115.605
116.192
115.969
115.539
114.04
115.429
116.621
116.339
115.743
116.079
117.419
115.605
113.944
115.555
115.424
115.049
116.503
117.226
116.493
115.015
114.494
115.605
115.638
116.227
117.471
115.228
116.624
115.67
116.085
115.539
113.709
115.744
116.737
115.344
116.05
116.257
116.89
116.27
116.937
117.445
116.412
116.595
116.19
114.138
113.653
115.461
114.655
113.883
115.501
115.198
115.129
115.455
115.014
116.152
115.013
115.27
116.999
116.672
114.769
114.791
113.665
114.017
114.862
114.282
114.78
113.41
113.908
114.631
113.812
112.693
116.203
114.847
115.084
114.177
117.287
116.982
116.935
116.958
116.043
114.828
115.288
115.45
114.942
114.484
115.741
115.341
117.066
116.274
115.708
114.915
115.177
115.084
115.096
117.055
115.927
116.085
115.281
115.474
116.514
114.741
114.098
115.347
114.509
115.126
112.938
115.601
115.72
116.892
115.393
115.928
114.296
115.259
115.806
115.09
116.298
115.524
115.355
115.773
115.037
117.14
115.931
115.082
115.916
115.914
115.118
116.426
116.572
116.331
114.76
112.979
113.737
114.591
114.486
114.828
114.912
114.897
114.802
115.757
113.857
115.366
115.139
115.908
116.558
116.841
116.247
115.041
113.41
115.722
115.265
115.198
115.521
115.411
116.583
116.241
117.5
115.294
114.94
116.116
114.824
114.849
114.596
115.349
116.58
116.034
117.46
116.107
116.254
115.604
115.574
117.261
116.987
117.814
115.371
115.262
116.476
116.154
116.485
116.295
114.798
114.75
116.615
115.321
117.597
117.134
117.468
115.729
116.628
116.08
115.714
115.167
113.156
114.853
116.047
116.812
115.242
115.885
115.62
115.691
115.057
116.186
117.142
115.724
116.617
116.412
118.603
116.97
116.795
115.058
116.354
114.069
113.185
115.175
115.296
115.805
115.012
115.244
116.924
118.807
116.502
116.621
114.661
115.237
114.742
114.353
115.985
116.296
116.453
117.759
115.929
118.422
118.512
117.921
116.495
115.383
116.009
116.937
115.654
115.347
113.496
114.955
115.423
114.757
114.457
116.073
115.596
116.476
116.929
117.81
116.642
115.701
114.623
114.471
115.257
114.451
116.083
115.764
115.238
116.376
118.132
117.572
115.87
116.198
116.997
115.52
116.092
117.094
115.529
115.638
114.432
114.937
115.441
114.771
115.333
114.966
115.319
116.675
114.949
115.297
115.057
117.481
115.42
115.443
115.758
113.126
114.699
116.547
115.6
116.202
113.705
116.368
114.877
115.793
114.349
113.362
114.686
116.968
116.103
114.731
111.721
113.072
115.373
115.482
114.248
113.422
112.39
114.722
113.853
114.102
113.466
115.349
113.643
114.147
114.071
115.52
113.849
114.539
113.155
114.926
116.109
113.123
114.087
114.826
115.188
114.753
115.473
118.069
117.602
117.315
115.538
115.013
114.871
115.623
116.198
115.008
115.433
116.759
117.581
115.151
118.224
114.648
116.413
115.596
113.56
113.039
113.113
113.046
113.953
115.592
115.88
115.893
117.606
116.016
115.676
117.7
115.504
114.095
114.454
114.477
116.638
116.095
117.121
116.277
115.58
114.942
113.699
114.883
115.051
115.285
115.223
116.193
115.592
116.256
113.703
116.037
116.171
115.661
115.845
115.644
116.451
116.77
115.136
116.351
114.596
113.907
114.573
113.968
114.33
114.844
113.822
114.541
115.964
116.437
116.489
115.593
116.205
115.234
115.626
114.99
116.191
115.407
115.736
115.781
114.465
115.377
114.516
117.191
116.769
117.542
116.307
117.139
117.496
117.978
116.669
116.205
115.413
116.035
117.868
114.566
114.559
113.211
115.199
114.039
115.126
114.502
114.948
116.099
114.917
115.967
115.52
115.127
115.347
114.09
113.814
115.127
113.812
114.023
115.782
116.425
115.884
114.698
114.57
114.394
115.543
115.39
114.914
115.061
114.94
114.56
114.457
113.561
115.958
116.112
112.969
114.671
116.254
116.912
117.72
114.989
114.259
114.361
113.746
113.678
115.415
114.32
113.202
113.86
113.952
114.134
116.299
114.608
115.128
115.139
114.008
114.219
113.987
113.427
113.916
113.239
115.251
115.525
114.132
113.411
117.939
115.216
115.973
116.291
116.446
117.878
118.149
118.247
119.291
116.863
114.073
114.331
115.127
114.961
117.155
116.732
116.387
116.876
116.055
115.348
114.986
114.765
113.904
114.013
114.85
114.845
113.087
114.469
114.019
113.376
114.521
114.291
114.534
115.04
113.102
113.891
114.501
115.539
116.37
115.025
114.458
114.557
115.81
114.408
115.168
115.53
114.865
115.936
113.663
115.979
117.226
116.668
115.444
113.867
114.028
115.451
114.377
113.52
116.42
115.16
116.326
116.148
116.119
114.123
113.653
114.515
113.755
114.27
114.614
116.074
114.633
114.188
115.571
115.281
113.478
114.301
114.242
116.829
115.945
115.428
115.347
117.308
115.159
116.897
114.157
115.169
115.34
116.057
115.388
116.54
117.963
116.41
117.482
116.362
116.369
114.79
114.755
115.383
114.802
113.854
115.368
113.075
116.137
114.938
115.165
114.783
115.265
116.603
114.666
115.365
115.135
117.29
115.096
116.236
116.922
115.486
115.761
116.435
115.067
115.565
116.086
114.25
115.836
115.74
116.039
113.577
115.548
115.308
115.445
113.419
114.802
113.52
113.771
113.638
115.961
114.989
115.361
117.633
116.631
115.869
117.787
117.111
116.377
117.094
115.795
116.267
116.889
118.036
117.945
115.564
116.429
114.021
115.9
115.409
116.223
118.111
116.484
114.53
116.66
115.517
115.826
116.485
114.602
115.426
116.099
118.181
116.912
116.372
114.26
114.682
114.351
115.455
115.599
115.541
116.119
115.395
115.1
115.106
114.631
113.933
116.146
115.839
115.433
115.342
113.22
115.112
115.678
115.746
116.469
115.772
114.654
114.587
114.654
114.091
113.205
112.688
112.343
114.454
113.285
112.968
115.566
116.468
114.648
115.873
115.287
117.07
117.186
116.968
115.476
116.414
115.551
114.439
116.106
116.624
116.886
116.763
118.343
116.898
114.226
117.136
115.208
115.542
115.426
117.412
115.838
116.29
115.68
115.205
117.226
117.179
115.294
116.831
115.902
116.423
114.213
117.016
118.129
116.038
115.586
116.843
113.474
113.576
114.853
115.779
115.04
115.695
115.307
115.021
117.101
116.066
117.242
115.479
115.393
115.623
112.637
114.403
116.178
113.337
115.146
115.768
115.851
115.554
114.738
115.1
115.828
116.009
115.752
114.508
114.951
113.399
114.461
115.655
113.081
114.694
114.451
116.537
115.634
113.285
114.62
113.014
113.339
114.632
115.332
114.368
114.223
114.035
113.737
114.914
115.207
114.586
115.517
116.517
115.096
116.227
115.999
115.834
114.351
115.693
115.827
117.03
115.765
115.519
118.413
115.405
116.838
116.444
117.127
117.719
116.103
116.476
115.853
115.599
116.223
115.783
114.521
114.404
116.527
117.03
116.47
116.212
117.061
114.517
115.929
114.983
115.191
116.947
115.221
115.248
115.043
115.303
113.663
115.79
114.981
115.335
113.303
116.058
113.43
115.427
115.311
114.313
116.528
116.403
118.092
117.487
115.916
114.549
115.36
116.892
114.508
115.75
114.544
114.712
116.302
117.841
118.89
118.133
116.964
117.408
116.976
118.316
117.752
115.366
115.446
114.784
114.575
115.241
113.444
115.829
114.972
113.602
115.883
115.972
114.825
113.408
114.254
116.176
116.937
116.836
114.465
115.517
116.955
117.539
115.985
114.961
115.474
116.265
113.39
115.955
113.624
114.657
116.239
116.577
116.382
115.723
114.761
115.444
115.636
115.415
117.975
116.022
116.319
117.704
116.82
116.023
116.865
115.306
115.519
115.988
115.276
114.607
113.377
113.392
116.186
115.937
116.522
118.255
118.373
115.714
117.393
117.513
117.391
116.649
115.498
114.705
114.818
116.087
116.147
117.766
116.782
116.853
115.938
116.82
116.712
115.753
116.736
116.574
114.56
116.593
117.81
115.986
115.129
114.282
114.991
115.499
116.481
117.189
117.243
116.537
115.468
115.642
114.706
116.083
112.703
113.934
113.422
114.774
116.33
115.057
114.125
113.863
113.035
116.212
115.343
117.302
116.339
116.069
116.168
114.687
114.143
117.36
116.779
116.85
117.403
117.987
116.355
116.626
115.461
115.649
114.724
114.26
113.542
114.466
116.655
115.408
116.236
114.834
113.501
115.892
115.753
114.278
114.657
112.539
115.236
115.005
114.946
117.263
115.029
115.73
118.189
119.133
117.412
114.996
115.271
113.854
116.025
116.964
115.464
114.703
116.102
114.598
115.39
116.593
114.907
115.498
115.531
117.364
115.403
115.561
114.587
115.727
115.344
116.591
117.887
116.208
115.522
114.076
113.432
113.086
115.846
114.703
114.181
114.077
113.11
113.416
113.329
114.032
113.812
116.288
114.769
114.654
114.503
113.275
113.214
114.363
116.262
114.822
115.741
115.719
115.97
117.585
115.271
115.255
116.057
117.529
115.443
118.084
114.423
114.193
114.171
115.234
114.992
115.085
113.283
112.757
112.892
113.904
114.092
115.711
114.795
115.578
117.215
116.055
116.134
116.704
116.448
114.924
115.185
115.727
113.811
113.83
114.913
116.443
115.344
114.569
115.263
114.345
113.794
115.519
113.488
113.437
115.298
116.029
116.264
117.155
116.255
115.741
114.445
114.763
115.659
115.285
114.693
114.283
114.929
113.706
115.068
115.294
118.923
117.306
116.6
117.24
118.265
116.956
115.459
114.402
115.7
114.868
113.872
115.295
115.344
113.724
114.952
114.392
113.763
113.506
115.206
114.912
114.427
116.57
116.731
116.249
115.362
115.292
114.38
113.641
112.547
112.516
114.434
115.991
116.642
115.336
114.563
115.172
113.371
114.201
115.161
115.57
116.26
115.43
117.983
118.036
114.118
116.237
116.607
116.334
114.481
116.66
114.693
115.808
115.374
115.566
117.521
116.207
115.342
113.924
113.469
113.816
114.311
115.384
114.402
115.65
115.339
117.025
117.535
117.288
115.864
117.872
116.206
116.201
118.225
116.321
115.531
113.464
116.845
113.799
113.316
112.944
114.211
115.455
116.639
114.818
115.71
111.927
115.143
113.782
114.73
115.658
115.673
113.281
114.108
114.19
116.262
117.679
116.12
117.303
115.164
114.088
113.539
112.386
114.219
114.805
116.829
116.147
116.996
117.46
117.234
116.596
116.785
117.121
117.204
118.413
118.107
115.638
115.958
115.166
114.283
115.161
115.02
115.28
114.96
112.631
113.857
113.72
116.043
116.019
114.366
114.299
111.16
112.401
114.627
115.506
114.492
116.62
118.187
117.218
114.6
113.078
115.236
114.331
113.742
113.69
114.94
117.683
115.723
117.201
115.865
116.778
115.584
116.289
116.639
115.617
115.883
117.238
117.411
116.003
114.58
115.248
117.041
118.155
118.068
115.864
117.135
116.667
117.517
119.37
119.317
118.329
119.121
116.762
116.896
117.036
117.667
117.953
116.052
117.518
117.93
117.771
115.734
115.883
113.446
114.698
113.908
113.729
113.562
115.723
115.968
115.627
116.787
116.07
116.212
116.888
116.095
116.417
113.939
113.463
114.862
112.075
114.359
115.143
114.75
114.823
114.429
115.275
113.558
113.915
115.76
115.444
115.592
116.836
117.043
116.349
116.811
117.437
115.543
118.629
117.253
116.535
115.918
116.342
116.465
115.224
113.329
113.494
113.583
114.946
114.488
113.882
113.856
115.105
115.601
113.932
114.584
115.673
115.117
114.864
115.492
114.419
116.194
116.001
114.477
116.284
114.504
115.999
115.154
114.566
115.089
115.709
115.571
114.012
114.824
116.196
114.811
115.776
114.517
114.523
114.572
115.218
116.198
115.378
115.048
117.806
114.979
112.419
114.667
114.896
116.373
116.494
114.717
115.555
115.924
116.319
117.778
118.056
117.009
116.453
116.916
116.39
115.119
113.605
115.658
114.016
115.447
115.766
114.259
113.23
113.509
112.78
113.215
113.357
113.929
115.704
115.789
115.964
116.254
116.184
114.948
115.543
114.675
116.459
116.479
115.263
116.766
116.681
113.602
114.707
115.392
114.332
115.546
116.387
113.676
114.302
114.635
114.762
115.758
115.705
116.901
114.369
114.034
115.493
114.211
113.603
115.316
114.56
115.671
118.053
117.629
115.267
114.533
113.953
114.177
115.427
116.179
115.994
115.827
116.564
114.097
114.784
117.051
117.193
118.016
116.928
117.376
115.014
115.831
115.483
115.183
116.246
116.153
115.955
116.105
116.714
115.671
115.944
116.506
117.58
116.545
117.235
116.86
115.417
117.444
116.599
116.014
114.4
116.805
113.78
114.41
114.892
116.593
114.685
115.472
114.926
113.958
113.275
115.374
114.384
115.263
115.63
118.703
118.594
118.878
116.763
116.548
116.463
116.376
114.045
115.448
114.274
115.744
117.3
117.336
115.879
116.055
114.909
115.56
114.802
115.485
116.339
114.389
115.949
115.659
115.506
114.117
114.89
114.566
113.192
115.055
115.719
118.916
118.102
115.731
115.89
116.232
114.893
114.036
115.521
115.086
115.653
114.398
116.176
115.463
112.817
116.803
116.327
115.569
114.648
114.616
116.048
115.541
114.776
112.974
115.972
116.616
116.721
115.46
118.443
118.722
117.901
116.467
115.436
114.948
114.72
113.381
114.452
115.622
115.839
114.87
113.836
112.771
112.422
113.514
113.496
115.987
114.933
116.966
115.252
116.72
115.298
115.322
114.233
115.868
117.885
117.539
116.591
117.317
117.205
117.049
115.461
115.052
114.369
114.515
114.586
117.045
117.733
115.706
115.329
116.232
116.801
118.013
115.809
116.277
114.455
112.811
115.312
116.921
116.88
115.401
115.664
116.534
114.206
115.149
115.89
117.624
119.097
117.022
117.106
116.852
114.464
115.535
115.494
114.893
114.075
113.966
116.082
117.603
116.241
115.375
116.173
113.77
116.423
117.39
115.485
114.328
115.41
115.021
116.577
116.902
117.198
116.9
114.891
115.637
115.666
114.456
115.525
118.152
116.314
114.961
117.668
117.961
118.81
117.702
118.425
118.137
116.752
113.484
114.919
114
114.518
115.317
115.564
116.194
114.986
116.762
113.778
113.738
117.252
114.536
113.218
113.931
113.869
115.61
115.152
115.571
116.052
113.979
115.036
116.426
117.464
115.37
114.432
115.207
117.009
115.514
113.023
113.581
112.888
114.035
114.229
114.133
114.427
115.177
114.494
114.705
112.527
111.578
114.253
112.523
112.937
114.51
112.179
114.948
115.696
115.132
114.913
116.555
116.129
117.312
116.095
116.966
114.704
115.1
114.034
116.099
113.803
117.029
115.471
114.123
113.873
116.415
114.565
116.32
114.513
114.434
116.579
114.772
116.352
115.615
115.89
117.363
116.711
115.2
114.826
113.669
114.305
113.115
113.389
116.672
113.973
116.023
114.919
117.595
114.451
114.656
116.144
114.917
114.709
114.24
114.9
115.543
114.383
115.403
115.157
117.25
115.781
117.423
118.663
118.523
118.972
117.051
117.888
117.638
116.048
117.304
118.17
116.796
119.094
118.347
117.874
118.175
115.374
117.143
119.012
117.324
116.863
117.799
115.568
115.35
115.042
116.755
116.395
115.491
113.796
115.743
116.387
117.281
116.677
117.223
115.601
115.715
114.785
115.992
115.439
114.893
116.022
116.717
117.121
117.6
116.628
116.655
116.691
118.36
118.137
116.613
116.321
115.658
117.924
115.407
116.993
115.998
113.481
114.712
116.276
113.449
115.589
116.608
116.419
115.253
116.627
118.762
117.738
118.128
116.874
117.672
116.125
116.173
116.959
116.405
115.794
115.474
115.639
117.317
115.378
116.692
116.088
115.497
115.408
115.884
114.745
114.392
116.054
117.67
113.863
115.235
116.114
116.176
113.803
114.715
113.809
112.841
114.857
116.398
118.127
117.021
118.749
116.126
117.483
117.105
118.909
116.664
118.241
117.901
117.355
115.227
115.823
115.11
116.225
114.819
116.493
115.446
113.259
114.041
114.509
114.352
115.376
115.833
114.799
114.995
115.943
117.113
117.434
118.315
117.369
115.974
114.383
113.289
114.718
113.754
114.768
113.789
115.981
115.722
118.18
116.78
116.433
116.732
116.67
116.36
117.203
116.126
115.941
115.56
116.396
115.089
114.634
114.359
113.967
115.084
114.661
116.53
114.409
115.81
116.549
116.666
115.232
116.486
115.536
117.485
116.428
115.134
116.112
113.628
114.814
114.215
114.023
113.134
112.901
115.229
114.56
113.722
116.114
116.363
116.494
114.396
114.227
114.53
116.008
115.72
114.73
112.194
115.925
116.05
114.925
115.18
118.394
116.593
116.811
117.184
117.853
116.791
115.492
117.007
116.94
116.535
115.989
115.013
115.404
114.675
113.528
113.863
115.653
114.688
114.83
115.141
116.157
114.17
115.876
115.152
114.139
116.043
115.458
115.424
115.671
114.496
116.054
115.912
115.493
115.604
116.464
114.862
113.259
114.008
114.108
114.238
114.495
113.962
116.137
117.72
115.476
115.363
116.793
115.74
117.194
114.502
116.685
115.016
115.057
116.529
116.221
115.315
114.572
117.727
116.818
116.254
115.606
116.373
116.574
116.401
116.719
117.093
115.672
115.011
115.496
116.05
115.49
116.89
117.014
118.257
116.532
117.554
116.998
117.453
116.459
115.205
115.547
114.046
114.475
116.23
117.652
115.283
115.373
116.362
114.279
115.658
114.027
115.259
113.94
114.99
114.281
113.749
113.707
114.322
114.848
113.245
113.651
113.563
115.655
114.752
114.9
114.972
117.193
114.263
114.646
113.958
115.154
116.58
118.994
116.451
114.795
115.848
115.699
116.139
116.379
115.334
116.694
114.602
114.835
115.827
116.539
117.412
116.772
115.777
115.596
115.065
113.418
114.405
117.166
115.729
116.756
115.754
113.645
113.913
115.012
115.003
117.944
116.887
114.3
116.636
116.271
115.696
117.658
114.957
115.769
115.725
112.394
111.929
111.821
110.183
110.075
111.072
113.354
114.561
114.833
113.932
115.022
116.897
116.946
115.944
116.374
115.723
116.697
115.231
117.118
114.373
114.839
115.812
116.551
115.871
117.106
117.478
116.624
117.926
114.661
115.981
117.013
116.216
115.186
114.705
115.743
116.959
114.439
114.456
115.968
116.205
115.166
115.077
116.231
116.014
115.794
116.633
116.723
118.139
118.653
117.477
117.929
116.131
115.091
114.855
113.907
113.428
114.532
117.089
115.902
116.433
115.904
112.833
115.06
115.827
115.719
115.253
114.259
115.406
115.792
117.451
113.481
115.252
117.036
116.502
115.259
114.606
113.537
114.947
114.317
114.175
115.487
114.089
115.042
115.358
114.011
112.481
113.95
112.52
113.72
113.363
114.235
115.524
115.185
116.895
115.817
116.095
116.618
113.247
115.2
115.884
114.627
115.398
115.624
115.495
116.797
115.553
114.429
116.333
114.646
116.901
113.237
114.108
114.544
115.288
115.852
115.587
117.506
117.78
115.896
115.861
114.576
114.048
116.017
114.698
113.769
111.962
113.569
115.489
116.469
114.014
114.574
115.028
116.484
113.222
114.099
115.435
113.529
113.527
114.583
115.386
115.031
115.382
116.082
116.627
116.615
115.712
113.929
114.52
116.445
115.936
116.897
116.724
117.379
114.86
113.622
114.816
116.159
114.784
114.796
114.537
111.49
111.401
113.752
114.708
115.469
115.747
115.411
115.408
114.679
117.596
115.48
115.376
114.41
115.329
113.813
115.733
115.398
116.174
114.869
115.747
115.693
115.098
115.981
116.518
116.461
114.953
115.587
114.865
115.968
116.174
117.7
116.098
116.361
117.516
117.141
117.829
114.145
118.461
117.111
116.007
116.605
116.292
118.394
116.849
118.657
117.607
119.079
115.906
116.688
118.267
116.397
116.692
118.205
115.813
115.974
115.377
114.826
115.597
116.901
115.409
117.09
116.22
115.995
115.688
116.841
115.687
114.819
113.836
114.433
116.244
115.538
116.518
114.612
115.743
116.097
117.667
116.31
115.96
118.023
117.436
117.763
116.955
115.545
115.791
115.369
115.043
115.723
116.517
115.589
115.043
113.585
114.326
116.044
116.56
115.684
115.765
115.568
115.87
117.869
117.253
116.842
118.019
116.847
116.632
117.095
118.073
115.989
116.019
115.435
113.426
114.906
114.728
114.57
115.62
114.769
114.828
114.707
114.072
117.059
115.985
116.601
115.549
114.934
115.697
115.055
116.51
115.487
115.752
114.9
115.338
116.695
115.839
114.963
115.416
114.805
115.368
114.833
114.761
116.369
114.999
116.753
115.05
115.668
116.555
116.077
115.057
114.991
115.434
115.244
113.199
112.674
114.364
114.405
114.122
115.671
116.526
115.775
112.482
113.456
113.093
113.718
115.413
114.917
115.155
115.657
114.563
115.169
116.743
115.426
115.216
115.034
113.212
114.845
114.02
116.692
116.765
117.223
115.582
115.213
117.051
115.732
116.266
113.61
117.531
115.994
115.755
116.071
116.529
114.797
114.484
114.956
115.632
115.866
115.03
115.58
114.143
113.902
115.39
116.66
116.728
115.642
114.877
115.188
115.989
116.316
114.913
117.12
115.265
116.976
116.848
118.303
116.314
116.375
116.081
116.633
114.114
115.413
114.044
116.643
116.757
114.687
117.946
115.223
115.414
114.539
117.086
116.001
116.236
116.85
116.626
115.619
114.451
114.354
113.868
117.292
116.417
116.389
116.129
114.798
115.429
115.521
115.553
114.582
115.863
115.964
115.561
114.68
115.495
114.091
115.004
115.198
114.8
116.165
115.682
115.605
112.958
113.202
114.304
113.446
113.472
113.932
112.7
113.885
113.317
113.096
113.379
115.303
117.632
116.884
117.748
115.982
118.691
117.447
117.024
117.512
118.221
116.818
115.161
116.143
115.7
116.416
117.374
116.053
115.507
116.249
114.318
115.034
115.414
117.692
118.02
115.704
115.741
114.225
115.872
116.315
115.104
116.179
113.313
114.941
114.947
116.239
115.374
116.457
116.508
116.648
115.699
115.421
115.092
115.031
114.739
114.467
115.961
116.079
114.904
114.719
115.025
114.703
116.759
116.938
116.483
117.62
117.62
116.946
118.369
118.983
116.401
115.808
114.533
112.319
111.349
113.024
114.462
114.981
113.588
113.109
112.859
114.466
115.737
115.093
115.062
115.224
115.947
116.862
114.259
115.518
115.822
115.936
115.497
115.486
115.055
113.273
113.063
115.33
114.119
114.21
114.998
113.697
116.398
113.617
114.604
115.649
114.276
113.24
115.36
113.845
115.29
115.758
117.024
115.536
113.918
116.785
115.475
113.619
115.22
114.007
112.438
114.749
112.794
114.089
114.55
116.311
116.443
115.263
116.408
115.173
117.911
115.666
117.312
116.17
117.618
116.377
115.969
115.806
116.592
117.291
114.912
115.237
115.566
114.322
116.399
114.047
113.845
114.078
112.978
115.326
114.549
115.109
115.803
116.102
114.874
115.876
114.763
117.231
115.137
113.16
115.264
115.321
115.566
115.038
115.734
115.656
115.662
115.861
116.069
114.588
116.808
114.572
115.638
116.115
116.55
114.387
114.709
112.93
114.246
112.861
115.588
115.709
116.309
117.164
117.158
115.475
117.003
116.676
118.018
116.651
115.303
117.227
115.798
115.412
117.232
115.093
115.947
116.78
116.007
115.955
116.155
113.928
113.218
116.162
115.93
115.273
114.756
114.468
115.018
116.296
116.579
114.804
117.753
115.324
117.342
117.147
116.74
118.044
115.019
112.45
113.307
112.596
113.202
115.05
117.062
116.193
116.037
116.408
117.019
116.536
113.971
117.325
118.146
117.546
116.836
115.658
116.655
116.123
116.97
115.788
115.093
115.718
116.738
116.389
117.531
116.548
116.842
115.744
116.1
114.313
115.199
116.792
113.788
115.202
116.699
115.64
116.307
118.756
118.362
116.114
117.807
117.919
116.091
116.511
115.313
117.829
119.226
116.381
118.086
115.854
117.478
117.914
115.721
116.917
117.121
116.516
116.087
116.329
116.995
116.971
116.572
115.846
114.654
115.069
113.638
113.766
113.307
113.945
114.557
116.315
115.546
115.648
116.653
116.888
116.634
117.01
115.75
116.866
114.171
115.09
113.934
112.947
114.51
114.29
115.839
113.871
115.415
117.209
118.018
116.771
117.672
117.016
114.991
113.095
113.695
115.267
114.109
113.638
115.118
114.514
114.422
115.409
114.422
115.013
114.121
115.502
115.266
116.33
117.604
114.781
115.35
117.067
117.619
117.194
114.073
116.708
114.454
115.457
116.209
115.144
116.144
117.009
116.774
115.788
114.367
116.504
114.872
116.208
115.566
115.327
116.434
115.673
115.213
113.786
115.815
115.922
117.102
116.681
116.179
117.158
117.376
119.157
118.388
116.774
117.896
118.431
117.291
116.981
115.076
117.32
117.796
119.472
117.718
115.632
116.438
119.003
116.869
115.811
115.063
114.79
113.509
112.626
114.383
113.154
114.904
114.401
114.938
113.86
117.061
115.738
116.14
114.838
116.095
114.965
113.358
113.732
113.709
115.709
116.447
115.92
115.632
115.598
116.582
117.139
117.463
116.012
116.62
116.21
117.415
115.711
114.597
114.967
114.25
112.607
116.11
112.639
115.724
118.166
119.561
116.728
116.926
115.014
115.628
114.907
114.526
115.145
116.098
116.557
116.041
115.211
116.68
116.051
117.204
115.193
115.24
114.981
116.643
117.132
115.867
116
115.854
116.902
116.232
115.747
115.541
117.001
113.161
113.46
112.136
113.021
114.945
113.67
115.476
114.983
115.791
114.754
115.176
115.863
116.128
115.064
116.077
113.457
114.47
113.889
115.128
115.271
117.699
115.441
116.062
115.656
113.854
112.44
113.265
114.101
114.704
114.687
115.959
115.89
114.84
115.401
115.437
117.068
114.559
115.971
114.768
114.863
115.869
115.316
115.64
116.237
115.059
114.692
112.45
114.834
115.798
116.277
117.271
117.286
117.679
116.905
117.492
117.995
116.418
114.823
117.685
116.68
115.129
115.035
115.23
115.69
115.761
116.083
115.782
114.537
116.016
114.38
115.209
115.187
114.73
115.422
114.799
116.182
116.306
116.99
116.685
115.541
115.491
114.743
114.06
113.789
115.863
112.885
115.55
114.974
113.921
114.27
114.812
115.588
115.338
115.245
114.381
114.191
113.33
115.058
115.526
115.762
115.849
115.75
116.37
116.528
115.003
117.762
115.988
114.543
114.448
115.72
115.791
115.509
115.85
114.004
115.192
116.346
113.575
115.637
115.01
116.208
114.853
114.768
113.667
115.969
117.105
116.044
114.688
114.341
115.863
116.015
116.165
116.323
116.388
116.736
117.207
116.393
116.031
115.449
113.511
114.607
114.776
115.5
116.336
115.422
113.917
114.172
113.674
113.887
117.043
116.286
117.688
114.582
117.173
114.2
117.05
116.532
117.106
116.674
116.066
116.384
116.615
116.644
117.21
116.127
114.985
115.834
115.397
116.468
117.308
115.521
116.067
117.814
117.711
117.966
116.682
116.252
114.587
114.927
113.64
114.763
115.294
115.534
115.319
118.351
116.088
114.405
116.283
114.716
117.017
117.887
117.702
116.966
113.971
115.479
114.365
116.289
116.86
116.768
113.629
116.026
116.64
114.861
114.594
115.739
114.697
114.199
113.202
116.099
114.619
114.36
114.609
116.244
115.082
113.038
113.164
114.353
113.848
114.061
113.461
115.036
111.736
113.447
113.001
116.238
115.295
116.524
115.659
117.166
116.443
116.94
118.6
118.129
116.082
115.754
115.097
116.957
116.576
115.353
115.902
114.371
115.407
114.386
114.623
112.795
114.799
114.584
114.833
114.934
116.374
114.065
114.891
116.654
112.813
115.011
116.233
116.046
117.334
119.385
117.355
116.817
116.91
115.715
116.499
117.249
113.963
116.516
116.624
116.801
115.167
116.935
116.002
115.76
115.526
117.383
117.18
117.663
117.723
119.055
115.562
115.774
117.541
114.619
112.189
114.529
113.487
114.077
113.701
116.888
113.219
114.551
114.748
114.975
115.621
114.322
114.658
114.474
114.402
113.604
116.327
118.159
118.908
117.342
118.87
114.843
115.345
112.064
114.551
115.075
112.709
114.694
115.207
114.241
111.951
112.856
113.926
113.184
114.845
114.432
117.087
116.932
116.04
114.607
117.005
115.419
116.463
116.707
114.622
116.379
116.978
116.07
115.216
114.876
116.15
115.646
118.048
116.984
117.518
117.38
116.703
117.316
117.363
116.542
116.534
116.057
115.729
115.909
114.406
116.183
115.872
115.592
114.854
111.596
112.927
113.369
114.59
113.117
113.326
112.533
115.954
114.717
113.96
113.122
113.736
116.416
115.719
113.797
114.011
116.326
116.246
115.422
118.224
114.822
117.27
114.384
116.131
116.57
115.408
117.001
115.421
114.96
117.012
116.139
113.612
114.06
113.6
114.611
114.6
115.615
115.005
116.916
115.658
114.958
115.164
114.428
116.349
116.243
114.536
112.969
113.851
114.321
114.198
115.634
114.111
115.263
113.664
117.642
116.57
115.682
112.906
115.035
113.742
114.447
115.154
115.1
113.949
113.674
114.409
116.634
115.431
116.743
114.983
115.602
117.562
116.937
118.085
115.502
114.801
116.747
115.907
115.423
117.168
118.573
118.826
117.451
115.044
113.909
113.846
115.062
114.921
115.192
115.954
113.81
114.706
117.303
117.9
117.287
117.296
117.064
116.707
116.097
115.892
115.869
115.699
116.177
115.259
114.535
113.989
115.77
115.721
116.111
116.151
117.843
114.921
115.841
113.27
113.351
114.693
112.401
113.409
113.371
113.1
112.586
118.007
115.357
113.943
116.763
115.995
117.019
113.898
112.727
113.709
114.567
115.547
116.427
113.898
116.163
117.501
116.67
114.712
117.639
116.897
115.894
115.706
116.307
116.125
117.359
117.113
117.184
115.322
115.397
114.788
114.974
114.538
113.167
114.9
113.862
113.16
114.36
114.355
116.472
115.788
116.284
116.002
115.611
114.199
115.3
113.646
114.456
115.387
115.285
114.71
113.038
113.681
115.241
115.676
117.403
118.021
117.298
114.791
113.711
114.805
113.598
112.632
115.344
116.485
118.521
113.55
115.096
114.651
116.088
117.262
114.978
116.815
116.341
117.611
116.674
117.266
116.036
116.408
115.752
114.013
115.14
116.377
114.056
114.84
115.863
114.214
114.617
114.078
115.899
116.199
114.843
115.488
115.067
113.903
114.996
116.531
115.056
115.137
113.744
114.981
114.417
113.892
115.07
115.825
115.102
114.053
115.31
113.748
113.283
114.785
112.596
113.572
112.766
114.261
112.895
113.222
113.486
114.81
115.448
114.592
115.097
115.044
115.906
115.722
117.195
115.993
116.173
115.926
115.408
114.109
113.873
113.754
114.917
114.072
115.001
115.353
114.463
115.874
115.241
115.465
114.236
114.538
113.884
117.252
115.352
116.689
117.758
116.548
114.721
117.424
116.165
117.509
116.482
115.755
117.609
116.214
115.145
113.828
113.262
113.218
113.844
112.901
115.545
113.893
114.857
115.726
114.234
114.978
115.962
116.349
118.298
115.187
115.635
116.167
114.618
114.758
116.322
116.683
115.099
117.045
115.771
115.936
115.821
116.454
116.17
117.223
118.253
116.232
116.519
116.478
118.174
116.665
115.112
115.72
114.698
117.098
117.051
116.52
117.244
114.457
114.319
115.031
113.897
113.195
114.304
113.291
114.641
115.633
115.645
115.412
113.976
114.957
114.075
115.633
113.07
114.29
113.516
112.545
113.101
112.768
114.29
114.788
115.288
114.727
116.351
115.647
115.867
114.963
115.613
116.653
115.226
115.731
115.044
114.533
114.68
114.484
115.392
114.019
115.072
116.232
117.496
114.818
114.159
114.781
114.952
115.377
115.439
115.335
113.394
115.373
116.349
115.129
113.267
113.821
114.098
114.794
114.487
115.92
117.118
114.497
115.898
116.843
115.067
116.033
115.032
115.208
115.768
115.297
115.308
114.626
115.621
114.92
116.364
116.013
115.781
115.842
116.99
116.479
116.727
117.498
116.434
116.647
115.804
115.891
115.803
114.688
116.14
114.798
116.096
115.412
115.647
115.192
115.624
115.532
117.401
117.234
116.137
115.987
116.507
117.334
113.99
115.871
115.932
114.908
114.153
116.028
116.862
115.773
115.515
115.108
116.409
113.962
113.759
113.657
114.079
113.536
114.238
115.761
114.452
113.94
116.617
115.688
115.899
114.952
115.389
114.162
114.932
113.603
112.837
112.386
116.191
114.704
117.752
114.898
117.321
116.222
116.579
115.252
114.534
114.822
114.122
114.624
113.653
114.929
115.177
115.674
114.75
114.508
113.61
116.574
115.953
116.747
116.951
117.443
115.647
117.675
114.36
116.3
115.167
116.388
115.129
115.237
115.16
115.003
116.263
115.042
115.43
115.503
115.436
113.483
115.781
112.834
113.425
115.222
116.453
117.444
118.196
116.547
116.884
116.479
116.915
117.333
113.856
114.944
114.488
114.023
113.918
114.517
114.177
114.203
113.658
115.178
115.888
116.513
117.695
117.572
119.242
118.576
117.48
116.046
115.433
114.91
115.617
115.37
115.48
115.534
117.036
113.732
114.458
115.539
114.977
114.845
113.52
113.37
113.245
115.715
116.159
116.112
115.535
115.152
115.023
115.449
113.359
113.556
116.332
114.599
114.489
116.58
116.525
116.695
114.795
115.519
114.345
114.197
115.191
114.821
115.187
113.868
114.503
112.307
113.752
114.189
115.292
115.354
116.306
115.415
114.917
114.469
116.814
117.688
118.149
117.125
115.219
114.92
114.471
115.977
115.296
116.089
114.85
113.262
114.249
115.284
114.826
114.361
113.384
115.852
114.639
116.651
117.082
117.374
115.696
117.063
115.476
115.776
116.018
114.222
115.983
115.29
115.524
115.629
113.447
115.022
117.626
116.975
117.328
117.644
117.328
116.738
115.745
115.753
116.59
115.134
116.177
116.91
116.142
117.085
117.442
115.219
117.008
113.62
113.559
114.347
115.073
115.765
116.595
112.981
115.583
115.887
116.929
115.935
115.334
114.411
115.075
118.099
116.965
114.356
112.944
114.251
114.512
114.116
115.481
115.24
116.517
116.397
116.742
116.188
117.165
116.351
116.108
114.869
114.409
113.497
114.526
113.368
115.08
113.491
114.014
114.071
113.969
113.233
114.849
115.313
114.923
112.403
112.522
111.484
112.955
114.774
116.303
116.228
115.123
116.177
115.626
115.325
115.594
114.16
115.149
113.774
115.277
114.413
114.057
113.385
114.994
113.512
114.447
114.804
114.585
115.786
113.743
115.354
114.652
114.207
115.168
114.938
115.169
116.116
115.138
115.235
115.044
115.271
114.998
114.749
115.113
115.69
115.962
115.69
116.386
115.243
114.845
115.646
114.548
114.308
114.72
114.055
114.599
113.483
114.17
114.575
115.745
116.217
115.765
115.624
115.288
116.464
116.448
116.455
117.179
115.202
117.057
117.969
115.944
116.268
117.236
117.775
113.692
115.302
116.542
115.369
115.712
116.322
117.016
115.142
114.95
114.981
116.036
115.98
114.856
115.257
114.036
113.997
113.109
114.85
115.917
114.972
115.8
114.091
116.195
116.423
117.558
117.02
117.45
116.44
114.705
115.277
113.822
114.731
114.127
115.935
115.856
114.151
114.993
116.174
116.245
116.688
115.933
116.068
115.275
115.739
114.769
113.816
114.226
116.057
114.563
115.599
114.937
115.101
116.367
115.72
115.781
115.898
117.088
116.79
114.882
116.832
116.627
116.849
115.719
115.458
116.277
115.548
115.739
115.299
115.736
116.37
116.114
116.186
116.661
116.036
115.829
114.551
116.855
115.224
118.288
117.064
114.869
115.293
115.073
113.803
113.796
114.056
113.984
114.982
117.553
115.781
117.284
115.075
114.387
115.332
116.732
115.498
114.442
117.277
116.284
115.813
115.971
116.952
116.904
117.074
116.089
116.432
116.248
113.928
114.086
116.644
117.835
117.922
116.992
116.159
116.306
115.281
116.353
116.602
117.249
114.984
114.126
115.538
115.862
114.099
114.724
115.153
113.961
113.401
112.474
113.671
114.676
114.468
115.328
115.365
116.848
117.858
117.059
116.378
115.841
117.201
116.908
115.734
113.854
114.081
113.05
112.352
113.443
113.354
112.091
113.128
113.908
113.465
113.479
114
114.247
115.758
115.389
116.075
116.909
115.767
116.305
116.494
116.536
114.798
115.817
113.885
113.788
113.042
115.309
114.785
115.417
115.609
116.143
116.063
115.627
114.755
115.82
115.707
118.21
117.964
115.447
116.21
116.719
114.495
114.469
115.21
114.416
116.062
114.923
115.313
113.646
115.797
116.105
116.121
114.508
114.375
113.608
114.165
116.269
115.78
116.102
115.522
113.58
114.681
114.545
113.709
115.106
114.117
112.462
113.82
114.529
113.304
114.638
115.541
115.279
115.727
114.81
115.388
115.349
115.855
114.488
115.403
116.423
114.092
114.375
113.101
113.976
114.808
115.373
115.174
114.835
117.527
116.043
116.358
115.826
115.091
115.311
113.814
114.729
115.63
115.368
116.706
116.186
118.563
116.933
116.063
116.445
115.938
118.485
116.687
116.919
118.5
116.431
116.385
116.813
116.159
115.442
116.486
115.632
114.395
115.335
116.089
117.16
114.237
113.919
114.443
115.027
116.785
115.749
116.071
116.221
115.441
114.531
115.667
115.503
115.71
116.079
114.128
114.66
114.363
115.33
113.529
116.222
114.545
117.388
116.585
117.46
115.998
115.197
115.961
117.595
116.044
115.96
115.657
112.618
112.544
113.573
113.181
115.187
115.124
115.188
115.039
115.233
114.867
115.057
114.444
114.303
113.433
114.143
113.458
112.727
112.898
113.839
113.556
112.516
113.259
113.709
115.545
114.514
116.106
113.524
117.744
117.093
114.889
115.532
116.336
117.355
115.688
116.357
117.42
118.015
115.77
116.796
116.934
116.682
117.166
117.728
115.835
115.723
115.022
116.246
114.514
115.332
114.137
114.448
114.554
116.644
114.626
113.199
112.103
113.627
115.418
112.758
112.198
112.909
115.312
115.909
114.65
117.381
118.838
117.418
116.08
115.722
115.683
113.508
115.423
114.441
114.861
113.343
114.621
114.478
114.337
115.685
116.458
115.591
115.417
116.557
115.645
114.832
116.633
117.532
116.25
117.114
117.831
115.388
113.964
113.566
113.335
115.458
116.747
116.098
116.84
115.894
115.341
115.744
116.531
115.541
113.766
114.527
114.456
115.317
113.103
113.131
113.183
111.742
114.337
114.56
114.627
113.964
114.363
114.823
115.624
115.334
115.446
117.26
115.552
117.59
114.812
116.614
115.948
114.461
116.7
116.839
116.802
116.246
116.227
114.854
117.23
115.144
116.649
116.344
116.363
115.979
115.573
116.317
115.181
114.571
114.38
114.019
114.544
115.044
113.208
114.551
116.022
115.003
116.61
117.255
117.646
116.037
114.926
114.879
115.186
114.903
114.227
114.583
112.767
114.429
114.74
115.818
116.56
115.903
115.049
116.21
114.565
114.586
115.028
115.514
116.834
117.209
115.17
115.347
114.145
115.407
113.758
113.922
116.72
117.877
118.272
118.136
118.128
116.211
116.922
113.888
115.827
114.844
116.444
115.179
115.82
115.845
116.501
116.412
116.495
114.049
115.15
113.989
112.01
114.168
115.674
113.908
112.55
113.492
115.831
114.568
118.008
115.441
114.852
116.601
117.492
117.49
116.217
116.063
113.113
114.082
115.138
115.454
115.407
113.29
114.327
116.075
116.161
116.274
116.553
115.683
114.616
115.813
116.192
116.124
114.209
113.804
115.013
114.815
114.698
114.979
114.036
115.436
112.464
114.354
112.117
115.715
114.667
115.693
113.244
114.484
112.039
112.815
114.229
115.065
116.437
114.646
117.249
116.476
115.794
116.512
116.11
115.928
112.84
113.15
112.692
113.625
115.801
116.233
116.006
115.865
117.342
114.956
114.648
114.011
114.392
116.358
115.581
114.138
116.172
114.661
116.594
118.73
116.733
118.201
116.565
115.122
115.133
116.983
116.445
118.883
116.429
116.735
118.165
115.3
115.829
116.182
113.344
115.089
115.105
113.88
114.694
115.505
115.395
114.922
115.074
115.361
116.967
114.071
114.732
114.498
115.966
115.776
115.001
116.871
116.147
114.746
117.109
116.255
116.078
114.283
114.362
115.19
116.802
115.761
111.761
113.823
114.03
115.241
114.826
116.142
114.466
114.7
114.831
114.645
115.006
114.3
114.109
114.832
115.187
114.905
116.213
114.814
113.585
114.586
113.479
113.726
114.373
114.087
114.632
113.56
114.153
114.257
115.345
115.785
115.447
114.477
114.396
113.48
115.616
116.373
116.214
116.464
116.293
118.068
117.092
117.19
115.429
114.008
114.676
114.706
116.021
117.114
118.255
116.014
115.62
116.178
113.694
111.633
113.258
114.164
116.112
116.212
115.908
116.642
118.034
117.283
114.67
116.711
116.58
116.066
116.171
115.576
117.289
115.951
114.446
115.481
115.262
117.426
116.497
115.836
116.937
116.754
116.271
113.758
114.504
114.923
114.468
115.595
118.313
116.885
116.531
117.019
115.221
115.439
114.589
114.148
116.148
112.669
116.17
114.883
116.037
116.907
115.13
116.301
114.214
114.36
113.745
115.285
116.153
115.49
115.274
115.729
116.796
115.655
114.933
115.612
117.837
117.331
115.698
115.007
115.121
115.336
115.14
114.625
113.993
114.657
116.525
115.631
114.32
114.876
115.522
114.719
117.758
117.508
115.535
115.64
116.18
114.797
113.154
113.601
114.607
114.461
113.372
115.064
114.927
114.955
115.36
117.348
117.268
117.104
114.998
115.263
116.961
117.045
117.876
117.511
116.432
117.039
116.561
118.286
114.798
118.097
116.107
116.286
114.091
115.144
115.373
117.064
118.378
117.087
115.644
116.071
116.168
115.833
114.799
114.97
115
115.623
115.942
117.781
117.139
117.804
116.911
114.949
113.467
111.401
114.082
114.074
116.82
117.515
115.837
115.249
114.791
114.061
114.981
116.438
115.11
116.296
117.064
116.536
115.973
115.571
114.625
115.455
116.321
115.683
114.443
114.648
116.057
113.687
114.971
113.909
114.224
115.031
114.061
113.836
114.133
116.341
114.053
115.954
116.8
113.59
114.462
115.85
113.468
115.021
113.967
116.586
115.341
115.708
115.925
116.733
115.272
114.432
113.345
113.656
115.75
117.655
116.561
117.115
116.472
116.277
114.725
116.501
117.174
117.186
116.03
116.431
115.875
115.471
113.311
114.257
114.924
115.52
116.022
114.552
116.583
117.076
116.313
116.196
118.208
115.59
116.317
116.705
117.38
115.622
117.366
115.782
114.441
115.24
115.338
114.74
116.701
117.445
117.535
117.209
116.992
117.258
115.465
117.235
118.392
116.488
116.165
114.672
114.727
116.094
115.013
118.536
115.496
115.935
116.757
117.168
116.77
116.357
117.465
119.083
117.346
115.674
115.453
114.691
115.283
116.779
115.409
115.111
114.669
113.602
115.752
113.677
114.099
115.281
116.339
114.876
115.947
116.15
115.209
115.592
116.082
118.213
116.717
117.81
117.4
115.619
114.692
116.405
115.486
114.478
115.114
116.522
114.478
114.722
115.051
115.732
115.107
114.844
113.409
113.493
113.724
115.06
114.948
113.133
113.209
115.01
114.336
112.638
114.074
115.169
115.378
116.065
115.986
115.645
115.935
115.765
115.086
114.401
115.194
113.987
114.96
114.329
115.654
113.04
112.89
115.301
117.496
115.956
114.644
113.712
115.15
115.928
115.383
113.129
116.106
113.982
117.126
113.445
113.872
113.995
112.437
112.239
112.44
112.852
113.091
112.927
112.886
112.756
115.214
114.441
113.424
114.006
115.586
114.787
115.588
115.297
116.066
114.487
113.748
113.608
114.882
116.031
115.606
115.779
113.859
113.501
113.627
115.604
116.211
113.862
113.757
117.454
114.718
112.015
112.574
114.061
115.149
114.995
114.716
114.806
114.536
115.452
116.708
116.099
115.891
117.638
115.714
114.415
114.697
116.401
118.039
116.683
118.107
115.81
119.024
117.332
117.157
116.761
117.139
115.658
115.039
116.561
115.552
114.828
114.632
114.414
113.789
112.727
114.872
115.341
116.355
115.185
115.166
116.246
115.495
115.522
115.519
117.205
116.714
116.095
115.583
113.821
113.943
115.515
114.901
115.416
116.088
115.734
115.946
116.403
117.159
116.711
115.004
115.74
116.103
113.252
115.37
114.708
114.149
114.664
113.567
113.908
114.733
115.975
116.595
117.486
117.692
118.141
116.154
115.22
117.276
117.015
117.181
118.453
120.251
119.456
117.473
117.969
117.305
115.169
117.653
115.598
114.623
116.015
116.945
114.588
114.128
115.977
116.383
114.414
114.918
115.814
115.358
114.37
114.304
113.704
113.824
114.459
113.223
113.581
113.645
113.837
115.07
115.481
114.254
113.687
114.935
115.489
116.457
116.624
115.568
114.188
114.841
114.379
114.937
114.592
115
114.535
114.738
111.943
114.005
113.824
114.141
112.938
116.066
113.803
115.408
113.608
113.252
111.672
114.667
115.528
115.117
115.32
115.901
114.743
114.497
115.918
115.899
115.442
115.343
116.62
117.375
114.738
118.736
117.653
118.888
116.121
116.355
115.241
113.078
115.375
114.859
116.482
115.888
117.311
116.417
115.539
114.73
114.952
115.486
114.139
113.29
116.261
114.964
115.976
114.426
116.602
114.348
114.768
115.79
114.712
116.347
117.883
115.909
117.436
117.3
116.543
116.401
115.003
112.999
111.951
111.738
114.11
114.679
114.45
112.386
114.856
114.667
115.73
116.392
115.859
117.083
114.706
117.137
115.868
116.874
116.008
114.928
115.286
114.916
114.707
114.548
112.894
114.322
113.064
114.963
114.578
116.194
115.095
115.352
116.891
117.135
116.07
116.035
114.804
115.756
115.35
114.609
113.63
114.873
115.137
115.64
112.97
112.863
115.875
116.154
117.772
114.939
115.949
116.22
114.993
115.401
118.156
116.43
114.519
115.556
117.059
114.844
116.638
116.673
116.195
114.594
115.284
113.568
115.282
116.044
117.066
115.675
115.357
115.724
115.719
115.005
115.148
115.179
116.083
115.266
115.716
116.435
116.897
115.477
114.13
115.817
115.468
116.067
116.07
116.926
114.746
115.414
115.743
114.329
117.003
114.477
114.286
114.868
113.29
115.512
116.211
113.338
113.913
115.349
115.795
115.928
115.913
116.23
116.412
115.225
115.06
115.573
117.344
114.254
114.313
114.844
115.333
113.08
116.515
114.655
115.627
115.381
117.251
115.676
114.95
116.289
116.869
116.63
117.392
116.872
115.549
115.491
115.293
114.679
114.681
113.906
114.093
115.653
115.105
114.816
115.151
114.157
114.922
117.294
116.262
115.527
114.68
114.832
114.235
115.741
114.639
116.286
115.571
117.218
116.345
117.138
117.658
114.411
114.19
114.52
115.914
116.185
118.68
115.755
116.363
114.208
115.231
115.644
113.731
114.6
116.46
115.894
114.44
115.388
114.886
117.262
116.073
115.433
114.551
115.511
114.397
116.542
115.749
117.075
117.217
117.738
116.687
115.66
114.268
113.836
114.153
113.13
112.115
115.133
115.444
113.812
114.598
116.338
116.339
114.394
115.812
114.533
114.679
114.5
115.58
113.378
114.207
115.317
115.357
116.605
115.939
115.67
114.703
115.067
114.67
115.579
115.049
115.491
115.553
113.511
113.933
114.841
116.311
116.164
119.065
117.945
114.228
114.248
115.338
115.168
115.76
115.163
114.558
113.898
113.264
115.796
116.593
116.984
115.632
117.151
115.182
114.961
116.126
115.231
114.546
114.308
114.351
114.726
115.901
117.585
117.955
115.747
117.142
117.598
116.615
117.281
117.666
117.868
115.876
117.216
115.889
117.387
117.091
116.465
117.549
119.508
117.97
115.52
116.732
115.594
115.563
117.058
114.772
115.639
115.451
114.764
114.951
113.69
114.063
113.407
114.123
113.534
113.667
111.928
114.799
114.581
114.453
113.165
114.4
114.497
115.554
114.85
116.223
116.032
115.631
114.859
116.831
117.288
116.378
117.174
117.605
115.839
115.052
116.691
114.418
114.515
114.551
114.448
115.514
113.33
115.388
115.672
114.386
115.05
115.929
114.903
113.759
114.447
113.935
110.686
113.061
114.914
113.117
116.28
114.408
112.691
112.83
113.004
113.944
113.194
113.581
112.787
113.667
112.282
114.245
114.323
115.949
116.101
116.692
117.916
116.577
115.405
115.646
116.292
114.607
115.257
114.94
112.38
114.164
115.311
117.182
115.496
114.646
113.565
115.787
115.348
114.761
115.06
116.269
115.148
114.2
114.371
115.049
114.991
115.035
115.702
114.87
114.679
112.632
112.179
110.599
111.172
112.765
113.742
113.292
114.265
114.103
115.2
114.848
114.947
114.687
114.941
116.217
115.782
116.721
114.963
115.731
116.72
116.223
115.033
114.535
115.971
115.55
114.167
116.501
116.468
117.234
117.965
116.687
119.329
116.763
116.543
113.48
113.606
115.363
116.591
115.067
116.001
115.279
114.657
114.194
116.919
116.487
114.629
115.286
115.516
114.879
113.577
115.34
114.984
113.466
114.361
115.743
115.742
114.425
113.557
113.969
114.879
114.316
112.742
112.135
112.19
112.75
112.216
114.964
115.891
114.527
114.599
114.764
115.119
117.864
118.244
119.669
117.831
115.841
114.39
116.38
115.38
116.43
117.022
115.006
116.467
113.047
115.259
114.745
115.811
116.698
115.231
116.719
114.722
115.25
116.617
116.166
115.097
113.448
114.326
116.658
113.671
113.187
113.566
113.608
112.553
112.362
112.904
113.462
112.4
113.117
112.753
112.555
113.4
115.345
114.812
115.309
117.414
117.161
117.771
117.368
118.052
117.974
116.873
116.217
116.408
116.032
116.401
115.769
112.494
113.327
113.52
114.585
115.164
115.289
114.645
115.134
115.793
116.559
116.594
116.511
114.289
115.964
116.378
115.567
115.407
115.383
115.773
112.854
116.389
114.824
115.207
113.372
114.902
115.261
115.173
115.762
114.159
113.612
114.176
114.207
115.241
115.075
115.359
114.236
116.506
119.058
117.521
116.797
116.824
116.975
117.923
116.393
115.872
114.881
114.912
114.833
115.284
114.8
115.212
114.246
115.492
115.635
112.888
115.508
115.587
114.846
114.87
115.034
115.93
115.991
116.614
117.762
117.17
116.398
117.75
114.854
115.356
116.663
115.727
115.244
117.17
116.819
115.587
116.199
114.81
114.888
114.787
115.785
114.077
114.618
114.959
115.109
114.325
113.672
115.099
114.554
114.717
116.07
115.924
113.2
117.294
116.556
117.016
114.92
113.48
114.695
114.892
117.341
115.841
114.602
117.644
115.704
114.788
115.418
115.428
115.241
115.005
116.031
117.87
116.113
116.65
115.374
116.237
113.588
116.065
114.324
114.397
114.966
114.351
113.873
116.205
116.718
115.062
115.981
115.369
113.553
114.505
115.729
114.231
114.951
114.689
114.462
114.419
115.678
115.88
116.865
118.898
117.043
115.649
117.422
117.54
116.099
116.33
115.3
116.058
117.019
115.408
114.252
116.153
114.769
115.203
114.118
116.49
116.651
116.417
116.444
118.536
117.161
115.852
115.498
115.339
116.129
113.247
114.566
114.795
115.464
114.877
115.104
114.737
115.369
114.724
115.391
114.804
113.74
114.653
113.913
116.128
114.887
115.029
113.66
114.212
116.277
115.491
113.768
115.184
115.188
114.938
117.399
116.187
114.853
114.482
114.792
114.866
114.616
116.422
115.659
115.482
115.215
116.159
115.235
115.199
114.107
116.04
115.251
114.954
114.812
115.921
113.514
115.202
113.891
114.998
113.714
116.405
116.59
113.464
113.607
113.881
114.938
115.417
115.052
116.232
115.549
115.566
113.758
115.666
112.444
112.832
114.479
113.911
113.071
114.746
115.108
117.355
116.818
116.308
114.625
115.788
115.764
114.782
114.486
115.374
112.096
114.357
113.617
115.479
115.651
115.112
115.267
115.041
114.583
113.066
115.278
114.508
115.528
116.861
115.536
115.257
115.708
115.491
116.356
114.946
116.006
114.182
114.628
112.914
112.35
114.909
114.601
115.339
117.014
117.191
119.248
116.616
116.428
116.391
114.143
115.199
116.46
115.018
116.172
116.118
115.329
116.495
116.867
114.533
116.04
113.974
114.558
115.102
116.775
115.254
114.162
115.29
114.703
115.606
116.875
115.767
114.615
114.018
115.885
115.766
116.592
117.306
114.93
116.609
115.047
114.525
114.43
115.24
114.16
114.04
116.872
116.995
115.803
113.563
112.755
113.615
115.05
116.449
116.737
115.034
116.304
116.34
117.095
113.956
114.643
115.251
115.262
115.873
114.381
115.941
115.97
115.142
114.29
114.855
115.962
116.581
116.313
116.697
118.024
115.695
116.948
116.207
115.766
115.611
116.157
115.832
114.637
115.162
115.469
115.374
116.707
114.441
113.568
114.267
115.122
113.658
114.69
111.623
112.202
112.253
114.501
114.45
115.562
117.098
116.13
116.342
116.265
117.619
115.983
115.906
115.048
115.774
115.127
114.285
115.889
117.095
116.314
115.927
117.169
115.447
117.841
115.753
115.302
114.527
113.68
113.355
113.358
115.474
113.908
114.361
115.997
115.258
115.444
115.63
115.843
115.4
117.991
116.905
115.897
114.396
115.094
113.888
112.85
114.533
115.706
116.981
115.611
115.831
115.156
115.757
116.245
113.999
115.242
114.637
115.329
113.915
115.534
116.857
115.776
117.67
118.534
117.362
117.103
115.839
116.754
117.346
116.078
116.166
117.22
115.948
115.67
117.328
116.388
116.393
114.975
115.754
118.001
115.974
116.286
116.163
116.642
118.76
118.814
117.713
118.418
116.091
114.599
115.692
113.833
116.029
115.208
115.171
115.18
115.143
114.81
116.62
114.933
114.47
114.947
115.201
116.493
116.334
117.392
116.026
115.272
115.911
116.045
116.01
115.349
115.809
114.99
115.928
114.004
114.328
115.375
115.1
114.619
115.128
115.968
114.349
114.588
114.287
113.966
114.76
113.827
113.717
114.843
113.043
112.635
112.945
113.908
112.938
115.668
114.039
114.336
115.712
115.719
115.122
116.046
116.36
116.466
116.933
116.459
116.157
116.518
115.115
115.674
115.324
114.313
115.9
116.3
115.478
116.615
115.984
116.257
115.721
116.137
116.49
113.791
113.454
114.559
114.328
112.932
114.169
113.957
115.325
115.771
115.836
116.072
115.722
116.231
115.427
115.887
114.492
113.826
115.483
115.403
114.678
116.668
116.047
114.976
115.315
115.683
116.074
116.108
117.228
115.982
118.142
116.661
116.474
114.284
114.261
116.098
116.285
117.541
116.964
118.789
117.568
116.468
116.127
116.359
117.26
114.367
113.883
116.033
114.948
116.081
115.862
113.391
115.937
115.724
116.225
114.517
113.983
114.528
115.361
113.05
113.035
115.848
115.673
116.13
116.106
116.066
116.226
117.517
117.607
114.879
114.488
112.875
113.001
114.949
113.836
112.59
114.395
114.31
116.803
114.186
117.227
117.289
115.125
116.346
116.282
115.531
115.129
115.13
116.303
116.465
116.448
118.064
115.019
116.511
116.229
116.56
115.838
116.288
116.152
115.277
115.711
115.387
115.285
114.655
114.944
115.532
116.524
113.451
115.68
114.649
115.221
115.614
115.656
114.516
114.949
113.327
113.626
114.579
118.107
116.046
116.737
117.361
115.805
116.217
117.05
114.946
112.292
114.404
113.905
113.87
113.304
112.985
111.358
113.41
113.536
115.961
114.139
112.791
115.396
111.593
114.59
115.164
113.728
115.06
116.557
115.311
114.913
115.354
117.052
116.112
118.273
115.471
114.559
115.87
117.294
115.83
115.912
116.443
114.455
116.224
114.559
114.561
114.086
113.127
115.055
113.945
113.692
116.162
115.711
116.258
115.983
115.811
113.666
114.611
113.256
114.043
116.647
116.542
116.818
115.057
116.03
116.323
114.802
116.356
115.225
116.431
119.042
117.057
116.855
116.953
116.769
114.803
114.647
114.36
114.597
114.779
115.723
117.245
116.797
115.933
115.791
115.793
116.867
116.134
116.104
115.355
115.176
115.065
116.214
116.618
115.297
115.413
115.985
114.465
114.812
115.465
115.518
115.859
113.929
114.553
113.5
115.354
116.082
116.268
116.553
116.54
117.734
117.648
116.412
116.43
117.837
116.418
115.812
116.689
115.662
115.199
113.416
115.555
113.941
115.57
118.627
118.742
115.814
117.582
117.028
114.433
115.183
115.118
115.827
116.128
116.346
114.167
114.489
115.016
113.836
115.582
115.292
115.363
116.05
115.356
115.431
114.854
116.262
115.864
115.59
115.273
113.918
114.33
115.661
116.411
115.75
115.589
114.428
117.604
117.97
118.148
116.363
116.168
117.168
116.089
114.877
115.163
117.118
116.432
115.166
114.226
116.291
114.912
116.421
117.652
116.505
117.135
116.822
118.17
117.653
117.342
118.06
118.051
116.893
115.771
115.691
114.522
114.729
115.593
115.711
115.989
114.248
115.198
115.278
115.543
116.381
114.26
115.978
116.017
116.946
117.238
116.587
116.869
115.756
118.883
118.691
117.878
119.217
116.794
117.685
117.273
116.822
116.054
116.905
116.474
115.477
114.223
115.898
115.84
115.048
116.06
114.95
114.664
114.625
115.337
115.41
115.585
116.543
115.875
116.587
114.739
116.722
116.111
117.155
116.26
116.362
116.983
116.269
115.741
115.094
115.339
113.144
113.68
115.486
116.287
114.907
115.787
114.806
114.728
113.825
114.329
114.781
114.055
116.658
115.032
116.424
115.789
115.708
117.011
117.438
117.165
116.743
114.13
116.712
114.93
117.167
114.631
116.051
115.152
116.228
116.735
115.505
115.808
114.655
115.72
114.198
113.94
116.137
114.191
114.02
114.197
117.531
116.233
116.11
115.965
113.542
115.104
116.18
115.142
117.35
116.939
116.692
114.765
113.009
116.757
115.857
115.746
114.785
114.863
115.39
115.642
116.219
115.614
114.885
115.017
115.863
115.353
116.445
116.15
117.543
117.349
116.801
117.535
117.75
117.894
116.695
115.443
115.31
114.844
114.68
113.512
114.904
114.859
113.905
112.494
113.567
114.404
115.439
114.803
114.031
113.339
114.565
114.434
111.887
114.197
113.94
114.461
116.892
114.96
113.058
114.622
112.774
113.16
113.938
116.638
113.85
114.109
114.664
114.923
116.237
114.075
113.765
114.872
114.507
115.192
114.902
116.532
114.927
115.827
115.914
116.645
113.757
114.691
114.24
113.83
117.913
115.57
115.075
114.908
114.547
113.985
114.83
114.946
115.924
116.921
115.44
115.638
114.696
114.573
115.148
116.233
113.954
114.084
113.636
114.926
115.707
116.555
115.683
114.29
114.037
115.469
113.608
114.525
114.146
114.06
114.645
114.225
114.824
115.09
115.458
113.45
116.197
113.924
114.548
113.113
113.589
113.666
113.707
113.476
115.151
114.153
112.969
113.856
113.921
112.562
113.18
114.592
114.321
114.616
114
113.588
116.599
113.788
114.818
116.537
115.905
118.44
119.37
117.656
115.997
115.915
115.701
116.5
117.192
115.821
114.022
115.643
117.211
116.515
115.95
115.955
116.489
116.666
117.218
116.569
116.273
113.776
115.038
115.456
114.73
115.11
115.228
116.048
114.836
114.659
114.793
114.26
115.016
116.38
116.172
113.088
114.357
113.263
114.917
115.079
115.352
118.056
116.584
116.516
116.757
117.168
116.928
117.072
116.01
115.04
116.643
115.299
115.581
116.066
116.932
117.53
116.374
113.411
113.943
114.373
114.914
114.619
113.606
114.517
113.411
115.26
116.044
114.241
114.119
115.197
116.643
113.945
115.043
113.06
112.101
113.733
114.698
114.917
114.518
116.535
114.993
114.657
114.449
114.976
113.079
112.92
113.235
114.285
114.036
115.329
116.297
115.152
117.719
114.49
115.156
115.041
116.741
116.837
115.817
115.89
116.147
115.287
115.82
114.704
114.071
115.109
113.689
113.651
114.711
115.529
116.285
115.102
115.768
115.22
115.528
115.654
116.055
116.838
116.456
115.701
116.258
115.919
114.74
116.102
114.985
117.185
117.116
115.744
117.533
114.61
115.116
116.673
115.997
117.469
115.797
115.582
114.371
114.686
113.643
114.486
117.182
117.185
117.147
115.509
116.718
115.989
115.981
113.469
115.577
116.117
114.582
113.04
113.68
117.01
116.196
113.477
113.605
114.036
117.64
115.656
117.851
116.177
114.744
116.131
115.78
116.065
115.642
113.776
114.315
114.371
115.222
115.471
115.302
113.264
116.07
116.881
116.542
113.72
115.795
116.838
114.901
113.647
114.894
113.53
116.913
118.285
116.033
116.185
115.523
115.062
114.077
114.825
113.963
114.721
116.444
113.564
113.615
115.989
114.942
115.732
117.138
115.783
115.82
115.463
115.759
114.714
113.992
114.427
117.302
115.452
116.798
116.326
116.798
115.639
115.726
116.694
115.326
113.746
116.509
113.353
114.743
115.777
116.666
117.666
119.035
116.775
115.384
115.477
115.105
112.979
114.131
113.932
114.902
114.036
115.632
117.499
118.164
115.722
114.726
115.51
112.767
114.013
114.057
116.751
116.794
116.645
116.832
115.867
116.353
116.512
115.805
116.91
114.905
114.368
114.631
114.399
115.121
116.715
115.733
118.424
117.285
115.831
115.252
115.926
114.704
114.829
114.842
113.236
112.755
112.791
112.157
115.149
113.737
113.51
114.633
113.807
116.238
115.72
115.597
114.8
115.361
114.994
114.807
116.111
116.294
117.113
115.492
115.988
113.828
115.875
115.771
112.279
112.676
112.067
114.267
113.901
116.227
115.242
115.515
116.05
115.427
115.529
114.939
116.238
115.627
116.067
116.819
115.011
114.139
115.356
115.469
114.286
116.107
116.298
115.087
116.629
116.765
117.69
117.363
118.196
117.668
115.079
116.14
114.108
113.883
115.961
114.412
114.548
114.845
115.923
115.359
114.207
115.273
114.47
113.856
113.985
113.045
115.513
116.512
117.092
114.886
115.805
116.436
115.998
115.195
116.543
117.294
115.667
115.326
115.354
115.34
114.822
114.615
113.451
113.224
114.399
114.375
112.944
113.843
112.345
112.737
113.44
113.227
113.539
115.027
115.403
114.015
115.779
116.646
116.962
114.803
116.657
116.575
116.593
116.63
118.2
115.052
114.618
114.969
116.001
115.316
113.989
115.229
116.005
116.466
114.938
116.309
116.765
115.978
116.194
116.442
116.614
117.559
117.955
117.605
115.939
115.377
115.195
115.187
115.649
116.687
114.129
116.005
113.088
113.845
114.78
114.181
113.211
113.662
112.513
114.446
114.311
115.713
115.545
115.868
116.151
113.891
115.877
114.77
118.275
117.066
114.936
115.252
115.566
116.453
116.271
117.259
115.443
116.18
115.796
116.563
116.836
116.917
116.37
116.516
117.839
117.088
117.562
114.862
116.565
115.479
115.564
114.946
116.062
114.833
113.954
113.104
111.803
113.782
112.052
113.289
113.542
114.38
114.655
113.908
116.403
112.876
113.908
116.698
115.361
115.718
115.973
113.904
112.072
113.954
114.061
114.12
114.776
113.836
115.402
114.918
116.641
117.557
115.733
116.475
114.734
116.843
114.888
115.906
113.754
113.588
115.641
115.384
115.183
113.64
113.816
115.302
117.019
114.937
114.53
113.036
115.08
114.922
115.166
116.066
117.234
114.873
116.357
113.503
114.553
114.952
116.006
114.483
115.802
116.802
117.016
118.333
117.891
116.453
115.187
115.676
114.785
114.397
114.132
114.872
114.362
114.307
114.132
114.473
115.679
116.379
115.535
113.339
115.813
115.576
116.339
117.756
116.096
119.36
117.467
116.362
115.927
117.16
116.995
119.383
117.063
117.014
116.462
117.142
116.408
116.953
117.851
116.481
117.336
116.614
117.08
116.03
113.998
114.96
113.134
114.169
113.979
114.872
115.087
113.819
113.33
114.507
114.678
113.256
115.474
114.992
113.221
113.732
114.493
115.28
115.893
114.297
116.803
116.193
118.452
116.561
117.685
116.329
115.262
117.249
117.044
117.884
119.473
118.352
114.689
117.006
114.418
114.322
116.566
115.166
117.746
116.294
117.168
116.984
115.101
117.568
117.356
118.259
116.294
116.212
117.573
116.538
116.471
115.393
115.573
115.261
115.276
115.115
114.738
114.751
116.637
116.546
116.18
115.473
115.04
115.88
116.648
114.87
116.408
115.064
116.525
116.627
114.71
115.905
116.001
116.498
114.729
115.139
114.001
114.86
115.047
117.789
114.51
115.947
116.588
115.641
116.022
115.626
115.984
117.975
115.422
115.514
115.705
115.102
114.687
112.897
114.898
114.876
115.691
113.576
113.37
114.028
113.245
114.83
115.937
115.466
114.875
116.528
114.974
114.708
116.227
116.58
116.257
117.371
115.753
117.362
117.997
115.704
116.898
116.347
116.487
115.656
116.168
115.42
117.998
116.646
116.716
115.836
116.427
113.545
116.185
114.625
113.758
114.325
113.291
113.61
114.385
113.462
114.119
114.402
115.905
115.722
113.041
112.714
114.606
115.303
114.667
114.956
115.695
114.064
115.48
115.448
115.531
115.6
115.517
116.556
117.926
118.743
116.442
116.308
116.843
116.398
114.233
114.012
114.315
114.851
113.132
113.997
115.352
115.535
115.769
115.35
114.226
115.049
115.032
115.858
114.4
114.401
114.319
113.88
115.142
113.675
114.814
114.2
116.109
116.883
116.866
114.983
114.486
118.246
116.471
116.051
117.824
117.32
117.415
116.17
114.065
115.724
115.457
115.712
114.8
114.271
115.551
115.695
115.991
116.254
116.007
115.58
115.935
116.333
115.697
117.065
116.077
116.759
115.73
117.63
118.351
116.015
115.713
115.208
113.437
114.28
114.107
112.641
112.906
112.477
114.293
114.063
114.868
115.067
115.291
114.911
116.294
115.186
115.46
116.812
117.062
117.848
115.845
116.981
115.688
117.223
118.482
118.708
116.519
115.447
117.859
116.687
116.232
118.435
115.704
115.391
116.339
117.693
116.874
117.15
116.447
116.399
114.019
115.981
117.846
115.89
115.339
115.674
115.363
117.417
116.076
115.883
114.523
115.553
114.429
117.13
117.904
116.978
115.65
115.862
113.956
113.554
113.818
113.587
115.889
116.397
115.861
113.898
113.905
115.009
112.744
112.043
112.788
112.439
113.221
112.697
113.82
115.987
116.168
117.305
116.834
117.33
115.613
116.994
115.768
116.22
117.711
116.976
117.256
116.145
116.62
116.286
114.85
114.581
114.935
114.552
118.173
116.321
115.878
116.764
114.9
115.341
115.678
116.586
113.819
116.113
113.947
116.601
118.176
115.517
114.415
114.247
115.458
116.196
113.168
114.8
116.632
115.902
115.533
115.859
115.469
115.197
115.863
113.813
114.693
114.839
116.473
114.892
115.463
114.163
116.357
114.535
117.227
117.66
116.333
114.989
118.313
116.601
116.252
114.075
114.433
113.738
113.319
111.242
114.549
113.982
113.642
115.132
116.79
115.76
118.177
118.32
115.494
114.579
113.678
115.111
114.514
115.871
115.254
115.574
116.597
115.102
115.098
116.984
115.727
116.977
116.239
116.203
114.316
116.641
118.155
115.693
117.133
116.535
115.639
115.705
116.706
115.997
115.345
114.237
114.693
115.988
113.754
116.162
115.543
115.457
113.407
114.754
116.096
115.164
115.818
113.418
115.259
115.152
112.721
113.933
114.287
114.657
112.845
113.458
115.184
116.506
116.265
116.047
114.612
115.734
115.07
113.899
113.456
113.75
115.678
115.225
115.026
116.58
115.371
117.063
114.499
117.494
115.268
116.218
117.736
117.375
115.312
116.383
117.521
116.313
113.938
115.578
115.783
113.47
113.337
113.066
114.384
114.363
113.608
114.374
114.394
116.235
117.538
116.36
113.998
116.704
116.434
117.314
116.122
117.754
116.566
118.331
116.603
115.817
116.179
115.224
116.571
117.867
114.138
115.383
116.337
115.541
114.53
113.687
113.055
112.565
113.635
113.349
114.173
114.747
115.573
115.804
116.492
116.828
115.879
117.015
115.591
116.891
115.902
117.023
116.428
116.136
116.375
116.746
115.111
114.891
114.755
115.34
114.769
115.954
115.869
115.364
115.042
116.694
117.961
118.609
116.87
116.679
116.922
116.294
117.101
117.185
119.244
117.329
117.74
117.937
119.203
116.652
115.58
115.913
116.797
118.359
117.157
117.546
117.411
116.482
115.67
117.941
115.398
116.508
115.27
116.44
116.73
114.185
116.212
113.203
114.16
117.118
114.605
112.435
114.49
114.653
113.223
112.29
114.057
115.783
115.77
115.484
115.929
114.746
114.455
117.23
116.959
115.505
115.664
115.989
115.184
115.892
113.863
117.071
116.271
115.715
116.943
116.848
115.415
113.095
112.982
115.494
115.759
115.9
116.281
115.127
115.673
113.915
113.336
113.654
112.654
113.476
114.208
114.199
114.995
116.024
117.247
115.447
117.035
115.55
114.424
115.237
115.665
113.169
117.123
116.222
114.042
113.784
112.529
112.665
112.577
115.63
116.761
116.297
115.645
117.021
115.64
115.034
115.895
116.331
115.336
116.165
115.511
115.346
115.281
115.468
115.356
115.736
115.265
114.42
115.177
115.673
116.231
114.924
115.629
115.184
116.695
114.885
114.427
115.814
116.331
113.387
114.677
115.66
116.653
116.303
116.357
116.275
115.554
117.16
117.157
115.938
117.586
117.478
117.979
115.334
115.148
116.241
116.068
114.062
115.297
112.68
114.198
115.515
113.727
114.271
114.913
112.106
113.37
113.39
114.272
115.344
115.362
115.231
117.226
115.846
115.128
117.354
116.694
119.022
117.364
116.829
115.608
116.657
117.206
117.062
116.058
116.145
115.525
114.298
115.936
115.146
115.122
116.628
115.496
114.744
115.403
114.152
116.049
115.561
117.076
116.327
115.842
114.95
114.25
113.236
114.126
114.703
113.79
115.059
116.024
114.567
115.612
115.051
116.979
116.523
116.307
117.971
118.865
116.365
116.292
114.381
114.583
112.152
113.468
113.497
115.36
113.737
112.787
114.17
115.65
117.128
116.5
116.5
114.531
117.27
116.447
116.335
116.132
115.496
114.543
115.345
114.929
114.582
114.213
114.021
114.843
112.18
111.335
112.465
113.953
115.306
113.891
114.14
115.698
115.282
114.118
114.208
114.931
114.323
114.921
115.171
116.108
117.134
115.522
115.624
114.732
115.56
115.376
116.734
117.103
115.752
117.367
117.601
117.146
116.36
117.388
115.817
115.952
115.578
115.681
115.923
116.271
116.099
115.443
114.789
113.912
116.66
116.265
115.845
115.984
116.281
115.208
113.791
115.056
114.029
116.457
116.699
115.925
114.432
113.232
114.496
116.437
117.067
118.174
116.96
118.125
117.057
116.521
116.057
117.115
117.853
116.478
116.502
114.713
114.509
114.308
114.32
114.583
113.891
116.124
113.327
115.482
116.865
117.452
116.422
115.219
115.431
116.197
116.31
116.259
117.381
115.639
115.72
114.714
114.38
114.486
113.852
115.449
116.328
115.591
115.607
112.732
115.904
115.105
115.862
115.793
116.841
118.288
116.398
116.413
117.899
115.67
117.318
116.833
117.387
118.122
117.322
116.46
116.379
117.055
115.558
118.854
118.759
117
117.909
117.536
115.798
115.282
116.271
116.585
115.743
114.561
116.863
115.651
113.6
115.166
115.583
113.37
115.367
116.632
117.173
116.253
116.534
116.084
113.82
114.991
115.219
114.322
114.006
114.754
114.476
115.004
115.347
115.457
114.715
114.319
113.884
116.255
115.835
115.659
115.921
114.958
115.42
115.119
114.574
115.311
114.628
114.614
115.392
115.389
116.685
115.798
114.644
114.072
114.188
112.302
113.157
113.986
114.586
113.876
113.429
114.324
114.873
113.142
113.553
114.034
115.188
113.83
113.581
114.86
115.486
116.486
116.025
115.356
115.58
116.184
116.853
115.366
115.544
114.139
115.419
113.828
112.567
112.415
112.522
114.492
115.474
115.252
113.307
114.609
113.444
115.448
114.166
113.115
112.547
113.371
115.736
115.549
115.211
116.957
115.653
115.852
114.284
114.823
116.967
115.927
115.287
115.65
117.759
114.525
115.689
115.624
116.585
117.666
115.296
117.373
116.741
116.226
118.336
118.166
116.669
115.837
116.603
117.119
115.058
114.584
115.677
112.799
114.096
114.846
115.585
115.449
117.159
116.916
116.883
116.292
115.635
116.095
116.745
117.679
113.793
116.312
114.754
115.311
114.761
115.934
116.711
116.383
116.256
116.587
116.486
115.27
116.317
115.748
117.098
118.878
118.162
118.559
119.422
117.584
115.861
115.866
116.474
113.926
115.26
116.11
115.329
116.293
116.999
114.97
113.979
113.781
114.925
115.258
116.144
116.105
117.236
115.567
116.325
115.629
115.805
116.761
117.987
118.361
115.72
117.282
118.103
117.002
117.156
115.483
114.719
113.594
114.229
114.919
115.207
116.176
113.514
114.232
114.711
114.533
115.891
113.77
116.797
114.645
113.735
113.698
115.169
113.183
113.865
113.239
114.087
112.372
113.015
114.04
114.293
113.322
112.844
114.874
115.411
114.585
116.354
115.447
114.645
114.752
113.963
113.654
114.111
113.418
114.522
116.407
114.357
115.995
114.456
114.789
112.691
114.889
115.951
115.829
116.254
116.4
117.463
117.312
117.052
119.107
117.173
116.502
116.939
115.857
116.122
114.573
114.162
113.813
113.854
112.71
113.7
115.214
115.342
114.593
117.5
116.071
115.81
116.882
116.543
115.807
117.368
116.724
116.661
115.312
115.138
116.987
117.34
116.255
115.296
116.377
116.33
116.037
114.848
114.807
115.937
114.746
115.404
115.283
115.624
116.055
115.259
115.391
116.113
115.252
114.677
116.698
114.907
113.937
114.635
115.489
114.22
115.02
115.057
115.128
116.655
115.784
117.403
114.861
117.618
117.165
116.303
112.996
113.666
116.212
114.765
113.923
113.13
114.598
114.951
117.781
116.091
116.716
118.07
118.385
117.95
117.78
119.077
116.524
116.83
116.916
118.238
116.362
115.102
115.807
112.737
113.027
115.229
114.562
113.271
114.854
113.67
114.733
112.642
113.88
115.179
115.54
115.86
115.567
116.087
116.495
116.727
114.746
113.462
113.983
115.311
115.8
116.391
117.01
116.486
114.898
115.945
114.52
115.01
115.669
115.314
115.363
117.41
116.684
118.467
115.867
114.4
113.131
114.582
114.89
116.248
117.444
116.348
115.438
114.139
115.127
113.548
113.751
112.522
114.499
115.272
112.457
114.424
114.13
113.715
115.633
116.045
116.453
114.707
114.314
116.364
115.929
115.152
115.57
116.322
116.436
114.972
115.257
113.454
114.338
115.498
116.199
117.083
116.094
118.154
117.781
116.683
114.62
114.843
115.287
115.474
118.075
116.446
117.649
118.611
118.97
118.885
117.421
117.816
117.518
114.489
116.094
116.382
114.575
113.559
114.529
113.678
115.785
114.383
115.161
115.527
114.592
113.237
113.943
111.987
114.504
115.153
115.233
115.079
114.487
114.311
113.088
112.197
113.231
114.331
112.903
116.104
115.832
115.686
113.821
116.237
116.018
115.906
115.382
115.706
113.474
115.64
115.767
114.682
117.081
113.643
115.558
117.902
115.878
115.407
116.586
113.953
114.096
115.594
115.281
116.558
117.205
117.796
117.195
117.472
118.27
118.493
116.383
116.808
117.469
116.162
116.45
116.534
116.686
117.24
116.067
114.055
114.467
115.871
116.227
114.215
113.628
114.032
115.719
113.971
114.437
114.077
113.549
113.803
115.068
115.5
114.866
116.592
117.573
117.267
118.077
116.438
116.792
116.801
116.961
116.214
115.75
116.815
115.887
117.232
114.594
116.304
116.179
117.035
116.633
116.12
116.398
117.126
116.158
115.267
116.595
117.798
115.782
117.146
116.636
116.295
116.877
113.099
114.984
114.817
115.072
115.712
115.699
116.866
115.283
115.114
116.43
115.024
114.669
114.84
115.746
114.066
114.756
114.186
115.905
115.146
114.783
112.596
114.111
113.366
113.663
112.476
113.308
112.935
114.077
113.763
114.996
113.839
114.69
114.953
116.451
115.817
114.498
114.176
116.121
114.439
115.658
114.745
114.883
116.345
117.656
118.79
116.828
116.189
115.01
115.475
116.468
115.612
115.054
113.671
112.887
114.591
114.465
115.308
115.753
117.703
116.354
115.077
116.63
117.78
116.18
118.754
117.184
116.395
117.349
115.41
116.631
115.134
115.706
117.769
118.036
115.752
116.306
115.385
115.805
116.059
116.217
116.245
117.805
118.002
118.781
116.547
115.693
115.774
114.379
115.545
114.759
112.714
113.877
114.271
113.51
114.442
114.129
114.313
114.277
114.083
115.974
115.732
114.154
116.611
113.665
114.71
114.875
115.885
115.022
115.17
113.739
113.189
115.477
114.589
115.744
115.393
115.111
116.409
116.555
115.414
114.196
114.038
114.633
114.558
116.265
118.365
115.121
115.181
117.419
117.779
115.514
117.872
117.752
114.799
114.799
117.007
116.951
116.247
115.915
115.399
114.45
115.588
117.624
116.867
117.869
116.921
115.312
116.957
115.285
114.972
114.315
115.773
115.042
115.419
116.528
114.327
116.116
115.453
116.01
114.289
112.766
114.589
114.303
116.112
114.478
117.841
116.869
115.926
116.336
115.924
116.647
115.519
115.802
115.57
117.02
113.688
114.549
112.253
112.811
114.641
115.097
115.107
113.328
114.851
115.345
113.01
113.177
116.787
116.232
115.454
115.667
115.348
115.626
116.171
114.509
115.315
115.065
114.977
115.018
114.889
115.782
116.21
117.122
116.568
114.212
115.763
116.729
113.774
114.073
114.261
115.58
116.589
115.586
117.843
116.693
114.278
114.839
113.918
114.277
116.153
116.517
116.692
115.545
116.036
116.45
116.606
116.695
116.118
115.627
115.017
117.319
117.769
117.504
118.539
117.913
115.682
116.925
115.852
118.037
115.218
118.004
116.324
114.386
117.005
115.57
115.799
116.238
117.334
118.379
115.272
115.495
114.517
115.047
114.288
115.014
116.053
114.881
113.599
113.133
115.404
115.037
116.057
117.906
115.546
116.425
116.2
115.375
117.125
117.518
115.38
115.866
117.861
115.698
115.344
115.352
113.826
117.166
113.454
112.613
116.16
115.156
116.329
116.465
118.293
117.196
114.165
117.015
117.838
116.043
115.947
116.296
115.565
115.826
116.394
115.782
115.869
115.807
116.121
116.689
115.923
116.685
116.56
115.921
115.632
117.839
115.818
116.025
116.182
115.425
114.922
116.061
116.377
116.799
116.287
114.304
114.913
113.388
115.203
115.941
115.452
116.364
115.545
115.275
113.503
112.55
112.632
112.992
113.908
116.981
116.559
114.586
113.18
112.176
112.972
116.44
115.752
116.246
116.082
115.927
114.576
113.981
112.727
114.51
113.63
113.605
115.934
115.842
113.579
115.178
115.688
115.692
114.682
115.731
114.58
115.718
118.134
115.797
117.55
116.355
115.548
116.077
115.245
115.913
116.273
119.094
115.752
115.971
115.03
117.959
117.63
115.637
117.522
115.734
117.137
115.917
116.15
117.088
116.987
115.767
116.196
114.168
114.485
115.111
117.167
116.192
116.699
116.799
114.649
117.331
120.064
118.868
117.45
115.659
115.344
116.119
114.698
114.421
115.526
115.175
113.986
114.389
115.064
115.324
117.371
117.865
117.04
117.915
116.615
116.135
116.459
116.777
115.946
114.606
116.816
117.35
116.189
116.361
117.228
116.25
114.9
114.511
112.221
112.871
115.027
114.837
113.76
116.223
114.923
115.77
116.368
115.013
114.701
115.78
114.745
113.661
113.747
115.934
113.361
114.449
114.49
114.676
116.404
114.439
115.66
115.87
118.146
119.665
119.16
119.523
118.376
117.196
118.211
116.783
118.017
116.039
115.932
114.82
115.452
116.09
116.713
117.923
117.032
117.034
115.925
115.589
116.584
116.949
116.218
115.82
115.822
113.858
114.08
113.616
112.943
114.485
114.133
115.353
115.513
115.29
114.832
116.431
115.918
116.188
115.353
115.295
114.466
116.317
116.428
113.958
115.892
115.54
115.037
117.171
116.16
115.566
116.596
117.099
118.787
116.21
117.909
117.282
117.213
115.981
116.113
115.211
115.522
114.394
113.761
114.345
115.314
113.251
115.078
113.819
115.045
116.482
116.641
116.167
117.209
116.769
116.079
117.524
115.373
114.893
114.494
115.063
114.782
115.232
116.279
114.911
115.278
115.684
113.637
114.557
115.88
115.754
115.826
113.696
114.263
115.325
117.286
115.344
115.611
114.726
116.494
115.887
116.386
116.031
117.543
116.838
116.669
116.463
114.363
116.852
117.923
114.887
114.15
116.304
117.181
115.646
117.024
115.48
115.724
116.054
116.62
118.118
115.204
115.921
116.722
116.043
115.333
115.137
114.121
113.986
113.138
114.46
116.944
113.786
116.165
116.132
116.816
117.301
113.905
114.461
111.313
113.809
116.931
116.062
116.787
113.732
114.663
112.223
112.136
113.279
115.04
113.777
116.996
114.973
117.08
118.023
117.343
116.957
116.886
118.21
116.733
116.762
113.904
114.156
114.889
114.793
112.494
115.13
115.996
115.481
114.135
115.556
116.985
115.5
115.244
116.677
114.713
115.614
114.342
114.011
114.836
115.485
114.996
116.488
116.539
117.257
117.234
117.8
118.134
117.201
116.178
118.329
115.97
116.483
114.643
114.568
115.311
117.315
117.783
118.155
117.066
114.359
114.959
115.726
116.43
116.359
113.848
118.5
117.496
115.643
115.622
117.02
117.406
117.949
116.556
116.124
114.917
115.094
113.745
116.4
115.457
114.322
113.311
112.01
114.012
112.475
114.376
113.654
114.34
114.943
113.822
113.446
113.441
114.979
114.112
115.186
117.635
116.977
117.023
117.69
116.251
117.025
115.692
116.211
116.496
116.728
117.342
118.505
117.886
118.875
118.816
118.752
119.92
118.376
116.836
116.459
116.644
115.123
114.849
115.078
115.92
115.07
116.323
115.503
116.576
117.204
115.591
116.631
116.316
115.181
113.972
114.473
115.765
116.274
117.185
117.372
115.214
116.333
116.521
115.586
114.084
115.072
114.137
115.509
117.939
115.594
116.437
116.026
116.588
116.552
115.015
115.481
117.417
117.123
115.522
117.22
114.443
114.021
114.32
112.626
113.014
115.53
116.062
114.278
115.649
116.346
116.29
114.465
116.854
116.382
114.034
114.059
113.156
113.885
113.443
115.878
114.221
114.63
113.431
114.265
115.501
115.536
115.973
114.671
114.444
116.402
117.101
116.6
114.741
116.364
116.581
115.643
115.841
116.746
117.526
115.297
116.656
114.327
114.675
115.982
114.411
111.587
114.655
114.235
114.262
114.991
115.469
115.278
117.807
116.176
118.566
117.535
118.65
116.17
115.916
117.159
115.309
113.709
115.125
114.785
115.124
115.804
115.422
115.563
115.946
116.715
116.271
115.702
117.622
117.232
117.585
116.53
116.029
116.648
114.922
114.588
115.863
114.405
115.792
115.335
116.247
115.05
115.811
117.081
116.315
118.41
117.671
114.964
115.74
117.073
117.494
115.754
116.292
115.363
115.558
114.74
114.373
114.386
116.565
114.421
114.596
116.028
116.675
115.571
117.198
117.411
116.635
116.639
116.311
116.2
118.832
118.222
119.212
116.209
116.87
114.777
116.301
117.939
117.66
116.019
115.9
114.815
116.13
116.027
117.125
116.293
116.894
117.213
118.026
116.903
116.514
115.105
115.338
113.703
115.059
113.284
113.264
115.664
115.895
116.178
116.614
116.255
115.197
114.457
114.288
116.13
115.641
116.624
116.54
115.833
114.908
116.288
116.902
114.73
114.508
114.463
115.567
114.351
115.789
115.414
115.728
116.132
116.237
115.275
116.983
114.452
118.104
114.682
116.686
116.662
117.001
116.509
115.022
114.37
113.605
114.4
114.228
115.454
115.812
116.078
115.137
115.272
115.384
116.629
118.508
116.807
118.813
114.841
115.618
114.561
114.382
114.332
115.768
113.848
113.524
115.503
113.979
114.64
114.857
116.53
115.505
117.935
116.848
115.096
114.181
115.34
117.597
114.114
114.214
114.519
115.765
116.22
117.4
117.243
117.163
117.071
117.294
117.245
116.173
117.017
116.8
116.626
117.751
117.433
114.051
112.986
112.639
113.459
112.687
112.788
113.452
114.686
115.329
115.645
114.895
113.146
115.037
116.683
115.221
114.615
112.868
112.321
115.07
112.566
112.44
113.7
113.261
114.162
113.197
115.113
114.724
113.409
113.846
115.707
115.418
114.856
113.617
114.919
115.218
117.006
115.308
116.108
116.19
117.633
114.71
114.544
114.935
114.3
115.026
116.012
115.548
117.867
116.476
115.668
117.285
116.658
115.575
115.449
113.778
113.864
115.618
115.139
115.889
115.217
115.026
115.42
114.593
116.784
115.78
117.796
114.997
115.655
117.753
117.127
118.151
114.836
114.66
115.661
116.943
115.795
118.102
116.481
114.647
116.634
115.691
114.756
115.718
116.946
116.695
115.828
116.229
112.954
114.379
115.473
115.172
113.478
114.783
115.235
114.95
116.298
117.69
115.43
116.095
114.034
115.909
113.805
114.197
114.671
115.32
113.337
114.158
113.697
114.51
114.299
112.592
113.576
115.27
115.706
114.654
115.331
113.413
113.621
113.47
113.438
114.009
115.789
116.369
117.094
114.827
115.595
116.235
113.259
113.203
113.477
114.048
113.552
114.13
113.659
114.349
115.592
114.562
115.024
116.324
115.051
116.109
117.691
115.065
115.13
116.922
115.841
115.123
113.462
114.112
114.412
112.898
115.605
113.983
116.259
114.559
112.947
114.186
115.822
117.586
116.096
116.952
114.302
113.26
114.803
114.351
112.918
114.948
115.596
114.72
116.293
114.937
115.501
117.217
114.346
116.704
115.315
116.054
115.331
116.196
116.05
114.967
116.125
116.77
116.445
116.282
118.747
115.817
115.693
115.515
115.627
116.613
116.387
115.851
115.19
116.092
115.536
115.073
114.966
114.137
115.835
116.214
115.24
113.453
112.882
114.638
113.96
115.409
113.381
115.125
115.259
116.105
115.879
113.386
114.008
115.009
115.034
113.444
114.711
114.23
114.718
115.613
114.863
116.15
113.841
116.855
117.764
118.047
118.574
115.889
114.357
115.001
115.372
115.431
116.251
115.482
115.368
114.437
114.185
115.202
117.477
116.752
116.092
116.012
117.128
116.147
113.943
115.566
115.321
114.909
114.287
116.167
116.294
116.196
116.398
117.41
118.846
115.802
116.002
113.847
115.453
117.451
117.267
115.668
115.699
114.631
114.058
113.646
114.373
113.834
114.162
114.723
115.342
113.442
115.054
116.863
114.777
114.915
114.591
113.126
113.222
114.07
112.786
114.266
115.365
115.179
117.026
115.984
117.023
115.518
117.141
115.133
116.544
115.485
114.143
114.05
114.5
115.755
114.188
114.665
115.399
114.879
113.63
113.357
112.907
114.471
116.953
114.308
115.81
114.253
115.76
114.858
114.228
115.371
114.387
113.771
114.269
114.653
116.547
114.498
114.764
114.233
114.646
115.235
115.702
116.432
116.028
116.361
115.6
115.14
115.337
116.022
115.431
115.656
115.041
115.983
116.914
116.33
117.085
116.507
114.815
116.234
115.519
115.225
116.417
115.434
114.656
114.317
115.947
116.236
115.146
115.716
115.635
115.169
115.315
115.039
116.109
113.444
116.774
115.946
115.342
116.105
114.745
113.57
114.443
114.019
114.631
114.637
115.887
115.514
115.24
113.659
114.358
114.971
117.035
115.915
116.953
116.205
116.323
114.342
113.232
116.035
116.296
118.554
116.838
118.827
116.862
116.509
115.763
116.896
115.214
117.072
115.885
115.036
114.043
114.27
114.899
115.029
115.287
117.081
115.155
115.925
113.799
116.428
115.921
117.184
114.175
114.284
115.672
114.284
116.467
116.897
116.429
114.752
115.103
114.246
113.573
112.949
113.148
113.003
112.868
113.952
113.725
113.228
113.168
111.515
111.399
113.749
114.699
114.1
113.206
113.881
113.556
112.967
115.036
114.23
112.952
112.892
113.674
113.507
113.303
112.901
114.621
115.002
115.591
114.924
112.929
113.85
114.588
118.143
115.818
116.01
115.199
114.035
114.896
116.418
116.16
117.101
116.853
116.087
117.335
116.058
117.813
115.381
114.93
116.137
115.147
115.299
116.618
118.269
116.144
116.784
116.481
115.275
114.061
116.004
114.732
115.147
115.619
114.698
116.299
115.503
113.712
115.077
114.257
114.901
114.662
112.997
113.367
112.779
112.553
112.857
115.103
115.783
116.044
115.467
114.653
115.526
115.039
113.022
112.813
115.944
116.2
114.681
115.882
113.786
115.126
113.959
114.006
116.38
115.832
116.701
116.031
115.988
115.684
114.314
115.344
117.057
116.618
115.282
116.169
114.941
115.604
114.988
113.959
114.378
114.569
115.377
116.515
116.805
116.394
115.357
116.742
116.185
115.92
115.725
116.905
116.364
114.838
113.809
114.209
114.669
113.596
115.911
115.65
113.223
114.328
113.499
114.46
111.863
113.394
113.491
111.647
112.741
113.171
115.216
114.88
115.892
114.023
115.156
116.09
115.666
116.356
115.546
115.451
115.783
115.153
116.489
114.418
116.203
115.311
114.686
116.805
115.834
114.592
113.395
114.435
113.739
113.404
113.456
116.28
114.611
114.555
114.047
113.873
113.454
115.328
116.271
114.416
115.824
117.318
116.537
113.982
114.188
112.723
112.528
111.774
113.829
112.629
114.774
115.329
115.35
114.805
115.279
116.109
115.112
115.558
116.055
115.427
114.555
112.434
113.392
112.832
112.034
113.693
114.486
115.588
115.348
115.063
116.162
116.175
116.185
114.585
113.901
113.041
113.582
114.267
112.757
115.353
115.126
112.454
114.625
113.801
112.63
114.116
114.79
115.598
115.224
116.093
117.081
117.085
115.61
115.506
117.006
113.764
114.799
114.012
115.204
114.829
114.625
115.177
115.853
115.612
115.538
116.671
114.676
116.655
114.264
115.053
115.502
115.109
112.391
113.317
114.599
113.938
115.614
115.482
114.304
117.304
115.185
116.362
115.629
114.16
114.598
114.513
114.277
112.696
114.305
112.965
112.847
113.986
115.266
114.364
114.481
112.526
114.994
115.291
114.526
115.009
114.059
113.856
113.71
114.784
113.202
112.75
115.751
113.965
112.307
114.457
115.075
114.637
115.421
115.097
114.6
113.984
113.865
112.354
113.843
114.117
113.922
114.911
113.588
112.367
112.416
112.623
111.767
113.375
111.758
112.034
113.58
115.047
116.112
114.888
114.641
114.393
115.204
115.726
114.057
113.745
115.539
115.18
111.603
113.472
112.842
111.386
115.912
118.319
116.071
115.569
115.496
116.95
115.603
115.786
116.292
115.678
116.622
113.959
113.26
113.144
112.984
114.882
112.901
113.923
114.156
113.26
115.481
114.363
114.057
114.221
115.583
114.234
113.754
112.854
112.439
113.151
115.828
115.601
115.52
116.799
115.981
114.794
117.02
112.819
115.373
113.864
115.077
117.972
115.834
116.712
115.865
114.09
113.08
114.888
114.064
114.698
112.175
113.586
115.467
114.15
113.966
112.933
111.924
113.74
113.827
115.576
117.446
116.082
116.815
115.668
115.027
116.18
115.009
114.567
116.196
114.884
114.106
115.636
117.586
117.439
115.565
113.801
113.723
114.948
115.838
114.344
114.694
114.371
114.791
114.371
115.812
116.494
114.805
115.637
114.083
112.968
115.688
115.073
115.005
115.474
116.215
116.808
115.792
115.107
117.181
116.908
114.481
116.22
114.493
114.101
113.259
114.215
117.142
115.941
115.045
115.059
115.55
115.265
115.087
115.324
113.681
114.788
113.665
116.432
115.314
117.487
114.859
115.875
116.062
114.568
113.117
114.392
115.235
116.469
115.498
116.92
117.633
117.041
117.261
115.421
115.24
113.543
114.33
114.607
115.431
114.048
113.661
116.966
115.496
115.826
115.568
116.429
116.477
115.2
115.223
118.255
117.808
115.116
115.373
116.191
113.763
114.37
113.22
112.804
113.492
114.642
115.913
115.735
114.943
115.192
116.106
116.333
115.932
114.668
114.762
114.028
112.642
114.359
114.362
113.615
113.281
113.342
113.109
113.719
115.003
114.829
117.353
117.712
116.876
116.643
116.187
116.393
115.819
118.045
115.162
115.062
117.202
114.245
113.788
114.643
113.91
114.6
114.521
116.069
115.095
115.894
113.055
115.028
113.15
113.467
114.342
115.093
115.896
115.398
114.542
115.359
115.529
114.591
115.006
116.112
115.167
115.853
115.826
115.583
114.95
114.481
115.8
113.989
113.887
112.42
114.669
115.24
115.791
115.267
114.166
113.754
115.013
114.929
114.94
116.003
115.232
117.147
116.853
115.876
116.926
116.841
115.084
116.285
115.953
115.053
113.901
114.188
115.586
117.565
117.287
115.077
115.283
114.559
115.487
114.175
115.971
113.95
114.727
113.142
114.117
113.014
116.063
115.073
114.782
115.796
116.088
114.067
113.123
115.511
114.737
114.479
114.667
113.847
115.289
115.062
116.722
116.759
115.656
116.163
114.958
115.028
114.02
114.373
115.264
112.196
113.51
113.246
113.036
113.525
115.759
114.39
114.718
115.068
113.365
113.048
116.063
113.83
115.176
113.13
113.255
115.325
114.622
115.389
115.697
114.061
116.957
116.242
115.419
114.913
115.532
115.055
115.751
114.125
115.513
114.545
113.562
116.901
115.924
116.032
113.716
113.346
113.987
116.401
116.012
115.361
117.988
116.968
115.763
115.836
116.878
114.556
115.116
112.649
113.48
113.297
113.376
113.053
114.666
115.689
115.159
117.01
115.214
114.974
115.354
115.773
115.236
115.236
115.944
115.277
114.844
115.49
114.644
114.399
113.312
113.593
113.771
113.817
111.607
114.349
114.83
118.16
117.651
116.273
116.559
115.592
114.207
114.436
114.967
113.584
114.071
113.85
114.994
113.576
113.287
113.537
114.306
114.657
113.941
113.635
113.259
114.091
114.373
114.45
114.831
114.521
114.801
114.178
114.276
114.737
114.993
115.986
114.571
114.961
113.581
116.541
114.591
114.944
113.965
114.758
116.234
114.854
115.105
116.841
117.207
118.559
117.029
118.071
116.165
114.734
114.395
114.826
115.13
115.042
113.316
113.941
114.548
115.195
115.553
116.306
115.338
114.763
114.548
114.772
114.337
115.914
115.974
115.245
115.828
114.458
115.712
117.02
117.649
117.696
116.994
114.329
115.142
115.243
115.626
114.812
114.139
114.325
114.106
113.688
114.816
115.208
114.941
113.927
114.373
114.531
115.626
116.555
115.047
115.04
115.725
115.613
114.38
114.988
115.945
116.462
114.834
114.188
114.3
115.697
116.626
116.394
116.501
116.986
114.096
113.26
116.024
117.328
117.721
115.172
117.407
116.922
116.769
117.619
116.556
115.991
116.191
116.437
116.883
116.546
115.065
114.632
116.148
116.424
115.552
115.309
115.084
114.264
116.068
115.468
114.773
114.427
115.62
113.457
115.171
116.411
114.406
115.63
112.71
113.589
114.183
113.927
116.019
116.556
116.133
116.44
115.465
115.553
116.55
116.855
116.247
115.174
116.646
115.184
113.944
113.29
114.344
115.366
115.942
113.497
115.541
115.04
114.932
115.945
115.509
115.135
115.884
114.353
114.828
115.05
115.147
115.426
114.742
114.573
115.775
115.639
114.013
113.625
115.911
114.193
115.991
114.394
114.21
116.507
113.584
113.485
112.799
114.376
116.09
116.259
115.322
116.387
116.024
114.909
113.118
112.881
112.711
114.704
114.524
113.341
113.314
113.34
111.872
112.065
112.21
113.974
114.302
114.371
114.847
115.248
115.053
114.155
114.344
113.42
114.488
115.758
115.771
114.207
115.721
115.994
115.928
115.093
115.964
114.976
114.201
116.32
115.353
112.914
116.224
115.567
116.037
115.068
114.735
115.17
115.044
113.92
115.734
114.92
113.795
114.582
113.503
113.06
115.749
115.449
114.93
113.908
115.27
114.18
115.378
115.972
116.115
114.376
115.3
115.342
116.194
113.763
111.98
114.788
112.694
115.226
113.642
115.725
113.582
113.656
114.611
114.477
112.357
111.731
113.792
111.92
115.21
114.754
114.409
115.267
114.408
113.919
114.174
114.143
116.798
116.13
115.738
115.198
115.158
116.06
115.444
114.345
115.73
116.867
114.915
115.279
115.294
114.483
114.936
115.115
114.993
114.311
113.779
115.868
116.613
116.807
115.704
115.64
114.938
114.814
115.596
113.758
113.353
114.708
114.912
114.279
115.083
115.423
115.227
113.656
115.221
113.587
115.018
116.024
118.879
116.578
116.869
116.874
118.378
118.53
116.491
117.243
117.365
115.819
116.365
116.271
116.117
116.412
115.439
115.218
114.085
114.733
114.317
115.292
114.886
113.844
114.674
114.479
115.502
115.01
115.047
114.761
114.987
115.584
113.223
113.47
114.569
116.022
114.315
114.537
115.505
116.003
115.887
116.445
115.128
114.272
115.11
115.327
116.507
116.46
115.96
116.154
115.935
114.808
114.978
112.836
115.308
112.82
113.824
114.742
114.094
114.278
113.519
113.799
114.041
114.504
114.47
114.629
115.22
115.753
115.044
116.303
115.44
117.211
115.863
115.94
116.922
114.41
111.243
111.021
112.075
112.984
114.805
115.179
114.279
116.246
115.626
115.401
116.427
115.096
116.166
114.719
115.113
113.411
115.611
116.073
114.578
113.401
114.945
114.198
114.642
112.404
112.966
113.643
114.514
114.755
115.083
115.517
113.925
114.573
114.322
113.149
112.885
113.521
112.226
113.519
112.609
113.523
113.958
113.893
114.404
115.853
115.922
114.85
115.031
113.285
115.978
114.557
115.501
116.069
115.597
113.165
113.55
112.683
116.092
114.857
115.246
115.131
114.153
113.527
115.452
114.912
115.414
117.447
116.028
114.342
114.594
115.026
118.198
117.806
115.417
116.409
117.131
117.267
115.451
113.961
113.59
112.068
115.749
114.699
113.694
117.161
115.084
114.32
115.024
115.079
115.641
114.371
114.667
114.452
114.074
113.924
114.333
114.028
115.425
114.058
116.511
116.54
117.721
115.53
115.853
115.742
116.478
117.164
115.647
115.142
115.375
115.413
114.472
114.568
112.676
113.771
113.202
114.961
114.48
114.007
113.92
112.277
113.481
112.522
114.181
113.691
113.366
113.494
114.23
114.289
116.529
116.35
114.227
114.727
114.932
114.685
114.906
116.67
114.316
113.952
114.159
115.021
113.456
114.236
114.396
113.039
113.713
113.278
114.745
114.202
114.721
115.429
116.038
115.936
114.992
114.579
115.285
114.694
116.105
118.838
117.833
117.441
117.598
114.997
113.908
114.647
115.912
115.454
115.605
112.625
112.379
113.36
114.298
113.95
115.468
114.667
114.002
114.997
114.921
114.289
114.667
112.784
115.806
115.711
115.984
115.038
114.064
115.93
114.377
114.617
114.066
115.676
116.01
117.345
114.531
116.285
116.31
115.485
115.541
114.23
117.04
116.864
115.751
116.225
113.494
114.671
113.699
112.794
111.977
114.282
115.77
114.029
115.073
115.292
115.041
116.37
116.555
117.459
118.052
116.692
115.978
116.18
115.124
114.918
114.104
115.497
113.667
116.308
117.087
115.248
114.665
116.438
114.417
114.442
113.133
114.154
113.643
114.639
115.051
114.364
114.452
115.559
114.047
114.262
115.916
113.691
113.705
113.457
114.913
113.117
114.634
115.957
113.732
115.38
115.072
114.899
112.904
115.806
116.041
115.244
114.687
114.607
113.492
114.061
115.337
114.427
114.193
113.447
112.062
113.478
114.372
114.959
114.312
115.049
113.919
114.317
113.571
115.92
115.97
117.126
114.002
113.833
116.508
113.872
113.167
112.784
114.829
114.597
114.943
114.844
116.262
114.106
115.462
116.115
117.376
117.083
113.576
113.849
114.932
113.408
113.887
113.293
112.977
113.121
114.803
114.54
114.274
115.116
113.819
115.378
112.735
112.616
114.138
114.053
114.207
115.4
114.403
114.405
112.721
115.413
113.093
115.336
114.594
114.925
114.524
115.293
115.483
116.498
115.836
116.866
114.687
114.705
114.036
113.981
113.729
113.754
113.599
113.408
111.324
112.888
113.715
114.762
113.877
112.929
112.741
114.028
114.221
115.308
114.94
116.745
116.751
115.647
115.708
113.302
112.899
114.356
114.991
114.628
115.91
115.989
116.025
114.974
114.507
115.489
116.187
116.061
115.857
112.918
113.839
114.765
115.698
114.836
114.689
113.675
115.074
114.616
112.569
113.154
113.582
113.634
113.95
114.799
117.346
117.158
118.178
116.292
115.387
114.996
115.961
115.427
116.575
116.664
115.326
116.183
115.816
116.73
116.331
114.904
114.127
117.015
117.641
116.482
115.661
116.041
115.258
114.586
115.419
114.473
116.056
113.981
114.651
115.347
115.668
116.423
116.755
117.043
117.099
114.893
115.864
115.744
116.11
115.522
114.661
116.154
115.141
114.676
115.537
117.155
117.783
117.215
115.575
115.151
115.641
115.369
115.472
115.509
114.416
114.199
114.154
115.564
116.486
115.06
114.766
113.728
113.707
113.351
116.047
115.72
114.938
114.259
115.627
115.239
115.699
117.51
117.566
115.642
115.847
116.056
115.293
115.454
116.526
115.69
114.555
113.084
113.461
114.651
115.515
112.467
115.648
115.182
117.497
115.611
117.519
117.233
116.016
113.512
112.616
112.264
113.213
114.631
114.133
113.972
114.014
114.091
113.65
113.46
113.316
114.389
115.117
115.674
112.911
115.635
113.313
115.12
113.957
113.953
112.227
112.482
113.903
115.604
114.363
114.973
114.653
115.069
115.086
113.996
115.49
115.99
115.575
114.305
114.769
114.645
112.875
113.638
114.34
115.103
113.908
116.235
115.658
115.767
114.846
115.05
113.728
114.955
114.771
113.928
114.931
115.31
116.265
114.6
115.885
115.714
114.393
114.304
114.43
113.185
112.256
112.784
113.556
115.541
115.195
117.084
116.347
114.665
114.943
112.986
114.417
114.755
115.314
113.492
114.031
113.884
113.906
113.019
113.033
116.461
115.458
115.627
115.366
114.532
116.252
117.094
117.108
117.444
115.312
115.704
117.116
118.689
117.817
116.78
117.468
116.11
115.235
115.645
114.118
114.098
113.583
114.178
114.067
114.46
116.209
114.204
115.562
114.076
115.006
113.914
112.837
112.525
114.124
112.364
112.762
114.083
114.227
114.249
115.538
113.74
114.543
112.66
114.808
113.209
115.728
114.063
113.397
113.63
112.716
113.741
114.436
115.64
113.7
114.892
112.198
113.356
112.818
113.895
115.045
114.997
115.905
114.879
115.132
115.117
116.519
115.812
114.756
114.575
115.609
114.891
115.295
115.193
115.568
115.565
115.057
115.1
114.695
116.098
115.355
115.734
116.922
116.176
116.277
113.683
114.646
112.852
113.633
114.947
115.039
114.205
114.171
114.992
115.545
114.219
115.16
113.878
114.045
115.885
114.223
115.115
114.714
113.789
114.191
112.901
112.721
115.543
114.312
114.605
115.065
114.896
115.315
113.382
115.352
115.853
115.498
113.972
115.568
115.471
115.264
117.9
117.578
118.619
119.367
118.115
115.373
115.995
116.397
115.35
116.154
115.941
115.296
114.307
114.645
115.708
113.777
113.912
111.756
112.159
115.129
113.605
112.49
115.513
114.892
116.456
114.394
113.225
114.881
115.627
114.579
114.561
114.352
116.038
116.782
114.713
116.562
115.366
116.955
116.869
115.977
113.613
114.369
114.678
115.32
114.256
115.902
115.706
115.668
113.727
114.521
115.48
115.468
112.804
115.346
112.606
111.5
114.396
112.816
112.416
113.224
115.006
113.093
113.229
113.808
114.26
113.172
113.817
115.288
114.251
115.491
113.915
116.48
115.739
113.978
112.88
113.922
112.52
115.336
114.596
114.306
114.469
113.659
114.789
116.437
116.71
116.829
114.808
114.955
113.365
114.063
115.49
113.477
114.152
114.606
113.397
115.359
114.985
114.669
114.068
114.294
112.796
114.645
115.61
115.608
115.83
114.708
113.034
113.906
112.901
114.446
117.188
114.604
114.095
114.842
115.245
116.742
117.222
117.81
116.707
115.947
115.386
115.05
114.54
113.669
114.469
113.403
115.733
118.362
114.589
117.536
116.278
115.195
114.245
116.186
116.205
116.44
115.262
116.246
116.473
116.205
114.194
113.339
113.68
113.818
114.56
115.551
113.994
114.393
113.783
114.43
114.388
113.316
112.908
113.916
114.741
116.198
116.425
115.039
115.573
115.879
116.162
114.151
115.22
116.446
116.42
113.421
115.551
116.525
115.539
114.62
115.1
114.647
113.99
117.143
114.683
114.322
113.974
115.679
115.404
115.945
114.767
115.195
117.244
115.981
115.877
117.355
117.319
116.59
117.744
116.446
116.805
117.105
114.893
115.386
116.188
114.707
117.638
115.648
117.679
115.286
115.054
114.413
115.287
114.86
115.609
114.725
113.991
114.018
116.833
116.421
116.599
115.307
114.453
114.214
114.232
116.069
114.933
115.611
115.695
113.287
116.181
115.436
113.701
114.306
114.361
113.466
112.428
113.155
113.611
113.7
115.279
115.991
115.107
114.679
116.352
113.775
113.573
113.379
112.17
112.979
113.262
116.437
117.592
116.842
117.511
115.192
114.238
115.602
114.452
114.641
115.177
113.742
113.405
115.472
113.791
113.63
113.661
113.009
112.253
111.443
112.45
115.076
114.179
114.518
114.095
113.214
114.415
113.896
115.653
115.536
114.255
112.121
113.607
113.849
116.24
116.075
115.461
115.897
115.324
114.904
115.802
115.252
117.441
113.916
115.294
113.109
113.57
113.82
113.489
114.836
116.475
115.967
115.848
115.979
113.43
113.524
112.759
113.819
114.03
115.84
116.016
115.83
115.087
115.486
115.38
114.773
116.284
113.998
114.629
114.842
115.306
116.731
116.76
116.228
115.323
113.516
114.626
114.563
115.376
116.048
114.742
114.159
116.124
114.049
115.172
112.745
112.18
115.027
115.836
114.183
114.42
115.364
116.333
115.449
115.101
114.564
115.247
114.52
115.173
115.017
114.598
112.963
113.322
113.985
114.669
112.664
112.42
113.007
114.12
114.759
115.916
115.802
115.402
115.244
116.955
115.246
113.788
116.458
116.868
118.398
116.237
116.245
115.674
116.893
114.637
114.477
115.132
114.61
115.203
115.234
115.779
117.171
116.456
117.337
115.736
117.643
117.247
116.142
118.104
116.552
118.632
116.695
116.023
116.738
115.545
113.926
115.212
114.967
115.176
113.721
115.553
114.38
114.357
114.382
112.966
114.76
113.478
115.013
114.433
113.619
114.711
114.822
114.686
115.474
115.265
115.055
115.139
114.208
113.91
115.754
115.503
115.757
115.918
117.384
116.494
115.545
114.166
118.723
116.611
116
115.967
116.008
116.291
115.148
114.846
115.041
115.326
116.274
114.909
114.058
115.091
116.775
115.443
114.796
114.042
114.504
114.588
112.772
115.72
114.833
115.654
114.121
114.457
114.121
114.906
114.289
114.189
113.536
115.713
116.369
117.41
118.049
115.092
116.143
117.064
114.115
115.286
114.428
115.817
114.771
117.145
116.545
116.671
114.972
114
114.644
113.889
114.189
115.184
115.577
116.21
115.568
117.156
116.808
114.39
115.097
115.983
116.648
116.765
114.528
115.887
113.887
115.143
113.592
115.092
114.747
112.572
112.622
111.965
114.584
111.575
112.96
112.848
111.284
111.772
112.104
111.826
113.405
113.026
113.199
111.938
115.455
116.694
115.661
114.744
115.49
115.786
115.934
115.171
116.051
114.876
115.338
115.74
115.665
114.543
113.214
110.467
112.85
113.376
113.673
115.186
114.881
116.03
116.054
116.464
116.098
115.088
114.978
115.811
116.617
116.482
115.556
115.263
115.208
116.182
115.003
115.157
114.954
115.222
114.884
116.2
114.64
115.76
117.579
116.517
114.977
116.346
116.975
115.655
115.66
114.062
113.266
114.119
115.752
116.07
117.312
116.482
116.83
116.553
115.431
115.377
117.005
116.3
116.382
117.115
115.978
114.682
114.299
113.547
113.713
111.477
111.383
111.79
110.326
112.92
114.721
114.049
114.554
113.994
116.396
117.349
116.375
114.83
115.69
115.558
114.276
115.443
117.262
116.058
114.001
115.137
114.975
117.527
114.728
114.439
113.933
112.911
114.368
113.252
113.178
113.659
114.375
114.514
113.443
113.302
112.826
114.047
114.241
112.346
114.391
113.739
114.722
115.686
116.515
117.395
114.429
116.535
115.963
113.197
114.409
113.268
112.912
114.13
114.535
113.689
113.472
115.465
115.557
113.292
113.201
114.642
114.187
114.616
114.319
114.909
114.463
116.896
115.824
115.636
116.284
115.497
118.501
116.049
117.539
115.714
116.243
115.33
116.447
115.016
114.381
115.262
113.56
114.537
115.093
116.862
116.232
115.724
115.091
113.377
114.002
116.471
115.379
113.696
116.659
114.104
112.797
115.85
115.695
116.224
117.253
115.863
115.401
113.928
113.67
113.983
115.075
116.033
115.516
116.264
116.329
116.059
114.521
116.524
117.283
117.034
117.048
115.556
114.511
115.541
114.535
113.515
113.132
113.011
114.594
116.346
115.098
116.545
115.316
117.729
116.805
114.427
116.65
114.104
112.907
113.211
115.497
115.449
116.045
116.764
115.65
116.706
115.929
116.158
115.7
116.622
115.469
114.152
113.304
114.188
112.674
112.486
113.594
113.081
114.77
115.577
115.363
115.754
115.501
114.595
114.372
113.939
112.924
114.457
114.068
114.568
113.435
112.899
114.748
114.749
116.42
114.817
114.52
115.316
113.581
113.791
116.066
115.333
114.734
116.626
115.636
116.824
116.068
115.612
116.619
116.727
114.807
113.687
116.076
114.799
114.322
115.601
116.146
114.008
113.697
114.502
113.782
114.246
116.042
114.704
115.054
115.823
114.146
114.575
114.979
115.507
115.439
116.076
114.515
113.173
112.837
113.958
114.106
116.495
115.685
113.802
115.139
114.791
114.51
113.859
111.622
113.327
115.045
113.974
116.085
115.302
115.265
115.635
115.752
115.465
115.509
114.624
117.023
117.225
114.867
115.328
113.41
115.253
114.442
115.638
112.771
113.856
115.109
115.443
116.678
116.818
115.936
116.062
115.368
116.211
117.106
114.715
114.189
116.434
116.919
115.989
115.038
116.705
116.272
114.038
114.955
115.546
112.581
113.436
114.676
113.438
113.949
114.577
114.25
113.554
114.232
114.822
116.109
115.42
114.122
115.879
114.671
116.035
114.124
115.192
115.057
114.847
115.556
117.03
116.106
116.592
116.658
115.108
116.921
116.181
114.485
114.631
116.041
115.036
115.721
115.79
116.137
114.237
115.101
115.259
118.178
117.004
116.149
115.189
114.555
116.05
115.987
114.427
112.55
112.732
116.054
114.291
114.888
116.301
117.112
116.082
113.891
113.979
113.748
114.674
113.231
114.465
116.999
114.955
113.543
114.381
114.848
115.19
115.262
113.438
114.062
115.829
115.82
117.276
115.669
118.394
116.609
115.882
114.534
115.509
115.527
114.971
114.025
115.694
116.328
113.758
114.511
114.745
114.664
115.047
114.19
114.031
114.151
115.476
113.883
115.091
113.592
114.803
114.923
114.246
115.029
114.931
116.513
115.332
116.1
115.259
114.774
113.554
114.473
113.931
116.273
116.53
114.491
115.321
116.467
116.235
117.019
117.321
117.754
118.364
117.52
116.874
117.098
116.103
116.074
115.235
116.163
116.205
117.512
118.154
116.668
116.58
116.551
116.794
115.446
115.28
115.251
116.299
115.936
115.73
114.085
114.801
114.423
114.133
116.085
115.142
114.497
113.798
112.466
113.44
113.317
112.499
114.995
113.798
115.168
115.529
116.173
114.634
117.488
115.992
116.124
116.797
117.317
114.98
115.163
115.935
113.235
113.833
113.847
113.718
114.53
114.124
115.19
114.637
114.239
116.021
115.566
115.027
116.235
115.212
115.767
114.945
115.539
113.915
115.168
114.34
115.783
114.079
115.884
113.906
116.55
117.06
117.13
116.282
114.429
114.366
115.727
115.546
116.111
116.077
117.387
115.828
115.386
117.705
114.732
115.978
113.964
112.427
113.867
113.522
113.859
114.32
113.466
113.834
113.964
114.642
113.875
114.258
114.725
116.196
115.273
115.932
115.316
115.267
114.411
115.214
113.24
115.232
113.656
114.059
113.273
115.042
115.379
115.056
115.065
114.083
112.214
112.442
113.582
113.631
113.557
113.309
112.968
114.093
116.525
117.369
116.322
114.475
114.62
115.736
114.545
114.351
116.545
115.143
117.538
116.765
116.176
116.221
114.419
116.977
114.96
113.819
114.222
112.856
113.633
114.483
114.262
114.504
114.174
113.681
113.579
115.004
114.637
113.938
115.377
115.51
115.786
115.427
115.395
116.502
116.19
116.881
116.256
116.057
112.156
113.623
114.663
113.229
114.396
114.633
115.419
116.643
117.823
116.099
115.821
114.905
115.501
115.816
114.14
114.98
115.608
114.213
113.776
114.745
115.772
113.438
114.298
115.256
114.554
113.115
114.993
115.445
114.356
115.567
114.482
115.159
115.777
113.664
114.39
114.666
114.321
114.451
112.249
112.34
112.838
112.838
111.703
112.447
114.938
115.038
115.045
115.033
114.575
114.689
114.893
116.086
114.987
115.751
114.55
116.611
116.211
115.715
113.288
113.567
114.645
114.402
114.649
115.078
114.462
113.873
115.643
113.543
114.882
114.083
115.086
115.236
114.286
114.376
117.323
116.062
116.421
116.243
115.042
116.168
114.819
115.757
116.033
115.615
115.783
114.319
113.167
113.996
114.013
116.183
115.85
116.025
112.831
113.146
113.714
113.353
114.204
113.92
112.217
115.415
114.294
111.876
113.538
113.401
114.254
113.836
114.108
116.206
115.439
115.631
114.61
117.051
115.378
114.687
115.501
115.143
115.965
115.162
113.236
114.001
113.039
113.32
114.45
112.631
111.532
112.048
114.032
111.785
113.028
113.546
113.969
113.923
115.282
114.699
116.243
116.166
114.037
115.546
116.112
115.26
116.02
116.119
114.418
115.511
114.109
114.854
115.499
113.109
114.28
116.324
116.506
116.243
114.297
112.823
114.319
116.707
116.298
115.201
115.386
117.79
116.447
116.266
115.206
117.1
116.082
115.054
113.334
114.453
114.122
114.091
112.794
113.805
115.654
116.463
115.317
115.937
114.651
113.083
110.755
111.606
111.23
112.284
114.151
115.822
115.35
113.994
113.316
113.304
113.515
113.411
114.131
114.479
115.726
114.837
115.103
113.164
116.524
115.098
114.873
116.091
115.074
115.193
114.751
116.133
116.136
116.597
114.334
116.065
116.748
114.917
115.751
115.31
115.111
115.88
115.385
116.98
115.427
115.578
116.197
116.371
115.616
115.27
116.385
114.798
117.175
114.869
113.736
112.639
113.981
113.471
112.575
113.572
113.811
113.666
114.16
114.479
114.174
115.931
116.043
116.932
116.325
116.302
116.444
115.35
116.334
116.631
117.589
116.398
116.833
117.871
117.721
116.506
115.737
115.684
114.676
115.783
116.479
116.802
116.306
116.26
115.448
115.474
115.103
115.279
116.124
114.81
113.577
115.55
114.236
114.819
115.437
117.742
116.874
117.525
117.48
117.151
118.522
118.208
117.065
117.012
115.926
114.758
114.511
116.615
114.896
115.144
115.654
114.83
114.532
113.037
113.886
115.66
115.827
113.56
113.732
117.191
116.172
113.429
113.563
113.986
114.981
112.55
114.785
114.637
115.524
116.809
115.645
115.167
111.777
113.177
114.152
113.352
113.935
114.226
115.658
115.874
114.202
114.987
115.145
115.111
114.393
115.619
114.675
115.684
114.69
113.908
117.238
114.339
113.999
117.495
116.943
116.094
116.736
116.108
115.609
115.197
114.599
112.495
113.031
114.624
114.375
115.779
115.897
114.413
114.449
115.418
115.245
115.843
115.439
113.66
114.331
112.84
115.288
113.583
114.365
115.096
112.493
112.348
114.74
116.804
115.854
115.191
116.126
114.613
115.475
114.101
112.598
113.147
113.767
114.112
114.455
115.948
114.545
114.434
114.226
115.059
113.709
115.95
116.072
118.684
116.956
115.775
116.265
115.509
114.254
114.193
113.926
113.309
115.658
114.639
115.576
114.454
115.843
114.912
116.468
115.778
114.111
115.702
115.373
114.803
115.583
113.955
114.551
113.103
114.937
114.689
115.901
115.541
116.147
116.649
115.897
116.166
117.334
116.429
116.088
116.5
114.41
115.124
114.016
114.431
113.538
113.941
112.617
114.585
113.879
114.694
115.155
114.592
115.811
114.335
114.42
114.348
113.895
114.39
113.799
115.448
114.004
115.047
115.547
114.795
114.647
113.862
113.883
112.974
113.019
115.16
114.223
113.971
113.572
113.619
113.398
113.775
112.529
114.197
114.324
114.905
113.108
112.928
112.967
113.946
114.843
113.571
113.716
114.17
115.919
115.257
115.858
114.852
113.299
116.363
115.749
117.891
117.094
119.438
115.414
116.754
116.335
116.46
115.168
113.992
113.214
114.628
114.079
112.774
113.971
114.018
115.7
115.59
116.737
116.232
117.362
116.636
115.358
117.104
117.52
116.273
116.864
116.439
114.888
115.313
115.746
114.578
117.192
115.141
116.892
114.635
115.927
114.302
116.042
117.111
116.498
116.359
117.229
116.841
117.172
116.194
115.258
114.213
116.147
115.84
114.935
116.042
116.741
115.475
117.57
114.37
115.306
116.157
117.64
115.673
115.558
114.71
113.656
113.638
113.798
113.705
112.295
114.204
112.536
113.792
114.485
115.865
116.108
116.654
114.185
114.751
114.605
114.07
114.307
116.461
115.861
115.837
114.733
113.695
114.606
114.969
114.831
116.148
113.664
114.589
112.569
113.61
114.758
113.869
114.678
115.802
117.179
115
116.789
116.303
115.536
113.881
114.809
112.305
113.129
114.215
114.762
116.011
114.526
113.926
116.498
113.015
111.537
114.868
114.922
116.198
115.289
114.937
115.903
115.87
114.841
115.658
112.825
113.262
113.584
115.142
114.028
115.604
112.763
113.347
114.437
112.596
115.414
115.273
117.966
118.009
118.227
117.596
116.553
116.565
116.394
116.939
117.754
118.145
114.89
114.557
114.355
112.534
113.223
113.698
112.304
112.187
113.519
113.758
113.538
113.438
115.151
115.434
115.846
116.288
116.052
113.505
112.591
112.235
114.532
114.096
111.429
113.618
114.883
116.915
115.365
115.128
116.795
116.727
118.227
117.328
115.43
117.528
115.864
113.659
115.874
114.461
113.789
113.922
112.845
115.403
114.637
115.254
115.468
116.208
116.741
118.137
116.48
115.957
116.182
116.356
116.939
115.679
115.859
116.978
115.682
115.173
116.179
114.581
112.979
114.629
114.479
114.802
115.298
116.025
115.035
115.489
113.911
114.679
113.856
113.692
113.721
115.336
112.427
114.928
113.436
112.805
113.019
115.696
115.72
116.518
114.674
113.924
115.717
116.967
115.033
117.412
116.426
117.342
117.636
115.389
114.163
114.877
116.469
114.49
113.847
115.223
114.974
115.65
113.996
114.542
114.842
115.283
116.078
113.539
114.582
114.615
114.127
115.322
115.305
114.513
114.818
114.888
114.491
115.001
115.599
113.609
116.233
115.176
113.781
114.267
115.294
114.712
113.97
116.026
115.876
114.794
114.917
113.931
114.054
114.867
114.47
116.347
115.563
115.594
114.359
114.134
114.338
115.68
113.987
113.44
114.462
114.087
113.88
113.557
116.658
116.25
117.397
115.752
116.757
115.561
116.135
114.814
116.181
114.746
114.702
112.423
114.861
115.247
114.846
115.523
114.532
114.508
116.115
115.087
115.339
115.151
114.844
115.357
113.945
115.618
116.393
115.372
114.993
115.138
115.692
114.653
115.637
115.24
115.469
115.648
115.3
114.928
115.906
113.616
114.079
116.573
116.024
116.547
116.669
118.352
116.834
118.372
117.87
117.074
116.392
113.927
113.868
114.467
112.471
114.026
113.952
113.069
113.328
115.16
115.903
115.447
115.406
116.538
114.412
114.779
115.45
113.531
114.026
114.002
114.792
114.833
115.339
115.143
116.429
117.355
116.242
117.427
119.439
117.816
116.62
115.642
118.623
118.021
116.922
115.414
116.376
114.523
116.151
114.516
117.157
114.764
115.048
116.963
117.053
116.216
116.895
116.473
116.18
116.401
115.835
117.064
113.6
116.178
114.557
115.646
113.118
112.85
111.396
115.322
114.923
115.895
115.546
116.414
117.791
115.46
116.124
114.554
116.222
114.243
113.558
116.995
116.866
115.21
115.362
117.631
113.907
114.805
114.198
112.969
114.483
113.255
113.643
115.008
115.766
114.715
113.462
113.053
113.113
115.639
115.052
117.431
116.033
115.203
115.267
114.611
114.555
114.486
116.03
116.56
115.372
114.741
117.279
114.751
116.283
113.034
114.363
114.918
112.177
113.094
115.114
113.691
114.78
114.821
115.977
115.596
114.628
115.394
114.009
112.846
112.9
113.057
112.415
113.213
114.507
115.449
114.886
115.093
114.686
115.236
115.628
114.579
113.933
114.843
113.882
114.274
115.065
114.73
114.368
113.974
113.089
114.383
114.422
113.622
113.362
114.329
116.228
116.662
116.84
114.56
114.244
114.331
115.765
115.403
115.324
116.529
115.412
116.024
116.148
116.284
115.441
114.109
114.53
113.843
114.795
115.014
115.491
114.758
115.78
114.548
115.414
116.453
116.462
115.699
114.031
114.72
113.413
114.463
116.061
114.794
115.267
117.053
115.285
115.441
116.599
115.613
114.638
114.939
114.976
114.886
115.06
114.513
114.347
113.939
114.453
116.321
115.727
116.527
116.861
116.781
117.96
117.815
114.767
116.296
115.847
114.69
114.324
113.886
115.694
113.485
114.193
114.684
113.8
114.392
114.169
115.378
114.658
115.143
115.11
117.305
116.052
116.138
115.408
115.677
115.656
116.155
115.193
115.336
115.071
115.796
114.86
115.329
115.817
115.016
115.125
115.628
114.479
115.819
117.011
115.438
115.065
117.427
116.142
116.321
117.32
117.116
116.756
114.496
115.011
114.77
114.082
114.088
114.341
114.173
115.603
116.158
117.657
117.086
115.723
115.281
114.967
114.112
115.637
114.966
114.793
113.244
113.246
115.12
114.789
112.957
114.693
116.134
116.611
113.851
114.644
114.991
115.625
116.475
115.092
114.367
114.882
115.575
116.753
117.764
114.806
116.335
116.49
116.904
115.41
114.253
114.893
115.104
113.902
114.103
113.831
116.194
113.51
114.391
113.325
114.682
114.25
112.519
112.911
110.863
112.867
114.081
113.325
115.259
113.103
114.249
114.977
115.178
117.347
116.41
117.569
115.149
117.434
116.012
114.667
115.228
114.569
115.182
115.375
114.502
114.407
113.637
113.132
113.372
115.972
114.94
115.517
114.035
116.513
117.801
117.321
116.059
114.375
115.954
115.949
115.429
112.681
114.029
114.816
114.272
113.583
115.554
114.7
115.473
113.074
114.789
113.574
113.721
114.137
114.3
115.284
115.489
113.843
111.879
113.609
116.071
113.521
113.04
113.738
113.554
112.347
113.275
114.89
115.505
115.229
115.485
116.543
114
112.962
114.989
116.001
116.457
115.833
113.258
114.994
113.778
114.899
114.575
114.934
113.005
115.128
113.863
112.043
112.341
114.641
116.09
115.478
117.109
115.406
115.577
115.734
114.94
117.119
115.63
115.464
117.245
115.119
115.54
115.64
115.369
116.06
116.97
112.211
112.914
112.527
114.969
112.949
114.123
115.69
114.519
114.212
113.669
115.411
114.68
114.717
113.995
112.596
114.514
115.752
113.534
112.238
113.965
113.441
116.137
114.744
116.406
115.481
113.698
116.17
115.247
113.219
114.115
114.247
114.85
115.793
115.588
114.422
116.545
114.033
115.999
114.767
112.718
112.82
114
113.59
113.764
113.152
114.204
117.418
115.613
116.031
115.389
116.364
116.528
117.126
117.074
115.283
114.998
116.09
115.569
115.225
115.825
116.873
116.619
116.02
114.339
113.978
116.615
114.599
116.671
114.402
113.974
114.836
115.112
115.034
115.272
113.757
113.58
112.46
114.061
114.187
115.843
115.388
118.326
116.303
116.311
115.085
114.385
113.636
114.989
114.09
115.318
114.209
116.596
114.889
116.052
114.504
113.892
115.8
114.169
115.027
114.278
112.76
115.61
114.615
114.015
114.214
111.988
112.555
113.843
112.284
114.729
113.525
114.811
114.996
114.523
114.493
115.67
115.037
116.105
115.935
115.263
115.668
116.415
117.58
116.166
115.657
114.58
112.944
114.791
116.179
117.18
116.59
113.009
114.641
115.642
115.729
113.567
114.57
113.367
114.586
113.156
113.092
114.558
114.97
114.824
114.817
116.902
115.886
116.241
116.222
116.722
114.609
115.149
115.891
116.707
115.736
116.454
114.374
115.264
113.411
116.391
113.44
115.576
114.986
114.535
115.063
113.068
114.064
113.466
114.07
115.74
115.86
115.493
114.76
114.746
113.392
114.269
114.822
115.422
113.255
114.538
113.602
115.513
115.515
116.073
115.542
115.96
114.519
114.204
112.559
114.977
115.843
117.289
114.825
114.281
113.628
114.316
114.706
115.964
116.576
115.827
116.148
116.462
118.776
114.439
114.053
113.709
112.526
113.91
112.65
113.683
111.774
113.116
114.282
114.94
115.196
114.322
115.128
115.077
115.712
115.147
115.295
113.253
112.888
113.864
114.127
115.463
114.158
114.316
114.4
113.434
113.928
115.153
116.085
114.489
115.955
116.016
115.944
116.377
115.299
114.883
116.552
116.532
115.794
113.7
114.835
115.959
114.064
113.225
111.267
113.396
113.475
114.572
114.098
113.212
115.335
115.665
116.381
116.822
115.65
114.736
116.47
117.462
115.264
116.612
117.332
117.35
116.643
116.446
117.834
118.863
115.709
116.983
114.063
115.484
115.447
116.892
116.755
115.105
114.773
115.912
114.552
114.987
115.522
115.28
115.205
112.592
112.931
112.98
113.628
112.802
114.576
113.863
113.385
115.234
113.908
113.486
113.308
113.411
113.091
112.489
112.211
112.094
113.255
114.865
114.234
113.109
111.599
112.536
113.079
112.345
114.983
114.6
113.655
114.711
114.466
114.224
116.225
114.922
112.519
116.846
115.762
118.319
116.299
116.263
116.418
115.153
114.141
113.627
114.204
115.79
115.99
115.552
116.27
114.515
114.876
115.207
114.775
113.864
112.309
113.231
113.427
115.18
113.951
115.472
113.565
114.195
113.452
114.036
116.428
114.326
115.209
113.173
113.04
114.089
114.327
114.192
114.253
114.044
114.384
114.299
114.526
114.978
114.108
114.493
114.306
113.686
114.182
115.499
114.252
115.516
113.717
112.104
111.184
114.292
114.101
115.072
113.414
114.989
114.531
116.574
117.242
115.071
115.924
115.098
114.801
114.396
115.788
116.357
115.781
114.974
113.814
116.499
114.488
113.984
115.006
115.704
115.53
116.417
114.925
115.681
115.423
116.511
115.27
113.397
114.053
114.081
115.341
115.665
115.811
116.08
114.484
115.851
114.631
115.284
116.313
115.773
117.446
115.655
115.124
115.423
114.572
114.19
112.111
113.057
114.884
113.866
116.063
115.638
116.432
116.819
117.976
116.183
114.358
117.058
116.854
115.445
115.235
113.57
114.868
113.88
114.059
114.228
115.187
115.085
114.276
113.749
112.516
116.469
114.964
114.605
114.969
115.745
117.526
116.157
116.741
115.896
115.063
115.375
116.199
117.189
116.295
114.365
114.516
116.168
116.135
114.813
114.216
113.264
112.552
114.393
115.862
112.746
114.824
114.664
112.862
113.002
113.968
114.002
114.476
114.361
113.481
114.139
114.633
114.762
114.339
115.491
115.646
114.743
115.329
113.533
115.422
115.215
112.804
116.138
113.621
114.814
115.055
114.685
116.392
115.992
114.228
115.509
114.381
114.72
115.227
115.584
115.008
115.254
113.587
114.773
114.983
115.233
114.482
116.529
115.775
116.47
114.77
114.607
112.608
113.675
115.096
115.658
115.996
117.993
117.719
117.248
116.527
115.678
113.99
116.313
115.569
115.344
114.99
114.654
115.106
113.875
114.349
116.575
115.44
115.175
114.059
112.369
113.862
114.548
115.608
114.294
115.79
114.89
116.492
115.333
115.207
116.851
114.924
115.465
114.333
115.048
114.339
113.685
113.245
112.963
112.035
114.074
114.814
112.95
114.474
113.527
114.581
113.213
114.762
116.268
113.299
113.043
112.783
112.636
112.062
112.138
114.395
116.261
116.205
116.419
115.623
115.762
113.832
115.204
112.498
112.801
112.333
113.355
113.144
114.917
113.823
114.871
113.539
112.709
113.701
114.347
115.485
116.151
115.091
115.641
113.869
115.505
115.081
114.178
113.947
114.182
114.366
114.203
113.45
115.025
113.645
115.187
115.386
113.655
117.512
115.585
115.603
114.291
115.612
114.464
113.12
112.924
114.568
113.506
111.352
112.77
110.898
114.931
114.853
115.057
114.118
115.512
116.571
116.032
115.11
114.673
113.587
116.766
114.922
114.973
114.132
115.107
115.107
114.968
115.926
116.838
113.917
114.302
114.513
115.733
116.033
115.045
115.004
113.433
112.713
114.154
114.259
114.901
113.579
115.685
117.235
115.405
115.104
114.25
113.867
113.991
113.253
110.922
111.958
113.338
114.975
114.032
115.147
114.442
114.466
114.916
115.013
115.222
115.894
116.794
114.278
113.747
113.719
113.426
112.31
114.331
113.303
112.909
112.874
113.969
114.518
114.634
113.378
110.745
112.091
113.163
114.987
114.828
115.424
115.539
115.852
113.278
114.411
114.9
113.397
114.725
113.169
115.821
114.514
114.404
114.554
115.634
114.657
115.019
114.098
115.895
114.117
115.205
116.467
116.176
115.511
115.787
115.28
116.085
115.882
113.834
113.994
115.639
115.415
114.723
116.23
114.243
113.358
113.544
113.905
116.307
116.194
116.037
115.679
116.55
115.998
114.121
113.894
114.087
114.276
114.807
114.264
114.761
115.766
114.177
115.93
117.4
115.322
116.071
117.598
116.066
117.92
114.937
115.734
115.101
114.84
116.286
116.206
114.985
114.748
117.347
115.464
115.933
116.725
114.834
114.661
115.609
114.693
114.945
114.754
114.682
113.833
114.053
115.804
114.636
116.109
114.087
114.073
115.625
115.14
114.204
114.355
115.309
114.544
117.377
116.344
116.014
114.956
116.207
114.672
115.719
117.349
117.053
117.359
115.885
115.871
114.648
116.02
115.113
115.049
113.946
116.486
114.562
115.956
116.978
116.11
115.772
114.547
115.152
115.592
114.824
115.432
115.929
114.233
113.796
114.052
113.897
115.082
115.206
113.309
114.015
114.893
113.981
115.249
116.358
115.273
115.396
114.168
114.814
113.898
114.322
114.525
115.569
113.508
115.224
113.871
114.522
114.208
117.871
115.306
114.967
114.381
115.357
112.941
114.698
115.414
115.829
113.526
115.063
114.503
115.394
115.002
114.583
115.408
115
115.865
113.554
113.789
113.817
113.412
112.644
114.92
114.851
114.745
113.355
115.751
115.073
116.287
113.303
114.484
114.298
114.726
113.771
114.086
112.989
113.159
113.406
112.85
112.822
113.711
111.906
114.414
114.825
116.658
115.26
116.114
115.703
115.048
115.734
112.965
113.593
113.094
114.043
111.596
112.925
115.024
114.384
115.934
113.138
114.532
113.98
112.971
113.075
113.567
112.985
112.892
112.648
113.827
115.152
116.203
115.302
115.391
115.115
115.906
112.88
113.292
114.382
113.264
113.421
114.642
114.842
113.662
112.729
113.738
114.546
113.007
112.715
113.281
114.901
114.883
113.156
113.571
114.542
113.916
115.222
114.2
114.138
113.967
114.605
115.247
114.697
113.26
115.658
114.271
115.202
115.697
114.748
115.869
116.463
116.992
116.698
116.769
118.446
115.005
116.005
114.527
114.856
113.037
114.323
114.689
116.844
116.615
115.827
114.291
115.805
116.403
113.536
115.261
115.207
115.917
117.553
115.637
116.136
115.675
117.209
117.539
116.963
117.48
115.707
116.589
114.85
117.372
115.868
115.135
116.555
114.692
113.127
115.523
113.398
113.168
114.759
115.159
115.246
115.88
115.286
114.478
114.726
114.542
114.511
114.777
113.429
114.767
114.215
116.02
115.276
114.688
115.039
113.622
114.409
114.178
113.414
113.447
113.762
111.276
112.172
111.622
110.849
113.212
113.368
112.928
113.187
112.788
112.791
115.943
116.196
115.277
116.548
115.772
114.904
114.32
114.436
115.335
115.613
113.709
116.431
117.186
117.295
117.403
117.504
117.724
115.833
114.452
115.754
116.179
113.427
113.104
114.117
113.242
115.839
116.191
115.985
114.013
114.148
113.19
114.868
114.366
113.908
114.525
112.877
113.146
114.043
112.63
113.557
114.858
115.581
117.217
116.667
116.084
117.705
115.172
116.784
115.742
115.426
116.485
115.425
117.183
115.994
113.845
116.171
116.692
114.917
115.191
116.761
115.534
114.261
114.416
115.283
113.455
112.948
112.86
114.696
113.617
114.716
114.368
116.029
114.893
114.223
114.929
115.037
114.184
115.593
115.62
114.434
113.703
115.243
112.758
113.927
114.284
115.005
115.109
114.44
114.103
115.585
115.114
114.008
114.095
115.283
115.148
114.901
115.056
115.321
115.148
114.4
112.997
113.349
114.598
115.88
115.474
114.053
113.971
112.971
112.741
114.984
113.365
114.223
114.272
114.969
115.156
114.497
116.72
114.459
115.444
115.32
116.405
116.433
115.49
116.061
114.726
114.486
117.223
116.596
116.79
113.856
115.376
114.595
116.161
116.075
115.876
114.633
115.04
113.715
113.335
115.335
115.072
115.945
114.19
113.86
114.552
112.102
113.54
112.278
112.783
113.133
112.008
113.39
114.476
114.471
113.858
111.284
111.282
113.452
112.498
112.042
111.506
113.378
114.12
116.062
114.8
117.171
116.259
116.692
116.96
116.3
115.024
115.877
116.335
114.89
116.512
118.111
119.632
116.092
115.385
113.646
113.921
114.225
112.905
112.762
113.568
114.82
114.935
114.346
111.818
113.84
113.978
114.735
115.802
113.341
114.117
114.282
113.494
114.014
112.975
112.684
112.854
111.891
113.38
113.717
114.464
115.706
114.135
116.619
114.446
115.123
116.779
114.516
115.089
115.987
116.109
113.925
115.648
115.824
113.526
114.687
115.584
113.93
110.8
113.657
111.563
112.894
113.05
115.016
113.656
112.894
112.26
113.837
114.318
114.333
113.383
113.766
114.383
114.648
113.107
113.941
114.308
115.66
114.967
113.883
113.214
113.086
115.851
115.022
115.355
115.392
116.011
114.543
115.65
115.807
115.953
116.046
115.195
114.667
114.085
115.147
111.616
113.138
112.533
113.748
113.185
115.498
113.829
115.166
116.638
116.217
115.537
115.354
116.248
113.649
112.743
111.574
112.064
113.305
113.469
114.606
115.317
112.123
112.525
114.192
114.993
114.199
115.971
115.613
115.266
112.58
113.624
114.705
113.592
113.293
112.828
112.832
114.72
115.763
114.769
113.976
113.916
113.555
114.624
115.111
113.67
113.598
113.533
112.755
115.46
115.205
113.738
114.481
113.364
115.3
116.371
116.854
114.529
112.323
113.949
114.737
115.409
115.887
116.05
115.486
114.341
114.341
114.93
114.945
116.925
116.265
117.161
114.475
115.959
116.265
117.318
115.801
115.836
113.81
114.107
114.257
115.058
113.93
116.659
115.859
118.075
117.622
118.667
118.28
118.007
115.429
114.872
115.392
115.524
117.133
116.884
115.031
115.035
115.542
115.412
114.725
115.012
115.158
113.944
113.76
114.458
114.481
114.901
117.128
117.509
115.717
118.003
114.648
115.208
115.865
117.043
116.596
116.661
117.203
115.188
115.341
115.309
113.392
112.299
111.183
111.566
111.613
111.258
111.065
112.115
115.145
115.667
114.483
115.971
114.112
115.428
113.899
113.62
114.318
113.666
115.785
116.687
118.774
115.955
114.364
116.177
113.715
113.643
115.068
114.773
114.915
115.511
117.113
116.605
116.628
112.869
115.344
113.999
116.252
116.981
115.889
114.826
113.469
112.246
111.335
112.854
115.163
113.616
114.635
114.483
115.622
115.345
114.81
113.639
114.346
114.461
114.153
116.72
114.306
117.024
115.821
113.676
113.207
114.553
114.222
116.27
115.493
116.228
115.221
115.134
115.57
115.047
114.813
112.817
112.991
113.285
112.583
113.376
114.263
112.99
113.607
113.341
114.776
116.492
114.728
113.86
115.407
114.181
116.62
117.849
114.625
117.389
117.289
115.13
116.479
115.644
116.646
115.656
114.635
113.7
115.098
112.967
113.805
113.338
114.068
115.6
115.103
115.469
114.855
112.685
116.227
113.603
115.858
115.349
116.842
118.497
115.826
114.222
115.369
114.932
114.881
113.867
116.149
115.966
115.282
115.237
116.91
115.923
116.042
114.666
115.825
116.749
115.285
116.884
117.353
116.553
117.287
115.405
117.11
115.387
115.601
115.178
115.398
114.336
114.5
115.115
116.365
114.224
118.501
115.96
114.178
114.601
115.015
114.812
116.021
115.95
115.151
114.242
117.707
114.718
115.771
115.572
115.163
113.664
112.64
113.306
112.801
113.968
113.136
112.198
114.017
114.955
114.605
114.97
114.065
116.448
115.488
113.772
115.378
113.925
116.37
113.624
113.854
114.702
114.754
115.356
114.602
112.781
112.066
113.723
114.158
113.163
114.937
115.207
115.739
116.196
114.936
117.156
116.239
117.002
114.587
114.694
114.777
113.541
111.255
112.272
113.766
113.807
116.262
116.463
115.133
114.557
113.708
115.312
115.891
115.834
114.662
114.588
115.62
115.513
113.701
115.126
115.766
113.61
116.303
114.288
114.913
115.578
113.497
112.896
113.337
112.37
114.404
112.134
112.731
114.752
114.372
114.634
115.391
114.786
115.348
115.502
115.148
113.563
114.197
116.732
115.014
116.314
113.945
114.927
115.561
114.765
112.065
112.275
113.218
112.937
115.785
113.847
114.451
116.411
116.514
116.456
115.844
116.933
116.094
118.938
116.08
114.963
116.62
115.87
114.238
114.456
112.873
114.094
114.729
116.271
116.372
114.653
114.599
113.629
114.873
114.837
115.701
112.751
116.151
115.466
116.271
115.287
113.708
114.725
112.83
115.086
115.732
115.868
114.702
113.333
113.266
114.212
117.524
113.08
113.445
114.132
112.733
113.868
115.652
115.053
115.113
114.258
114.502
114.544
114.278
113.306
114.367
113.965
115.454
114.381
115.138
114.381
113.339
114.698
113.715
112.751
111.484
113.46
115.026
115.146
116.556
115.078
114.604
113.678
113.458
113.861
114.052
113.275
112.482
113.598
112.438
111.337
111.518
111.879
113.105
113.852
111.423
112.471
113.43
116.524
114.96
115.711
114.263
114.645
113.277
115.357
115.559
114.503
115.525
116.059
115.449
115.858
115.776
115.112
115.492
114.439
114.112
113.89
112.807
114.135
114.603
113.513
114.928
113.01
113.652
114.72
114.816
115.794
118.318
117.407
117.996
117.152
116.304
116.25
113.981
114.951
114.128
114.113
115.694
115.755
116.555
115.01
115.699
115.291
112.994
114.165
112.338
113.049
113.976
113.093
113.654
113.667
113.883
112.851
113.6
113.545
113.714
115.24
114.633
115.25
114.901
113.415
113.879
114.612
115.173
115.199
116.179
113.373
115.464
114.814
114.784
116.154
116.164
117.614
115.552
114.323
114.874
115.764
115.233
115.929
116.21
113.694
116.81
115.621
116.549
114.777
115.044
115.261
115.615
116.596
115.56
113.474
111.528
114.758
111.59
113.426
112.518
111.595
113.415
111.997
113.145
112.748
113.595
115.287
113.386
114.526
113.888
114.317
116.195
116.092
115.377
114.687
116.119
114.789
115.146
114.918
114.301
115.55
114.114
114.783
117.252
118.697
117.289
115.95
115.693
118.028
115.664
116.946
115.722
115.554
114.616
114.855
115.037
114.761
115.067
115.983
115.014
113.65
115.151
115.525
114.526
115.714
116.347
114.777
115.433
117.033
116.305
114.646
117.013
116.241
114.592
115.202
114.821
112.741
112.146
112.617
114.36
115.985
115.179
113.177
113.677
117.201
116.233
113.601
114.087
114.627
115.745
115.416
115.271
115.852
115.434
116.744
116.859
116.45
116.012
118.191
117.236
115.039
115.921
117.722
114.869
114.477
114.497
113.087
112.65
116.167
115.091
114.918
113.963
114.802
116.311
117.584
118.13
116.42
117.686
116.425
115.119
116.25
117.53
114.449
117.144
115.607
117.526
117.686
115.625
115.646
115.429
116.216
115.231
115.601
114.947
114.661
115.714
114.895
115.843
116.415
117.161
116.08
116.327
114.325
115.451
117.983
113.745
115.144
113.163
115.737
116.46
114.079
113.477
114.722
114.85
115.623
116.433
114.55
113.435
112.565
113.745
113.108
113.598
114.877
114.702
114.342
115.567
114.221
114.865
115.571
115.997
116.363
115.652
115.217
114.914
115.221
115.476
114.38
114.256
115.875
115.166
115.216
113.332
113.935
115.085
115.489
114.352
114.793
115.613
114.874
116.163
115.635
116.037
115.126
113.972
112.507
115.051
114.066
114.258
114.858
115.272
115.081
113.097
114.008
115.492
116.771
115.653
114.573
112.855
114.924
112.206
114.513
113.836
113.514
113.203
114.059
113.085
114.024
113.412
112.901
113.721
116.012
114.732
117.58
115.832
116.804
115.527
116.225
116.794
116.669
115.919
116.509
113.989
113.427
113.32
114.414
115.128
114.703
113.029
113.121
113.83
115.047
114.148
113.355
114.78
114.981
113.138
114.058
113.598
113.656
113.714
115.01
113.187
116.366
113.523
113.445
114.789
113.213
114.3
116.263
116.956
114.051
115.522
113.675
115.682
114.332
115.303
113.205
113.034
113.713
114.67
114.002
114.727
113.581
115.735
115.267
114.432
112.207
114.78
114.218
116.012
114.929
116.181
115.839
114.957
113.845
117.267
116.365
117.964
116.292
115.272
114.288
113.4
114.065
113.24
114.627
114.254
114.991
115.581
115.839
115.535
115.645
114.444
116.073
113.921
112.904
113.264
114.685
113.956
113.461
114.091
113.801
114.64
116.573
117.071
116.724
116.607
117.397
113.61
114.157
115.178
114.424
114.623
115.532
115.191
114.285
115.839
116.336
117.209
117.298
114.755
115.542
115.449
111.188
111.839
114.263
112.802
115.228
114.516
116.847
113.811
116.075
116.238
114.807
113.789
113.654
114.324
113.821
114.291
113.166
116.776
118.012
118.142
116.386
116.48
117.691
115.75
115.591
113.311
111.329
114.325
113.165
112.547
112.626
113.489
112.654
113.922
112.444
111.98
114.348
114.032
113.886
115.124
112.642
114.884
115.217
116.389
112.511
113.713
113.391
113.734
114.671
115.511
113.779
115.761
114.231
115.213
115.471
115.884
115.849
115.587
115.9
115.183
113.343
112.899
115.513
115.218
117.142
115.586
113.782
115.497
116.37
114.04
117.142
117.269
115.382
115.29
114.501
113.97
114.535
115.064
115.394
116.359
114.987
115.915
117.087
115.384
114.812
114.545
114.933
115.73
116.94
114.138
113.664
115.377
116.154
117.362
113.707
113.879
113.743
113.337
113.84
114.471
115.567
114.947
116.158
114.93
112.96
114.701
115.754
115.109
113.254
115.105
115.008
115.15
116.382
114.534
115.792
115.949
116.368
116.434
115.374
113.225
112.437
112.061
113.794
114.48
114.741
114.248
114.058
114.269
114.995
116.033
117.089
117.026
115.09
116.741
117.089
117.171
116.016
115.978
115.621
114.925
115.1
114.958
114.276
117.145
113.645
112.12
114.308
115.233
115.024
114.538
114.375
114.431
114.935
114.182
114.019
113.597
113.454
112.57
114.824
115.402
116.053
114.866
115.23
117.388
114.471
113.364
114.69
115.56
115.993
112.958
114.908
113.525
112.969
112.403
114.082
112.916
113.624
114.535
114.827
115.13
115.406
113.017
113.325
113.284
113.128
112.691
114.06
112.768
113.808
113.856
113.41
114.864
114.385
114.583
114.316
115.595
117.159
117.02
116.973
117.45
113.641
114.688
114.447
113.804
114.3
115.426
115.783
115.398
115.056
114.061
115.117
116.864
117.383
115.891
114.889
114.344
113.964
112.819
114.752
115.385
115.719
114.551
115.116
114.771
113.11
115.233
113.823
115.287
113.647
114.291
114.538
112.859
112.965
115.128
115.643
116.066
114.139
115.492
115.287
113.697
115.036
114.222
116.067
116.78
116.028
113.988
115.171
117.036
114.618
115.069
116.419
115.417
113.956
114.738
114.33
114.271
113.682
115.49
114.741
113.929
115.215
115.224
113.63
113.504
114.184
114.084
114.816
113.56
115.717
114.426
112.657
114.283
114.642
114.678
111.966
115.366
114.709
114.227
114.159
113.404
111.933
114.303
113.809
115.67
115.513
114.898
115.627
115.515
115.443
114.894
114.352
113.172
111.99
114.464
113.249
114.687
114.616
115.223
113.994
113.613
113.118
113.38
114.938
113.997
114.245
113.421
114.458
115.34
113.896
114.625
112.428
114.326
114.669
116.598
113.597
115.402
114.413
113.128
113.91
112.879
114.469
113.968
112.797
111.569
111.81
114.736
115.717
114.823
114.613
114.34
115.639
116.122
114.291
114.687
115.736
114.397
114.742
113.554
113.028
114.441
113.963
111.489
114.496
113.088
112.735
113.71
112.851
112.962
113.946
113.906
113.951
112.154
113.917
113.41
115.425
112.72
112.471
113.074
115.554
114.858
115.075
114.196
113.071
111.579
109.636
111.656
111.981
112.847
112.797
113.919
114.806
113.608
115.301
115.08
113.344
115.051
113.415
115.087
116.239
113.213
115.459
113.273
114.534
113.851
115.625
114.703
116.67
115.435
116.76
118.626
117.317
115.938
115.342
117.05
115.172
115.33
115.987
116.018
116.102
116.984
115.549
113.942
115.782
115.137
115.882
114.37
114.416
114.926
113.162
114.998
113.18
113.198
111.44
114.261
113.897
114.906
114.836
114.381
110.789
112.916
112.544
110.982
112.222
112.502
114.314
114.205
115.051
115.104
115.001
113.686
113.597
113.297
111.891
111.61
115.204
115.317
115.5
115.396
115.854
115.955
114.114
114.905
115.835
113.743
115.466
115.291
115.492
117.014
114.331
114.516
114.165
115.353
115.792
116.264
114.346
115.845
116.593
115.893
115.425
115.175
113.78
114.652
116.22
115.141
115.241
115.337
114.189
113.614
112.334
114.383
115.248
113.392
113.13
112.288
112.957
112.097
112.654
113.743
113.877
114.398
113.431
114.002
115.085
114.069
116.141
115.855
114.784
116.226
116.917
114.375
114.058
116.164
113.285
115.171
115.822
114.243
113.583
115.105
115.286
114.337
115.191
115.521
114.703
115.078
113.835
113.886
113.523
114.43
115.097
114.586
114.825
112.876
112.651
113.912
114.707
114.758
115.199
115.439
115.213
115.219
114.219
113.519
113.236
113.928
113.351
113.115
113.321
112.336
113.454
112.482
112.912
116.079
116.562
113.849
114.387
114.815
114.415
113.412
113.001
115.416
116.394
116.08
115.159
113.535
111.845
114.865
114.384
114.698
114.087
114.889
114.719
113.006
113.788
113.738
112.855
115.526
116.594
113.624
115.551
113.222
114.224
113.446
113.66
113.737
113.883
114.275
113.948
113.746
113.437
115.553
114.292
113.571
111.733
112.452
112.148
115.839
115.804
116.845
115.009
114.05
112.565
112.758
114.951
114.209
111.813
112.782
111.14
111.819
112.53
113.051
113.804
112.332
113.457
114.357
114.667
113.086
115.818
117.139
116.469
117.084
116.589
117.3
117.289
115.709
116.627
116.885
116.433
115.865
115.533
116.049
116.321
115.204
115.133
113.79
112.559
114.271
113.236
113.639
113.682
114.979
115.086
116.109
115.364
115.965
114.646
113.51
113.94
114.387
115.219
115.448
115.616
113.5
114.771
114.576
113.652
114.219
113.264
113.195
113.571
113.036
114.454
114.246
112.351
113.747
114.519
112.852
113.163
112.648
115.65
114.661
114.672
114.005
113.457
114.393
114.529
115.28
114.79
113.475
115.171
114.546
113.26
114.012
114.312
113.512
113.575
114.104
114.229
113.683
112.918
115.403
114.043
112.909
112.707
113.879
114.056
114.583
116.426
117.227
115.226
115.517
117.552
114.561
116.003
116.462
114.985
113.288
112.216
113.247
112.958
112.886
113.374
113.301
112.93
112.796
112.734
111.943
113.635
115.304
112.429
114.632
114.914
114.724
113.419
115.38
114.339
115.049
113.625
113.777
113.246
112.827
112.697
112.466
113.092
111.045
112.948
113.125
112.741
113.973
112.978
112.782
113.042
113.527
113.92
113.013
113.241
113.107
113.668
114.583
112.231
114.298
113.374
115.212
115.28
114.547
114.011
113.092
112.202
113.642
112.619
113.657
111.663
112.355
113.776
113.423
114.606
113.58
114.05
113.978
115.006
113.942
114.013
114.769
114.335
114.535
115.705
115.743
115.496
113.807
114.063
110.393
111.519
111.026
112.332
115.12
114.931
113.488
113.011
114.649
114.49
113.68
113.838
114.26
115.451
113.145
113.784
114.295
113.68
111.971
113.695
113.522
114.293
113.983
114.066
114.28
115.098
117.337
115.837
116.099
115.316
115.613
115.323
114.748
114.391
115.395
115.023
116.041
112.849
115.176
113.712
112.995
115.174
114.688
114.871
114.576
116.782
114.142
115.071
115.317
113.296
115.212
114.07
114.179
114.751
114.139
113.045
111.158
111.893
112.735
112.17
115.422
113.424
113.8
114.066
115.116
115.108
119.879
114.83
114.781
114.969
114.801
114.969
114.773
115.449
115.749
114.181
114.996
115.304
113.869
116.295
116.585
115.772
113.479
115.624
113.423
114.41
114.871
114.007
115.396
113.575
113.943
112.658
113.719
115.118
115.302
114.263
114.94
114.512
113.67
113.194
113.966
112.466
114.157
114.911
116.708
115.517
113.943
113.461
112.549
112.089
112.986
112.105
111.976
113.923
114.967
114.82
113.909
114.328
113.545
114.133
115.354
114.565
113.236
115.101
114.95
115.152
114.963
113.532
113.67
112.814
114.234
115.153
114.688
116.033
116.912
116.716
116.045
115.293
116.826
116.711
116.817
116.019
114.202
113.096
113.06
114.799
115.486
114.373
116.67
115.422
113.743
114.587
112.811
114.901
113.54
114.942
116.265
116.579
115.708
116.332
116.557
114.081
112.535
114.531
114.295
113.438
112.921
112.29
114.499
114.113
114.487
112.943
113.194
115.22
115.179
114.55
113.238
112.052
113.784
116.338
115.119
115.72
113.447
113.569
114.715
113.736
115.124
112.482
115.296
115.62
114.326
112.724
112.312
113.506
113.616
111.56
114.324
112.653
115.522
114.539
114.73
115.407
114.763
117.216
115.249
114.114
114.542
115.638
114.983
113.879
114.89
114.577
115.943
115.842
115.898
113.491
113.901
115.115
115.539
114.886
114.184
113.548
113.502
114.815
114.559
114.904
113.757
115.08
114.66
114.072
116.09
114.852
116.28
114.078
113.14
112.138
115.527
115.255
113.657
114.569
114.175
115.844
114.877
114.816
114.565
113.194
112.795
114.148
112.667
111.857
110.717
113.377
113.672
115.656
114.96
113.718
115.775
112.718
114.178
115.951
114.794
114.663
115.668
117.088
115.09
115.05
113.618
113.481
113.892
114.031
112.318
113.409
112.883
113.62
114.201
113.368
114.048
114.946
112.723
113.461
113.873
114.055
114.399
112.673
113.392
114.839
114.967
115.601
112.97
112.931
113.303
113.888
112.353
114.346
112.532
114.122
114.407
114.793
114.196
114.502
114.867
114.539
113.716
115.411
115.223
116.546
117.564
115.926
115.688
115.59
114.249
114.058
115.402
116.531
115.433
114.709
112.395
115.294
111.48
113.459
113.1
111.452
112.458
113.427
113.124
114.078
114.348
112.368
114.415
115.919
116.187
116.192
113.933
114.722
112.095
113.431
114.899
115.944
115.074
116.565
115.804
115.532
115.094
114.716
113.209
114.252
113.458
113.797
113.99
115.164
115.564
112.625
113.789
114.362
115.011
114.084
114.097
114.027
114.601
114.75
115.035
116.009
115.694
116.795
115.549
114.356
116.018
115.407
114.124
116.751
117.427
116.33
114.424
114.973
114.747
113.985
114.054
115.142
115.363
115.065
113.162
114.25
116.836
116.579
114.898
113.328
113.82
112.964
113.495
112.848
113.71
113.772
114.081
113.97
114.944
113.192
112.57
111.512
113.115
114.273
114.449
114.727
115.211
116.04
112.977
112.726
114.859
113.763
114.117
114.171
116.459
113.228
112.45
113.425
113.366
112.397
112.08
115.533
115.581
116.588
114.784
113.944
114.018
112.33
114.26
114.493
113.823
115.225
114.022
115.708
115.205
114.659
113.957
115.008
112.433
112.99
112.469
113.295
114.141
112.846
114.618
112.405
113.091
112.85
114.265
115.915
114.776
115.217
115.625
114.145
116.851
117.064
117.241
117.057
115.044
116.025
114.764
115.341
116.217
116.171
116.619
116.501
115.079
113.188
114.223
114.555
114.333
114.882
112.412
113.909
112.982
113.963
114.07
113.456
114.192
114.848
114.467
116.085
116.072
113.668
114.307
114.918
113.849
116.855
114.779
114.689
115.046
112.518
111.915
112.896
112.36
111.828
113.382
112.997
112.724
115.119
115.973
114.495
114.551
113.69
114.191
114.842
115.421
115.723
116.113
115.382
114.937
113.258
113.249
112.578
111.471
113.922
113.775
113.221
114.937
115.422
114.035
117.243
116.606
115.068
114.86
114.665
114.847
114.505
112.489
114.612
114.258
113.21
115.66
114.891
114.421
114.121
115.517
114.843
116.587
114.504
115.464
112.899
114.728
113.494
115.396
115.826
117.232
116.48
116.286
114.615
115.91
117.683
114.546
116.756
116.097
114.897
114.752
115.711
116.569
117.165
114.69
114.351
112.889
112.04
111.146
113.14
112.301
112.961
113.616
112.749
114.304
112.352
113.363
114.538
115.288
113.768
112.92
112.592
113.222
113.163
114.457
115.703
115.697
114.981
116.01
115.647
114.815
115.226
114.369
114.727
114.48
115.149
114.686
114.182
114.2
113.127
115.005
115.013
115.851
114.806
115.998
114.498
115.754
115.597
114.766
115.175
114.719
116.836
114.187
115.304
113.809
115.074
113.197
112.825
113.831
113.422
113.211
114.099
115.208
114.858
113.847
114.57
115.702
114.65
111.953
113.694
113.623
114.505
113.882
115.17
114.299
114.851
115.114
114.634
114.989
114.138
112.521
114.245
116.633
114.165
113.86
113.678
113.058
115.535
115.646
116.78
115.129
113.597
113.002
113.932
114.735
115.918
116.276
113.994
114.255
113.582
112.993
113.606
113.19
113.592
113.328
114.811
114.738
114.279
113.589
114.251
114.652
113.509
114.556
114.313
113.193
115.22
113.977
113.962
114.581
115.172
116.099
114.577
113.169
114.695
113.715
113.561
113.102
112.264
112.846
113.953
111.353
113.85
114.829
115.1
114.435
114.753
113.236
114.682
115.707
116.482
114.48
115.024
114.871
114.043
115.124
113.817
115.586
114.824
113.36
114.297
114.201
113.714
115.462
114.649
113.799
111.023
113.753
113.392
115.723
113.749
114.065
112.798
116.784
114.353
114.825
114.94
114.021
114.097
114.392
115.897
114.721
113.386
115.625
115.504
115.6
114.69
116.069
114.714
114.263
118.027
115.377
115.519
115.845
114.177
116.668
114.432
112.911
114.494
113.517
116.668
116.466
116.046
114.268
113.292
113.887
113.586
112.003
113.327
113.373
113.975
114.773
115.911
114.705
114.245
114.517
114.389
115.518
117.033
114.604
115.808
114.939
116.208
117.319
117.266
117.146
113.923
116.22
115.999
113.492
114.187
111.81
112.967
112.181
112.149
111.98
114.406
113.561
114.684
114.617
113.14
114.172
113.02
112.835
114.594
114.362
114.446
113.019
114.549
112.15
113.225
112.544
113.255
113.501
114.14
115.282
115.149
113.937
114.89
116.305
116.159
115.775
114.904
113.78
114.426
115.212
115.552
115.337
116.083
116.234
115.446
116.041
115.474
115.917
116.021
114.092
114.918
116.836
115.284
115.799
116.707
116.771
114.575
114.402
116.347
116.817
117.411
116.556
115.095
114.579
115.047
114.852
112.616
115.324
113.038
113.086
113.189
112.834
113.06
114.384
116.64
113.602
114.142
113.456
113.747
115.171
113.62
114.444
114.995
113.119
117.244
114.673
115.159
114.462
113.954
112.895
113.409
112.935
113.685
112.758
114.098
114.168
113.364
110.694
113.048
113.78
114.79
114.65
116.384
116.431
115.703
115.192
113.612
114.774
114.166
114.706
113.002
113.209
114.042
115.966
114.629
113.967
114.384
115.747
113.198
117.078
116.402
113.227
114.17
114.068
114.865
114.042
113.849
114.058
114.122
113.234
112.819
115.152
114.227
113.945
115.97
113.25
114.639
115.568
114.221
114.618
111.793
112.888
112.913
113.288
114.509
116.187
115.652
116.619
114.886
117.337
117.574
114.846
114.782
114.865
114.102
114.092
115.814
115.95
115.822
115.043
114.591
115.529
114.905
116.258
115.13
114.159
117.486
114.9
116.722
116.919
116.745
115.737
115.641
115.751
115.206
114.029
116.161
116.511
116.17
117.214
114.553
113.684
113.754
113.766
113.889
114.449
113.682
113.731
114.726
115.147
114.891
114.896
115.886
114.396
116.642
116.356
113.081
112.933
113.717
113.767
113.403
114.636
112.762
115.474
114.456
113.923
115.347
114.375
115.573
114.438
114.083
114.281
112.968
113.776
114.818
113.846
114.567
114.064
115.57
115.288
115.725
116.14
116.347
113.95
114.018
113.591
115.446
115.348
115.554
114.575
114.516
114.346
112.893
113.112
115.097
114.052
113.632
115.244
116.867
115.387
116.006
113.882
112.951
111.854
113.062
113.308
113.547
112.767
112.925
114.373
115.917
114.564
114.198
113.311
113.447
114.422
113.869
114.331
112.693
111.543
113.023
113.614
111.867
112.247
112.603
112.13
111.851
115.033
115.758
115.32
115.365
115.981
115.185
112.192
112.422
114.696
113.194
113.8
113.232
113.533
114.549
114.055
114.668
115.339
116.171
115.233
115.968
115.131
115.199
114.395
114.258
113.919
114.302
113.79
113.513
114.04
112.371
112.774
112.918
113.077
113.089
111.786
112.09
112.293
113.533
112.852
112.628
114.684
112.995
112.416
112.719
110.226
113.873
115.536
113.706
114.436
115.696
114.114
114.46
113.368
113.394
114.465
113.489
114.442
115.792
114.617
114.217
113.612
115.695
115.111
115.449
117.829
117.016
114.706
115.544
115.205
115.665
114.056
114.273
114.599
116.267
114.769
116.303
115.689
113.304
113.912
115.443
116.141
116.481
114.514
115.282
115.175
113.493
114.334
113.093
112.823
113.445
113.339
115.227
115.677
115.069
114.156
113.573
112.503
113.643
113.984
115.243
115.154
115.595
114.56
116.039
116.448
116.076
114.574
113.128
114.054
114.242
111.835
113.269
112.282
114.577
114.812
114.091
114.852
114.948
114.794
117.141
116.479
117.55
118.359
118.662
116.877
118.037
116.552
116.022
115.972
116.98
115.907
114.974
115.299
115.336
113.893
117.014
114.933
115.372
114.819
116.24
115.933
113.778
113.187
112.865
112.267
113.464
113.871
113.644
113.804
115.052
114.2
115.41
116.448
115.676
114.556
116.098
115.198
117.965
114.966
115.644
114.872
114.793
115.415
113.561
115.021
115.108
115.113
116.65
116.416
115.545
115.935
115.53
115.222
113.768
112.828
116.057
113.697
114.868
113.664
114.52
115.341
113.898
113.441
113.706
115.819
115.021
114.821
115.16
115.263
115.016
113.19
115.515
116.83
115.54
116.413
116.193
113.932
114.656
113.753
115.089
115.93
116.113
116.369
113.906
114.036
114.382
113.57
116.165
115.296
113.851
112.895
115.847
114.745
113.491
113.779
116.728
114.578
114.202
113.203
113.582
113.41
115.563
115.134
116.091
115.679
114.207
116.097
113.668
115.402
112.468
114.008
113.089
115.085
114.671
114.33
115.925
115.325
116.299
113.673
114.269
113.549
112.188
114.3
113.767
113.764
112.474
114.932
116.719
115.99
116.831
117.988
117.053
117.999
116.286
114.135
113.736
115.651
113.893
113.602
113.151
114.673
113.808
115.162
114.16
114.01
114.029
114.623
112.854
114.691
114.152
115.29
115.676
116.643
116.537
116.619
117.264
115.48
115.251
115.254
113.042
111.842
113.069
111.622
112.629
112.927
113.019
114.635
114.306
114.334
114.336
115.007
114.465
115.494
113.336
114.437
114.671
114.626
114.544
115.262
115.055
115.843
114.284
116.022
115.442
115.179
115.497
117.06
115.421
115.571
114.619
114.448
116.372
114.95
114.596
114.193
115.829
115.479
116.514
115.709
116.064
115.126
115.749
114.493
112.052
112.905
113.563
113.577
114.777
113.302
114.583
114.327
114.863
112.334
114.533
114.485
114.18
114.908
116.029
115.624
115.24
115.204
113.249
113.159
115.978
116.388
116.852
116.596
115.593
115.179
114.83
114.128
113.533
113.18
113.129
113.501
112.388
114.745
114.068
113.631
113.916
114.875
112.486
115.487
114.935
112.652
114.584
116.178
117.048
116.248
114.129
115.275
115.465
114.444
113.253
111.968
111.408
112.908
115.655
116.263
116.513
115.862
115.437
115.471
116.252
116.146
117.021
116.129
118.943
116.029
116.608
116.575
116.552
116.241
115.629
116.577
114.791
114.275
115.374
113.557
113.761
116.097
116.514
115.186
114.43
115.147
114.507
113.341
115.626
115.668
113.59
113.968
112.555
114.709
114.286
115.594
115.763
116.611
117.42
116.939
114.951
116.593
117.676
118.17
116.884
114.487
114.245
113.547
116.555
115.907
116.918
116.187
116.44
115.62
115.589
116.13
114.128
115.691
113.687
113.486
116.424
117.399
117.051
115.371
117.274
116.363
117.086
115.586
116.935
116.184
116.406
117.711
115.816
114.258
116.242
114.442
113.5
114.14
115.245
114.615
114.657
113.681
113.925
115.521
115.553
115.654
115.869
116.384
116.084
113.829
116.403
115.658
115.37
114.136
114.676
114.378
115.379
115.377
114.313
115.295
115.534
115.827
115.208
115.078
117.081
114.052
115.072
115.917
115.275
115.024
114.357
113.861
115.064
116.879
113.599
115.494
115.391
114.703
115.055
113.264
114.31
115.389
114.165
116.415
114.168
116.031
115.278
113.39
115.747
115.57
116.1
115.893
114.788
114.158
113.186
114.152
115.113
115.169
116.262
113.973
115.58
115.003
115.361
113.061
113.413
114.88
114.483
116.225
114.741
114.081
113.565
114.495
114.098
112.793
115.096
114.627
116.133
115.941
114.869
113.583
114.775
114.673
114.315
115.356
112.366
115.252
116.855
115.286
116.124
115.669
116.169
117.4
116.411
114.806
114.469
114.973
117.373
116.969
115.085
116.273
115.587
113.826
113.283
112.659
113.902
112.88
115.377
113.779
115.397
115.561
116.441
115.303
115.109
114.992
115.292
114.44
112.931
114.249
113.962
116.309
115.916
117.11
114.438
113.894
113.911
114.35
115.204
116.527
111.69
113.481
116.692
115.041
112.237
115.302
115.238
116.243
116.605
115.126
115.351
115.513
115.694
111.498
112.081
113.558
113.806
116.419
115.177
115.961
116.69
116.303
115.703
116.425
116.802
114.848
115.582
116.865
114.22
115.915
114.251
114.623
113.861
112.243
114.591
113.524
115.172
116.656
116.259
115.794
116.152
115.519
114.064
113.421
114.355
114.039
114.651
114.501
114.375
115.435
115.902
115.158
114.772
115.609
114.669
115.547
115.356
115.716
114.422
113.049
114.742
117.178
115.366
115.203
113.639
116.373
116.273
116.742
117.994
119.133
116.379
115.478
115.334
115.128
115.975
115.868
116.336
115.94
116.415
114.725
115.52
116.322
116.181
114.717
116.713
115.786
114.108
115.228
113.905
116.876
116.176
114.415
114.857
114.421
114.558
113.546
113.458
113.095
114.235
113.559
111.655
113.838
113.42
113.671
116.351
114.566
115.306
116.273
115.024
114.33
115.026
114.155
113.828
115.973
115.314
115.575
116.327
114.251
115.406
113.833
114.652
113.617
113.821
113.822
112.815
113.732
113.716
114.102
113.439
113.304
112.075
113.616
114.535
114.53
113.654
114.654
115.047
115.158
113.565
113.621
113.675
112.573
113.928
114.267
114.222
115.655
114.467
114.596
115.005
113.008
112.414
111.339
112.619
112.814
113.941
114.979
115.55
115.065
113.99
113.462
116.772
114.681
114.663
114.812
117.016
116.42
112.368
113.69
112.934
113.518
110.558
113.645
112.801
113.657
114.597
112.621
113.604
113.953
112.9
113.319
113.508
113.581
112.399
113.456
114.371
113.469
114.17
114.473
114.805
115.165
114.591
114.263
115.916
116.175
115.847
116.048
115.351
115.93
116.841
112.575
115.356
114.342
115.45
117.063
115.467
115.182
115.891
116.179
115.402
114.815
115.036
116.929
115.18
114.042
112.589
114.397
114.807
114.547
114.056
115.712
115.466
114.178
116.533
116.402
114.762
115.624
115.011
115.477
115.645
113.28
113.308
112.269
112.256
113.982
111.665
113.683
112.74
114.506
112.756
112.786
113.318
115.516
113.936
116.106
114.8
114.568
114.904
114.724
115.671
114.547
114.66
114.625
113.843
112.809
114.884
114.429
114.625
117.245
118.193
116.553
114.74
115.993
114.323
113.972
115.74
114.579
115.208
114.716
113.387
113.855
113.174
112.734
112.548
113.314
113.851
114.297
113.784
112.498
113.241
113.433
114.717
115.297
116.424
116.643
115.177
114.038
114.241
113.347
113.395
113.976
114.185
115.083
114.952
113.395
111.697
114.218
113.195
112.355
113.998
113.281
113.119
114.466
113.777
113.163
112.869
113.104
112.638
112.351
114.53
113.514
114.483
114.922
115.304
115.745
112.633
114.112
116.204
113.676
114.247
115.631
114.276
114.897
114.28
113.647
114.27
113.373
113.908
112.922
115.201
114.18
115.712
114.052
113.455
114.843
113.218
114.596
114.574
115.421
113.401
113.738
113.322
114.485
113.775
113.959
111.515
113.619
115.407
114.794
114.498
113.265
114.631
115.552
114.665
114.495
115.564
114.812
114.434
115.47
113.623
113.945
114.303
116.005
113.465
114.674
114.782
116.225
116.747
116.726
116.069
115.889
116.28
114.394
116.178
115.285
113.149
115.448
114.409
114.857
114.921
115.02
116.327
114.111
113.954
113.275
116.212
116.428
115.152
115.085
115.144
118.483
115.276
116.845
115.429
116.053
113.749
114.053
112.115
113.025
114.27
114.802
113.784
115.876
114.157
115.747
116.091
114.933
115.037
113.533
112.976
114.046
113.03
112.426
115.895
115.342
116.562
117.481
114.736
113.085
114.065
113.984
112.716
112.689
115.327
115.388
116.114
117.762
116.591
115.63
116.171
115.557
113.324
113.655
114.534
114.317
113.675
115.96
116.342
115.148
114.617
115.504
115.425
116.559
116.574
113.156
113.455
114.816
113.147
112.761
114.616
115.697
114.134
114.247
114.428
115.228
114.159
115.406
115.607
114.758
115.1
116.501
114.546
113.916
114.917
115.966
116.18
118.191
115.982
115.043
116.498
116.259
113.904
115.484
115.898
115.098
112.866
116.169
115.759
114.793
115.14
115.829
117.222
116.076
117.42
116.413
116.552
117.32
113.785
114.653
114.532
113.477
115.744
113.489
115.292
114.484
112.924
115.167
114.06
113.49
113.551
113.331
113.016
112.797
113.119
112.661
113.648
114.66
112.946
114.192
113.516
113.56
113.496
115.074
116.068
114.654
114.941
114.84
114.291
115.518
113.634
112.322
113.112
113.429
115.189
114.013
115.438
114.329
115.279
113.9
114.604
114.385
117.504
114.339
113.235
113.841
112.518
114.573
113.981
115.457
115.455
114.697
113.71
116.103
113.662
115.795
113.112
112.427
113.983
111.423
112.061
113.133
114.066
115.007
115.209
115.197
117.348
114.882
113.997
114.134
114.675
115.852
116.212
114.327
115.19
112.97
115.187
114.419
114.499
115.194
115.5
114.158
114.84
113.958
113.698
115.71
114.108
111.623
113.443
114.401
114.485
116.257
115.854
115.172
113.749
114.219
114.711
115.847
116.117
116.105
115.531
114.141
113.22
113.46
113.947
114.76
114.957
114.598
116.125
115.723
114.926
115.421
113.55
113.591
117.771
115.06
113.24
114.659
116.083
114.258
113.479
114.099
115.006
113.65
113.455
114.457
115.412
115.2
113.235
114.849
113.494
113.603
115.567
116.737
115.146
113.933
112.503
114.849
115.444
115.063
113.889
115.337
112.459
112.623
114.202
113.106
115.769
112.765
114.678
113.812
111.48
112.139
114.217
113.172
114.146
114.297
113.574
113.586
111.636
112.488
114.474
113.491
115.334
114.249
112.244
113.373
112.913
114.727
115.187
116.19
114.089
114.531
114.651
113.001
113.498
113.329
114.919
115.664
114.259
115.912
115.821
114.881
116.193
114.397
114.688
114.655
114.384
113.487
113.681
112.026
113.333
113.379
114.706
113.902
115.405
115.343
112.624
112.999
115.803
115.196
114.586
115.114
114.609
115.238
116.14
118.082
116.794
116.372
115.862
116.934
117.983
116.551
115.749
114.975
112.173
113.037
113.043
112.666
114.405
112.886
112.009
111.677
113.902
112.256
111.172
113.408
113.604
113.981
115.372
114.578
116.655
114.107
113.724
115.502
113.687
115.02
113.872
114.157
114.825
115.402
113.528
113.351
113.705
114.028
113.936
113.123
113.018
114.885
113.506
114.587
114.651
116.153
115.375
114.371
115.547
117.031
115.309
115.419
114.624
114.288
113.94
111.898
114.92
113.846
114.038
113.608
113.91
113.895
114.38
115.475
115.357
113.952
116.637
116.101
115.309
115.275
114.759
115.559
115.133
115.205
112.949
114.498
113.232
114.071
114.599
113.523
112.103
112.934
113.816
114.927
115.927
115.645
116.656
117.195
116.194
115.705
115.125
114.074
114.13
115.791
114.874
116.115
113.525
115.862
114.441
115.166
115.768
115.758
114.471
115.845
114.589
116.797
115.541
114.851
114.667
113.396
112.944
112.656
112.539
114.161
114.41
113.017
113.325
113.05
113.709
113.059
113.524
113.404
113.67
113.415
115.829
116.822
116.727
116.167
117.169
117.018
114.982
115.798
114.758
115.615
113.849
114.89
113.536
113.797
113.234
113.667
113.979
114.073
115.019
115.129
115.376
114.597
114.104
116.37
114.858
115.367
114.771
115.428
117.226
116.487
116.308
116.832
114.401
113.948
114.004
114.816
113.701
114.419
115.676
117.106
115.004
114.178
116.355
116.085
115.549
115.472
112.893
115.446
114.936
114.786
113.215
114.527
113.77
116.244
116.033
115.583
114.616
114.882
114.409
114.751
115.619
115.218
116.625
116.172
116.006
114.65
116.574
117.048
116.505
115.012
113.909
113.882
115.018
115.545
114.309
117.657
116.875
113.927
114.431
112.523
114.819
113.51
114.237
114.721
113.79
114.068
111.322
113.593
113.171
113.623
114.512
112.794
112.447
114.696
113.236
113.094
114.191
114.616
114.003
115.449
116.91
117.857
116.422
115.415
114.613
114.262
115.24
114.755
115.222
114.653
115.13
114.539
115.612
115.37
114.964
114.644
115.392
115.171
113.837
114.747
117.181
114.633
113.648
114.729
112.529
111.796
113.123
113.242
112.303
114.978
114.84
115.042
114.933
113.677
114.458
112.493
115.987
115.205
114.786
114.931
116.496
117.67
116.335
115.68
115.634
114.107
113.203
113.038
113.921
113.195
113.845
113.84
113.277
112.09
114.145
113.002
111.808
111.603
111.43
113.286
112.595
114.288
116.23
115.91
116.478
115.243
116.382
114.37
114.753
115.452
116.23
116.652
116.073
116.03
115.005
114.868
112.652
113.891
114.12
114.927
115.289
114.572
114.68
114.501
112.395
113.942
113.608
114.673
114.725
113.497
114.907
114.001
114.099
112.541
113.18
112.931
113.357
111.552
113.411
112.336
111.401
111.853
110.9
112.258
112.247
114.095
113.511
111.836
114.848
113.08
115.301
114.668
114.339
115.161
114.838
114.413
113.914
115.263
114.152
111.651
113.207
114.634
113.475
111.625
112.48
113.884
114.132
114.786
115.024
115.599
117.13
115.415
115.12
113.916
115.057
114.287
111.822
115.946
113.808
113.768
114.357
115.631
115.231
115.535
114.129
114.358
112.634
114.762
115.322
114.904
113.892
114.987
115.476
115.415
117.349
115.477
115.314
116.492
115.044
114.974
114.435
113.789
115.05
115.246
114.554
113.572
114.461
114.241
113.992
112.511
113.429
114.729
113.809
116.038
113.67
113.251
114.092
113.637
113.695
114.364
114.578
112.569
113.396
113.343
113.36
113.34
114.104
115.068
112.977
115.512
115.722
114.249
115.986
117.132
114.733
115.178
112.7
115.581
114.615
115.588
112.886
115.043
116.15
113.568
113.101
116.06
116.512
117.528
115.631
114.611
115.504
116.728
114.977
114.37
112.991
111.917
112.531
113.697
114.61
114.854
113.361
113.847
114.931
114.413
113.702
114.273
114.159
113.077
113.14
111.526
113.052
112.683
111.643
112.047
113.254
111.369
113.027
112.427
112.911
113.497
114.171
115.15
113.386
114.553
114.997
113.944
113.575
111.844
112.694
111.156
113.135
113.294
113.196
114.291
113.903
112.892
114.608
114.318
113.95
114.72
113.457
114.589
114.432
114.419
115.23
114.808
114.034
114.679
114.634
115.53
115.028
114.704
112.348
113.372
114.083
113.528
112.945
112.691
114.586
114.885
113.487
114.013
116.658
113.384
115.825
113.277
113.385
112.018
113.391
114.422
113.572
114.332
113.238
113.755
115.571
115.616
116.628
114.861
114.365
115.347
115.337
116.308
115.957
114.851
114.918
114.491
114.965
115.015
113.991
114.326
114.481
115.738
115.257
114.925
115.503
115.412
115.568
114.033
112.087
112.69
112.172
114.8
112.671
111.291
112.121
112.685
112.154
113.116
112.628
113.299
114.559
115.446
114.592
114.894
115.644
115.013
114.591
111.928
113.161
113.737
113.199
114.003
112.778
115.631
116.564
115.12
114.045
115.062
115.323
114.042
113.753
113.71
115.394
113.565
113.2
115.348
113.192
113.224
113.768
114.452
114.211
113.679
115.545
114.108
113.182
115.438
113.177
113.674
112.94
114.807
116.638
118.991
117.131
115.057
115.124
113.059
115.055
114.413
114.834
114.297
112.956
115.57
116.259
116.657
117.449
117.444
117.907
116.235
117.698
116.866
115.407
115.032
115.418
114.697
115.462
115.847
117.635
115.346
114.319
114.315
114.559
112.491
111.987
112.967
115.372
114.788
114.93
116.415
116.184
116.167
114.477
112.354
115.682
114.513
114.617
116.026
116.866
116.661
114.698
115.555
115.627
113.234
114.597
114.862
116.397
116.169
118.529
117.184
114.482
113.68
115.99
114.654
115.119
117.656
114.905
115.646
112.606
114.923
113.452
113.289
114.197
117.038
114.94
114.736
113.343
112.434
114.715
114.753
113.335
114.521
115.421
116.005
115.243
115.737
116.584
114.136
115.729
114.654
115.123
115.741
114.892
113.553
113.038
111.909
114.83
112.889
113.517
114.154
115.687
115.668
118.091
115.725
117.016
116.803
116.087
115.174
115.071
116.394
116.913
115.982
116.754
116.218
115.649
115.193
115.346
115.49
116.744
115.623
116.316
113.782
114.265
117.393
112.952
113.925
113.35
112.938
114.281
113.045
113.422
113.011
113.858
114.838
113.969
117.051
115.8
114.692
114.352
115.663
116.542
115.717
113.437
113.724
114.307
113.153
113.366
114.655
114.015
114.506
113.147
114.294
115.32
114.116
116.307
114.585
115.129
114.014
116.884
116.767
113.512
115.843
116.82
116.242
115.472
115.799
115.645
115.267
113.887
113.572
114.599
113.846
115.252
116.279
116.391
115.492
114.834
113.266
114.595
115.067
116.123
114.64
114.703
116.166
115.907
113.296
116.379
114.811
113.776
114.348
113.611
112.031
115.187
113.633
114.798
115.548
116.33
116.817
113.645
114.884
117.53
114.089
114.127
112.443
114.9
115.786
114.218
115.133
115.403
115.234
115.476
113.38
114.963
116.233
115.527
115.182
116.252
116.475
115.411
117.437
116.869
115.787
113.758
113.808
111.913
114.259
113.815
115.254
114.417
113.291
111.671
111.601
112.95
112.67
111.766
112.633
112.613
113.037
113.289
112.843
113.589
114.855
115.227
115.88
115.328
113.947
114.702
113.51
114.002
113.153
113.654
113.369
112.709
113.428
113.85
113.856
114.918
113.474
115.681
116.711
115.595
115.605
113.197
116.117
113.938
114.229
114.122
115.404
115.937
114.11
114.885
114.895
116.683
116.131
115.394
114.391
114.83
113.664
113.074
113.593
115.293
114.032
115.473
113.595
114.083
113.861
113.775
113.245
114.275
113.495
114.18
111.479
113.387
113.186
115.365
112.823
113.985
113.859
113.737
114.795
114.727
114.282
114.683
113.913
113.637
116.38
114.94
116.572
115.995
115.105
117.541
116.379
115.772
116.465
116.651
116.497
115.973
114.725
112.573
115.204
115.153
113.148
114.208
114.142
113.546
114.252
115.031
115.674
115.451
116.064
113.873
114.83
115.608
115.35
114.347
113.712
114.057
113.147
113.584
113.211
113.82
115.245
114.917
114.454
115.013
112.786
114.444
113.598
115.092
116.06
117.747
115.384
114.513
114.286
113.239
113.392
114.647
112.497
112.443
114.861
114.155
114.154
113.972
114.461
113.031
113.868
110.737
113.425
112.337
112.618
114.275
114.78
114.314
116.276
114.623
114.945
115.076
115.628
116.487
115.516
114.174
112.542
112.451
112.895
113.361
114.212
113.493
115.769
114.072
116.291
115.507
115.635
116.248
115.523
113.353
115.549
113.393
114.421
115.392
114.417
115.852
113.692
112.637
112.996
111.61
112.415
113.941
113.417
114.29
113.965
113.82
113.476
115.359
113.972
113.259
111.924
112.177
110.832
113.239
111.124
113.799
115.769
115.57
116.977
114.983
113.408
113.706
113.985
116.165
115.722
114.743
112.376
111.803
114.301
114.959
115.561
115.16
114.843
114.839
114.96
115.051
114.632
113.976
114.507
114.008
115.309
113.859
112.705
114.412
115.372
116.177
115.638
114.772
114.499
113.501
113.921
112.242
112.783
112.589
113.662
114.199
112.555
114.076
113.928
114.832
113.969
114.352
115.693
116.544
115.279
115.084
114.964
113.454
114.976
114.05
114.627
113.225
112.89
112.739
113.21
113.214
112.775
113.249
113.132
112.225
113.585
115.299
116.404
115.693
114.744
114.526
113.202
113.966
114.384
114.951
112.774
113.904
111.64
112.96
114.211
115.648
116.312
115.724
114.795
115.91
115.067
115.681
115.139
115.254
113.91
113.797
113.686
112.545
115.094
113.237
112.928
114.917
114.389
115.342
114.998
114.879
117.036
116.294
115.471
115.653
115.689
114.585
116.583
117.191
114.63
114.451
113.819
115.072
114.446
114.259
113.848
113.733
112.991
114.966
113.229
114.297
115.221
114.765
114.691
114.704
115.31
115.045
116.124
114.463
115.577
114.222
115.714
115.019
115.671
114.995
114.337
113.814
114.861
115.515
114.036
113.948
113.056
112.802
113.807
113.017
114.3
112.996
112.452
113.69
114.891
115.818
115.143
113.861
114.597
115.715
114.027
114.386
115.59
116.28
114.164
114.6
112.738
115.266
115.457
112.853
113.353
114.512
112.733
114.179
114.622
114.559
116.807
112.641
113.125
112.569
111.21
112.56
112.606
114.44
114.57
112.859
114.963
113.694
111.708
112.738
111.629
114.701
114.13
115.49
114.305
114.763
115.889
115.368
117.153
115.734
115.265
114.412
115.203
115.957
115.402
115.39
114.49
115.274
116.81
117.035
117.504
114.343
112.262
112.936
113.242
114.824
114.4
114.961
116.059
115.478
113.947
114.814
113.196
113.323
114.699
113.683
113.913
112.533
113.282
113.05
114.163
115.117
114.099
114.069
113.153
114.453
115.507
116.781
114.9
116.805
115.901
116.672
114.401
114.728
116.476
116.142
116.477
115.511
114.875
115.618
115.386
117.174
116.166
117.295
116.138
116.77
114.685
115.407
114.702
114.519
114.175
112.609
113.479
115.488
115.922
115.39
114.829
114.574
114.284
112.671
116.859
114
113.077
114.029
114.071
114.918
115.504
114.444
114.07
113.413
114.56
114.958
115.093
114.863
114.64
114.226
114.516
114.564
113.034
113.572
113.472
113.852
114.296
115.185
113.554
115.962
115.788
116.243
115.285
114.849
113.251
115.058
117.002
116.189
117.248
115.9
116.135
116.532
117.356
115.704
113.692
113.696
115.465
113.24
113.375
112.812
114.911
114.63
114.313
113.628
115.637
113.036
114.24
114.111
113.976
114.407
113.199
113.85
113.656
113.985
115.49
115.094
114.671
113.805
114.204
112.247
112.827
114.891
112.956
113.619
113.458
114.243
115.378
114.988
114.111
115.664
114.251
114.57
112.461
111.354
112.464
113.762
112.222
113.344
114.547
114.385
114.36
113.385
112.91
113.205
112.422
113.331
112.432
113.652
113.951
113.47
115.079
113.978
113.846
114.667
115.288
114.182
114.83
114.797
113.595
113.399
115.686
113.25
113.695
113.35
113.938
113.217
113.227
114.991
114.588
115.727
116.187
115.113
114.477
114.511
112.588
114.21
111.407
114.57
113.93
114.01
116.608
115.109
114.671
114.674
116.171
116.214
115.61
113.723
114.576
115.535
114.812
114.777
115.171
115.544
116.906
113.727
114.048
115.735
114.916
114.781
115.156
115.337
115.251
114.286
112.84
114.784
114.329
112.943
114.402
114.223
115.598
114.297
113.899
116.823
115.751
116.11
116.528
115.652
116.35
114.927
114.043
112.7
112.862
113.042
113.395
114.793
116.18
114.372
114.02
114.017
113.345
112.628
114.624
112.949
114.094
113.91
114.574
114.302
115.495
114.933
114.582
115.566
115.365
113.254
114.746
114.108
114.207
115.149
113.799
114.971
115.049
115.705
114.527
114.07
115.52
114.705
113.847
112.244
112.946
113.506
113.899
115.773
115.817
114.443
115.656
114.671
114.479
113.415
114.108
112.533
112.701
111.407
112.598
113.354
111.172
113.159
114.289
113.929
117.435
117.582
118.044
116.259
116.291
115.613
114.562
114.189
112.957
112.093
111.569
113.823
114.092
115.301
114.522
114.728
115.184
115.147
115.019
115.098
115.977
114.571
114.087
114.187
114.791
114.722
114.615
114.483
113.969
115.993
115.899
115.907
115.806
115.574
113.729
116.151
113.571
113.517
113.768
114.118
114.987
113.19
115.344
114.306
115.688
114.49
113.231
113.13
113.83
111.757
114.536
113.447
115.783
112.544
113.851
114.847
112.855
114.247
115.122
115.879
117.12
116.53
112.708
114.025
114.213
114.923
113.648
113.024
111.266
112.721
114.022
113.478
114.246
114.645
113.598
114.178
112.898
113.866
112.707
115.296
115.388
116.122
117.288
115.804
115.56
114.809
114.991
114.093
116.301
116.359
115.253
115.452
116.354
116.35
115.309
115.59
115.212
115.492
114.443
116.155
114.455
113.334
114.934
114.828
113.773
115.662
114.194
114.774
114.267
114.936
114.136
114.988
115.975
115.192
115.143
113.19
112.605
112.957
113.882
113.177
113.932
112.886
112.369
112.199
112.63
113.276
114.89
114.006
114.824
114.396
114.101
114.892
115.096
116.415
116.208
114.034
113.734
114.592
115.3
115.025
113.549
114.334
113.907
113.301
114.677
116.474
116.06
116.801
115.797
115.542
116.195
114.489
113.977
114.097
112.287
112.231
113.725
113.906
112.943
114.068
113.535
112.634
115.403
114.696
113.851
115.08
114.465
116.285
117.483
115.309
115.187
114.741
114.87
118.358
118.091
116.866
117.717
116.207
113.204
115.781
114.616
115.659
113.709
115.065
113.736
114.653
115.039
112.053
115.41
114.815
115.119
116.479
116.843
116.781
115.52
115.411
113.311
113.749
114.962
114.771
114.807
113.626
114.407
113.97
115.248
115.47
114.363
115.34
115.071
114.687
113.298
113.014
113.896
113.834
112.484
114.528
113.516
116.094
115.249
115.32
115.562
116.861
116.103
116.68
115.264
117.127
116.047
116.586
114.769
115.749
116.675
117.85
114.684
117.087
116.844
115.641
114.968
114.177
112.572
114.426
115.357
115.44
114.321
115.049
114.374
112.981
112.763
112.203
115.759
115.341
114.42
116.226
113.465
114.621
115.016
116.507
114.557
114.188
114.492
114.404
113.842
111.52
112.204
113.385
114.131
112.725
112.288
112.982
114.217
114.123
115.017
113.46
115.79
113.299
113.868
116.79
115.811
116.81
115.959
117.981
116.366
119.899
117.363
116.843
114.543
116.083
112.652
113.329
115.108
115.581
115.689
114.307
113.544
114.792
113.877
113.47
113.993
114.408
113.468
114.679
114.221
115.043
113.984
114.569
112.169
114.725
114.545
114.906
115.615
116.191
116.924
116.961
116.879
116.858
117.296
116.196
116.605
115.487
111.781
114.415
113.644
115.002
113.992
114.863
113.973
112.909
114.61
115.39
115.306
116.14
113.937
114.41
113.864
114.92
115.399
114.977
115.144
115.074
114.934
115.649
115.002
113.458
115.576
115.953
117.209
115.405
116.403
117.218
119.124
115.498
116.622
117.138
114.649
113.584
114.929
114.134
113.402
113.93
113.176
111.656
113.155
111.685
111.476
112.622
111.98
113.805
111.574
114.008
112.205
115.144
116.326
115.483
114.482
113.876
114.772
116.091
114.848
114.273
114.976
113.409
113.63
113.927
115.823
114.205
113.674
114.034
113.713
112.244
114.034
115.113
115.684
115.492
114.524
113.746
113.847
114.17
114.095
112.604
114.568
115.789
114.338
115.013
115.243
114.415
112.934
114.274
114.269
115.342
114.011
113.754
113.945
115.774
114.509
114.058
114.709
113.299
113.82
115.99
114.862
114.686
114.473
114.175
114.977
114.325
113.92
115.358
113.939
115.088
116.641
115.065
114.257
115.144
113.634
115.07
114.967
115.17
117.195
116.003
114.919
114.298
113.531
114.005
113.481
115.131
115.195
114.759
115.316
115.807
114.859
116.842
116.971
118.052
116.985
115.114
116.758
113.951
114.844
114.269
113.213
114.44
115.763
115.373
115.025
113.734
114.122
114.051
114.923
115.395
114.918
115.134
112.142
112.865
112.86
113.28
113.614
115.445
114.892
113.654
114.932
116.909
114.804
115.299
114.153
115.44
113.55
115.35
114.084
113.267
114.393
115.592
116.116
115.204
114.944
113.931
113.94
113.523
114.489
113.675
114.481
115.348
114.724
115.775
114.392
113.908
112.794
116.418
114.126
114.52
114.583
116.603
115.887
115.232
116.676
115.446
115.15
115.135
116.575
115.506
116.591
114.919
115.929
118.604
117.435
115.78
115.124
115.871
113.247
113.663
114.189
113.98
114.037
113.998
113.043
113.246
113.305
112.103
112.328
112.894
113.446
114.714
114.312
114.135
114.518
114.06
112.273
112.831
114.062
113.221
112.74
112.935
113.371
114.675
114.54
114.156
114.598
114.623
116.094
114.573
115.623
113.114
115.451
115.365
115.421
113.162
114.421
113.933
114.522
114.817
114.073
114.154
112.587
115.401
114.209
114.023
115.151
115.312
114.093
115.179
113.613
114.786
113.97
115.113
114.43
114.375
113.912
114.985
115.84
114.245
115.018
113.983
115.438
114.187
115.773
114.223
116.257
115.689
114.999
115.412
115.155
115.287
114.499
112.149
113.557
112.836
113.464
114.783
115.645
115.607
114.198
116.922
116.442
114.196
117.097
115.44
115.029
116.451
114.91
114.123
114.022
112.209
111.959
113.745
112.897
113.742
113.952
110.173
111.607
114.454
114.726
114.367
112.228
115.156
113.61
115.774
114.061
115.216
116.846
113.806
113.586
111.661
114.014
114.461
114.871
116.341
116.045
114.809
115.033
112.93
115.621
116.098
113.513
114.054
114.157
114.547
115.128
114.333
115.24
116.676
114.963
113.757
114.323
114.285
112.532
112.789
112.397
112.772
113.325
115.436
114.478
115.379
114.735
115.551
113.411
114.351
114.692
115.601
115.653
115.852
116.182
116.711
115.601
115.993
116.594
115.735
117.018
115.897
115.945
115.247
114.887
114.855
115.715
115.553
115.956
115.828
114.4
113.466
114.893
115.92
116.885
117.993
113.545
112.155
113.648
114.961
114.559
116.849
114.329
115.143
115.714
114.056
113.035
113.292
115.048
115.34
114.647
114.823
115.735
115.384
115.779
113.723
115.453
114.202
114.927
115.769
114.056
115.234
116.414
115.693
115.9
118.331
114.68
115.951
115.606
113.603
114.336
114.156
113.189
113.605
115.524
113.004
114.912
114.974
115.595
116.026
115.37
115.427
112.947
113.15
115.115
113.105
113.259
112.781
113.391
113.176
114.473
115.609
114.358
115.888
116.307
117.744
117.511
117.832
115.554
117.939
116.478
116.234
117.319
116.146
114.586
114.387
114.803
115.777
114.107
112.801
114.417
113.207
113.739
115.343
116.887
116.724
117.171
116.769
115.889
115.258
114.634
114.846
114.941
115.774
112.515
113.746
114.164
113.398
113.724
115.977
115.363
114.937
116.658
114.615
115.335
115.791
114.592
115.299
115.725
115.597
113.597
115.265
115.233
115.88
114.101
115.155
114.495
114.48
114.472
113.893
114.82
115.089
113.187
114.364
116.549
115.194
115.734
114.106
114.197
114.624
115.621
114.489
115.984
116.209
111.985
112.498
112.081
115.388
113.476
115.185
113.639
115.523
114.507
114.498
115.266
113.743
115.314
114.796
115.293
116.461
114.589
114.392
112.341
111.173
113.002
111.923
112.799
112.559
114.879
113.383
112.789
113.276
112.984
114.589
115.549
115.133
116.765
117.587
116.193
115.87
115.827
116.803
115.678
114.903
116.422
114.392
115.287
114.957
114.181
115.187
114.947
115.471
114.932
113.801
114.733
113.602
115.47
115.655
115.355
115.602
114.711
115.016
113.71
115.26
115.173
115.902
112.898
113.491
113.787
114.572
113.259
112.801
114.377
115.529
115.774
114.646
115.131
113.785
115.586
115.177
115.408
114.729
113.993
114.281
114.417
113.154
114.09
114.143
112.079
111.928
112.749
112.27
113.47
113.677
114.577
112.405
113.525
114.691
115.84
115.137
116.908
115.569
116.563
116.67
116.153
116.555
118.548
115.531
115.079
115.858
114.516
114.468
113.875
113.149
115.506
115.538
116.47
115.894
114.022
115.128
114.42
113.128
112.269
112.974
115.139
113.751
111.167
111.067
113.856
113.319
113.468
113.018
113.589
113.503
114.134
114.616
114.136
110.824
113.485
114.039
114.896
114.943
115.279
113.157
113.119
112.657
113.213
113.677
115.027
115.402
115.968
114.529
114.818
113.448
112.819
113.251
112.446
114.536
115.255
114.847
113.558
113.578
112.241
114.327
115.024
115.25
114.514
116.004
114.638
116.663
116.41
114.59
114.195
113.646
112.021
113.864
111.369
113.248
110.826
113.253
112.819
114.779
114.331
114.819
116.673
116.143
116.858
115.934
114.814
111.791
112.221
113.813
113.9
113.688
113.967
113.759
115.457
114.759
115.623
115.403
113.713
113.022
112.546
112.37
113.644
111.853
112.757
112.69
112.541
113.11
113.914
112.947
113.826
114.653
113.775
116.025
114.639
116.456
118.116
115.721
115.024
112.552
112.855
113.509
113.741
114.214
115.48
115.14
113.085
115.157
114.963
115.062
114.725
113.854
115.435
114.144
114.317
112.973
114.197
114.007
115.904
113.877
112.944
113.071
113.557
115.231
116.179
116.941
114.98
113.542
114.667
112.661
113.588
113.953
111.685
113.248
113.902
114.09
116.342
115.208
115.864
115.508
115.787
114.733
116.045
115.07
114.978
115.033
113.717
112.786
113.112
114.248
113.992
112.796
114.8
114.261
113.176
114.845
114.952
115.533
116.372
116.363
115.022
115.625
113.508
115.13
113.159
113.163
115.607
116.552
116.394
115.293
117.367
116.301
115.301
114.34
114.895
114.485
115.18
113.117
112.614
113.67
113.69
114.427
114.059
114.395
113.813
113.085
112.977
114.569
112.404
113.814
113.052
113.607
112.895
111.707
112.212
114.604
113.802
113.302
115.859
113.239
113.557
114.061
114.701
114.309
113.901
115.991
114.739
115.793
118.19
115.929
115.503
117.249
116.208
116.561
114.389
116.289
114.723
117.243
115.135
114.667
114.001
113.908
114.186
114.09
115.51
115.323
118.192
117.646
116.217
115.111
116.666
115.134
116.647
113.445
115.932
116.182
116.387
116.992
116.051
116.315
114.412
114.107
114.51
113.225
112.18
114.099
113.157
114.572
114.44
115.638
115.85
114.98
115.325
115.139
114.725
114.33
114.81
112.522
112.988
112.638
113.482
114.576
114.141
114.826
117.363
115.409
113.824
114.504
112.359
114.636
114.689
114.59
114.624
113.971
114.642
113.775
113.704
114.196
113.334
115.58
112.607
113.35
115.768
115.652
114.746
114.327
115.317
115.271
113.883
115.745
115.046
113.77
114.467
112.851
113.657
114.661
114.156
114.496
113.612
113.952
113.035
114.401
114.141
113.813
115.324
114.699
114.987
113.795
115.573
115.42
116.673
114.565
113.644
114.841
114.355
116.091
114.641
114.789
115.008
115.905
115.503
114.513
113.524
116.054
115.238
113.643
114.097
114.685
115.798
115.496
115.341
116.178
116.76
114.717
115.946
114.73
114.359
115.141
115.228
114.699
115.093
114.047
115.807
113.955
115.042
115.582
116.147
114.456
113.987
115.119
114.5
112.363
111.743
112.363
113.141
111.865
111.974
112.804
112.027
114.314
116.478
114.077
114.054
114.113
113.295
112.43
113.029
114.576
114.476
112.614
115.939
112.849
113.91
112.594
114.747
113.821
115.43
114.584
115.329
115.569
115.817
116.048
116.085
114.553
113.121
114.179
115.29
116.927
114.801
114.295
114.575
115.827
114.471
115.737
115.155
113.728
111.707
112.649
111.643
112.213
111.382
112.204
112.364
111.559
112.668
111.199
112.695
111.124
111.958
113.375
114.244
112.852
116.574
116.419
117.185
116.667
116.178
114.43
112.311
113.16
113.194
112.58
113.433
112.829
114.573
114.332
115.188
114.958
114.562
114.682
113.798
114.339
115.438
116.061
114.203
113.612
112.801
113.646
113.021
114.444
112.893
115.392
113.996
115.616
113.083
113.157
113.909
115.047
115.854
112.962
113.63
113.67
114.955
114.604
114.063
114.791
113.73
113.204
114.592
112.512
112.009
113.309
112.799
112.313
112.883
114.02
113.45
114.831
114.92
115.426
115.668
116.041
115.625
114.989
113.213
113.619
113.12
112.369
113.299
111.922
112.781
114.41
115.306
115.631
116.105
114.43
113.804
114.914
114.368
114.307
114.251
114.656
115.296
114.065
115.107
113.267
112.688
114.079
115.366
114.046
113.779
113.458
113.462
115.089
114.491
115.322
115.418
114.488
113.848
113.208
112.305
113.394
113.367
113.677
113.429
114.342
114.947
112.339
112.907
114.531
116.686
114.49
114.74
113.815
115.25
113.102
112.772
113.048
110.434
111.664
111.437
111.263
112.617
113.431
112.107
114.912
113.212
113.328
114.602
116.148
116.266
114.481
115.053
114.855
115.084
112.912
115.779
114.06
115.714
115.434
115.07
116.466
115.199
113.755
113.394
112.728
113.982
115.484
114.386
112.061
113.187
113.579
114.17
114.877
113.009
113.103
114.456
112.015
113.421
114.348
113.689
115.036
115.999
114.976
115.7
115.723
115.733
116.791
118.093
118.314
115.409
114.221
113.586
112.308
111.692
115.804
114.933
115.663
115.509
114.812
117.98
117.71
114.021
115.509
112.911
114.48
113.851
114.908
114.413
112.211
112.888
112.085
112.108
114.156
115.155
115.325
114.909
114.72
112.693
114.664
113.906
114.296
115.057
114.168
115.321
115.015
114.126
114.308
114.214
114.664
114.421
116.009
115.166
115.319
114.214
113.261
114.073
113.793
114.724
113.314
115.922
115.642
114.955
114.734
114.56
114.106
113.205
113.675
113.627
113.53
112.399
113.584
114.504
115.017
115.094
116.447
116.48
114.954
117.138
114.647
115.439
114.502
113.727
114.878
114.541
114.732
115.602
113.67
113.138
112.683
113.43
113.891
114.373
113.989
113.661
113.169
112.609
111.714
112.93
115.023
113.842
114.699
112.721
113.945
113.625
113.116
113.875
113.458
113.111
114.033
113.06
113.708
113.646
113.264
114.566
115.97
113.589
113.03
113.986
112.963
114.375
113.637
116.078
115.593
115.724
114.009
113.615
114.159
114.324
113.63
115.691
115.661
114.082
112.895
113.661
113.879
113.921
113.346
115.046
113.638
113.722
112.27
113.188
114.208
113.006
113.406
112.607
111.386
113.874
114.158
113.657
114.61
113.57
114.778
116.367
115.27
114.591
114.075
114.289
113.89
115.629
115.971
114.182
115.389
114.453
115.524
117.075
117.628
114.154
113.493
112.758
112.871
112.614
111.237
110.838
113.134
112.537
114.13
114.948
113.94
114.256
114.157
114.623
114.576
113.963
113.209
114.481
113.699
113.475
114.166
114.071
115.138
112.596
113.268
114.011
115.481
115.756
115.727
114.972
115.324
114.74
113.916
114.363
112.311
114.892
114.663
114.906
113.781
114.473
115.092
113.482
113.048
113.7
113.395
114.447
113.399
112.443
112.754
112.812
113.502
113.532
113.536
112.26
114.253
113.644
114.962
115.626
116.335
117.042
115.756
115.93
115.741
114.827
116.173
115.036
115.272
114.781
116.344
113.455
115.664
115.277
116.492
117.55
113.262
115.323
115.284
114.949
115.46
117.167
117.989
117.691
115.429
115.046
114.38
112.472
113.101
114.561
113.895
113.406
112.935
114.14
112.819
113.591
113.968
116.138
114.697
115.341
114.43
113.191
113.565
113.001
113.438
114.156
115.468
114.005
112.734
111.841
113.988
113.196
112.567
112.526
114.367
114.81
113.518
113.963
114.916
115.38
114.286
116.077
114.841
115.531
117.768
117.078
118.795
116.252
115.17
115.854
117.73
115.68
116.883
116.084
115.303
116.263
115.532
116.213
115.063
115.805
116.588
117.267
114.747
115.907
115.098
114.704
114.726
114.675
115.098
114.632
115.324
115.483
114.507
116.512
115.432
113.391
114.107
114.856
113.428
111.992
111.725
111.047
112.592
111.837
114.515
113.057
113.24
114.784
115.053
116.033
116.523
115.502
115.945
114.403
112.433
111.656
113.995
113.157
113.447
115.324
113.761
113.796
115.123
113.163
113.408
116.098
113.951
113.047
113.103
112.562
114.121
112.603
112.076
112.384
114.273
114.895
115.368
113.489
115.475
115.818
115.174
114.792
114.748
112.412
113.304
114.105
114.655
114.266
114.495
115.195
115.399
116.899
116.527
116.233
114.342
115.147
114.657
114.971
113.506
113.42
112.099
112.07
112.912
113.139
113.733
114.198
113.599
112.613
113.293
114.854
114.027
115.839
115.468
114.303
116.414
114.566
113.883
114.541
115.075
115.006
116.708
117.604
114.911
114.96
111.018
113.743
114.401
112.565
112.95
114.479
114.625
115.396
116.304
116.193
113.973
116.179
115.411
114.786
113.922
114.124
113.228
114.936
114.27
115.278
114.401
114.373
112.849
112.656
115.166
112.521
114.192
113.036
113.299
113.951
114.391
114.589
113.864
113.828
113.41
114.221
114.378
116.09
113.531
114.433
114.984
115.603
113.978
115.577
115.666
115.325
115.149
114.248
115.541
115.594
115.68
114.241
115.435
116.177
114.238
115.607
113.716
114.362
115.234
116.456
116.656
115.978
117.402
117.465
117.372
114.805
114.48
114.438
114.914
115.487
113.873
114.51
113.329
113.934
111.679
114.011
112.052
114.501
115.173
113.996
114.09
114.992
115.04
114.98
114.105
115.443
114.427
111.9
113.3
113.1
114.646
113.323
114.895
115.842
114.496
114.816
114.086
113.16
113.808
113.842
112.178
112.678
114.513
114.998
116.268
113.652
113.893
114.783
113.803
113.56
113.473
114.636
113.239
113.707
114.843
117.448
116.255
116.164
115.323
116.618
115.042
115.451
113.904
113.334
111.334
113.776
114.544
114.076
115.789
114.079
116.32
114.579
114.304
116.256
115.24
117.65
115.538
116.002
115.402
116.19
114.037
114.543
114.273
114.404
113.313
112.445
113.53
113.29
114.163
112.779
112.553
114.469
114.487
113.106
115.624
112.64
113.231
115.723
115.298
116.669
113.916
115.582
117.152
115.713
114.897
114.298
115.262
113.854
113.224
114.34
112.664
112.097
114.257
113.212
114.711
112.919
114.364
114.218
114.445
116.066
117.361
117.905
113.471
115.373
115.28
114.79
115.538
114.619
113.598
116.561
113.715
113.588
114.825
115.474
114.77
115.557
113.479
113.276
113.566
112.463
111.059
111.691
112.181
114.444
114.29
114.368
112.948
114.202
115.543
114.606
114.923
113.209
112.158
111.755
112.74
112.998
115.085
113.612
113.418
113.5
112.92
113.491
114.232
113.95
113.197
114.082
113.835
113.597
114.465
114.232
114.289
114.265
113.983
115.811
114.048
115.272
115.607
115.82
115.334
114.861
116.142
113.69
114.568
114.502
113.596
113.211
113.273
113.798
115.895
115.203
116.558
116.071
115.64
115.179
115.378
114.809
113.59
111.441
111.227
113.126
112.863
113.491
112.799
111.504
112.888
112.068
113.36
113.125
114.082
113.204
113.028
114.473
113.185
111.428
113.055
113.673
112.799
111.792
111.606
112.781
113.295
112.807
112.23
113.931
112.214
112.875
115.384
114.919
113.673
114.882
113.434
113.856
113.344
113.856
114.815
114.287
112.307
113.241
113.269
112.415
112.003
113.159
113.504
114.918
115.588
115.385
112.52
112.881
112.112
113.389
112.645
114.184
114.787
114.842
115.248
114.024
112.861
112.93
112.797
114.753
113.612
116.266
116.179
115.116
115.602
114.333
115.931
115.588
116.758
116.087
116.389
115.883
116.439
116.478
116.104
117.807
117.659
116.915
117.801
116.497
115.009
115.91
113.326
115.377
114.363
112.399
111.904
111.764
113.411
114.347
113.374
112.923
111.535
113.942
115.949
115.304
115.917
116.265
115.418
115.046
116.11
116.59
114.917
116.129
115.647
114.54
114.592
115.58
113.527
115.379
113.078
115.969
113.327
111.815
114.04
114.171
113.944
115.105
114.867
114.924
116.148
114.904
115.603
115.739
115.877
116.663
114.79
114.481
114.548
112.861
113.504
114.415
112.151
111.771
113.301
112.803
114.616
115.016
115.272
114.541
116.17
115.383
114.508
114.988
116.126
118.902
116.901
116.636
115.482
116.237
116.196
114.85
114.231
114.837
114.045
115.071
113.208
113.739
114.029
111.803
111.232
112.363
113.677
112.367
113.694
114.474
113.629
113.132
114.263
113.773
