# total attempts: 10000
30.0247              29.921             29.8975
30.0247              29.921             29.8975
30.0247              29.921             29.8975
30.0434             30.3658              29.975
29.9421             29.0919             28.2518
31.9351             30.0296              25.321
30.1196             30.6022             27.4707
30.1196             30.6022             27.4707
30.1196             30.6022             27.4707
29.9875             31.4507             27.2191
29.5505             33.4551             28.4282
29.5505             33.4551             28.4282
27.6839             34.0893             30.8411
29.2352             32.6091             31.0801
29.2352             32.6091             31.0801
29.2352             32.6091             31.0801
29.2352             32.6091             31.0801
28.5466             30.3131             33.9466
28.5466             30.3131             33.9466
28.5466             30.3131             33.9466
28.5466             30.3131             33.9466
26.5648             30.2511             34.3631
26.5648             30.2511             34.3631
23.0831             27.9707             34.4322
21.172             25.6567             34.7008
21.6883             24.9361             34.5888
24.2119             24.2013             32.7657
26.1118             21.5248             31.8267
26.1118             21.5248             31.8267
26.1118             21.5248             31.8267
25.228             21.9552             31.6214
25.3502             21.7472             30.4367
23.3961             23.9966             32.3038
22.1878             24.5996             32.8162
23.4414             23.1436             33.8976
23.4414             23.1436             33.8976
23.4414             23.1436             33.8976
24.123             24.3021             32.3718
23.6496             22.7083             29.4237
24.464             21.8314             29.1233
22.4981             20.8486             28.6792
23.844             20.6568             27.4954
22.8315               22.15             25.3009
21.2124             22.4171             23.4849
22.8351             20.2446             20.4919
22.7041             20.0218             19.2395
22.7041             20.0218             19.2395
22.7041             20.0218             19.2395
22.1707             17.4997             22.2214
23.285             19.2037             20.4231
23.285             19.2037             20.4231
23.2709             16.0308             20.2807
23.2709             16.0308             20.2807
23.4358             12.1589             22.3316
22.9033             13.2377             21.8593
25.1425             8.96204             20.9884
22.5492              7.7231              22.847
22.5492              7.7231              22.847
22.5492              7.7231              22.847
22.3994              5.9111              23.162
22.3994              5.9111              23.162
22.3994              5.9111              23.162
22.3994              5.9111              23.162
20.8847             7.62043             19.8652
23.2082             3.03061             13.8366
23.2082             3.03061             13.8366
24.0331             4.54301             11.4627
23.8956             6.58826              11.531
20.8765             7.52034             14.3189
20.6442              6.2228             12.5795
22.1255             3.50657             11.9376
22.1255             3.50657             11.9376
20.7363             2.57642             10.9787
19.1105             4.47529             11.4382
17.243             2.03101             13.2259
17.243             2.03101             13.2259
17.455            0.962515             10.8956
18.2064            -1.65661             9.09651
18.2064            -1.65661             9.09651
18.4881            -3.25258             6.78123
18.4881            -3.25258             6.78123
18.4881            -3.25258             6.78123
18.4881            -3.25258             6.78123
18.1314            -2.16075             8.99006
18.737             1.00941             8.35264
17.9307           -0.404928             6.62503
17.4065            -2.23452             7.35686
17.1492           -0.266152             10.2272
17.1492           -0.266152             10.2272
17.4055            -1.58106             8.56802
14.6288            -1.50542             7.50834
12.6269            -1.14807             8.43714
12.6269            -1.14807             8.43714
12.4326            -1.36876             8.14166
13.1929            -3.67314             8.07155
12.438            -3.90488             8.68206
9.786            -4.33492             8.57253
7.44934            -2.58792              9.4267
8.14806             -3.3333              7.7333
6.25489            -3.83449             5.21201
6.25489            -3.83449             5.21201
6.25489            -3.83449             5.21201
4.63011            0.145873             8.31214
1.66976           0.0639901             9.15013
1.66976           0.0639901             9.15013
1.66976           0.0639901             9.15013
2.40229            -2.15169             8.80566
2.40229            -2.15169             8.80566
1.69947            -1.72718             10.0824
1.81204             1.09503             9.93715
1.81204             1.09503             9.93715
4.17289            0.246246             8.60305
4.17289            0.246246             8.60305
3.09925            0.304709              8.0974
3.09925            0.304709              8.0974
2.81034            0.165221             7.81375
0.308894            0.206511             8.46209
0.135783           -0.264637             8.05819
0.135783           -0.264637             8.05819
0.135783           -0.264637             8.05819
0.135783           -0.264637             8.05819
0.135783           -0.264637             8.05819
-2.44498             1.03629             7.54788
-2.44498             1.03629             7.54788
-4.36192             2.77065             7.51778
-4.36192             2.77065             7.51778
-4.36192             2.77065             7.51778
-2.04702              3.4715             6.63688
-2.04702              3.4715             6.63688
-3.22639             2.12736             7.98077
-1.13154              3.9792             7.39519
-2.88112             1.73514             6.07882
-2.88112             1.73514             6.07882
-2.88112             1.73514             6.07882
-1.86244             3.33623             4.80099
-0.221389             3.81045             4.43775
-0.221389             3.81045             4.43775
1.3458             4.23438             4.20857
1.3458             4.23438             4.20857
1.3458             4.23438             4.20857
1.3458             4.23438             4.20857
1.3458             4.23438             4.20857
-1.8051              4.1149              4.9198
-3.37511             2.33916             3.90391
-3.37511             2.33916             3.90391
-1.96339             1.64626             5.40857
-2.71374            -1.36881             3.81581
-2.41675            -2.11711             4.55066
-3.44192            0.169898             6.17585
-3.44192            0.169898             6.17585
-3.69735             3.03235             6.37607
-3.34256            0.377448             4.63661
-3.34256            0.377448             4.63661
-2.17386             1.82063             5.27735
-1.54216            0.932031             5.47576
-3.16673             0.93373             6.48381
-3.16673             0.93373             6.48381
-3.16673             0.93373             6.48381
-3.16673             0.93373             6.48381
-0.564398             2.58211             4.16533
-0.564398             2.58211             4.16533
-0.184323             3.26642             4.71987
-0.184323             3.26642             4.71987
1.5875             1.41605             2.82164
2.2279              1.0706             2.02719
2.2279              1.0706             2.02719
2.91064              2.3256              4.3131
4.31161             3.42237             6.13007
1.4635             1.95265             6.80904
1.30665           -0.282389             6.98716
0.247264             -1.3415             3.19871
0.247264             -1.3415             3.19871
0.247264             -1.3415             3.19871
0.247264             -1.3415             3.19871
2.2637           -0.495351             4.62199
2.2637           -0.495351             4.62199
2.2637           -0.495351             4.62199
2.2637           -0.495351             4.62199
2.2637           -0.495351             4.62199
0.691799            -1.70307             4.72389
0.691799            -1.70307             4.72389
0.691799            -1.70307             4.72389
-3.03995             -4.1955             4.29915
-4.10867            -4.21656             3.67364
-4.10867            -4.21656             3.67364
-4.10867            -4.21656             3.67364
-4.10326           -0.857484            0.988719
-5.2325            -1.04138              3.2004
-5.2325            -1.04138              3.2004
-5.2325            -1.04138              3.2004
-2.92623            0.679041              1.4337
0.120271            0.205385             1.52545
0.120271            0.205385             1.52545
0.0208098          -0.0273279             1.69024
0.983298            0.985817             4.13931
0.983298            0.985817             4.13931
0.983298            0.985817             4.13931
0.983298            0.985817             4.13931
0.983298            0.985817             4.13931
0.983298            0.985817             4.13931
-3.0933             2.20051             2.57954
-2.81208            0.825921             4.06354
-3.14224             0.13114             2.52773
-3.14224             0.13114             2.52773
-5.30773           -0.974177             1.08873
-6.15719            -1.99162             4.90954
-7.23867            -0.55753             5.46885
-7.23867            -0.55753             5.46885
-7.51022           -0.264848             4.03546
-7.51022           -0.264848             4.03546
-7.51022           -0.264848             4.03546
-7.51022           -0.264848             4.03546
-7.45005           -0.504587             2.22876
-7.34857            0.883324             5.04232
-4.65223            0.296634             6.23369
-2.7138           -0.828355              5.8636
-2.7138           -0.828355              5.8636
-2.7138           -0.828355              5.8636
-4.18057            -3.18459               6.164
-4.18057            -3.18459               6.164
-4.18057            -3.18459               6.164
-3.70676            -2.69884             4.74035
-3.70676            -2.69884             4.74035
-3.07845            -3.30165             4.88336
-3.07845            -3.30165             4.88336
-3.71424            -3.60422             6.41227
-3.71424            -3.60422             6.41227
-3.71424            -3.60422             6.41227
-0.810099            -2.47293             9.94376
-0.454514            -1.65616             7.82515
-0.454514            -1.65616             7.82515
-3.69198            -3.65125             8.87434
-2.5274            -1.99057             6.72365
-2.02512            -4.36939             7.13116
-2.02512            -4.36939             7.13116
-2.02512            -4.36939             7.13116
-2.02512            -4.36939             7.13116
-4.24421            -4.81514             4.83291
-2.10525             -2.2948             4.50327
-1.07249            -2.08377             5.04147
0.471289          -0.0450428             5.69502
0.119601           -0.024951             3.88037
-0.943903            -2.23879             3.37094
-0.943903            -2.23879             3.37094
-0.876248            -1.42131             3.48714
-2.38202             0.12455             3.63463
-1.13208            -2.18795             3.37461
-1.13208            -2.18795             3.37461
-1.13208            -2.18795             3.37461
-1.27157             -1.6574             3.19364
0.155202           -0.292012             3.20001
0.155202           -0.292012             3.20001
0.155202           -0.292012             3.20001
0.155202           -0.292012             3.20001
-1.38095            -1.07287             2.83285
-1.38095            -1.07287             2.83285
-1.38095            -1.07287             2.83285
-1.51116            -1.22822               2.215
-1.51116            -1.22822               2.215
-1.38416             -2.1795             1.70144
-1.76659            -4.20425             2.82522
-1.76659            -4.20425             2.82522
-1.76659            -4.20425             2.82522
-0.878665            -2.84956            0.847137
-0.932863            -1.01699            0.170011
0.732841            -1.13568             -3.8064
0.859374           -0.619204            -1.06615
3.01296           -0.857395            -2.80776
1.04637           -0.665606            -3.09529
-0.822136            -0.92172            -2.17549
-0.202268           -0.795535            -2.57478
-3.22669            -1.91255            -3.17087
-3.17003           -0.877112            -3.13855
-3.17003           -0.877112            -3.13855
-3.17003           -0.877112            -3.13855
-3.17003           -0.877112            -3.13855
-3.17003           -0.877112            -3.13855
-2.13874            0.555887            -4.25235
-2.13874            0.555887            -4.25235
0.868579            -1.45591            -3.80639
0.615193          -0.0297188            -1.46589
2.24743            0.104787            -2.09446
2.24743            0.104787            -2.09446
0.689151            -1.21861             -1.2463
1.99414            -2.29095            -2.65342
1.97234           -0.712382            -5.50392
2.41328           -0.618002             -5.1603
2.41328           -0.618002             -5.1603
2.41328           -0.618002             -5.1603
2.41328           -0.618002             -5.1603
2.96099            0.576418             -7.9028
2.99366           -0.690979            -8.91672
3.86755            -3.97462            -8.76536
3.86755            -3.97462            -8.76536
3.86755            -3.97462            -8.76536
2.39878            -2.35902            -5.28189
2.39878            -2.35902            -5.28189
2.39878            -2.35902            -5.28189
2.39878            -2.35902            -5.28189
3.22852            -1.65912            -3.77539
3.79779             -1.0887            -4.50421
3.79779             -1.0887            -4.50421
3.64264            -0.08725            -3.11721
3.82531            -2.68894             -2.2855
2.55252            -3.75295            -3.55974
2.55252            -3.75295            -3.55974
3.03268            -3.88888            -2.81326
3.03268            -3.88888            -2.81326
4.0214            -4.80042            -3.73698
5.04495            -3.09377            -3.74841
5.04495            -3.09377            -3.74841
6.10605            -3.66756            -3.80189
3.87913            -1.89734            -4.76054
4.30304            -1.13806            -5.90563
3.55077          -0.0532593            -6.67537
3.55077          -0.0532593            -6.67537
5.36513           -0.574949            -6.47613
5.36513           -0.574949            -6.47613
3.43977           -0.105187            -8.46926
1.41126             0.75613             -9.3271
1.41126             0.75613             -9.3271
1.41126             0.75613             -9.3271
2.73251             2.32513             -9.7628
2.73251             2.32513             -9.7628
2.73251             2.32513             -9.7628
2.73251             2.32513             -9.7628
2.73251             2.32513             -9.7628
2.73251             2.32513             -9.7628
2.73251             2.32513             -9.7628
3.31904            0.378465            -9.55526
3.31904            0.378465            -9.55526
0.627789             1.91222            -10.2734
0.627789             1.91222            -10.2734
-0.490264            0.598403            -8.63522
-0.490264            0.598403            -8.63522
1.44119            0.425029            -6.41187
-0.138211             3.06618            -3.95171
-0.138211             3.06618            -3.95171
-1.03197            0.359859            -3.61784
-3.37485             1.51446            -4.24233
-3.37485             1.51446            -4.24233
-2.31796           -0.275369            -6.87087
-1.43839            -2.84252            -7.03586
-1.43839            -2.84252            -7.03586
-2.76682            -3.21096            -6.88082
-2.76682            -3.21096            -6.88082
-2.76682            -3.21096            -6.88082
-2.90306            -4.52324            -8.39052
-2.90306            -4.52324            -8.39052
-1.44543            -4.00947            -7.27124
-1.44543            -4.00947            -7.27124
-0.624939           -0.785503            -4.55935
-0.624939           -0.785503            -4.55935
0.561244            0.848629            -4.87324
0.561244            0.848629            -4.87324
-1.60991           -0.164948            -5.06442
-1.61107             1.43246            -4.58801
-1.61107             1.43246            -4.58801
-1.61107             1.43246            -4.58801
-1.61107             1.43246            -4.58801
-1.61107             1.43246            -4.58801
-1.61107             1.43246            -4.58801
-1.61107             1.43246            -4.58801
-3.00665            -2.23486            -4.35193
-4.74372           -0.736866             -2.8701
-4.90969           -0.337842            -2.72569
-2.89507             1.48673            -1.31194
-2.28666            0.218959            -1.51801
-2.28666            0.218959            -1.51801
0.208149             1.78076           -0.345925
-1.479             1.95151             1.61675
-1.479             1.95151             1.61675
-2.43636            0.250964             5.25893
0.0305213           -0.220539             6.51035
0.0305213           -0.220539             6.51035
-0.792832            -2.82505              5.1966
-0.792832            -2.82505              5.1966
-2.19422            -2.26486             4.42078
-2.19422            -2.26486             4.42078
-2.19422            -2.26486             4.42078
-1.2758            -2.54768             4.13404
-0.387936            -1.38565             3.21115
-0.387936            -1.38565             3.21115
2.71226            -3.59225             3.68013
2.71226            -3.59225             3.68013
-0.0840518            -3.41346              3.3349
-0.0840518            -3.41346              3.3349
-0.0840518            -3.41346              3.3349
0.567796            -2.43851             1.07713
-2.90028            -2.56312             1.26078
-3.48315            -2.20454             2.02519
-3.31309           -0.235944             3.03464
-4.75819             1.07104             6.10137
-4.24445          -0.0810322             2.02001
-1.34772            -2.26855             3.61471
-2.9396            -4.38198             7.23264
-5.71032            -2.06335             4.95486
-7.06814            -2.18661                5.02
-7.99917            -3.78414             3.48975
-7.99917            -3.78414             3.48975
-7.99917            -3.78414             3.48975
-4.93461            -5.50198             2.78831
-4.93461            -5.50198             2.78831
-4.36268             -8.1753             2.85657
-4.36268             -8.1753             2.85657
-6.18009            -4.46207             2.48951
-6.18009            -4.46207             2.48951
-7.23879             -3.8639             1.90442
-3.64145            -3.83422            0.342843
-7.21068             -2.2006            -1.97055
-7.21068             -2.2006            -1.97055
-6.43459            -1.95756            -2.41321
-6.43459            -1.95756            -2.41321
-6.57467           -0.697298            -2.75921
-4.33683             0.62888             -5.4972
-4.33683             0.62888             -5.4972
-4.33683             0.62888             -5.4972
-4.33683             0.62888             -5.4972
-2.83865             2.31132            -5.11286
-2.83865             2.31132            -5.11286
-2.83865             2.31132            -5.11286
-2.83865             2.31132            -5.11286
-0.858074             2.23682            -6.48723
-1.19201             3.19048            -3.92715
-1.19201             3.19048            -3.92715
-1.19201             3.19048            -3.92715
2.49576             1.70614            -5.24146
2.49576             1.70614            -5.24146
2.49576             1.70614            -5.24146
2.73418             1.94161            -6.28778
2.73418             1.94161            -6.28778
2.73418             1.94161            -6.28778
2.73418             1.94161            -6.28778
2.48471              1.4332            -5.31664
0.450693             2.59097            -5.22019
0.450693             2.59097            -5.22019
-2.98933             3.84373            -3.89545
-2.88798             3.80394            -2.12598
-0.69561             4.21268            -4.07739
-1.16303             4.39222            -3.17749
-1.04189             3.77567            -4.00125
-1.04189             3.77567            -4.00125
-2.0721             3.33178            -2.93402
-2.0721             3.33178            -2.93402
-2.0721             3.33178            -2.93402
-2.0721             3.33178            -2.93402
-2.0721             3.33178            -2.93402
1.48951             3.13565            -3.13035
3.73221             3.30705            -3.04093
3.73221             3.30705            -3.04093
4.54437             4.00124            -5.85735
4.54437             4.00124            -5.85735
4.54437             4.00124            -5.85735
4.52785              5.3342            -2.85095
4.85927             2.82716            -2.76512
4.85927             2.82716            -2.76512
4.19552             3.47794            -3.32238
3.12519             3.92319            -2.77167
3.12519             3.92319            -2.77167
1.62603           -0.192242             -2.3213
1.62603           -0.192242             -2.3213
1.62603           -0.192242             -2.3213
1.51653            -1.80201            -2.07465
1.75206           -0.791671            -1.41968
1.75206           -0.791671            -1.41968
1.10114             1.69416            -3.37041
1.82508             1.06134            -2.34255
1.85785            -1.25785            -3.77455
2.00621            -2.71098            -2.49383
3.55114            -1.61549             -3.5294
3.55114            -1.61549             -3.5294
3.55114            -1.61549             -3.5294
2.36927           -0.770832            -3.94647
2.36927           -0.770832            -3.94647
2.36927           -0.770832            -3.94647
0.102117            -1.34969            -4.65095
0.102117            -1.34969            -4.65095
1.06953            -3.00532            -2.57558
1.73708             -1.7256            -1.90067
1.73708             -1.7256            -1.90067
1.42927            -2.74359            -2.43159
1.42927            -2.74359            -2.43159
1.42927            -2.74359            -2.43159
-2.06409            -2.67542            -2.44789
-0.387519            -1.48294           -0.589701
-0.731597            -1.81641            -4.17762
-0.106017           -0.464058              -5.049
0.985046             2.31622            -5.50918
0.985046             2.31622            -5.50918
0.985046             2.31622            -5.50918
1.25791           -0.683879            -5.86871
2.29795            0.862113            -2.60028
2.29795            0.862113            -2.60028
0.124028            -2.34842            -6.45144
-1.41674            -2.07922            -4.10978
-0.116951           -0.864673            -5.06532
-1.49691            -1.36013             -8.2133
1.04798            -0.11753            -8.29451
1.04798            -0.11753            -8.29451
2.64897          -0.0970622            -7.39044
4.20042            -1.68434            -4.02698
4.20042            -1.68434            -4.02698
4.20042            -1.68434            -4.02698
3.61437            -3.11417            -3.59634
1.05129            -4.15265            -6.33436
3.2496            -6.01734            -6.46832
3.6396            -8.62095            -7.73407
3.6396            -8.62095            -7.73407
3.6396            -8.62095            -7.73407
5.983            -9.12334            -6.78044
5.983            -9.12334            -6.78044
5.983            -9.12334            -6.78044
7.44364            -6.43949            -6.98836
7.44364            -6.43949            -6.98836
6.46354            -7.31835            -6.32429
7.02182            -6.84693            -8.13115
7.02182            -6.84693            -8.13115
7.75607             -8.5018            -6.37321
7.10682            -8.95127            -5.15697
7.5692            -9.03058            -6.29285
7.5692            -9.03058            -6.29285
7.5692            -9.03058            -6.29285
7.5692            -9.03058            -6.29285
7.5692            -9.03058            -6.29285
7.5692            -9.03058            -6.29285
7.5692            -9.03058            -6.29285
7.5692            -9.03058            -6.29285
7.5692            -9.03058            -6.29285
7.72957            -6.63686             -6.0241
4.41423            -6.05689            -2.53834
4.41423            -6.05689            -2.53834
4.41423            -6.05689            -2.53834
5.3138            -5.32652            -2.09809
5.3138            -5.32652            -2.09809
4.7793            -7.20022            -4.13302
4.7793            -7.20022            -4.13302
4.7793            -7.20022            -4.13302
4.7793            -7.20022            -4.13302
5.72717            -6.64201            -6.45217
5.72525            -3.07472            -7.57412
5.72525            -3.07472            -7.57412
6.73379            -4.11226            -5.35241
6.73379            -4.11226            -5.35241
6.73379            -4.11226            -5.35241
6.73379            -4.11226            -5.35241
5.20296            -3.36412            -7.00476
5.20296            -3.36412            -7.00476
5.20296            -3.36412            -7.00476
5.20296            -3.36412            -7.00476
5.20296            -3.36412            -7.00476
4.50517             -1.7499            -8.89892
3.19689            0.959428            -9.56856
2.7296             3.23449            -8.94121
3.64454             3.90725            -8.47885
3.64454             3.90725            -8.47885
4.89949             3.25241            -5.80466
2.33147             4.50322            -6.01068
3.11658             2.71088            -4.63521
3.11658             2.71088            -4.63521
2.85204             4.16498            -5.41003
2.85204             4.16498            -5.41003
2.45073             2.96511            -5.15096
2.45073             2.96511            -5.15096
4.75512             1.27313            -3.32469
3.91993             1.52228            -2.49127
2.65361              1.1039             1.26252
2.00945             1.48725             1.85932
2.00945             1.48725             1.85932
1.27275             1.97937             2.00142
1.27275             1.97937             2.00142
1.27275             1.97937             2.00142
1.27275             1.97937             2.00142
1.27275             1.97937             2.00142
1.27275             1.97937             2.00142
1.27275             1.97937             2.00142
1.27275             1.97937             2.00142
1.27275             1.97937             2.00142
0.0769496             1.89687             2.11761
0.0769496             1.89687             2.11761
0.0769496             1.89687             2.11761
-0.365294             1.89189             1.60292
-0.365294             1.89189             1.60292
-1.72649             2.41871              4.0317
-1.72649             2.41871              4.0317
-1.4774             1.44406             3.31024
-1.4774             1.44406             3.31024
1.95847             2.15462             2.15391
1.95847             2.15462             2.15391
2.58151             3.22637             -1.2801
3.8734             1.59496            -1.99241
6.98822             1.25087            -1.52984
5.29462            -1.64963            -1.07559
5.29462            -1.64963            -1.07559
5.29462            -1.64963            -1.07559
5.29462            -1.64963            -1.07559
5.29462            -1.64963            -1.07559
4.54323            -1.15432            -3.37354
4.27954            -2.62446            -3.25623
4.27954            -2.62446            -3.25623
4.27954            -2.62446            -3.25623
3.09902            -3.44071            -3.02537
3.09902            -3.44071            -3.02537
4.55504            -3.19431            -3.09598
5.1608             -2.2561            -5.16712
5.1608             -2.2561            -5.16712
4.3547            -1.28533            -4.83215
2.21292           -0.116767             -6.9553
2.21292           -0.116767             -6.9553
2.21292           -0.116767             -6.9553
2.21292           -0.116767             -6.9553
3.60042            -1.64118            -7.70213
3.60042            -1.64118            -7.70213
3.1263           -0.387818            -4.42521
3.1263           -0.387818            -4.42521
3.1263           -0.387818            -4.42521
3.1263           -0.387818            -4.42521
3.1263           -0.387818            -4.42521
3.1263           -0.387818            -4.42521
2.47374            0.215172             -4.2978
0.0841485            -1.07025            -3.43446
-1.14774            -3.55822            -2.80533
-1.39251            -2.11023            -5.56224
-0.594791            -2.84154            -6.64536
-2.50459            -2.92933            -5.88827
-2.50459            -2.92933            -5.88827
-3.86167            -1.90819            -4.12076
-1.94879            0.669929              -4.935
-1.94879            0.669929              -4.935
-0.962792             1.75837            -2.64445
-0.962792             1.75837            -2.64445
-0.797699             2.47293            -2.73532
-1.44839             1.05446            -3.66834
-1.44839             1.05446            -3.66834
-1.44839             1.05446            -3.66834
-1.44839             1.05446            -3.66834
-1.44839             1.05446            -3.66834
-0.581334            -1.25689            -4.65947
-0.581334            -1.25689            -4.65947
-0.581334            -1.25689            -4.65947
0.0738008             -2.8906            -3.93211
1.60063            -4.54604              -2.687
3.62522            -1.80751            -3.57987
3.91369            -1.98711            -4.28835
3.91369            -1.98711            -4.28835
3.91369            -1.98711            -4.28835
1.28325            -3.73111            -4.12301
1.28325            -3.73111            -4.12301
1.28325            -3.73111            -4.12301
-1.37874            -4.67858            -5.91399
-2.70272            -2.34129            -4.50943
-2.70272            -2.34129            -4.50943
-4.33752            -1.85882            -5.39765
-4.00785            -1.90158            -2.91024
-4.00785            -1.90158            -2.91024
-4.00785            -1.90158            -2.91024
-2.49682            -1.56043            -2.87683
-1.96997            -1.43273              -1.316
-0.653889            -1.29456             0.82571
-0.653889            -1.29456             0.82571
-0.653889            -1.29456             0.82571
-0.653889            -1.29456             0.82571
-0.653889            -1.29456             0.82571
-0.707087           -0.458215             3.93111
-0.707087           -0.458215             3.93111
-1.89408            -1.06956             2.19073
-2.64603               -0.36             2.34761
-1.29103             2.69522             5.60374
-0.909841             1.25436             6.50319
-0.909841             1.25436             6.50319
-0.909841             1.25436             6.50319
-2.14303             1.21736               4.358
-3.57519             1.55111             7.09925
-3.95438           -0.788055              6.4863
-2.8367             -2.2128               7.459
-2.37956            -4.24886             9.34319
-3.01937            -6.48863             7.26136
-1.22007            -5.90244             3.31311
-1.59494            -5.42802             7.14744
-0.188729            -1.88365             8.29481
-2.44            -1.06753             6.46913
-1.07897            0.531556             5.52195
-1.07897            0.531556             5.52195
-1.07897            0.531556             5.52195
-1.07897            0.531556             5.52195
-1.67927             1.20127             4.52435
0.242693             2.84962             3.28847
0.242693             2.84962             3.28847
0.242693             2.84962             3.28847
0.242693             2.84962             3.28847
0.242693             2.84962             3.28847
-1.75633             1.86049             1.77163
-1.75633             1.86049             1.77163
-1.75633             1.86049             1.77163
-1.75633             1.86049             1.77163
-1.75633             1.86049             1.77163
-1.75633             1.86049             1.77163
-2.59594             2.70813             1.61449
-3.28833             4.12539             2.15607
-3.28833             4.12539             2.15607
-2.74379             5.96161             3.49851
-2.74379             5.96161             3.49851
-2.74379             5.96161             3.49851
-2.02721             6.83362             7.17164
-2.4948             5.09189             8.12096
-2.38941             5.77954              8.3395
-2.38941             5.77954              8.3395
-2.18942              2.6085             6.70381
-1.16881             3.53311             3.04243
-0.840823             3.31692              0.9707
2.05024            -2.11348            -2.85293
0.943606            -1.20193            -3.42076
0.943606            -1.20193            -3.42076
2.06231              2.1683            -4.80886
2.06231              2.1683            -4.80886
2.06231              2.1683            -4.80886
2.06231              2.1683            -4.80886
2.06231              2.1683            -4.80886
2.63517             5.91146            -4.56048
0.568623             4.76419            -5.46524
0.568623             4.76419            -5.46524
-0.283517             3.81491             -5.7636
0.298139             1.92582             -5.4398
0.298139             1.92582             -5.4398
-2.42871             3.80308            -5.80516
-2.42871             3.80308            -5.80516
-3.99311             2.75855            -6.55496
-3.99311             2.75855            -6.55496
-3.2743            0.521756            -7.47204
-3.2743            0.521756            -7.47204
-3.62057            -2.34029            -6.26224
-3.62057            -2.34029            -6.26224
-2.46328            -4.08939            -7.02362
-2.53943            -3.43269             -4.9885
-3.38299            -1.61065            -7.18514
-2.55397            -1.95561            -7.70179
-2.58114            -2.77662            -8.28172
0.422981            -2.95638            -3.85287
0.422981            -2.95638            -3.85287
-2.55082            -5.20392            -6.15483
-3.86334            -5.30398            -5.08912
-1.79614            -2.45493            -4.58888
-2.17394            -5.92125            -3.44246
-0.631829            -7.39713            -4.73804
-0.631829            -7.39713            -4.73804
-0.631829            -7.39713            -4.73804
-0.762193            -7.07078             -1.7588
1.05964             -5.9723             -1.9062
0.841721            -4.46993            -1.99313
0.841721            -4.46993            -1.99313
0.841721            -4.46993            -1.99313
0.841721            -4.46993            -1.99313
0.841721            -4.46993            -1.99313
1.53635            -2.11199            -1.26776
-0.266638            -1.45959           -0.912121
-0.266638            -1.45959           -0.912121
-0.266638            -1.45959           -0.912121
-0.266638            -1.45959           -0.912121
-0.266638            -1.45959           -0.912121
-0.266638            -1.45959           -0.912121
0.108433             -2.6282            -1.57815
2.50006           -0.860505            -4.45912
-0.335217            -2.70285            -3.59848
-0.998281             -3.1036            -3.36817
-0.998281             -3.1036            -3.36817
-1.23143            -1.68022            -2.30527
-1.23143            -1.68022            -2.30527
-1.23143            -1.68022            -2.30527
-1.23143            -1.68022            -2.30527
-4.48151           -0.142394            -2.06178
-4.04327            -1.22312            -1.82845
-3.23165            0.075549            -3.73645
-1.3664             1.05463            -1.32414
-2.89027             2.82209            -2.97228
-2.89027             2.82209            -2.97228
-1.71817             1.62505            -2.05949
-1.71817             1.62505            -2.05949
-0.554157            0.200112            -1.77817
-0.0674755            0.233627           -0.655501
-3.08198             1.23171             2.74356
-3.08198             1.23171             2.74356
-3.08198             1.23171             2.74356
-3.08198             1.23171             2.74356
-3.58348           -0.839729             1.61634
-3.58348           -0.839729             1.61634
-2.00024           -0.294195            0.560414
-0.93439            0.880197             3.40049
0.459546             3.02923             1.69969
-3.09923             2.16296              1.6223
-4.87724             2.39626             2.58805
-4.05581            0.257257             3.09732
-2.38525             1.51735             3.54009
-1.45786            0.782584             5.32717
-1.45786            0.782584             5.32717
-0.385209           -0.490549             7.45705
-0.921021            -1.96466             7.43516
-1.98246            0.133865             4.70644
1.58666            0.415223             2.64231
1.58666            0.415223             2.64231
2.96184             2.14439             1.75852
1.01144             4.22275             1.65078
2.08821             3.04644             3.05245
1.79391             5.45744             3.50248
1.79391             5.45744             3.50248
2.50339             2.39627               3.933
3.62811             3.75314             4.30557
3.62811             3.75314             4.30557
2.27901             2.68134             5.28109
2.27901             2.68134             5.28109
2.27901             2.68134             5.28109
0.421501             1.74473             5.07877
0.421501             1.74473             5.07877
0.421501             1.74473             5.07877
0.915578              3.4775             5.24475
0.943422            -0.84971             4.77225
-1.18313            -2.04842              3.9059
-1.18313            -2.04842              3.9059
-0.491586            -2.46042             2.03422
0.358249           -0.797414             1.61986
0.358249           -0.797414             1.61986
0.506717            -2.44152             1.53773
-2.01121            0.566576             2.41628
-2.01121            0.566576             2.41628
-2.01121            0.566576             2.41628
-0.631943            0.690226             2.41792
-0.631943            0.690226             2.41792
-0.631943            0.690226             2.41792
-0.631943            0.690226             2.41792
-0.631943            0.690226             2.41792
-0.631943            0.690226             2.41792
1.99075             1.05023              4.4695
1.99075             1.05023              4.4695
1.94477             1.87462             4.51047
1.94477             1.87462             4.51047
1.94477             1.87462             4.51047
2.80551             1.49524             1.93288
0.687341             2.71747             3.42038
0.687341             2.71747             3.42038
1.27329             3.38059             3.67034
1.27329             3.38059             3.67034
1.27329             3.38059             3.67034
-0.237607             2.47619             4.12316
-0.237607             2.47619             4.12316
-0.237607             2.47619             4.12316
-0.237607             2.47619             4.12316
-0.237607             2.47619             4.12316
-0.237607             2.47619             4.12316
-0.237607             2.47619             4.12316
-0.439347             1.97673             2.40902
-0.439347             1.97673             2.40902
-0.439347             1.97673             2.40902
2.53722          -0.0794073             2.66559
2.53722          -0.0794073             2.66559
2.53722          -0.0794073             2.66559
2.41451            -1.29487             3.85698
2.41451            -1.29487             3.85698
2.41451            -1.29487             3.85698
2.41451            -1.29487             3.85698
1.55753            -1.63669             4.37713
1.55753            -1.63669             4.37713
2.30116           -0.827476             5.29696
2.70128            -2.44461             4.64512
3.44928            -3.04493             4.79905
1.51599            -1.39825             3.18745
-0.899302             1.43787             2.64788
-0.899302             1.43787             2.64788
-0.899302             1.43787             2.64788
-1.30405            -2.15805             2.49438
-1.30405            -2.15805             2.49438
0.059789            -1.84173              2.0888
1.40543            -1.41974             1.62634
1.40543            -1.41974             1.62634
1.40543            -1.41974             1.62634
-1.50373           -0.732657             3.38218
-1.50373           -0.732657             3.38218
-1.50373           -0.732657             3.38218
-0.421342            -1.24731              3.5977
-0.0976722            -1.13468             4.06166
-0.0976722            -1.13468             4.06166
-0.0976722            -1.13468             4.06166
-0.0976722            -1.13468             4.06166
0.68388            -1.44584             3.83539
0.68388            -1.44584             3.83539
-2.85751             1.06743             2.72286
-2.85751             1.06743             2.72286
-2.02659            0.485835             1.52858
-1.78232           -0.691942             1.01549
-1.78232           -0.691942             1.01549
1.34674            0.774821             4.77943
0.952351             1.73753             4.04503
0.952351             1.73753             4.04503
1.37418             1.07776             3.26713
-0.493978             2.41127             2.39248
-0.493978             2.41127             2.39248
-0.493978             2.41127             2.39248
-0.434238              3.2873             3.00062
-0.434238              3.2873             3.00062
-1.34999            0.594128            -1.03068
-1.34999            0.594128            -1.03068
-2.30953           -0.683398             -1.5414
-2.6077           -0.327776             1.16658
0.142131             1.01847            0.509461
-0.192155             1.42423             1.91361
-0.192155             1.42423             1.91361
-0.192155             1.42423             1.91361
-0.192155             1.42423             1.91361
-0.192155             1.42423             1.91361
0.758957           -0.249643             1.96845
0.758957           -0.249643             1.96845
1.41536            0.762652              4.2394
3.68647           -0.546575             1.58903
0.786499            0.945814             2.05359
-0.570855            0.674957            -1.28928
-0.570855            0.674957            -1.28928
-0.570855            0.674957            -1.28928
-0.570855            0.674957            -1.28928
0.738044            -1.06889             1.99348
1.93057            0.877667           -0.547631
1.93057            0.877667           -0.547631
5.27295            -2.02071            -4.26448
5.27295            -2.02071            -4.26448
5.27295            -2.02071            -4.26448
5.62332           -0.905958            -2.38227
4.72387            -2.58428            -3.20313
4.79737            -1.69275            -3.73344
2.94832            -1.28148            -3.29679
2.94832            -1.28148            -3.29679
2.87117             -2.0681            -3.89009
1.42867             -3.1095            -6.83978
1.42867             -3.1095            -6.83978
0.844277            -5.55494            -3.44847
3.15392            -6.01837            -3.51333
3.15392            -6.01837            -3.51333
3.15392            -6.01837            -3.51333
3.15392            -6.01837            -3.51333
3.03474            -5.59919            -4.21629
6.09609            -4.34449            -5.91722
4.26975           -0.227588            -2.83748
4.26975           -0.227588            -2.83748
4.26975           -0.227588            -2.83748
4.26975           -0.227588            -2.83748
4.26975           -0.227588            -2.83748
5.32316            -2.37913            -2.85848
4.44867            -4.17218            -1.77244
3.6847            -5.19616            -2.05523
3.6847            -5.19616            -2.05523
5.22204            -3.19989             -3.8737
1.48064             -5.2383            -4.82081
1.48064             -5.2383            -4.82081
-0.079082            -5.19987            -5.14861
-0.079082            -5.19987            -5.14861
-0.079082            -5.19987            -5.14861
-1.00754            -2.98832            -6.85898
-1.00754            -2.98832            -6.85898
-2.10714              -3.852            -4.07922
-1.67836            -3.09238            -5.29122
-1.67836            -3.09238            -5.29122
1.09521            -2.32723             -3.3184
1.09521            -2.32723             -3.3184
1.09521            -2.32723             -3.3184
-0.912206            -1.50162            -2.91427
-2.69725           -0.533094            -1.89944
-2.69725           -0.533094            -1.89944
-2.69725           -0.533094            -1.89944
-2.69725           -0.533094            -1.89944
-2.51606            0.975868            0.755988
-2.51606            0.975868            0.755988
-2.51606            0.975868            0.755988
-2.51606            0.975868            0.755988
0.380022            0.745413             1.59456
0.380022            0.745413             1.59456
0.380022            0.745413             1.59456
0.380022            0.745413             1.59456
1.33729            0.746393             3.48983
-0.885203            0.893353             2.33724
-0.885203            0.893353             2.33724
-0.885203            0.893353             2.33724
-0.885203            0.893353             2.33724
-3.13013            0.578493             2.21752
-3.13013            0.578493             2.21752
-1.02182             1.55246             2.09033
-1.02182             1.55246             2.09033
-1.02182             1.55246             2.09033
-1.02182             1.55246             2.09033
-1.02182             1.55246             2.09033
-1.02182             1.55246             2.09033
-1.10782             1.27326              1.1818
-1.10782             1.27326              1.1818
-1.10782             1.27326              1.1818
0.0207681            -3.79931             6.19766
0.650297            -2.74429             4.48106
0.650297            -2.74429             4.48106
0.650297            -2.74429             4.48106
0.650297            -2.74429             4.48106
1.40807           -0.492522             4.24272
3.94153            -1.78011             4.52996
4.66848             2.01593              3.7653
2.82011             4.07979             5.19903
2.82011             4.07979             5.19903
3.39191             1.89089             4.12166
3.37508            0.617054              5.1032
3.37508            0.617054              5.1032
1.9275            -1.11863             5.21893
1.30051             2.21345             6.61723
1.30051             2.21345             6.61723
2.20496             1.84848             4.65724
1.94209             1.10175             1.06494
1.98385             1.03107             3.02696
2.17927           -0.284796             1.98434
2.17927           -0.284796             1.98434
3.08468          -0.0165342             2.01308
1.2765             3.15949             1.09568
2.05537             3.86812             3.26716
3.14619             2.66844             3.98143
3.14619             2.66844             3.98143
0.956244             1.55352             3.85014
0.956244             1.55352             3.85014
0.956244             1.55352             3.85014
-1.5871            0.607311             3.34221
-1.5871            0.607311             3.34221
-1.5871            0.607311             3.34221
-2.38427             1.85332             2.86596
-1.14796             2.87017             3.31088
-1.63602             2.05903             2.86935
-2.74612            0.149666             2.90936
-3.58141            -3.30247             6.01506
-3.58141            -3.30247             6.01506
-0.502525            -2.90655             3.77408
-0.502525            -2.90655             3.77408
-2.34861           -0.672139             3.71034
-2.34861           -0.672139             3.71034
-2.34861           -0.672139             3.71034
-2.34861           -0.672139             3.71034
0.19427            -1.61587             3.70921
0.19427            -1.61587             3.70921
0.19427            -1.61587             3.70921
0.19427            -1.61587             3.70921
0.19427            -1.61587             3.70921
0.19427            -1.61587             3.70921
0.19427            -1.61587             3.70921
0.19427            -1.61587             3.70921
0.19427            -1.61587             3.70921
0.19427            -1.61587             3.70921
0.392245            -3.33737             4.19434
0.392245            -3.33737             4.19434
0.392245            -3.33737             4.19434
0.392245            -3.33737             4.19434
0.392245            -3.33737             4.19434
0.392245            -3.33737             4.19434
0.392245            -3.33737             4.19434
0.392245            -3.33737             4.19434
0.392245            -3.33737             4.19434
0.392245            -3.33737             4.19434
0.98712           -0.670753            0.721129
0.216494            -1.03894            0.975155
0.216494            -1.03894            0.975155
0.216494            -1.03894            0.975155
0.492629            0.152154             2.88681
-0.377408             1.06346             3.41597
-0.512369             2.20346              3.3204
-1.82004             4.11874             1.62655
-1.82004             4.11874             1.62655
-1.82004             4.11874             1.62655
-1.82004             4.11874             1.62655
-0.824756             2.18733             5.77736
-0.824756             2.18733             5.77736
-0.824756             2.18733             5.77736
-0.824756             2.18733             5.77736
-2.20667             1.51402             4.77451
-2.20667             1.51402             4.77451
-2.20667             1.51402             4.77451
-2.20667             1.51402             4.77451
-0.370622           -0.432193             5.25231
-0.370622           -0.432193             5.25231
-0.370622           -0.432193             5.25231
-0.370622           -0.432193             5.25231
2.14971           -0.444848             5.15801
2.97518          -0.0312538             4.92045
4.07805           -0.479885             4.51502
4.07805           -0.479885             4.51502
3.66663            -1.13152             2.62816
3.66663            -1.13152             2.62816
1.13156             -3.1355             2.20728
1.13156             -3.1355             2.20728
2.28302             -3.9154            -1.20274
2.28302             -3.9154            -1.20274
2.28302             -3.9154            -1.20274
1.19442            -3.36642            0.551137
1.4073            -1.40001             1.24952
-0.89945            -1.03525             1.97916
0.835497           -0.769948             1.24404
0.835497           -0.769948             1.24404
0.205076            -2.98358             4.57483
0.205076            -2.98358             4.57483
0.65517            -3.46978              5.5531
0.65517            -3.46978              5.5531
-0.500225            -4.50767             4.89466
-0.500225            -4.50767             4.89466
-0.667167             -2.2467             3.67348
0.736099             -2.0738             3.85095
0.150664            0.128466             1.39864
0.150664            0.128466             1.39864
0.932898            0.138525               1.895
0.118861           -0.955771             1.99291
0.118861           -0.955771             1.99291
0.118861           -0.955771             1.99291
0.118861           -0.955771             1.99291
0.118861           -0.955771             1.99291
0.118861           -0.955771             1.99291
0.118861           -0.955771             1.99291
-2.28851            -0.63454             2.70295
-0.897809            -2.22336             1.34953
-0.897809            -2.22336             1.34953
-0.491804           -0.275901            0.499872
-1.33537            -1.52376             1.14216
-2.53974           -0.319686             3.02097
-2.53974           -0.319686             3.02097
-2.53974           -0.319686             3.02097
-2.14196            0.700566             3.32393
-0.610181            -2.04459             2.05915
-1.16251            0.656187           -0.960728
-1.64303           -0.498306            -1.19707
-1.64303           -0.498306            -1.19707
-1.64303           -0.498306            -1.19707
-1.64303           -0.498306            -1.19707
-2.36741            0.865507            -4.27696
-3.06611             0.70178            -2.14651
-2.91988            0.851662            -2.50323
-4.31774            -1.30941            -2.61482
-4.47863             1.25295            -3.24525
-3.05926              3.2014            -3.91714
-2.81843             1.69212            -2.14466
1.15323            0.432057            -3.93212
-0.607454             1.28312            -6.50729
-0.607454             1.28312            -6.50729
-0.386995            0.436861            -8.20841
-0.386995            0.436861            -8.20841
-0.386995            0.436861            -8.20841
1.87298            0.581054            -6.87321
1.87298            0.581054            -6.87321
0.179311            0.535965            -9.14358
0.179311            0.535965            -9.14358
1.35411           -0.863862            -8.22467
1.72495          -0.0208135            -8.45312
1.72495          -0.0208135            -8.45312
1.72495          -0.0208135            -8.45312
-1.32794             0.89546            -5.30391
1.52994            0.105077            -5.15336
1.52994            0.105077            -5.15336
3.02823             1.84729            -3.29509
2.52798             2.00401            -3.21556
2.52798             2.00401            -3.21556
2.81954            0.301589            -3.73399
2.81954            0.301589            -3.73399
1.60734            -2.74282            -2.59409
-0.582154            -2.97183            -2.26168
-0.582154            -2.97183            -2.26168
-0.205358            -2.30623            -4.07347
-0.205358            -2.30623            -4.07347
-0.205358            -2.30623            -4.07347
-0.205358            -2.30623            -4.07347
-1.1574            -1.25212            -3.63571
-1.1574            -1.25212            -3.63571
1.55256            -1.23447            -2.52653
1.55256            -1.23447            -2.52653
-0.747375           -0.615198            -3.85647
-0.749414             2.56802             -4.8605
-0.749414             2.56802             -4.8605
-0.749414             2.56802             -4.8605
1.30305          -0.0289649            -4.93065
1.30305          -0.0289649            -4.93065
-0.0939295            -1.83196            -1.31923
-0.545227            -3.27942            -4.99232
0.230502            -2.93949            -4.76937
0.230502            -2.93949            -4.76937
0.230502            -2.93949            -4.76937
-1.37288            0.587604            -6.21102
-0.717757               4.077            -3.72708
-1.28499             3.56805            -4.00249
-1.28499             3.56805            -4.00249
-1.28499             3.56805            -4.00249
-1.72961             4.37173            -3.83628
-0.828594             4.80763            -3.06872
-0.828594             4.80763            -3.06872
-2.31561             2.24856             -2.7938
-2.63646            0.737591            -2.62767
-2.63646            0.737591            -2.62767
-0.829095            -1.60388            -3.31024
-0.829095            -1.60388            -3.31024
-0.829095            -1.60388            -3.31024
-0.829095            -1.60388            -3.31024
-0.829095            -1.60388            -3.31024
1.36009             1.00156            -3.47565
1.82825            -0.30083            -2.03134
1.82825            -0.30083            -2.03134
1.82825            -0.30083            -2.03134
2.43083            -1.46028            -2.52418
0.557306           -0.641331           -0.851388
1.44933            -3.75345            -2.42279
-0.334244            -1.80076            -2.67138
-0.40153            -1.81914            -2.53611
0.682796            -1.93778              1.8729
0.682796            -1.93778              1.8729
0.682796            -1.93778              1.8729
-2.77862            -3.38553             3.32026
-2.77862            -3.38553             3.32026
-0.517036            -3.74124             2.14134
-0.943067            -1.60492              3.1108
-0.943067            -1.60492              3.1108
-0.943067            -1.60492              3.1108
-0.343317             1.34008             2.32229
-0.525082            0.655611             5.03441
-0.525082            0.655611             5.03441
-1.45361           -0.981797             2.53866
-1.45361           -0.981797             2.53866
-1.45361           -0.981797             2.53866
-1.45361           -0.981797             2.53866
1.07758             2.49181             2.35473
0.846046             3.42011             3.57031
1.1851             3.39016             4.29637
1.1585           -0.812094             1.53745
1.73616           0.0316045             2.83992
1.20676             1.43051             2.48277
1.50361             2.30444             3.88739
0.297663          -0.0690135             4.17237
-0.503566             1.03303             1.15207
-0.503566             1.03303             1.15207
-0.503566             1.03303             1.15207
-0.398428             1.83398            -2.23826
-0.398428             1.83398            -2.23826
-0.475491           -0.357743            -1.28987
-0.475491           -0.357743            -1.28987
-0.475491           -0.357743            -1.28987
-0.490443            0.606203            -3.07737
-0.490443            0.606203            -3.07737
-0.490443            0.606203            -3.07737
-0.253069             3.98196            -1.24624
1.52354             4.65847             3.92222
1.52354             4.65847             3.92222
1.52354             4.65847             3.92222
1.30905              2.5357             4.55503
1.30905              2.5357             4.55503
0.922755             2.73173             3.18303
0.900529             3.02492             3.29418
-0.899926             1.78301             4.60586
-2.35637             1.07642             2.65988
-2.40066             2.86282             2.61759
-2.40066             2.86282             2.61759
-1.0022             1.71245             2.03885
0.918363           -0.202338             4.02312
0.918363           -0.202338             4.02312
-0.0482616            -1.04187            -1.11442
-0.0482616            -1.04187            -1.11442
-0.243919           -0.494292            -2.06561
-0.243919           -0.494292            -2.06561
1.05452            -1.11265            -3.71122
0.00668421            0.892643            -3.61434
-1.29567              2.5932             -2.2608
0.347568             1.86142             -2.9036
-0.533212           -0.246798            -3.35659
-1.21675            -1.05386            -5.82923
-1.21675            -1.05386            -5.82923
-2.62015            -1.21287            -3.83505
-2.62015            -1.21287            -3.83505
1.09912            -1.96143            -2.81266
-0.236531           -0.428888            -3.88547
-0.236531           -0.428888            -3.88547
-0.236531           -0.428888            -3.88547
-0.236531           -0.428888            -3.88547
-0.4568            0.640717            -2.34078
-0.4568            0.640717            -2.34078
-0.4568            0.640717            -2.34078
-1.31327           -0.939693            -2.09012
-1.31327           -0.939693            -2.09012
-0.826974           0.0659189             -2.9525
-0.826974           0.0659189             -2.9525
-0.826974           0.0659189             -2.9525
0.672923           -0.751535            -3.72963
0.672923           -0.751535            -3.72963
0.672923           -0.751535            -3.72963
-1.22026           -0.594175            -7.64625
-2.6274             1.77568            -6.34097
-2.6274             1.77568            -6.34097
-1.96036            0.739767            -5.12616
-1.08311           -0.269621            -5.42521
-1.08311           -0.269621            -5.42521
0.363928            -1.22244            -3.48336
0.363928            -1.22244            -3.48336
0.363928            -1.22244            -3.48336
-1.22052            -1.15457            -5.06415
-1.82014            0.522686            -2.59224
-1.82014            0.522686            -2.59224
-1.82014            0.522686            -2.59224
-1.82014            0.522686            -2.59224
1.1277             1.88853            -2.07645
1.1277             1.88853            -2.07645
-0.921509              3.0037            -3.87334
1.48817             1.14396            -4.22512
1.48817             1.14396            -4.22512
-0.0321893            0.897904            -5.00176
1.03451            0.783914            -5.04772
1.03451            0.783914            -5.04772
1.13034              0.6872            -5.50223
2.28584             1.51909            -6.17009
2.28584             1.51909            -6.17009
0.979923             1.21943            -6.77821
0.979923             1.21943            -6.77821
0.913745             1.37875            -3.82515
1.20313             1.17903            -5.46786
1.49793            -1.08634            -5.36402
1.49793            -1.08634            -5.36402
1.59022            -2.92155            -2.72143
-0.692244            -2.76938           -0.746558
-2.77739           -0.714354            -2.69632
-2.77739           -0.714354            -2.69632
-2.43804            -1.42187            -2.57681
-2.43804            -1.42187            -2.57681
-0.418374            0.171353            -2.68537
-0.736879            -1.48059            -3.07141
-0.736879            -1.48059            -3.07141
-0.736879            -1.48059            -3.07141
-0.736879            -1.48059            -3.07141
-0.736879            -1.48059            -3.07141
-0.736879            -1.48059            -3.07141
-1.52636            -2.16753            -3.66206
-1.52636            -2.16753            -3.66206
-1.52636            -2.16753            -3.66206
-0.939928           0.0608404            -2.15551
-0.23746            0.142917            -4.68342
-0.23746            0.142917            -4.68342
2.05161            0.497132             -2.2681
2.05161            0.497132             -2.2681
2.05161            0.497132             -2.2681
2.05161            0.497132             -2.2681
2.05161            0.497132             -2.2681
0.0434523            -1.43966            -1.97466
0.0434523            -1.43966            -1.97466
-1.06174            -3.91094            -2.45621
-0.263197            0.870959            -5.24978
-0.263197            0.870959            -5.24978
1.01395           -0.624726            -4.61218
-0.588003            -3.13409            -2.47537
-2.70155             -3.1084             -2.3746
-2.74193            -4.84781            -3.65488
-1.62479            -5.60162             -4.6824
-1.72795            -4.71542             -1.4951
-0.51855            -4.40656            -1.83247
-0.51855            -4.40656            -1.83247
-0.51855            -4.40656            -1.83247
-0.339469            -5.29628             -3.1327
0.715012            -2.93396            -3.72802
2.63067            -1.46329            -2.92574
2.63067            -1.46329            -2.92574
2.63067            -1.46329            -2.92574
1.82215            0.793914            -3.09807
1.09196             1.52199            -4.68099
-0.31539             2.09543           -0.927848
-0.31539             2.09543           -0.927848
-0.120841            0.497447            0.261842
-0.201989             1.61996             1.90354
-0.353659              2.6107             1.99798
-0.353659              2.6107             1.99798
-0.664532            0.535878             2.93128
-0.664532            0.535878             2.93128
0.877426             0.19523             1.16552
0.877426             0.19523             1.16552
-1.85962            -2.00226             2.23321
-1.85962            -2.00226             2.23321
0.740727           -0.393311             4.13284
0.18726           -0.192388             3.49554
-2.78925            -1.47838             4.99548
-2.78925            -1.47838             4.99548
-2.78925            -1.47838             4.99548
-2.78925            -1.47838             4.99548
-3.42018            -2.58239             4.14907
-3.42018            -2.58239             4.14907
-2.10656           -0.487739             5.84364
-2.10656           -0.487739             5.84364
-1.89902             -1.1122             6.66857
-1.89902             -1.1122             6.66857
-3.07942            -2.60539             5.22247
-2.39704            -2.19046             6.83403
-2.39704            -2.19046             6.83403
-3.86294            0.136998             7.56978
-3.86294            0.136998             7.56978
-3.86294            0.136998             7.56978
-3.86294            0.136998             7.56978
-3.86294            0.136998             7.56978
-4.10696           -0.504151             6.38975
0.269957            -2.02564             4.94541
0.269957            -2.02564             4.94541
-0.284104           -0.673518             6.79248
-0.284104           -0.673518             6.79248
-1.12528            -2.22447             5.40149
1.32593           -0.161427             5.69894
0.649713            -1.37695             5.01478
0.341871           -0.113507             5.66492
1.41271           -0.338924             6.21539
0.472697            -2.32576             5.35132
0.472697            -2.32576             5.35132
0.472697            -2.32576             5.35132
0.754759           -0.131055             6.57276
3.1625            0.637122             6.77337
3.96015            0.797043             6.73434
1.48066             1.47694             7.62154
-0.325915             2.52744             7.28512
0.229618            0.816473             7.24981
-2.02507            -1.33403             6.51917
-2.02507            -1.33403             6.51917
-2.02507            -1.33403             6.51917
-0.752692            -2.82648             6.88467
-0.752692            -2.82648             6.88467
-0.752692            -2.82648             6.88467
-1.82047            -3.74909             4.64961
-1.1712            -4.58012             6.32111
-1.34023            -5.61853             6.73976
0.139062            -3.13222             4.63427
0.139062            -3.13222             4.63427
-0.413005            -2.61828              2.8431
1.83275           -0.652386             2.58017
1.83275           -0.652386             2.58017
1.83275           -0.652386             2.58017
1.83275           -0.652386             2.58017
-1.62894          -0.0160706             5.19903
-1.52811           -0.465785             2.40199
-1.36457           -0.198765             3.17585
0.30868            -1.94603             1.94646
1.15075            -1.36319            -1.17024
-0.152127            -1.09901            -4.00973
0.622885           -0.103215            -4.61578
0.622885           -0.103215            -4.61578
0.982931            -1.33072             -1.0527
0.982931            -1.33072             -1.0527
-1.06391          -0.0641795             1.07845
-0.691632            -1.63652             2.01008
0.398098            -1.71174             3.13195
1.48524            0.582808             5.46255
0.47291             3.61212             4.82151
2.54731             1.61132             3.09698
3.07083             1.88017             3.56618
1.02709            -1.55795             1.59893
1.02709            -1.55795             1.59893
0.421891           -0.567524             0.87178
0.421891           -0.567524             0.87178
0.421891           -0.567524             0.87178
0.345567            0.128743             1.06629
0.345567            0.128743             1.06629
-0.770278            0.143121             2.26196
-0.512669            0.543585            0.950882
-0.512669            0.543585            0.950882
1.86927            -3.67886             1.46451
-1.62545            -4.23341             1.66664
-1.62545            -4.23341             1.66664
-1.03537             -3.1395             1.33495
-0.532931            -3.06949            -1.73939
-0.532931            -3.06949            -1.73939
-0.532931            -3.06949            -1.73939
-0.147086            -2.11428            0.757967
-0.147086            -2.11428            0.757967
-0.147086            -2.11428            0.757967
1.06498             -1.9665             3.99668
1.06498             -1.9665             3.99668
3.3731           -0.681898             4.24583
3.3731           -0.681898             4.24583
2.87478            -1.69857             4.10828
1.50915            -4.54606             3.51723
1.87739            -4.05188             3.61079
-0.809776            -3.47913             5.15153
-1.44409             -3.6686             4.16264
-1.44409             -3.6686             4.16264
-3.71613             -2.2947             5.80079
-2.81658            -2.13104             4.53759
-2.5839            -2.51174             3.45517
0.971393            -1.05798             2.96293
0.971393            -1.05798             2.96293
0.971393            -1.05798             2.96293
-0.990174           -0.168228             3.11269
-0.557496            0.746957             4.06634
-0.557496            0.746957             4.06634
-0.557496            0.746957             4.06634
-0.557496            0.746957             4.06634
0.391943             2.28853             3.98482
0.725378             2.98938             3.10542
0.725378             2.98938             3.10542
2.12769             2.50937             3.27141
-0.369321             2.09564             4.32629
-0.369321             2.09564             4.32629
0.566171             1.83746              4.6059
-0.788035           -0.912873             2.57624
-0.788035           -0.912873             2.57624
-0.860692           -0.982732              3.7744
-0.152819              1.1586             2.23671
-0.152819              1.1586             2.23671
2.1061             2.17046             1.32622
2.1061             2.17046             1.32622
5.24225             1.19288            -1.38577
6.87941           -0.156212            -3.55579
5.5865            -2.08169            -5.10754
2.81494            -1.58029            -4.77993
2.81494            -1.58029            -4.77993
0.29544           -0.723317            -3.85278
-0.564401            -1.76532            -1.88697
-0.507427            -2.85487            -2.72954
2.05502           -0.760153            -1.57828
2.05502           -0.760153            -1.57828
-0.456981            -1.20288            -1.21807
-0.456981            -1.20288            -1.21807
1.42            -1.98904            -2.64064
3.66372             -4.8269            -1.72256
3.66372             -4.8269            -1.72256
3.66372             -4.8269            -1.72256
5.43279            -3.88752            -1.58054
4.43796            -4.09957           -0.915539
7.26892             -1.4332            -1.92644
8.52799            -1.79402            -2.32069
8.11399            -4.48895            -4.38069
8.72582            -3.85149            -4.47914
5.66236            -4.43036            -6.46002
5.84632            -3.01392            -5.35214
3.6183             -3.8604            -4.37279
3.15575            -2.61359            -3.73208
3.85573            -2.62086            -6.29767
3.44427            -2.23086            -7.22438
3.44427            -2.23086            -7.22438
3.44427            -2.23086            -7.22438
0.7737           -0.494829              -3.952
1.30011             -1.7634            -5.33477
0.59337            -2.46827            -4.87228
0.59337            -2.46827            -4.87228
0.195011            -2.32741            -7.32751
0.995582             -3.5821            -5.53083
3.08105            -1.75582            -3.96483
3.08105            -1.75582            -3.96483
3.08105            -1.75582            -3.96483
3.08105            -1.75582            -3.96483
2.87255             -1.3028            -4.96482
3.904             1.50169             -3.5694
3.904             1.50169             -3.5694
4.00156             2.28848            -2.27842
4.00156             2.28848            -2.27842
4.00156             2.28848            -2.27842
4.00156             2.28848            -2.27842
4.00156             2.28848            -2.27842
4.00156             2.28848            -2.27842
4.00156             2.28848            -2.27842
4.00156             2.28848            -2.27842
3.52623             1.65438            -1.70764
1.8927           -0.886479            -1.79061
1.77302             1.94793            0.810071
0.942261             2.70035             1.56512
0.942261             2.70035             1.56512
2.93043             1.76165             2.64688
5.40856           -0.452011             3.50855
4.39708            -2.02174             2.18716
4.81841            -2.94895             1.03494
2.50644            -2.79832             4.94906
2.50644            -2.79832             4.94906
0.391597           -0.603125             4.29107
1.64881             1.28654             3.29404
1.64881             1.28654             3.29404
0.00881793             1.12397             5.47978
0.00881793             1.12397             5.47978
0.449614             2.03986             4.51707
0.449614             2.03986             4.51707
2.69291             1.41011             3.92363
2.12973             1.22087             2.93145
2.12973             1.22087             2.93145
2.12973             1.22087             2.93145
2.12973             1.22087             2.93145
-0.184692            0.694463             2.87516
-0.330762           -0.508577             2.14386
-1.1077             1.29702             1.68221
-0.74288             4.02305            0.658206
-0.74288             4.02305            0.658206
-0.74288             4.02305            0.658206
0.388525             2.25574             2.55097
0.388525             2.25574             2.55097
0.388525             2.25574             2.55097
-1.02652             1.61886             1.94847
-1.02652             1.61886             1.94847
-1.38423             2.41406             3.83561
-1.78585              1.0679             3.78129
-1.78585              1.0679             3.78129
-1.78585              1.0679             3.78129
-0.646467           -0.529696             4.36903
-0.162547           -0.677142             4.93993
-0.434888            0.134542             5.89624
-0.434888            0.134542             5.89624
-0.434888            0.134542             5.89624
-0.434888            0.134542             5.89624
-0.434888            0.134542             5.89624
-0.221444            -1.58097             5.19307
0.00472026             1.33193             5.93212
0.00472026             1.33193             5.93212
0.00472026             1.33193             5.93212
0.00472026             1.33193             5.93212
-1.73265            -1.61168             4.85254
-2.36473            0.967813             2.61022
-2.36473            0.967813             2.61022
-2.36473            0.967813             2.61022
-2.36473            0.967813             2.61022
-2.92426             2.39649              1.8185
-2.92426             2.39649              1.8185
-2.92426             2.39649              1.8185
-3.80885             4.97909             3.27735
-3.80885             4.97909             3.27735
-4.15292             2.74383             3.09799
-4.84191             1.56803             4.39934
-6.34464             2.03028             6.78568
-6.43416             2.23617             7.07779
-5.51114           -0.542671             4.87504
-3.41618             2.05748             5.04867
-2.53308             2.62351             3.04825
-0.388665           -0.544992             2.01611
-0.388665           -0.544992             2.01611
-0.644826            -1.38699             2.37273
-0.644826            -1.38699             2.37273
-0.644826            -1.38699             2.37273
2.51712            -1.56811             2.10192
2.51712            -1.56811             2.10192
2.51712            -1.56811             2.10192
2.06572            -3.74023             2.54219
-0.011837            -3.39442             3.79422
0.438372            -2.51238             1.67941
1.40994            -1.75031             2.94914
-0.773606           -0.723131             2.89526
0.73784            -2.52034             1.47435
0.73784            -2.52034             1.47435
0.73784            -2.52034             1.47435
0.717485            -1.53366             2.51195
0.717485            -1.53366             2.51195
0.717485            -1.53366             2.51195
1.50183            -3.74828             2.05746
1.50183            -3.74828             2.05746
0.404983            -3.27862             1.97477
0.404983            -3.27862             1.97477
-0.634399           -0.793529             2.36715
-0.634399           -0.793529             2.36715
-0.634399           -0.793529             2.36715
-0.634399           -0.793529             2.36715
-0.411571           -0.510771             1.86933
-0.411571           -0.510771             1.86933
-0.411571           -0.510771             1.86933
-0.411571           -0.510771             1.86933
-0.629214             1.33818             2.94655
-1.6997            0.326672             2.56883
-1.6997            0.326672             2.56883
-1.6997            0.326672             2.56883
0.644099             2.30285             2.02774
1.98795             1.56871              2.8877
1.98795             1.56871              2.8877
-0.0930839            -1.01216             2.49843
0.903183            -1.74334             3.43927
-0.458939             0.17581             5.30987
-0.26209            0.599849             1.26776
-0.26209            0.599849             1.26776
-0.26209            0.599849             1.26776
-0.639927            -0.57136             2.15654
-0.639927            -0.57136             2.15654
-0.639927            -0.57136             2.15654
-0.639927            -0.57136             2.15654
-0.639927            -0.57136             2.15654
-0.639927            -0.57136             2.15654
-0.639927            -0.57136             2.15654
-0.639927            -0.57136             2.15654
-0.639927            -0.57136             2.15654
0.966258            -2.24548             2.44588
0.966258            -2.24548             2.44588
0.966258            -2.24548             2.44588
0.966258            -2.24548             2.44588
0.966258            -2.24548             2.44588
0.966258            -2.24548             2.44588
-0.3625            -1.78373             3.68512
-0.3625            -1.78373             3.68512
-0.3625            -1.78373             3.68512
-0.3625            -1.78373             3.68512
-0.3625            -1.78373             3.68512
-0.3625            -1.78373             3.68512
-2.09099           -0.533712             6.40507
-2.09099           -0.533712             6.40507
-2.9472             2.24498             4.58649
-3.06211             3.15907              3.7162
-0.073499             2.11095             5.74009
-0.073499             2.11095             5.74009
0.994537             2.57565             2.81206
2.08458             1.53267             3.06351
1.7889           -0.476112            0.288176
0.118566             1.68348             1.08987
0.118566             1.68348             1.08987
-1.14326             2.59745             3.15205
0.442325         -0.00112769             3.24779
-1.07867            0.550447             2.74518
-0.45832            0.184417              1.5767
-0.45832            0.184417              1.5767
-0.45832            0.184417              1.5767
-0.45832            0.184417              1.5767
-0.45832            0.184417              1.5767
-0.45832            0.184417              1.5767
-3.97904             1.19214             1.99437
-3.97904             1.19214             1.99437
-3.97904             1.19214             1.99437
-2.02501             4.17377             1.36809
-0.532258             1.03232            -2.46887
-0.804729           -0.641696             -1.8222
-1.39124            -1.20473            -1.31802
-1.39124            -1.20473            -1.31802
-1.39124            -1.20473            -1.31802
-1.39124            -1.20473            -1.31802
0.663397               -1.15             0.71788
0.989406            -2.52562            0.561195
2.16512            -4.34592             1.93516
2.16512            -4.34592             1.93516
0.909449            -5.01243             2.41275
0.909449            -5.01243             2.41275
0.909449            -5.01243             2.41275
3.89491            -5.37382             3.26383
1.89066            -5.46609             1.63291
1.89066            -5.46609             1.63291
3.15676            -5.56614             1.60672
0.346219             -4.8677             2.05431
0.346219             -4.8677             2.05431
0.346219             -4.8677             2.05431
0.346219             -4.8677             2.05431
1.02225            -3.33419             1.68316
1.02225            -3.33419             1.68316
-0.431558            -1.48008            -2.61034
-0.431558            -1.48008            -2.61034
-0.431558            -1.48008            -2.61034
-0.431558            -1.48008            -2.61034
-0.431558            -1.48008            -2.61034
-0.431558            -1.48008            -2.61034
-0.431558            -1.48008            -2.61034
-0.497045            -1.47334            -3.39499
0.0401743              -1.987            -5.82089
0.87193            -0.75503            -5.15231
0.87193            -0.75503            -5.15231
-1.31775            -1.48672            -3.57013
-1.31775            -1.48672            -3.57013
-1.31775            -1.48672            -3.57013
-0.702645            -1.91839            -2.22902
-0.702645            -1.91839            -2.22902
-0.702645            -1.91839            -2.22902
-0.702645            -1.91839            -2.22902
-0.702645            -1.91839            -2.22902
-0.702645            -1.91839            -2.22902
-0.702645            -1.91839            -2.22902
-0.702645            -1.91839            -2.22902
-0.526013            -2.21721             1.08263
-0.526013            -2.21721             1.08263
-0.526013            -2.21721             1.08263
-0.584987            -3.62551             3.51193
1.74372          -0.0918496             1.64337
1.74372          -0.0918496             1.64337
1.08887            -2.49536             4.21532
1.08887            -2.49536             4.21532
0.636766            -2.63249             4.38781
0.924616            -1.11605             3.73056
0.924616            -1.11605             3.73056
0.924616            -1.11605             3.73056
-0.570208            -0.53228             2.92737
-0.570208            -0.53228             2.92737
-0.339174            0.254514             1.53005
-0.339174            0.254514             1.53005
-2.16253           -0.541704             1.45455
-2.16253           -0.541704             1.45455
-2.16253           -0.541704             1.45455
-3.68064           -0.554988             2.07776
-3.88231            0.770759             4.97397
-3.87196             1.14119             5.92755
-3.87196             1.14119             5.92755
-0.556472            0.406271             6.17561
-2.08439            0.489048             6.16585
-2.08439            0.489048             6.16585
-2.40966             1.58263             3.05786
-2.40966             1.58263             3.05786
-2.40966             1.58263             3.05786
-2.52207             1.07499              3.7286
-2.89282             4.26967             3.34881
-2.89282             4.26967             3.34881
-2.41539             5.05279             4.04346
-4.49105             4.25278             3.38673
-4.02539             5.35669              3.6578
-3.22892             4.34305             6.48533
-3.22892             4.34305             6.48533
0.136485             3.16277             8.65376
1.66097             3.10932             8.61728
2.35816             2.25539             7.65929
2.35816             2.25539             7.65929
1.07065             2.89758             5.20677
2.05749             2.36479             2.61457
2.05749             2.36479             2.61457
-2.77387            0.752236             2.37451
0.813756            0.515375             2.15664
-0.507791              1.6576             2.37111
1.21199           -0.944434             1.80633
-0.365837            -1.04155            -2.79251
-0.365837            -1.04155            -2.79251
0.808381            -1.84858            -3.24873
0.719289            -4.50752            -1.90761
-1.86889            -3.90572            -5.16582
-1.86889            -3.90572            -5.16582
-1.86889            -3.90572            -5.16582
-1.86889            -3.90572            -5.16582
-0.860388            -4.39356            -4.96256
-0.860388            -4.39356            -4.96256
0.913419            -3.76008            -4.95859
2.20668            -3.40191            -4.54804
0.665064            -2.32508            -3.36989
0.665064            -2.32508            -3.36989
0.665064            -2.32508            -3.36989
0.665064            -2.32508            -3.36989
-1.2039            -1.10783            -3.23777
-2.06616            -1.69172            -4.20919
-2.05237            -1.26664            -4.57703
-1.84262            -2.97367            -5.27458
-2.95854           -0.341452            -4.69927
1.6124            -1.01921            -4.30382
2.10123           -0.628465            -5.54435
2.10123           -0.628465            -5.54435
2.10123           -0.628465            -5.54435
2.51489           -0.600142            -7.70723
2.79111            0.180629            -5.86791
1.54447          -0.0182735            -5.96848
1.54447          -0.0182735            -5.96848
-0.433962             2.23613            -4.11703
-0.433962             2.23613            -4.11703
0.105461             1.96183            -2.10996
0.105461             1.96183            -2.10996
0.105461             1.96183            -2.10996
1.56987              3.9422            -3.86787
2.78537             3.00841            -5.79231
2.7065            0.671983            -3.79525
-1.14354            0.239176            -2.07307
-1.14354            0.239176            -2.07307
-1.14354            0.239176            -2.07307
-1.14354            0.239176            -2.07307
-1.14354            0.239176            -2.07307
-1.14354            0.239176            -2.07307
-1.14354            0.239176            -2.07307
0.109433           -0.406146             1.15018
1.17748             1.69116            0.889012
1.17748             1.69116            0.889012
1.17748             1.69116            0.889012
1.17748             1.69116            0.889012
1.17748             1.69116            0.889012
4.80639           -0.426332             4.51548
3.36527            -2.32979             4.96784
1.30789            -1.95791             4.17652
1.30789            -1.95791             4.17652
1.30789            -1.95791             4.17652
-1.56681             1.95748             3.93584
-1.56681             1.95748             3.93584
-1.56681             1.95748             3.93584
-2.03138             3.42962             1.82716
-1.86986             1.29315             1.25695
-2.27846             0.59745             4.19435
-1.03086             1.57068             5.39202
-1.03086             1.57068             5.39202
-1.03086             1.57068             5.39202
-1.03086             1.57068             5.39202
-1.03086             1.57068             5.39202
-1.04816             3.09809             4.54649
-1.14456             3.86175             4.37091
-2.27006             3.42559             4.71851
-1.27646             4.01017             5.00237
-1.27646             4.01017             5.00237
-1.73612             3.22236             4.04341
-1.73612             3.22236             4.04341
-1.97812             1.30653             3.43426
-1.97812             1.30653             3.43426
-1.97812             1.30653             3.43426
-2.17675           -0.360843             1.64836
-2.17675           -0.360843             1.64836
-2.17675           -0.360843             1.64836
-4.33944           -0.333776             3.63948
-1.66956             1.25663              2.8922
-1.66956             1.25663              2.8922
-1.66956             1.25663              2.8922
1.04532              3.7692             1.98811
-1.94873             2.75456             5.28024
-3.03469             3.39686             6.53645
-3.03469             3.39686             6.53645
-3.03469             3.39686             6.53645
-5.51558             2.11688             4.29018
-5.51558             2.11688             4.29018
-3.91475             3.17265             3.40751
-0.984498             2.37766             4.31211
1.80572             3.56924              4.1546
1.23534             5.52954             5.59316
1.84047             4.35364             3.15725
2.03647             3.51706             2.32345
2.03647             3.51706             2.32345
2.48801             2.52228             2.59531
2.48801             2.52228             2.59531
2.48809             1.64154             2.81679
0.825198             1.71869             2.03681
0.825198             1.71869             2.03681
0.825198             1.71869             2.03681
-1.78911             1.36159             3.33748
-1.22862            -0.63301             5.89135
-1.91744            -3.23323             6.34983
1.04235            -1.35585             6.53086
1.04235            -1.35585             6.53086
1.04235            -1.35585             6.53086
-1.6518            -3.17228             4.81703
-2.99925            -2.93914             2.17089
-2.99925            -2.93914             2.17089
-2.99925            -2.93914             2.17089
-3.9114            -2.15696             1.95805
-3.76342           -0.187204             2.18526
-2.48892              1.4681             2.90912
-0.731173             2.30312             2.61791
-0.731173             2.30312             2.61791
-0.731173             2.30312             2.61791
-0.731173             2.30312             2.61791
-3.48725             1.84744             3.15616
-2.98257           -0.280621             2.55922
-2.98257           -0.280621             2.55922
-4.44618            -1.32529             5.18274
-2.4156           -0.383773             6.01591
1.899             1.49302             4.21448
1.899             1.49302             4.21448
1.899             1.49302             4.21448
1.50104            0.671163             5.65933
3.6112            0.758995             4.37211
3.6112            0.758995             4.37211
3.6112            0.758995             4.37211
3.6112            0.758995             4.37211
-1.83757             1.46821            0.847938
-3.16302           -0.296397             4.55183
-2.31498          -0.0665912             2.73265
-2.31498          -0.0665912             2.73265
0.436086             2.33813             2.84605
0.436086             2.33813             2.84605
-0.834093             1.76981             3.46179
-1.58386             1.78534             6.31259
-1.58386             1.78534             6.31259
-1.04925              2.6011             4.59287
0.468325             1.91152             5.35238
0.25718             2.01033             4.90283
0.25718             2.01033             4.90283
0.25718             2.01033             4.90283
0.25718             2.01033             4.90283
-0.0816296            -1.39348             4.71668
0.615854            -2.14674             4.88919
0.615854            -2.14674             4.88919
0.462309            -1.70687             4.58827
0.462309            -1.70687             4.58827
0.462309            -1.70687             4.58827
4.0423            0.197577             4.94553
4.24061             0.95543             7.13481
0.653862             3.28675             6.37588
-1.01389             4.64894             4.84904
-1.46392              4.6934             5.40766
-1.46392              4.6934             5.40766
-0.958138             4.38687             4.77668
-0.958138             4.38687             4.77668
-0.918508             2.74443             5.12472
-2.20722             2.25389             3.67707
-2.20722             2.25389             3.67707
-3.29405            0.976933             4.12258
-5.11936             2.67981             2.78442
-5.11936             2.67981             2.78442
-5.73106             1.76362             3.81988
-5.73106             1.76362             3.81988
-5.73106             1.76362             3.81988
-3.79679             3.24064             5.19249
-3.79679             3.24064             5.19249
-2.19098             1.56822             5.08681
-2.19098             1.56822             5.08681
-2.19098             1.56822             5.08681
-2.19098             1.56822             5.08681
-2.28331              1.3394             4.34441
-2.28331              1.3394             4.34441
-2.28331              1.3394             4.34441
-2.28331              1.3394             4.34441
-1.32847             1.11792             5.31207
-1.32847             1.11792             5.31207
-1.32847             1.11792             5.31207
-1.32847             1.11792             5.31207
-1.32847             1.11792             5.31207
-0.304423             1.95619             6.06972
-0.304423             1.95619             6.06972
-0.911682            -0.43004             6.06109
-1.19541         -0.00752322             5.57071
0.163349            -0.28655             2.28486
0.163349            -0.28655             2.28486
0.163349            -0.28655             2.28486
0.163349            -0.28655             2.28486
0.163349            -0.28655             2.28486
0.163349            -0.28655             2.28486
0.163349            -0.28655             2.28486
0.163349            -0.28655             2.28486
0.163349            -0.28655             2.28486
0.163349            -0.28655             2.28486
-2.49491           -0.363651            0.927125
-3.38249             -1.3764             3.45122
-3.38249             -1.3764             3.45122
-3.38249             -1.3764             3.45122
-3.72835             1.45894             4.92234
-2.15557            0.284677             3.88975
-2.03472            0.272212             3.90551
-3.29902           0.0291388             3.22917
-3.29902           0.0291388             3.22917
-3.29902           0.0291388             3.22917
-1.05471           -0.122613             3.22966
-1.05471           -0.122613             3.22966
0.851954           0.0792467             2.21022
0.851954           0.0792467             2.21022
0.851954           0.0792467             2.21022
0.851954           0.0792467             2.21022
1.71998            -1.03349              1.7788
-1.23804           -0.173066             1.57922
-1.23804           -0.173066             1.57922
-1.46724            -3.32867             2.07764
-1.46724            -3.32867             2.07764
0.204832             -3.0659             1.90498
0.204832             -3.0659             1.90498
0.204832             -3.0659             1.90498
0.204832             -3.0659             1.90498
0.204832             -3.0659             1.90498
1.63926            -2.91156             2.88481
1.63926            -2.91156             2.88481
3.46142            -2.77785             3.11547
2.07119            -1.62259             4.02028
2.07119            -1.62259             4.02028
2.07119            -1.62259             4.02028
2.2598             1.79658             2.18119
2.2598             1.79658             2.18119
-1.4565              1.6259             2.69779
-1.4565              1.6259             2.69779
-1.4565              1.6259             2.69779
-1.4565              1.6259             2.69779
-0.655713             0.96088             3.74487
-1.46168            0.775729             4.43032
-1.46168            0.775729             4.43032
-1.46168            0.775729             4.43032
-1.46168            0.775729             4.43032
-1.46168            0.775729             4.43032
-0.66324            0.107821             4.31628
-0.0758041            0.194291             5.97052
-0.173714             1.85021             5.93963
-0.173714             1.85021             5.93963
-0.173714             1.85021             5.93963
-0.173714             1.85021             5.93963
0.122955           0.0500253              5.8752
0.122955           0.0500253              5.8752
1.65069             2.24945             3.80459
-2.07436             1.77205             4.35209
-0.524775            -2.18213             3.00088
-0.524775            -2.18213             3.00088
-0.524775            -2.18213             3.00088
-2.01467            -1.74819             3.58898
-2.01467            -1.74819             3.58898
-2.01467            -1.74819             3.58898
-2.01467            -1.74819             3.58898
-2.01467            -1.74819             3.58898
-2.01467            -1.74819             3.58898
-0.0719744            -1.19116             2.47519
1.80383            0.404211             3.20389
1.80383            0.404211             3.20389
1.80383            0.404211             3.20389
0.333546             0.63023             2.15761
0.333546             0.63023             2.15761
-0.414099           -0.484123             1.61593
-0.414099           -0.484123             1.61593
0.156461            0.044478             3.05447
-2.02438             1.66365             7.00477
-1.07684             1.82702             6.13893
-1.07684             1.82702             6.13893
-1.07684             1.82702             6.13893
-1.52575           -0.138592             6.50998
-3.46716            0.521372             5.31624
-1.45329               3.367             7.08582
-1.45329               3.367             7.08582
-1.57865            0.930823             6.76125
0.488859           -0.100918             7.15906
0.662672               2.048             5.69603
-0.302905              2.1265             5.45539
0.426364           -0.181573             5.40102
0.869703            0.043709             4.82753
0.869703            0.043709             4.82753
0.869703            0.043709             4.82753
0.869703            0.043709             4.82753
0.716153           -0.502354             5.58808
2.58684           -0.939255             5.16477
-0.277081            -1.88401             4.95558
-0.277081            -1.88401             4.95558
-0.277081            -1.88401             4.95558
1.50657             2.01659             3.57388
1.61455             2.17405              3.3634
1.61455             2.17405              3.3634
0.880369             2.03606             5.82935
3.29749            0.704889             5.76547
0.702394             1.18042             6.35171
0.232488             1.97774             6.26026
0.232488             1.97774             6.26026
0.232488             1.97774             6.26026
-0.215642            0.140813             5.68649
-2.27418            0.684179             6.17435
-3.27347            -2.79611             5.50254
-3.27347            -2.79611             5.50254
-3.27347            -2.79611             5.50254
-2.83596             -5.8795             4.62172
-2.31128            -8.36656             4.59939
-2.31128            -8.36656             4.59939
-2.31128            -8.36656             4.59939
-2.31128            -8.36656             4.59939
-2.31128            -8.36656             4.59939
-2.40142            -6.85962             2.28089
-2.40142            -6.85962             2.28089
-2.83685            -5.14207             5.63769
-3.62768            -4.02148              7.2612
-3.21511           -0.704688             7.00634
-3.21511           -0.704688             7.00634
-1.25311            -2.46016             5.06057
-1.25311            -2.46016             5.06057
0.338635           -0.455281             5.62258
0.873867            -2.15249             5.06525
2.06946            -1.07215             4.80219
0.780902            -5.58804             3.52938
-0.416942            -5.45051             2.20704
0.805835             -4.7071             2.55159
0.805835             -4.7071             2.55159
0.805835             -4.7071             2.55159
2.38795            -5.00274             3.05563
2.3983            -3.90843              3.6863
3.82809           -0.684396             5.06868
4.59543           -0.314321             7.65401
8.73392             2.61562             6.55455
8.73392             2.61562             6.55455
8.73392             2.61562             6.55455
6.05991             6.25412             7.56575
4.53652             6.43629             7.53384
2.36507             5.73563             10.2287
2.88646             5.09989             12.3377
3.51468             5.78804             10.5945
3.51468             5.78804             10.5945
3.80024             4.99899             11.3476
3.80024             4.99899             11.3476
6.09185             5.54577             9.40637
6.09185             5.54577             9.40637
6.09185             5.54577             9.40637
5.26435             6.17951             10.8197
6.02219             6.96263             9.38659
4.30717             4.97264             10.6832
4.30717             4.97264             10.6832
3.86341             4.65191             11.6245
3.23331             4.53459             13.0382
3.95214              4.6451             11.5231
3.8783             5.02873             13.2394
3.8783             5.02873             13.2394
3.8783             5.02873             13.2394
1.75305             5.50005             12.2616
3.66094             7.17039             11.3513
3.66094             7.17039             11.3513
5.11211             4.65217             12.7112
5.11211             4.65217             12.7112
3.58506             2.67482             14.2246
3.58506             2.67482             14.2246
3.18773             3.24216             14.9697
1.0714             5.77541             15.7534
2.72633             4.02975             15.0231
2.72633             4.02975             15.0231
2.72633             4.02975             15.0231
2.72633             4.02975             15.0231
3.99375              3.9476             16.0058
3.99375              3.9476             16.0058
4.11486             3.58617             15.2836
2.83439             2.91218             12.1129
2.7065              3.4631             14.8348
2.00832              4.6656             13.9017
1.34071             5.62221             13.5746
1.2891             3.68717             13.6564
-1.4657              3.5116             13.4525
-1.4657              3.5116             13.4525
-1.37448             3.30485             12.5139
-1.37448             3.30485             12.5139
-3.56893             4.69389             10.5552
-2.26889             6.38587             10.4771
-2.26889             6.38587             10.4771
-2.26889             6.38587             10.4771
0.479606             5.99103             12.8732
0.479606             5.99103             12.8732
2.00428              8.6948             10.5238
5.07296             5.92933              9.1923
5.07296             5.92933              9.1923
5.07296             5.92933              9.1923
3.33252             5.01775             4.16172
3.33252             5.01775             4.16172
3.33252             5.01775             4.16172
3.33252             5.01775             4.16172
2.10581              6.5293             4.56384
2.10581              6.5293             4.56384
2.71516             6.29107             4.05141
3.86284             5.52915             4.37951
2.46376             7.91968              3.8141
2.46376             7.91968              3.8141
2.46376             7.91968              3.8141
4.45305             7.76917              3.3431
2.68817             6.93452             1.33334
0.867699             3.78154             0.48874
2.6576             5.96595             2.04197
2.6576             5.96595             2.04197
2.6576             5.96595             2.04197
3.06729             5.08348            -2.18884
3.06729             5.08348            -2.18884
-0.0353943             4.44484            -1.21938
-0.0353943             4.44484            -1.21938
-0.0353943             4.44484            -1.21938
-0.0353943             4.44484            -1.21938
-0.777561             5.12576            -5.37498
0.2111             4.52965            -4.80609
-0.612985             4.38285            -4.07164
0.756524            0.845328            -1.32509
-1.00651            0.304283            -3.49906
-0.0877498           -0.515858             1.03361
-0.0877498           -0.515858             1.03361
-0.0877498           -0.515858             1.03361
0.0728567            -1.74167             5.37367
-0.876863          0.00182554             4.31544
1.62621             0.33253             4.66231
1.70765             1.28493             4.07053
1.70765             1.28493             4.07053
1.70765             1.28493             4.07053
1.70765             1.28493             4.07053
1.70765             1.28493             4.07053
1.70765             1.28493             4.07053
1.70765             1.28493             4.07053
1.70765             1.28493             4.07053
0.987412             1.66602             4.47769
1.99048             3.93776             4.34059
1.99048             3.93776             4.34059
1.874             2.56998             4.32772
1.54699            0.551191              3.0731
1.54699            0.551191              3.0731
3.45623            0.240094             5.20226
3.45623            0.240094             5.20226
3.75438             1.13845             4.98804
2.23621           -0.520757             1.77039
2.23621           -0.520757             1.77039
1.18572           -0.426761             2.23383
1.18572           -0.426761             2.23383
1.64419            0.642367            0.787279
1.64419            0.642367            0.787279
0.456155            0.648419            0.207156
-0.510408             2.79635             2.00345
-0.436965            -1.02939             5.18688
-0.436965            -1.02939             5.18688
-0.436965            -1.02939             5.18688
-0.436965            -1.02939             5.18688
-0.436965            -1.02939             5.18688
0.699996             0.41009            0.544234
0.699996             0.41009            0.544234
3.91411             2.21977             2.30771
3.91411             2.21977             2.30771
3.91411             2.21977             2.30771
3.91411             2.21977             2.30771
3.47013             1.44125             2.53244
3.47013             1.44125             2.53244
0.16493            -1.67799            0.604008
1.60873            -2.40674             2.72144
-1.25616          -0.0409598             4.22053
-0.951802            0.989034             4.89452
-0.951802            0.989034             4.89452
-1.50644            0.329362             3.23451
-1.50644            0.329362             3.23451
-1.50644            0.329362             3.23451
-1.50644            0.329362             3.23451
-1.50644            0.329362             3.23451
-1.50644            0.329362             3.23451
-1.50644            0.329362             3.23451
-1.50644            0.329362             3.23451
-1.50644            0.329362             3.23451
-0.812904             1.64246             2.65519
-0.812904             1.64246             2.65519
0.3945           -0.586205             2.74026
-1.62204            -2.55703             2.62264
-1.62204            -2.55703             2.62264
0.738792            -2.46284             3.33422
0.738792            -2.46284             3.33422
0.738792            -2.46284             3.33422
-0.318689           -0.744142             2.59119
-0.318689           -0.744142             2.59119
-0.318689           -0.744142             2.59119
-0.318689           -0.744142             2.59119
-0.318689           -0.744142             2.59119
-0.318689           -0.744142             2.59119
-0.318689           -0.744142             2.59119
-0.318689           -0.744142             2.59119
-0.318689           -0.744142             2.59119
-0.318689           -0.744142             2.59119
-0.318689           -0.744142             2.59119
-0.318689           -0.744142             2.59119
-0.318689           -0.744142             2.59119
1.06311            -1.65802             2.08236
3.75628            -1.45393             2.17547
2.63164          -0.0708256             4.30976
2.63164          -0.0708256             4.30976
1.24709            -2.50684             3.09202
1.24709            -2.50684             3.09202
1.33893            -2.31139             3.29284
1.33893            -2.31139             3.29284
0.507674            -2.23142             2.21074
0.507674            -2.23142             2.21074
-2.72755           -0.416253             -1.9475
-0.950364            -1.31123            -2.87831
-1.7023           -0.428002            -2.03915
-1.7023           -0.428002            -2.03915
-1.23162           -0.808241            -4.74041
0.188491            -1.47445            -4.94763
0.188491            -1.47445            -4.94763
0.188491            -1.47445            -4.94763
2.70092            -2.05433            -2.25184
2.70092            -2.05433            -2.25184
2.05411            0.315787            -2.71096
1.44927            -1.11749            -2.76462
1.44927            -1.11749            -2.76462
1.44927            -1.11749            -2.76462
1.44927            -1.11749            -2.76462
1.44927            -1.11749            -2.76462
1.1287            -0.46119            -4.82763
1.1287            -0.46119            -4.82763
0.0223532            0.598735             -1.6618
0.0223532            0.598735             -1.6618
0.0223532            0.598735             -1.6618
0.0223532            0.598735             -1.6618
0.0223532            0.598735             -1.6618
0.0223532            0.598735             -1.6618
0.0223532            0.598735             -1.6618
1.4469          -0.0546467            -3.12227
1.4469          -0.0546467            -3.12227
1.4469          -0.0546467            -3.12227
0.0453524             1.25277            -3.02588
0.0453524             1.25277            -3.02588
0.0453524             1.25277            -3.02588
0.0453524             1.25277            -3.02588
0.0453524             1.25277            -3.02588
0.0453524             1.25277            -3.02588
-1.59803            0.552735            -2.17636
-1.59803            0.552735            -2.17636
-1.59803            0.552735            -2.17636
-1.59803            0.552735            -2.17636
-2.86586          -0.0388322            -1.40287
-2.86586          -0.0388322            -1.40287
-2.45928            -2.69365             -3.5091
-2.45928            -2.69365             -3.5091
-2.45928            -2.69365             -3.5091
-1.9686            -1.52919            -2.16252
-3.01264             1.23779            -1.41666
1.20544             1.73684            -3.26393
1.20544             1.73684            -3.26393
1.20544             1.73684            -3.26393
1.20544             1.73684            -3.26393
1.20544             1.73684            -3.26393
1.68924             2.91845            -2.34393
1.68924             2.91845            -2.34393
1.68924             2.91845            -2.34393
0.0942302             3.39024            -2.50189
0.0942302             3.39024            -2.50189
-1.37041             2.76457            -4.39486
-1.37041             2.76457            -4.39486
2.25098             2.28897            -2.68397
0.386882            0.712394            -4.39307
-0.619627           -0.745923            -3.58869
0.214253           -0.511898            -5.38055
-0.285896           -0.782333            -7.94579
-0.801899            -3.67056            -7.76873
-0.801899            -3.67056            -7.76873
-0.801899            -3.67056            -7.76873
-2.09803            -4.72859             -3.7382
-2.09803            -4.72859             -3.7382
0.361709             -5.8771            -4.37911
0.992426            -6.27257            -6.15641
0.992426            -6.27257            -6.15641
0.992426            -6.27257            -6.15641
2.13789            -5.49139            -6.75098
-0.341676             -6.9427            -6.71464
-0.341676             -6.9427            -6.71464
-0.341676             -6.9427            -6.71464
-0.341676             -6.9427            -6.71464
-0.992545            -6.85477             -6.5532
-4.02774            -1.69568            -9.01512
-4.26908            -2.05914            -7.63138
-2.86131            -2.83909            -9.95826
-2.86131            -2.83909            -9.95826
-2.86131            -2.83909            -9.95826
-3.39767            -0.77105            -11.3173
-1.69276             1.94057            -9.12631
-1.69276             1.94057            -9.12631
-0.0165051           -0.317671            -10.1708
-2.57648            0.382031             -8.9795
-2.57648            0.382031             -8.9795
-3.00239             2.84285            -6.22559
-5.95663             1.15665            -7.36279
-3.85093             2.76622            -3.98199
-3.25293             4.35072            -4.31973
-3.25293             4.35072            -4.31973
-3.25293             4.35072            -4.31973
-0.985553             2.93375            -4.35216
-1.24947             1.79201            -2.42755
-1.24947             1.79201            -2.42755
-1.24947             1.79201            -2.42755
-1.87524            0.294322            -1.09382
-1.87524            0.294322            -1.09382
-2.20246            -1.75135             2.13917
-2.75448           -0.884903             2.73679
-1.94415             -1.1725             4.65567
-1.94415             -1.1725             4.65567
2.10901              2.2374             2.00048
2.69784             2.75277             1.75845
4.22946             2.33631             1.45142
2.82048             1.16272            -1.14831
1.59708            -0.83893             1.82493
1.59708            -0.83893             1.82493
1.59708            -0.83893             1.82493
1.59708            -0.83893             1.82493
0.0513296            -1.71255             1.59294
-1.39486           -0.707067            -1.00059
-1.39486           -0.707067            -1.00059
-1.39486           -0.707067            -1.00059
-1.39486           -0.707067            -1.00059
0.426291             2.49869            -2.53802
0.426291             2.49869            -2.53802
-0.814691             1.81336            -4.31345
-0.0939066             2.20898            -3.72491
-1.3266             3.20429            -1.96365
-1.3266             3.20429            -1.96365
-1.3266             3.20429            -1.96365
-0.678502             4.72346            -2.30016
-0.678502             4.72346            -2.30016
2.34831              4.2333            -1.47359
2.34831              4.2333            -1.47359
0.695792             4.60946            -2.14893
0.580381             4.41235            -2.92121
2.78979            0.400574            -1.40526
2.88463             1.73391            -2.31801
1.25183             0.39839            -3.07804
1.25183             0.39839            -3.07804
1.25183             0.39839            -3.07804
0.321117            0.720816            -3.04806
1.87292           -0.603747            -2.17703
1.87292           -0.603747            -2.17703
1.87292           -0.603747            -2.17703
1.87292           -0.603747            -2.17703
1.87292           -0.603747            -2.17703
1.1501             1.43159            -1.42123
1.1501             1.43159            -1.42123
1.1501             1.43159            -1.42123
1.1501             1.43159            -1.42123
-0.291689            0.944604            -1.31107
-0.291689            0.944604            -1.31107
-0.291689            0.944604            -1.31107
-0.291689            0.944604            -1.31107
0.271237           -0.652426           -0.764209
0.271237           -0.652426           -0.764209
-2.20781           -0.984954             -1.6001
1.34236           -0.439197            -1.05804
0.76122            0.297037            0.809249
0.76122            0.297037            0.809249
0.76122            0.297037            0.809249
2.46975           -0.904245             4.02394
2.46975           -0.904245             4.02394
-2.93728            -1.48277             4.19119
-2.93728            -1.48277             4.19119
-2.93728            -1.48277             4.19119
-2.59753             2.33892             4.44761
-2.59753             2.33892             4.44761
-1.71852            0.162861              3.9047
-1.71852            0.162861              3.9047
-1.10486            -1.72292             5.83231
-1.10486            -1.72292             5.83231
-0.0296214            -0.71056             4.93517
-1.72918           -0.550368             3.84703
-0.113376           -0.155734             3.24269
3.38           -0.499828             2.92977
1.8767            -1.52243            -2.45762
1.8767            -1.52243            -2.45762
0.0898284            -1.78507               -1.81
0.0898284            -1.78507               -1.81
0.0898284            -1.78507               -1.81
-1.8573           -0.871118            -2.82402
-1.8573           -0.871118            -2.82402
-1.8573           -0.871118            -2.82402
-1.8573           -0.871118            -2.82402
0.176226            0.329643           -0.959031
0.176226            0.329643           -0.959031
0.176226            0.329643           -0.959031
0.176226            0.329643           -0.959031
0.176226            0.329643           -0.959031
0.176226            0.329643           -0.959031
0.176226            0.329643           -0.959031
0.176226            0.329643           -0.959031
1.31237           -0.386753            -3.76244
2.73201          0.00525918            -2.09418
3.28584             2.40796            -4.98927
2.72719             1.15348            -4.92186
-0.347451             1.82365            -3.70592
-0.347451             1.82365            -3.70592
-0.347451             1.82365            -3.70592
-0.829951          -0.0809365            -3.75035
-0.829951          -0.0809365            -3.75035
-1.3146            0.966671            -2.27381
-1.05663             1.20226            -1.92141
-3.58873          -0.0177846            -1.90756
-3.28508            -1.02134            -2.66799
-3.28508            -1.02134            -2.66799
-3.28508            -1.02134            -2.66799
-1.15088            -1.44233            -2.42513
-2.21356           -0.919632            -1.82436
-2.21356           -0.919632            -1.82436
-2.21356           -0.919632            -1.82436
-3.19984            -2.67261            -4.01023
-4.80828            -2.56805            -2.80234
-2.6843            -2.57543             -2.0873
-2.08914             -4.5779            -3.92423
-2.08914             -4.5779            -3.92423
-2.08914             -4.5779            -3.92423
-0.479928            -3.29176            -5.30961
-1.53351            -1.83051            -2.13962
-1.53351            -1.83051            -2.13962
0.234072            0.994231            -1.60401
0.234072            0.994231            -1.60401
-0.782186             1.35488            -4.61863
-0.807495             2.44155            -2.46542
-0.21255            0.855746            -5.51782
-0.21255            0.855746            -5.51782
-0.21255            0.855746            -5.51782
0.564466             2.16079            -5.64136
0.564466             2.16079            -5.64136
0.31921             5.22447            -6.64529
0.31921             5.22447            -6.64529
2.13639             4.15599            -4.27409
2.13639             4.15599            -4.27409
2.70787             1.31448            -6.49981
0.609148             1.15363            -5.80529
-1.76303            -2.00453            -4.81757
-2.35048           -0.625772            -4.31241
0.101776            -1.08829            -5.75465
1.40483            -1.57415            -5.87077
1.40483            -1.57415            -5.87077
1.40483            -1.57415            -5.87077
-1.17629            -2.25483            -8.83174
-1.42203            -2.87126            -9.16988
-1.62948            -1.73325            -10.0914
0.331397              0.5798            -11.1857
0.331397              0.5798            -11.1857
-1.57046            -2.12073            -10.8696
0.218346           -0.183256            -9.20223
-0.498289           -0.024336            -6.77596
-0.498289           -0.024336            -6.77596
-1.1531           -0.164936            -7.58191
-0.00613249           -0.546859            -7.03346
-1.2649            -2.09337            -8.09214
-1.2649            -2.09337            -8.09214
-1.2649            -2.09337            -8.09214
-3.72145            -2.99453            -6.85581
-3.72145            -2.99453            -6.85581
-3.72145            -2.99453            -6.85581
-4.21435            -3.82529            -6.29353
-4.21435            -3.82529            -6.29353
-4.68043              -3.393            -5.95878
-3.67477            -2.66991            -6.54191
-3.03451            0.331565             -6.8213
-3.03451            0.331565             -6.8213
-4.47746            0.436378            -6.34572
-4.47746            0.436378            -6.34572
-4.57203             2.86047             -3.7055
-1.76811             3.63323             -2.9622
-1.76811             3.63323             -2.9622
-1.76811             3.63323             -2.9622
-1.76811             3.63323             -2.9622
-2.15324             5.16627             -4.3259
-2.15324             5.16627             -4.3259
-0.238894             7.30225            -4.80107
-0.238894             7.30225            -4.80107
-0.721796             6.35737            -6.09853
-0.7929             3.86638            -6.22033
1.39708             4.89941            -6.40809
1.39708             4.89941            -6.40809
1.39708             4.89941            -6.40809
1.39708             4.89941            -6.40809
-3.20845             2.77853            -6.15886
-2.2762             2.66162            -6.81447
-3.01641             4.64322            -6.00967
-3.01641             4.64322            -6.00967
-3.01641             4.64322            -6.00967
-1.91228              2.4464            -4.99745
-1.91228              2.4464            -4.99745
-2.47314             2.78466            -2.88291
-2.4376            0.423897           -0.846541
0.387893             2.70145           -0.755436
-0.636683             2.94141            -2.82383
-0.636683             2.94141            -2.82383
-0.636683             2.94141            -2.82383
-1.46757             2.09349            -2.14718
0.177584            0.511416            -1.24524
-0.117029           -0.532525            -2.06892
-1.2534            -1.72724            -2.49503
-1.2534            -1.72724            -2.49503
-1.2534            -1.72724            -2.49503
-1.66438            -1.28501           -0.652129
-1.66438            -1.28501           -0.652129
0.303766             1.40499             1.84604
0.303766             1.40499             1.84604
0.303766             1.40499             1.84604
0.303766             1.40499             1.84604
0.594932           -0.083075             1.35845
0.594932           -0.083075             1.35845
0.979522            0.540416            -1.15947
-0.65946              1.7757            -2.55879
-1.47198             1.22601             -3.9463
-1.47198             1.22601             -3.9463
-1.47198             1.22601             -3.9463
-1.47198             1.22601             -3.9463
-1.68928             3.24474             -3.4324
-1.68928             3.24474             -3.4324
-3.15266             2.57311            -1.88348
-3.15266             2.57311            -1.88348
-3.09829             3.17485           -0.719544
-3.09829             3.17485           -0.719544
-0.343928             2.19103            -1.06017
0.281127             1.60434            -3.84738
-1.27621            0.417973            -3.71276
0.618684           -0.919972            -3.03163
-1.99189            0.912881            -6.20763
-2.34284         -0.00629204            -3.08705
-0.973655            0.317497            -3.26387
-1.98412             1.16057            -3.75698
-1.98412             1.16057            -3.75698
-1.34535            -1.44447            -3.67757
-1.34535            -1.44447            -3.67757
0.328595             1.19119            -4.11176
1.08512            0.913743            -4.99032
2.3083            -1.64693            -3.50429
2.3083            -1.64693            -3.50429
2.3083            -1.64693            -3.50429
-0.94438            -1.37486            -5.38904
-3.85985          -0.0625416            -5.56524
-2.57824           -0.556127             -4.3477
-2.57824           -0.556127             -4.3477
-2.57824           -0.556127             -4.3477
-1.06779            -1.05601            -2.69925
-1.06779            -1.05601            -2.69925
-1.06779            -1.05601            -2.69925
-1.06779            -1.05601            -2.69925
-1.06779            -1.05601            -2.69925
-1.06779            -1.05601            -2.69925
-1.06779            -1.05601            -2.69925
0.928287           -0.761286             -3.0769
0.928287           -0.761286             -3.0769
-1.34403            0.108849            -2.42599
-1.34403            0.108849            -2.42599
-1.34403            0.108849            -2.42599
-1.34403            0.108849            -2.42599
-1.77299            0.843288            -2.99928
-1.84371           -0.212992            -1.56972
-1.84371           -0.212992            -1.56972
1.07262            0.715685            -2.63318
-0.46678             1.36809            -3.12292
0.908093           -0.768396             -2.9902
0.908093           -0.768396             -2.9902
0.400168             -1.6985            -1.41857
-1.51427           -0.751637           -0.927186
-1.13861          0.00292041            -0.72191
-2.08146             1.52549           -0.908866
1.77819              2.8561            -2.81193
0.443479             1.71741            -5.59768
0.443479             1.71741            -5.59768
0.809341             1.84706            -4.63615
1.04424            -2.27321            -4.31539
1.73902           -0.702361            -5.01161
1.73902           -0.702361            -5.01161
3.36408           -0.317554            -3.72256
3.36408           -0.317554            -3.72256
3.36408           -0.317554            -3.72256
3.36408           -0.317554            -3.72256
3.36408           -0.317554            -3.72256
3.10388             -2.1772            -2.78623
1.49236           -0.792937            -2.09201
1.49236           -0.792937            -2.09201
1.49236           -0.792937            -2.09201
1.49236           -0.792937            -2.09201
1.49236           -0.792937            -2.09201
1.49236           -0.792937            -2.09201
1.49236           -0.792937            -2.09201
1.39184            -1.37284            -1.50431
1.39184            -1.37284            -1.50431
1.39184            -1.37284            -1.50431
1.39184            -1.37284            -1.50431
-0.879604           0.0452194            -4.69557
0.0135357           -0.223604            -4.68536
1.91318            -1.00396            -3.77734
1.91318            -1.00396            -3.77734
1.91318            -1.00396            -3.77734
-0.0977582           -0.582622            -4.57135
0.487897            0.638919            -4.02196
0.487897            0.638919            -4.02196
0.487897            0.638919            -4.02196
2.25119           -0.905068            -4.86847
2.25119           -0.905068            -4.86847
1.76343            0.442018            -4.06559
-0.633185            -1.88448            -3.25365
-0.633185            -1.88448            -3.25365
-0.633185            -1.88448            -3.25365
-0.633185            -1.88448            -3.25365
-0.168571            -3.11079            -2.65744
-0.168571            -3.11079            -2.65744
1.97463            -2.48994            -3.31125
1.37899           -0.570585            -1.01717
1.56702            0.842376            -1.73093
1.56702            0.842376            -1.73093
1.56702            0.842376            -1.73093
1.56702            0.842376            -1.73093
1.56702            0.842376            -1.73093
1.56702            0.842376            -1.73093
-0.0242018            0.446685             -1.7248
-1.10733             1.27646            0.690721
-0.317462           -0.788601             3.66107
-0.317462           -0.788601             3.66107
-0.317462           -0.788601             3.66107
-0.317462           -0.788601             3.66107
0.163941               1.143              3.2752
0.163941               1.143              3.2752
0.163941               1.143              3.2752
-1.29966           -0.881516             1.59819
-1.16589             1.05292             2.68472
-1.16589             1.05292             2.68472
-1.16589             1.05292             2.68472
-1.16589             1.05292             2.68472
-1.16589             1.05292             2.68472
-1.16589             1.05292             2.68472
-2.03693             2.23857             3.09267
-2.03693             2.23857             3.09267
-2.03693             2.23857             3.09267
-2.03693             2.23857             3.09267
-1.81452             2.86852             3.59156
-1.81452             2.86852             3.59156
-1.0187             3.50104             4.91956
-1.0187             3.50104             4.91956
-1.0187             3.50104             4.91956
-1.0187             3.50104             4.91956
-1.0187             3.50104             4.91956
-1.16912             3.30116             2.63094
-1.16912             3.30116             2.63094
-1.16912             3.30116             2.63094
-1.16912             3.30116             2.63094
-0.850642             3.86729             3.03297
-2.44835             2.88359             3.06447
-2.44835             2.88359             3.06447
-2.44835             2.88359             3.06447
-2.44835             2.88359             3.06447
-2.06752             2.19125             1.91068
-2.06752             2.19125             1.91068
0.198995              1.2199             2.63775
0.198995              1.2199             2.63775
0.198995              1.2199             2.63775
0.198995              1.2199             2.63775
0.198995              1.2199             2.63775
0.198995              1.2199             2.63775
-1.12484              1.7815              2.3887
0.723272             1.28399             3.65702
0.835168             1.87177             2.62711
0.835168             1.87177             2.62711
0.122966           -0.339468             4.44314
0.122966           -0.339468             4.44314
-0.105608           -0.812183             4.58139
-0.105608           -0.812183             4.58139
-1.82237           0.0476944             2.30321
-0.212332              2.3943             2.71792
-0.212332              2.3943             2.71792
-0.212332              2.3943             2.71792
-0.212332              2.3943             2.71792
0.369042             3.20647             2.34601
0.369042             3.20647             2.34601
0.327941             3.88389             2.48992
-2.2203           -0.957457             5.51274
-2.2203           -0.957457             5.51274
-3.21335            -3.73771               4.807
-3.21335            -3.73771               4.807
-3.21335            -3.73771               4.807
-3.14868            -4.07931             4.30523
-3.14868            -4.07931             4.30523
-0.368585            -1.34667             4.00055
-1.71308            -1.18793             3.03525
-1.71308            -1.18793             3.03525
-1.71308            -1.18793             3.03525
-1.71308            -1.18793             3.03525
-2.52646            -2.66953              3.0638
-2.52646            -2.66953              3.0638
-0.391518            0.529727             5.72789
1.70165            0.607955             5.32886
-0.300957            -2.07564             7.45787
-0.300957            -2.07564             7.45787
-0.300957            -2.07564             7.45787
-0.300957            -2.07564             7.45787
-0.300957            -2.07564             7.45787
-0.594858            -4.21794             5.65297
-1.5223            -2.34782             5.23364
-1.5223            -2.34782             5.23364
-1.5223            -2.34782             5.23364
0.588532            -1.57429             3.85511
0.588532            -1.57429             3.85511
0.588532            -1.57429             3.85511
0.588532            -1.57429             3.85511
0.588532            -1.57429             3.85511
3.28333           -0.925632             2.26364
3.28333           -0.925632             2.26364
3.28333           -0.925632             2.26364
2.4653             -3.0257             4.61289
3.20886           -0.775417             4.52123
3.34672           -0.660367             5.61156
2.1755            -1.03079             6.38895
2.1755            -1.03079             6.38895
0.27086             3.30362             3.10205
0.27086             3.30362             3.10205
1.11423            0.392003             2.98062
-0.860388            -1.60196              1.6605
-0.860388            -1.60196              1.6605
-0.860388            -1.60196              1.6605
-0.860388            -1.60196              1.6605
-1.29306             -2.0886             1.21314
0.509771            -2.07734           -0.864578
2.24            -1.38159            -3.12126
0.841782            -0.56285            -2.91481
0.841782            -0.56285            -2.91481
1.48878            0.230591            -4.04258
1.48878            0.230591            -4.04258
0.592715           -0.296931            -3.13277
0.592715           -0.296931            -3.13277
0.592715           -0.296931            -3.13277
-1.08733           -0.421986            -3.86601
-1.08733           -0.421986            -3.86601
-0.705667             3.03159            -1.86082
-0.849217             2.05757             -3.7109
-1.6546             2.88107            -3.35649
-3.40632             1.89279            -2.44716
-2.58244             3.75392            -4.20126
-2.93409             4.39141            -2.59025
-2.93409             4.39141            -2.59025
-2.93409             4.39141            -2.59025
-3.19761             4.34702            -4.15131
-3.19761             4.34702            -4.15131
-3.19761             4.34702            -4.15131
-2.65818             6.42741              -5.594
-3.02874             4.68908            -3.16589
-4.09361              3.0525            -2.64383
-4.09361              3.0525            -2.64383
-4.04922              2.4695            -2.70206
-4.04922              2.4695            -2.70206
-1.15148              1.8668            -1.83381
-1.15148              1.8668            -1.83381
-1.15148              1.8668            -1.83381
-1.15148              1.8668            -1.83381
0.485109             3.16626            -1.65187
0.485109             3.16626            -1.65187
0.485109             3.16626            -1.65187
0.485109             3.16626            -1.65187
0.485109             3.16626            -1.65187
-2.28645             2.19074            -2.00962
-1.70476            0.557655            -3.77711
-1.70476            0.557655            -3.77711
-1.70476            0.557655            -3.77711
-0.749918             1.67064             -2.9405
-0.749918             1.67064             -2.9405
-1.07733             2.22549            -3.11149
0.855844             2.73209            -1.75069
0.855844             2.73209            -1.75069
1.5022             3.09486           -0.551274
1.26846             1.53192           -0.728914
0.0584355            0.212205            -4.05071
1.80104            -1.65092            -4.09231
1.80104            -1.65092            -4.09231
1.80104            -1.65092            -4.09231
-0.722623            -1.05325            -4.46882
-0.722623            -1.05325            -4.46882
-0.722623            -1.05325            -4.46882
-2.23638           0.0810995            -4.62907
-2.30336            -1.10689            -5.12639
-2.30336            -1.10689            -5.12639
-2.30336            -1.10689            -5.12639
-2.30336            -1.10689            -5.12639
-2.71557            -1.40466            -7.48284
-2.71557            -1.40466            -7.48284
-2.71557            -1.40466            -7.48284
-2.71557            -1.40466            -7.48284
-2.57065            -3.43321            -8.63555
-2.01453            -4.54559            -7.94984
-0.53599            -5.05455            -5.99179
-0.0166426             -5.8772            -5.41355
1.97156            -3.80317            -7.30588
1.97156            -3.80317            -7.30588
0.302561             -2.0283            -8.39543
-2.00877            -3.39827            -5.83901
-1.91466            -3.62734            -5.34429
-1.91466            -3.62734            -5.34429
-1.91466            -3.62734            -5.34429
-2.09434            -2.77267             -1.3356
-0.993433            -2.69208             1.41682
-0.993433            -2.69208             1.41682
-1.01639            -3.17254             2.01648
-1.01639            -3.17254             2.01648
-2.087            -2.18106             4.65867
-3.21619            -2.10216               5.029
-3.21619            -2.10216               5.029
-4.95399           -0.734332             1.93555
-4.95399           -0.734332             1.93555
-4.26283             -1.6716              2.2962
-1.11858            -1.70335             3.19254
-1.11858            -1.70335             3.19254
-1.11858            -1.70335             3.19254
-1.11858            -1.70335             3.19254
-1.11858            -1.70335             3.19254
0.64801           -0.894785             5.42117
0.64801           -0.894785             5.42117
-1.45313            -1.48538             4.16884
-1.45313            -1.48538             4.16884
0.748537            -2.19169             4.24251
0.697263            -2.92169             4.90298
-1.47511            -1.32348             2.59198
-1.47511            -1.32348             2.59198
-1.47511            -1.32348             2.59198
-1.47511            -1.32348             2.59198
-0.967071            0.177436             1.86144
0.971826           -0.206501             1.01257
0.505264            0.130787             3.55413
0.497595            0.792574             2.10333
0.497595            0.792574             2.10333
-0.517783            0.050412             1.96526
-0.301284           -0.950022             3.58382
0.780985             1.06787             2.57272
-3.18778            0.700455             2.38414
-3.52431             3.62854             1.62732
-5.00461             1.03966             3.19694
-3.22521             1.44076             4.55893
-3.22521             1.44076             4.55893
-3.22521             1.44076             4.55893
-3.22521             1.44076             4.55893
-3.22521             1.44076             4.55893
-1.07368            0.851144             3.22871
-1.07368            0.851144             3.22871
-1.72253             1.60131              4.2754
-1.72253             1.60131              4.2754
-1.72253             1.60131              4.2754
0.59745             1.55564             4.01525
-1.15436           0.0562099             1.80649
-1.15436           0.0562099             1.80649
-1.15436           0.0562099             1.80649
-1.15436           0.0562099             1.80649
2.18497             2.05833             1.28427
2.18497             2.05833             1.28427
2.18497             2.05833             1.28427
2.18497             2.05833             1.28427
2.63962             2.40815             2.16152
2.63962             2.40815             2.16152
2.63962             2.40815             2.16152
0.595358             1.57788             1.91424
0.595358             1.57788             1.91424
0.595358             1.57788             1.91424
-1.43085             2.53642             3.82665
0.49472             3.16261             4.73125
0.702864              1.1375             4.68343
0.702864              1.1375             4.68343
-0.495423             1.08047             3.90423
-0.495423             1.08047             3.90423
-0.495423             1.08047             3.90423
-0.495423             1.08047             3.90423
-0.495423             1.08047             3.90423
-1.35467           0.0137272             4.88743
2.136             1.04111             3.17255
2.136             1.04111             3.17255
2.33761            0.929987             3.08748
2.33761            0.929987             3.08748
2.33761            0.929987             3.08748
3.09333             1.37197              5.1501
3.09333             1.37197              5.1501
1.54291             1.40702             3.58932
1.54291             1.40702             3.58932
1.54291             1.40702             3.58932
1.54291             1.40702             3.58932
1.54291             1.40702             3.58932
-1.11244            0.708055             4.09026
-2.2724             2.09787             2.86681
-0.0205481             1.81534             2.23318
-1.29125             1.25054             1.94117
-0.974936             1.19318             1.19142
0.625732            0.415786            0.488133
1.20099              1.3274             1.24711
-0.468692            0.902987            0.919304
-0.468692            0.902987            0.919304
-0.468692            0.902987            0.919304
-0.468692            0.902987            0.919304
-0.468692            0.902987            0.919304
-1.67144            -2.02703             2.68804
-1.67144            -2.02703             2.68804
-1.67144            -2.02703             2.68804
-0.610165          -0.0635743             1.38019
-0.610165          -0.0635743             1.38019
-0.610165          -0.0635743             1.38019
-0.610165          -0.0635743             1.38019
-0.610165          -0.0635743             1.38019
-0.837403          0.00350705              1.9035
-0.650921            0.532946             1.36871
-0.650921            0.532946             1.36871
-0.453385           -0.268405             1.37721
-0.453385           -0.268405             1.37721
-0.453385           -0.268405             1.37721
-0.453385           -0.268405             1.37721
1.83713            -1.50794             2.20097
3.5741            -3.74864             2.59486
3.24695           -0.847169             4.27105
3.24695           -0.847169             4.27105
2.82543            -1.18923             2.62404
0.175214           -0.798699              3.5139
0.175214           -0.798699              3.5139
-2.16589           -0.794031             1.89198
-2.16589           -0.794031             1.89198
-2.35842             1.31895             2.91839
-2.54955           0.0457474              4.7226
0.515375             2.14807              5.3634
-0.569479            -2.04059              3.5222
-0.775882            0.321672             3.98065
-0.323164           -0.502839             3.86561
-0.0244509             -1.3746             2.15327
-0.701894            -2.16123             1.71015
-0.701894            -2.16123             1.71015
-1.22205             -2.2455             1.08381
-1.38752           -0.272993            0.730804
-3.67799           0.0722846             2.43169
-2.89184            -2.27148             2.89847
-2.89184            -2.27148             2.89847
-0.891858             1.37585             3.34573
-0.891858             1.37585             3.34573
-0.891858             1.37585             3.34573
-0.891858             1.37585             3.34573
-3.48157             4.30983             4.75864
-1.92665             4.02273               6.488
-1.92665             4.02273               6.488
-1.92665             4.02273               6.488
-2.50739             6.00736             6.33122
-3.43273              8.1602             4.95588
-3.43273              8.1602             4.95588
-4.17856             8.07239             4.70364
-4.17856             8.07239             4.70364
-4.17856             8.07239             4.70364
-4.17856             8.07239             4.70364
-6.30837              8.8246             2.88898
-5.40311             6.75836             2.46329
-6.19923             6.08234             3.21068
-6.19923             6.08234             3.21068
-10.2268             6.95143             3.32529
-10.2268             6.95143             3.32529
-7.12421             5.72574             3.14023
-7.12421             5.72574             3.14023
-7.12421             5.72574             3.14023
-7.12421             5.72574             3.14023
-9.04665             3.32398             3.31461
-6.9007             3.41695             4.49395
-2.90937             4.06629             4.75353
0.444647             2.91629             5.42465
1.77624             2.20978             4.92159
1.44146             2.39143             5.30516
-3.47098             1.74438             3.59523
-3.47098             1.74438             3.59523
-2.54648             1.34537             5.39873
-2.54648             1.34537             5.39873
-2.54648             1.34537             5.39873
-0.644979           -0.330804             4.39894
0.941053              -1.068             4.71177
0.941053              -1.068             4.71177
0.941053              -1.068             4.71177
-1.83568           -0.840119             4.64708
-1.83568           -0.840119             4.64708
-2.87524            -1.15409             5.30781
-2.87524            -1.15409             5.30781
-2.94494           -0.760777              3.7771
-2.94494           -0.760777              3.7771
-0.957868            0.722766             1.80804
0.188176             2.74288             4.26381
1.72711            0.848364             4.67595
1.72711            0.848364             4.67595
-0.439066             1.37275             3.96444
-0.439066             1.37275             3.96444
-0.439066             1.37275             3.96444
1.60244             1.47645             1.12301
1.60244             1.47645             1.12301
1.60244             1.47645             1.12301
1.04881          -0.0381562            0.532915
1.04881          -0.0381562            0.532915
4.21948             2.72357            -1.69212
4.21948             2.72357            -1.69212
2.39202             2.41876            -1.21965
0.363838             2.83343            -2.24989
0.363838             2.83343            -2.24989
0.363838             2.83343            -2.24989
0.363838             2.83343            -2.24989
-1.44526             2.22494            -3.51399
-0.554843             3.58783            -3.62047
-0.554843             3.58783            -3.62047
-0.554843             3.58783            -3.62047
-0.554843             3.58783            -3.62047
0.440965             1.72283            -4.02735
-0.244781           -0.310633            -2.34793
-0.244781           -0.310633            -2.34793
-0.696105            0.228634            -1.86465
0.328735           -0.355035            -2.67877
-0.380005             1.01018            -3.10068
0.0504047            0.627507            -1.54955
0.291031           -0.565479            -2.44396
0.291031           -0.565479            -2.44396
0.291031           -0.565479            -2.44396
0.291031           -0.565479            -2.44396
0.291031           -0.565479            -2.44396
-0.638302            -2.10047             2.83889
-1.14101           -0.227608           -0.866823
-1.14101           -0.227608           -0.866823
-1.25439            -3.44885            -1.84771
-2.15598            -2.77863            -3.27176
-1.39034            -1.76266            -3.22719
-0.358773            -1.64523            -3.25162
1.97116            0.332704            -2.51237
0.695758             0.25228            -3.17037
0.695758             0.25228            -3.17037
0.644364           -0.660937            -1.33783
1.39523           -0.816437           -0.661741
2.92442            -1.52987            -1.71853
0.22463            -2.47325             1.05588
0.22463            -2.47325             1.05588
0.22463            -2.47325             1.05588
-1.94959             -1.3442             4.66973
-0.783424            -1.37559               4.224
-0.783424            -1.37559               4.224
-0.192055             0.41927             6.52122
-0.192055             0.41927             6.52122
-0.192055             0.41927             6.52122
1.1546            -1.55442             4.94571
1.1546            -1.55442             4.94571
0.967733            -2.61898             2.88157
0.967733            -2.61898             2.88157
0.967733            -2.61898             2.88157
-0.194944            -1.11264             3.04601
-0.194944            -1.11264             3.04601
-0.194944            -1.11264             3.04601
-0.194944            -1.11264             3.04601
-1.53844           -0.534863             5.07886
1.66199             2.00418             3.34638
0.873909            -2.50828             2.66444
0.873909            -2.50828             2.66444
0.873909            -2.50828             2.66444
1.4307            -2.11823             2.88134
1.4307            -2.11823             2.88134
1.4307            -2.11823             2.88134
1.4307            -2.11823             2.88134
1.4307            -2.11823             2.88134
1.4307            -2.11823             2.88134
0.236161            -3.25393             4.14888
2.6506            -1.42837             3.49669
2.6506            -1.42837             3.49669
1.43216            -2.32748              5.8197
1.43216            -2.32748              5.8197
1.43216            -2.32748              5.8197
1.48699            0.760459             4.48159
1.36681            0.929587             4.95809
2.33028             1.76262             3.22059
1.0481            0.889923             2.81786
1.0481            0.889923             2.81786
-0.872888             1.02165             3.19133
-1.78756           0.0548079             2.13947
-1.78756           0.0548079             2.13947
-1.78756           0.0548079             2.13947
-1.78756           0.0548079             2.13947
-4.10572            -2.21627             3.27424
-3.2987            -2.50408             6.45906
-3.2987            -2.50408             6.45906
-3.2987            -2.50408             6.45906
-3.2987            -2.50408             6.45906
-3.43633            -1.37868             6.59252
-3.97484            -1.38862             6.85917
-3.97484            -1.38862             6.85917
-4.21553           -0.414128             4.22316
-0.80769            -2.58968             4.04226
-0.80769            -2.58968             4.04226
-0.80769            -2.58968             4.04226
-0.80769            -2.58968             4.04226
-2.01302            -3.39884             2.18271
-0.773545            -3.59787             4.84673
-1.93429            -3.16764             4.92347
-1.93429            -3.16764             4.92347
-1.93429            -3.16764             4.92347
-1.93429            -3.16764             4.92347
-1.93429            -3.16764             4.92347
-2.06694            -4.35193             4.82984
-3.42968            -4.14741             4.20685
-3.11822            -2.63235             5.12345
-0.216981            0.229964             4.28285
0.416878             2.09312             3.28609
0.416878             2.09312             3.28609
0.416878             2.09312             3.28609
1.37812             1.28396             2.97177
1.37812             1.28396             2.97177
1.38721            0.708864             1.79984
1.38721            0.708864             1.79984
1.96538            0.200525             1.89043
1.96538            0.200525             1.89043
0.325686             1.58207             2.63511
0.325686             1.58207             2.63511
-0.502116             2.57851             1.06383
0.536777             3.32056            0.738384
-0.404162             2.46748            0.925677
-0.404162             2.46748            0.925677
1.59966             1.17989             1.63531
-0.42991            0.420599            -2.27219
-0.42991            0.420599            -2.27219
-0.42991            0.420599            -2.27219
-0.42991            0.420599            -2.27219
-0.42991            0.420599            -2.27219
-0.42991            0.420599            -2.27219
-1.52755            0.825897            -3.54767
-1.52755            0.825897            -3.54767
-1.52755            0.825897            -3.54767
0.548316             1.14583            -3.45945
0.548316             1.14583            -3.45945
2.10905            -1.37281            -3.43352
-1.01262            0.687686            -4.01007
-1.01262            0.687686            -4.01007
2.64715              1.2054            -3.67007
2.64715              1.2054            -3.67007
2.64715              1.2054            -3.67007
1.189             1.93435             -5.0054
1.55602             0.40457            -6.64901
0.166092           -0.893531            -5.24512
0.166092           -0.893531            -5.24512
0.166092           -0.893531            -5.24512
0.166092           -0.893531            -5.24512
0.166092           -0.893531            -5.24512
-2.80521            0.614606            -3.94875
-1.2534             2.71842            -2.08068
-1.2534             2.71842            -2.08068
0.11884             1.54732            -2.89434
-0.383473           -0.418047             -4.0412
0.0230016           0.0685299            -2.64179
-1.13297            -1.38808            -2.43309
-2.22084            0.783916            -3.97484
-1.06505             1.42572             -3.3738
-1.06505             1.42572             -3.3738
-2.21832            -1.59133           -0.598217
-0.889984            -2.21636            -1.55471
1.26158            -3.32963            -4.86022
-0.961743            -1.66237            -3.73496
-0.961743            -1.66237            -3.73496
-0.961743            -1.66237            -3.73496
-2.06788            -1.40731            -4.21734
-2.06788            -1.40731            -4.21734
-2.95598            -3.59555            -2.93413
-2.95598            -3.59555            -2.93413
-2.73457            -1.96756            -3.14775
-2.73457            -1.96756            -3.14775
-2.73457            -1.96756            -3.14775
-1.08951           -0.376558            -2.22371
-1.08951           -0.376558            -2.22371
-2.59851            0.776828             -2.0705
-2.59851            0.776828             -2.0705
-2.59851            0.776828             -2.0705
-2.23931             1.00616            -3.55328
-2.23931             1.00616            -3.55328
-2.23931             1.00616            -3.55328
-2.23931             1.00616            -3.55328
-2.23931             1.00616            -3.55328
-2.23931             1.00616            -3.55328
-2.23931             1.00616            -3.55328
-2.23931             1.00616            -3.55328
-1.15248            0.620935            -5.30688
-1.15248            0.620935            -5.30688
-1.15248            0.620935            -5.30688
-1.15248            0.620935            -5.30688
-0.736395             -1.5095             -6.6534
-0.736395             -1.5095             -6.6534
-2.33764            -1.40873            -3.25064
-2.1394             2.42534            -3.80232
-3.17241             2.39542            -2.56526
-3.17241             2.39542            -2.56526
-1.88642            -1.56016            -3.01413
-2.17822            -4.03324            -3.21516
-2.17822            -4.03324            -3.21516
-2.17822            -4.03324            -3.21516
-3.1587            -3.22404            -3.44099
0.340414             -2.1334             -4.3506
-1.77854           -0.576699             -3.7292
-2.96925           -0.889639            -3.50481
-2.96925           -0.889639            -3.50481
-2.96925           -0.889639            -3.50481
0.385749           0.0383551            -1.83286
0.385749           0.0383551            -1.83286
-0.828548            -1.73428            -3.77153
2.19333           -0.165221            -3.12532
-0.824168            -1.78033            -2.70926
-0.728443            0.724696            -3.21975
-0.683999              2.2282             -4.2084
-0.666412             4.01372            -2.24768
-0.666412             4.01372            -2.24768
-0.845027             2.72118            -4.50022
-1.16412             3.53188            -3.48103
0.123329             2.01139            -1.63215
0.123329             2.01139            -1.63215
-0.556685             1.77112            -2.32978
-0.153574             1.32288            -4.54887
0.088415             1.49032            -2.53782
0.088415             1.49032            -2.53782
0.524436             1.02522            -2.57872
0.524436             1.02522            -2.57872
0.524436             1.02522            -2.57872
2.54462             3.38785            -2.51385
4.02036             4.78813            -4.00862
4.87135             3.37868            -4.62719
4.87135             3.37868            -4.62719
4.74809             4.00207            -4.59602
4.74809             4.00207            -4.59602
2.19251             1.49952             -1.8773
-0.0526034            0.694075            -3.56707
-0.0526034            0.694075            -3.56707
0.772749            -1.19742            -4.66784
0.772749            -1.19742            -4.66784
0.425199           -0.639822             -1.1801
0.425199           -0.639822             -1.1801
0.425199           -0.639822             -1.1801
0.425199           -0.639822             -1.1801
-1.69808             0.42673            0.598292
-1.69808             0.42673            0.598292
-1.69808             0.42673            0.598292
0.20232             1.22412             1.42908
0.20232             1.22412             1.42908
0.20232             1.22412             1.42908
0.20232             1.22412             1.42908
0.20232             1.22412             1.42908
0.778298            0.541687             1.45363
0.778298            0.541687             1.45363
1.48669            0.587449             1.91065
1.48669            0.587449             1.91065
1.48669            0.587449             1.91065
1.48669            0.587449             1.91065
1.48669            0.587449             1.91065
1.84703             1.68253             1.23264
0.249057             1.52387             1.40716
0.249057             1.52387             1.40716
1.09797            0.914524             3.25449
1.09797            0.914524             3.25449
-3.05165            -1.26226             3.63824
-2.94587             -1.1492             3.57974
-2.38984            -2.05077             3.45579
-2.67615            -2.49238             1.63172
-3.17712            -2.15582             3.09458
2.04839           -0.879273             4.73665
2.01175            -1.39897             1.57156
0.199067             -1.1187            0.647383
0.199067             -1.1187            0.647383
2.54414             1.12081             2.15838
1.61026             1.40635             3.77041
1.3253             1.65217             5.22179
1.3253             1.65217             5.22179
1.3253             1.65217             5.22179
1.3253             1.65217             5.22179
1.3253             1.65217             5.22179
2.34355            0.668566             3.36183
2.45286          -0.0982432             3.34502
2.45286          -0.0982432             3.34502
1.60671             1.59417             1.71525
0.731301             2.51559             2.69801
0.731301             2.51559             2.69801
0.731301             2.51559             2.69801
0.731301             2.51559             2.69801
1.15311             1.12231             3.78896
1.15311             1.12231             3.78896
0.253658             1.37102             5.00132
0.253658             1.37102             5.00132
0.253658             1.37102             5.00132
0.253658             1.37102             5.00132
1.68094            0.300054             4.36946
1.00278            0.331528             4.33074
1.00278            0.331528             4.33074
0.233903             2.93201             5.32659
-0.735338             4.37706              4.5784
-0.735338             4.37706              4.5784
-0.735338             4.37706              4.5784
-2.62298             3.59842             3.77218
1.09848             1.15554             1.47473
2.53425            0.677744             2.32627
1.87713           -0.488248              1.8761
0.395129            -1.50367             1.81185
0.395129            -1.50367             1.81185
0.99497            -1.38126             2.75596
0.99497            -1.38126             2.75596
0.99497            -1.38126             2.75596
-0.0412378           0.0810591             3.80602
-0.0412378           0.0810591             3.80602
-0.0412378           0.0810591             3.80602
-0.0412378           0.0810591             3.80602
-2.0075            -0.46839              3.9581
-2.0075            -0.46839              3.9581
-2.0075            -0.46839              3.9581
-2.0075            -0.46839              3.9581
-2.0075            -0.46839              3.9581
-1.36618            -1.55246             2.97551
-1.36618            -1.55246             2.97551
1.09897          -0.0767964             4.13139
-0.194213           -0.684446             4.37995
0.813687             0.96722             1.25457
1.63102            0.372135             1.12829
1.20338           -0.236281            -1.20462
1.20338           -0.236281            -1.20462
1.20338           -0.236281            -1.20462
0.423879           -0.153539            -2.78113
0.423879           -0.153539            -2.78113
0.423879           -0.153539            -2.78113
0.423879           -0.153539            -2.78113
0.423879           -0.153539            -2.78113
-0.497276           -0.624357           -0.260258
-2.72534            0.372327             1.29133
-0.64772          0.00398156            0.655571
-0.64772          0.00398156            0.655571
1.06784             1.65439             2.62952
1.06784             1.65439             2.62952
1.06784             1.65439             2.62952
-0.503474             2.11683             4.06197
-0.503474             2.11683             4.06197
-0.503474             2.11683             4.06197
0.681237           -0.235474             4.21267
0.681237           -0.235474             4.21267
0.681237           -0.235474             4.21267
-0.833781            0.884144             3.41018
-0.501952            0.697188             3.51379
-0.501952            0.697188             3.51379
1.13679           -0.579319             1.44662
3.3771           -0.933478             1.41821
3.3771           -0.933478             1.41821
2.70123           -0.953772               1.496
0.613116            -2.62953             4.34676
2.08316            -2.39833             6.21629
2.08316            -2.39833             6.21629
-1.64069            -3.03369             6.67175
-2.81425            -2.47997             5.03331
-2.81425            -2.47997             5.03331
-2.81425            -2.47997             5.03331
-3.56999            -3.48872             4.28075
-3.56999            -3.48872             4.28075
-0.937153             -3.7465             4.58096
-0.937153             -3.7465             4.58096
-0.937153             -3.7465             4.58096
-0.937153             -3.7465             4.58096
-0.937153             -3.7465             4.58096
2.36913            -5.16162             4.76346
2.36913            -5.16162             4.76346
1.70921            -6.41211             5.19755
1.70921            -6.41211             5.19755
1.70921            -6.41211             5.19755
1.70921            -6.41211             5.19755
2.61925            -6.94269             5.56873
3.95569            -7.45782             3.39779
3.95569            -7.45782             3.39779
4.80549            -6.93374             3.55497
3.73763            -6.83052               3.981
3.73763            -6.83052               3.981
4.61269            -4.97642             2.71407
3.72657            -4.04226             1.67266
4.90397            -4.26742             3.34304
4.90397            -4.26742             3.34304
6.03108            -2.72449             6.26503
5.66589            -5.26324             3.81661
5.66589            -5.26324             3.81661
3.98096            -6.41356             3.58404
3.98096            -6.41356             3.58404
3.286            -5.20005             2.81714
5.09573           -0.866937             3.96382
5.09573           -0.866937             3.96382
1.86886           -0.336504             1.77335
1.86886           -0.336504             1.77335
1.82723            -1.66455             4.28878
1.82723            -1.66455             4.28878
1.82723            -1.66455             4.28878
2.56892          -0.0380368             4.98125
2.56892          -0.0380368             4.98125
0.950777            0.329674             4.33514
1.15773             1.86879             3.63991
3.05373             1.96587              1.5165
1.20708             2.27618             1.84903
2.92365            -0.25058             2.77994
2.58805             2.25538             3.51492
2.58805             2.25538             3.51492
2.58805             2.25538             3.51492
3.66591             4.46073             2.58495
3.10949             3.41298             4.09641
3.10949             3.41298             4.09641
3.10949             3.41298             4.09641
2.58119             2.27065             1.31888
2.58119             2.27065             1.31888
0.883216             2.38065             1.15416
0.883216             2.38065             1.15416
-0.713286            0.514754             1.68161
-1.9441           -0.902822             2.20542
-0.60317           0.0671644            0.962152
-1.47043            0.475271             2.31876
-1.47043            0.475271             2.31876
0.771737            -1.63786             1.99626
0.771737            -1.63786             1.99626
0.771737            -1.63786             1.99626
0.771737            -1.63786             1.99626
0.592745            -1.18815             0.81121
-0.46971            -1.15848             1.10038
-1.46621            -2.43371            0.834054
-2.67696            -1.39944             2.86009
-2.67696            -1.39944             2.86009
-1.85538           0.0244358             4.45672
-0.571024             2.08158             2.48384
-0.571024             2.08158             2.48384
-0.0758658           -0.438235             1.89006
-0.0758658           -0.438235             1.89006
-0.0758658           -0.438235             1.89006
-0.253121            0.685729             1.67839
0.580711           -0.228615             1.31418
0.580711           -0.228615             1.31418
0.580711           -0.228615             1.31418
-0.528379            0.365604             2.00904
-1.77497            -1.08083             1.44997
-2.36683            -1.68154             3.29552
-2.967           -0.309902             3.32658
-3.0259          -0.0300876             2.53205
-2.84412            -3.94445             2.28161
-1.09397            -1.66217             1.76165
-1.09397            -1.66217             1.76165
-0.0649847           -0.703028            0.320011
-0.0649847           -0.703028            0.320011
-0.0649847           -0.703028            0.320011
-1.90412          -0.0943973             2.67916
-2.74397             1.57352             1.17503
-1.49255            0.274036             2.40634
-1.36559            0.222771             3.06924
-1.36559            0.222771             3.06924
-1.07338           -0.880967             2.42147
-0.228536            0.829588             2.39757
-1.14521            -1.69582             3.18604
-1.78623           -0.775646             5.55741
-1.78623           -0.775646             5.55741
-1.72747            0.489814             4.63572
-0.00876748           0.0792982              4.0424
-1.26147             -1.0087             3.49118
-1.5842           -0.918123             3.82396
-1.70536            -1.04301             1.69003
-1.70536            -1.04301             1.69003
-1.70536            -1.04301             1.69003
0.523118            -2.16738             2.95897
0.838251            -1.30507             1.15462
0.490935            0.718241             3.13493
0.490935            0.718241             3.13493
0.490935            0.718241             3.13493
0.490935            0.718241             3.13493
0.490935            0.718241             3.13493
0.490935            0.718241             3.13493
0.490935            0.718241             3.13493
1.38768            0.263715             4.77096
1.38768            0.263715             4.77096
4.01096            0.833087             6.66723
4.01096            0.833087             6.66723
4.01096            0.833087             6.66723
4.01096            0.833087             6.66723
4.01096            0.833087             6.66723
4.01096            0.833087             6.66723
3.90539           -0.217072             7.54303
2.21753            -1.85454             5.43178
2.21753            -1.85454             5.43178
1.87303            -1.03633             5.14842
1.87303            -1.03633             5.14842
1.87303            -1.03633             5.14842
0.681565           -0.967297              2.7405
0.681565           -0.967297              2.7405
-1.15829            -2.72315             2.70465
-1.15829            -2.72315             2.70465
-1.58208            -2.76632             2.09779
-0.782294             -2.7228             1.21783
-2.0447            -4.34827             2.13144
-3.56856             -3.7699             3.62662
-3.56856             -3.7699             3.62662
-4.26118            -3.58375             4.09067
-4.26118            -3.58375             4.09067
-5.45262            0.216293             4.29253
-4.86449           -0.596581             5.61614
-5.22758            0.984886             5.35739
-5.22758            0.984886             5.35739
-4.00698           -0.926359             5.01257
-4.00698           -0.926359             5.01257
-0.797504              1.6655             5.99249
0.0859315             1.66966             2.87886
0.0859315             1.66966             2.87886
0.0859315             1.66966             2.87886
0.0859315             1.66966             2.87886
0.0859315             1.66966             2.87886
0.0859315             1.66966             2.87886
-0.454387           -0.494632             3.16118
2.21937             -3.0803              4.6373
2.21937             -3.0803              4.6373
2.21937             -3.0803              4.6373
1.55288            -5.07165             2.56044
1.55288            -5.07165             2.56044
2.98776            -3.85088             3.83743
3.57648            -5.34486             4.22009
3.57648            -5.34486             4.22009
3.57648            -5.34486             4.22009
2.7519            -3.87948             4.09972
2.7519            -3.87948             4.09972
5.59195            -2.15782             4.85151
4.65673            -2.51199             4.52103
4.71902             1.30538             5.12644
3.67787            0.965208             3.94596
4.12898            0.594455             5.44675
3.70094           -0.269069             6.03716
4.74324             2.85188             4.43515
4.74324             2.85188             4.43515
3.42668             2.42647             2.57182
3.42668             2.42647             2.57182
3.34023            0.676953             4.03844
3.34023            0.676953             4.03844
2.08207             1.28817             3.49064
2.08207             1.28817             3.49064
3.25705            0.173015             1.71591
3.25705            0.173015             1.71591
3.25705            0.173015             1.71591
2.76833            -1.39355             3.62812
2.76833            -1.39355             3.62812
2.76833            -1.39355             3.62812
2.76833            -1.39355             3.62812
2.76833            -1.39355             3.62812
3.3947            -2.16766             3.59109
2.20918            -2.26756             3.00884
-0.213239            -2.45115             4.04339
1.41504            -0.92407             1.69356
1.84921            -2.80567             2.42905
0.0144246           -0.294392             3.14443
-2.00686          -0.0397838             2.65361
-1.44182             1.97402              3.2618
-2.44184           -0.978576             3.89584
-2.44184           -0.978576             3.89584
-0.934558           -0.167474             1.79435
-0.934558           -0.167474             1.79435
-0.934558           -0.167474             1.79435
-0.934558           -0.167474             1.79435
-0.934558           -0.167474             1.79435
-0.934558           -0.167474             1.79435
-1.44066            0.553368             3.55432
-1.44066            0.553368             3.55432
-1.44066            0.553368             3.55432
-0.741295             2.12047             4.27783
-0.741295             2.12047             4.27783
-0.741295             2.12047             4.27783
-0.741295             2.12047             4.27783
0.435163             1.64298             5.07189
0.435163             1.64298             5.07189
0.435163             1.64298             5.07189
0.318473             2.69003             3.98581
0.318473             2.69003             3.98581
0.318473             2.69003             3.98581
0.318473             2.69003             3.98581
-0.23152             3.73036             4.43133
0.177768             5.02108             5.68388
0.810599              3.6252             3.68949
0.810599              3.6252             3.68949
0.810599              3.6252             3.68949
1.02145            0.581099             1.97002
1.87739             1.75076             2.19249
1.87739             1.75076             2.19249
1.87739             1.75076             2.19249
1.87739             1.75076             2.19249
1.87739             1.75076             2.19249
0.264251             1.39872            0.885074
0.0330736          0.00807961             1.41908
0.0330736          0.00807961             1.41908
-0.808306            -0.26727            -2.11672
-0.838392             1.31273            -1.84486
-0.838392             1.31273            -1.84486
-0.838392             1.31273            -1.84486
-0.838392             1.31273            -1.84486
3.14221             1.65758            -4.46742
3.14221             1.65758            -4.46742
2.59535             2.35602            -4.60983
1.37103             3.17068            -3.89502
3.205            0.441173            -1.98673
2.11551            0.188699            -3.33716
2.11551            0.188699            -3.33716
2.11551            0.188699            -3.33716
2.11551            0.188699            -3.33716
0.383135            -1.47343            -3.13018
0.383135            -1.47343            -3.13018
0.383135            -1.47343            -3.13018
0.383135            -1.47343            -3.13018
-0.65086            -2.38436            -3.41588
2.7607            -3.06156             -2.1033
2.26607            -2.37824            -3.46132
1.39228            0.622086            -3.74538
1.39228            0.622086            -3.74538
1.39228            0.622086            -3.74538
1.39228            0.622086            -3.74538
0.37161             2.08298            -3.38176
0.493884             1.69012            -3.84778
0.493884             1.69012            -3.84778
0.493884             1.69012            -3.84778
-1.17494             2.32393            -4.42563
-1.17494             2.32393            -4.42563
-1.17494             2.32393            -4.42563
-2.27679             2.11328            -3.19528
-2.27679             2.11328            -3.19528
-2.27679             2.11328            -3.19528
-3.00193             2.62116            -2.50776
-2.77141             2.59156            -2.62296
-2.77141             2.59156            -2.62296
-0.563335            0.559268            -4.28674
1.13675          -0.0403277            -2.31805
1.08752              1.3192            -2.29443
-0.0885202           -0.263722            -2.99718
1.98103           -0.518566            -3.26364
1.64179            -3.25438             -3.1222
1.64179            -3.25438             -3.1222
1.64179            -3.25438             -3.1222
1.64179            -3.25438             -3.1222
1.64179            -3.25438             -3.1222
1.64179            -3.25438             -3.1222
3.15256            0.749145            -3.69299
0.8632             1.86099             -2.5819
0.8632             1.86099             -2.5819
1.31608             2.55568            -3.80181
0.730403             3.41536            -3.58807
1.4525             2.90682            -5.59477
2.81255            0.946977            -6.57261
2.44599             2.17551            -7.50564
-0.591333             3.95419             -6.2829
-0.582344             3.95405            -7.10625
-0.561573             5.63235            -6.94093
-0.853762             4.74487            -8.15576
1.2615             2.73859            -6.52119
0.69427             2.21452            -8.00941
1.24604             4.87327            -9.95483
1.24604             4.87327            -9.95483
1.24604             4.87327            -9.95483
1.24604             4.87327            -9.95483
1.60576              6.2538            -10.6028
1.60576              6.2538            -10.6028
3.19709             4.94536            -11.1555
4.131             6.32458            -8.83714
4.131             6.32458            -8.83714
3.046             8.94152              -7.167
3.046             8.94152              -7.167
2.94194             7.53144            -8.09426
1.73553             5.15692            -7.39081
-2.27463             5.34572            -2.16853
-2.56305             5.83309            -3.86272
-4.30096             5.11585            -6.53163
-4.30096             5.11585            -6.53163
-4.30096             5.11585            -6.53163
-3.04691             3.90509            -6.64237
-4.8731           -0.564248            -8.96787
-4.94145           0.0673961             -7.9967
-1.61673            0.721035            -9.09078
-3.15594            0.390468            -6.15574
-3.54067            -1.14392             -5.1746
-2.09931            -4.19301             -4.4181
-0.804131          -0.0808864            -6.06898
-1.18748            -1.99063            -4.66797
-1.18748            -1.99063            -4.66797
-2.6542           -0.485557            -2.58097
-1.69466             1.58913            -3.67041
-1.69466             1.58913            -3.67041
-1.69466             1.58913            -3.67041
0.912478             1.82819            -2.62454
0.912478             1.82819            -2.62454
0.912478             1.82819            -2.62454
-0.60611             3.02184            -3.07137
-0.689285             2.05189            -1.88868
1.5724            0.418334            -1.25795
1.5724            0.418334            -1.25795
-0.469689             2.65183            -2.86165
0.314081             0.68213           -0.617437
-0.545215           -0.981701             1.13236
-1.03581           -0.422348              -3.111
-1.03581           -0.422348              -3.111
-1.03581           -0.422348              -3.111
0.0572374            -1.56346            -3.86354
-1.82456            -1.13963            -4.30652
-1.82456            -1.13963            -4.30652
-1.82456            -1.13963            -4.30652
-1.82456            -1.13963            -4.30652
-1.93312             1.82434            -5.69157
-1.93312             1.82434            -5.69157
-1.93312             1.82434            -5.69157
-1.83633             3.40117            -4.50909
-1.36024             3.30877            -5.60708
-1.30903             3.86586            -3.75975
0.0540914             1.29545            -5.03661
3.189             1.60928            -3.37375
3.97602             2.04962            -1.58708
4.39825             -3.5959            -3.22187
3.82532            -4.11928            -4.28607
3.27019            -4.57714            -6.00541
4.28223            -2.65067             -5.1859
4.98234            -3.48274            -4.63486
4.98234            -3.48274            -4.63486
4.99392           -0.973101            -4.25222
4.99392           -0.973101            -4.25222
5.23965            -1.32424            -2.39954
5.50733            -2.58049            -2.26145
4.62503           -0.602335             -2.7376
4.62503           -0.602335             -2.7376
4.62503           -0.602335             -2.7376
2.2418            -2.14265            -5.14925
2.2418            -2.14265            -5.14925
1.55941            -1.06302            -5.16134
0.721582            -1.98513            -3.58318
2.1585             -1.3861            -1.24069
0.302305             1.49821           -0.888224
-2.55743             1.47073            -1.65885
-2.55743             1.47073            -1.65885
-2.55743             1.47073            -1.65885
-1.11374             1.35059           -0.862691
-1.11374             1.35059           -0.862691
1.52461             2.48572             -1.1117
1.52461             2.48572             -1.1117
0.0583023             3.21203            -4.08752
-0.537339             3.15324            -3.77893
-0.537339             3.15324            -3.77893
-0.537339             3.15324            -3.77893
-0.537339             3.15324            -3.77893
-0.537339             3.15324            -3.77893
-0.537339             3.15324            -3.77893
-0.728761             2.31738            -1.36741
1.50593             3.23643            -1.12618
1.45223             1.90265            -1.75708
1.45223             1.90265            -1.75708
1.45223             1.90265            -1.75708
1.45223             1.90265            -1.75708
3.80553             2.23984            -1.83422
3.80553             2.23984            -1.83422
3.80553             2.23984            -1.83422
4.55447             1.46637            -2.69525
4.55447             1.46637            -2.69525
4.55447             1.46637            -2.69525
4.55447             1.46637            -2.69525
2.50623             3.78682            -2.61817
1.97381             2.19659            -3.34892
1.97381             2.19659            -3.34892
1.97381             2.19659            -3.34892
1.97381             2.19659            -3.34892
1.97381             2.19659            -3.34892
2.5222             2.33718            -5.00445
3.63529             2.66466              -3.417
3.63529             2.66466              -3.417
2.91364             2.80848            -4.48303
2.91364             2.80848            -4.48303
2.91364             2.80848            -4.48303
2.91364             2.80848            -4.48303
2.69697             3.05424            -3.98142
2.69697             3.05424            -3.98142
2.14956             0.37092            -5.06847
0.355618             1.52494            -1.41629
0.758453             2.58871            -3.12849
1.36267             1.58241            -3.46901
-1.14018             1.76966              -4.607
-1.14018             1.76966              -4.607
-0.408824             1.12031            -4.43269
-2.41646           -0.726185             -2.2849
-2.41646           -0.726185             -2.2849
-1.79137           -0.980602            -3.35654
-1.50293             2.49887            -3.51248
-2.33227            0.925822            -1.18782
-2.33227            0.925822            -1.18782
-2.33227            0.925822            -1.18782
-2.33227            0.925822            -1.18782
-2.33227            0.925822            -1.18782
-1.52041             2.01925            -3.14833
0.364123            0.299594            -5.11955
-0.304351            0.595889            -3.31267
-0.304351            0.595889            -3.31267
1.46525            0.345781            -4.01327
2.21492            0.861901            -3.40193
2.15899           -0.956686            -2.79136
2.15899           -0.956686            -2.79136
2.15899           -0.956686            -2.79136
2.15899           -0.956686            -2.79136
2.20609             2.13483            -3.85615
1.59955             1.51426            -3.44612
1.01132              1.5622            -2.71252
1.01132              1.5622            -2.71252
0.380627           -0.256005            -2.95859
-0.60097            -1.69148            -2.07147
0.345125            -4.03084            -3.43586
-1.55734            -4.45814             -5.8042
-1.55734            -4.45814             -5.8042
0.17784            -3.66474            -5.90557
0.154675            -3.36849            -6.37754
0.154675            -3.36849            -6.37754
0.154675            -3.36849            -6.37754
-1.12535            -3.01721            -4.14153
-1.12535            -3.01721            -4.14153
-1.12535            -3.01721            -4.14153
-1.12535            -3.01721            -4.14153
-1.43045           -0.139997            -3.33295
-1.43045           -0.139997            -3.33295
-0.622935             1.75846            -1.83562
-0.440087            0.907808            -2.97658
0.418311             1.81246            -3.40225
-1.38001             1.91091            -3.02904
0.32485             1.54474            -4.90121
0.32485             1.54474            -4.90121
-0.297105           -0.209369            -3.99579
0.412971           -0.268488            -2.95546
0.412971           -0.268488            -2.95546
0.412971           -0.268488            -2.95546
0.412971           -0.268488            -2.95546
0.412971           -0.268488            -2.95546
0.412971           -0.268488            -2.95546
0.412971           -0.268488            -2.95546
0.412971           -0.268488            -2.95546
0.412971           -0.268488            -2.95546
0.412971           -0.268488            -2.95546
-0.593115            -1.50479            -4.49869
0.637811             1.95667            -4.49893
1.79805             3.23497            -2.07925
1.79805             3.23497            -2.07925
-1.80009             4.60487            -2.92945
-1.80009             4.60487            -2.92945
-1.9509             4.11207            -2.58252
-1.9509             4.11207            -2.58252
-5.19381              3.8954            -2.37347
-4.06363             5.72044            -2.48781
-4.06363             5.72044            -2.48781
-3.88093             4.00938            -5.92766
-4.41891              7.3153            -5.95969
-4.11049             7.47341            -6.70943
-5.21097             6.95773            -4.88766
-1.4389             6.07836            -3.29686
-1.4389             6.07836            -3.29686
-1.31064             4.82878            -2.99464
0.336957             3.46729            -5.41676
0.738561             2.87339             -5.4416
0.738561             2.87339             -5.4416
-1.35607              4.1286            -4.56389
-0.674917             4.49049            -7.50646
-2.30578             4.72841            -6.81412
-2.30578             4.72841            -6.81412
-0.716436             4.46917            -7.39772
-0.716436             4.46917            -7.39772
-0.986929             5.11718             -9.7572
-0.986929             5.11718             -9.7572
-0.90607             4.89922            -8.12293
-0.90607             4.89922            -8.12293
-2.20444             4.79354            -7.62262
-3.6361             3.04524            -4.89284
-3.49885             3.02591            -5.54612
-3.12972             2.77942            -3.12677
-0.219444             2.69641             -2.3079
-0.471001             3.49589             -2.3153
-0.471001             3.49589             -2.3153
-0.471001             3.49589             -2.3153
-0.471001             3.49589             -2.3153
-0.471001             3.49589             -2.3153
-1.81621            0.987999            -4.46111
-1.81621            0.987999            -4.46111
-1.85158             2.08778            -4.03081
-1.85158             2.08778            -4.03081
-0.860244            0.538907            -5.13229
-1.65674             1.77797            -4.21093
0.11123           -0.626819            -5.70016
-3.89305            0.811198            -7.53754
-3.89305            0.811198            -7.53754
-3.89305            0.811198            -7.53754
-1.5168            0.839182            -6.75208
1.02009          0.00529075            -5.96934
0.226361            0.014478             -6.0927
1.01575            0.116595            -5.20631
0.902948             1.43312            -5.36107
0.902948             1.43312            -5.36107
1.52972             0.44632            -5.17174
2.25482             2.25571            -2.96424
2.25482             2.25571            -2.96424
-1.15074             5.08817            -3.32877
0.485357            0.894006            -3.59603
-2.27494           -0.548828             -3.9258
-2.27494           -0.548828             -3.9258
-2.27494           -0.548828             -3.9258
-2.77458            -1.56005            -4.86115
-3.12216            -1.69953            -6.16242
1.71806            -3.82815            -5.88907
0.859117            -3.52967            -5.69061
0.831678            -3.32523            -5.75764
0.831678            -3.32523            -5.75764
4.47018            -2.87496            -5.71791
5.92658           0.0191669            -3.92246
5.46442             1.55474            -4.93969
5.46442             1.55474            -4.93969
0.90442             1.14118             -4.9372
0.90442             1.14118             -4.9372
0.900355            0.218676            -5.48718
0.900355            0.218676            -5.48718
-1.43598            0.928881            -5.44208
-1.48869             0.66737            -5.12644
0.615511              1.9548            -3.54893
-1.26778             1.86458            -3.01965
-2.60121            -1.56628            -1.05916
0.455833             1.14796            0.822117
-0.244514             1.87021             1.87225
-0.244514             1.87021             1.87225
-0.919531            0.410052             2.65059
-0.919531            0.410052             2.65059
-0.919531            0.410052             2.65059
-0.919531            0.410052             2.65059
-0.919531            0.410052             2.65059
-0.919531            0.410052             2.65059
-0.919531            0.410052             2.65059
-0.919531            0.410052             2.65059
-0.919531            0.410052             2.65059
0.738981            0.141255             3.41096
0.738981            0.141255             3.41096
0.738981            0.141255             3.41096
0.738981            0.141255             3.41096
0.738981            0.141255             3.41096
0.738981            0.141255             3.41096
0.738981            0.141255             3.41096
0.738981            0.141255             3.41096
0.738981            0.141255             3.41096
-0.099222            -1.23314              1.5959
-0.655021            -1.30025             2.46093
-0.655021            -1.30025             2.46093
-0.655021            -1.30025             2.46093
-0.655021            -1.30025             2.46093
-0.655021            -1.30025             2.46093
-0.655021            -1.30025             2.46093
-0.655021            -1.30025             2.46093
-0.655021            -1.30025             2.46093
1.10476            -1.11657             2.63578
1.10476            -1.11657             2.63578
3.01614           -0.811748             3.12837
3.01614           -0.811748             3.12837
2.0191             -4.9195             3.65017
0.913462            -2.71326             2.77218
-2.12226            -1.19337             1.29516
-2.12226            -1.19337             1.29516
-2.12226            -1.19337             1.29516
-2.12226            -1.19337             1.29516
-0.871326            -2.44032             1.54144
-0.871326            -2.44032             1.54144
-0.871326            -2.44032             1.54144
-0.31429            -4.59425             2.73675
-0.31429            -4.59425             2.73675
-0.31429            -4.59425             2.73675
2.3141            0.521966              1.1329
1.65076           -0.682647             3.83081
1.65076           -0.682647             3.83081
1.65076           -0.682647             3.83081
0.106214            -2.97807             4.12813
0.106619           -0.413032             5.00629
0.237017            0.210359             3.96291
-0.617355             2.14506             3.73694
0.231485         -0.00254386             2.48584
0.41686             2.71438             2.06665
-0.75304             2.14961             2.72608
-0.75304             2.14961             2.72608
-0.75304             2.14961             2.72608
-0.568853             1.58107             2.81849
-0.392451            0.615544             2.27152
0.772841            -1.35406              1.2837
0.772841            -1.35406              1.2837
0.772841            -1.35406              1.2837
0.772841            -1.35406              1.2837
0.772841            -1.35406              1.2837
0.772841            -1.35406              1.2837
0.772841            -1.35406              1.2837
0.772841            -1.35406              1.2837
0.772841            -1.35406              1.2837
0.233309            -1.23977             2.53928
0.233309            -1.23977             2.53928
0.233309            -1.23977             2.53928
0.233309            -1.23977             2.53928
0.233309            -1.23977             2.53928
-0.729433           -0.808674             2.69469
-0.729433           -0.808674             2.69469
0.0344022            -1.49278             2.99019
0.0344022            -1.49278             2.99019
-3.74815           -0.855542              2.8429
-3.74815           -0.855542              2.8429
-3.74815           -0.855542              2.8429
-3.74815           -0.855542              2.8429
-2.84446           -0.838505             4.09319
-1.74749             0.44447            0.920762
-1.74749             0.44447            0.920762
-0.883315            -1.22976           -0.273021
-0.0897463          -0.0269344            -5.29073
-0.0897463          -0.0269344            -5.29073
0.407619            0.236582            -3.34597
0.407619            0.236582            -3.34597
0.407619            0.236582            -3.34597
0.802915          -0.0724773            -1.28442
0.802915          -0.0724773            -1.28442
0.802915          -0.0724773            -1.28442
0.802915          -0.0724773            -1.28442
0.802915          -0.0724773            -1.28442
0.802915          -0.0724773            -1.28442
0.802915          -0.0724773            -1.28442
-1.20181            -1.65877             1.47525
-0.437189            -1.79541             4.47124
1.81669            -1.76405             3.64516
1.81669            -1.76405             3.64516
1.0392            -1.24098             2.38365
0.372566           -0.835989             2.79181
0.372566           -0.835989             2.79181
0.372566           -0.835989             2.79181
2.2569            -2.90965             3.39666
2.27124           -0.815141             2.83968
2.27124           -0.815141             2.83968
1.37883            -1.00357           -0.439225
0.21927           -0.617684            -2.17149
0.624092           0.0559706            -1.36282
0.624092           0.0559706            -1.36282
-0.706896             1.17184            -1.83394
-0.706896             1.17184            -1.83394
-0.706896             1.17184            -1.83394
-0.706896             1.17184            -1.83394
-0.899894             2.02019            -3.15515
0.417184             2.22331            -2.85408
0.417184             2.22331            -2.85408
-2.17726             1.80153            -3.81904
-2.17726             1.80153            -3.81904
0.156412             2.14561            -3.33149
-0.870544             2.98283            -5.56714
-0.870544             2.98283            -5.56714
-0.870544             2.98283            -5.56714
-2.01369             1.83724            -5.27281
-0.49205            -1.05585            -3.96763
0.198766           -0.459834            -4.32672
-2.22021             1.71262            -4.51107
-0.591415             3.74426            -5.26472
-0.591415             3.74426            -5.26472
-0.117299             2.78183            -2.94809
-0.117299             2.78183            -2.94809
-2.10398             2.38384            -2.23217
-2.10398             2.38384            -2.23217
-2.10398             2.38384            -2.23217
-1.70828             2.06225            -4.21782
0.339088            0.339542             -5.8211
1.27391           -0.174872            -5.73877
-1.10688            -2.42781            -3.53149
-1.10688            -2.42781            -3.53149
-2.31267             1.44354            -2.40137
-2.31267             1.44354            -2.40137
0.0781591            0.286661            -3.26116
0.0781591            0.286661            -3.26116
0.0781591            0.286661            -3.26116
0.0781591            0.286661            -3.26116
0.0781591            0.286661            -3.26116
0.707931             2.23137            -3.85392
0.707931             2.23137            -3.85392
0.707931             2.23137            -3.85392
0.707931             2.23137            -3.85392
0.707931             2.23137            -3.85392
2.64445            0.157645             -1.5613
2.64445            0.157645             -1.5613
2.64445            0.157645             -1.5613
2.64445            0.157645             -1.5613
2.64445            0.157645             -1.5613
1.75603            0.942592            -1.13204
1.75603            0.942592            -1.13204
1.89789           -0.405183            -1.18011
2.57002            -1.24686            0.554417
2.43373            0.538678               3.792
3.6424             2.20521             2.76478
3.6424             2.20521             2.76478
3.6424             2.20521             2.76478
3.6424             2.20521             2.76478
2.09366             1.87844             3.25093
2.09366             1.87844             3.25093
-0.897196             3.08711             1.29701
-0.897196             3.08711             1.29701
-0.897196             3.08711             1.29701
-0.897196             3.08711             1.29701
0.65264             5.12328             2.86424
-1.84643             4.38075             2.90475
-1.84643             4.38075             2.90475
-3.80833             4.61074             4.47737
-3.80833             4.61074             4.47737
-3.14159             4.79684             3.65192
-3.14159             4.79684             3.65192
-0.286263             2.01279             6.13336
-1.78835            0.861482              5.1966
-1.78835            0.861482              5.1966
-1.78835            0.861482              5.1966
0.522802            -1.56925             3.27863
0.522802            -1.56925             3.27863
0.522802            -1.56925             3.27863
0.0266747            -2.18501             1.35657
0.0266747            -2.18501             1.35657
0.0266747            -2.18501             1.35657
0.0266747            -2.18501             1.35657
0.0266747            -2.18501             1.35657
0.0266747            -2.18501             1.35657
-0.649043            -3.07526             1.38115
-0.649043            -3.07526             1.38115
-0.649043            -3.07526             1.38115
-0.649043            -3.07526             1.38115
-0.133698            -1.98314           -0.736465
-0.133698            -1.98314           -0.736465
-2.35923           0.0842179             1.36307
-0.243275           -0.610986             0.96278
-0.243275           -0.610986             0.96278
0.722643            -2.67889             4.41199
0.41605            -2.06613             2.88759
0.41605            -2.06613             2.88759
0.41605            -2.06613             2.88759
-0.23521            -2.76384             7.13167
-1.36298            -1.60076             4.48773
-3.97636            0.364082             3.79495
-4.35153             1.80115             2.52088
-4.35153             1.80115             2.52088
-3.56639             3.84441             3.86122
-3.1815             3.35799             4.23064
-4.02566             3.34797              3.5833
-4.02566             3.34797              3.5833
-5.52338           -0.190504             5.38257
-5.52338           -0.190504             5.38257
-5.52338           -0.190504             5.38257
-5.52338           -0.190504             5.38257
-5.52338           -0.190504             5.38257
-5.52338           -0.190504             5.38257
-5.52338           -0.190504             5.38257
-5.52338           -0.190504             5.38257
-5.52338           -0.190504             5.38257
-5.00563              -2.533             3.84711
-5.00563              -2.533             3.84711
-5.00563              -2.533             3.84711
-4.36779            -1.73739             2.39967
-5.94832            -2.86818             2.35015
-5.94832            -2.86818             2.35015
-3.79258            -4.32464             1.57153
-1.80467            -4.70341            -1.04408
-3.3033            -5.96294            -1.63774
-3.3033            -5.96294            -1.63774
-3.4947            -4.80461            -2.09455
-3.4947            -4.80461            -2.09455
-4.27727            -5.33974            -4.47725
-1.87293            -6.39834              -2.202
-1.87293            -6.39834              -2.202
-1.87293            -6.39834              -2.202
-4.00972            -6.23981            -2.34803
-5.45941            -4.76094            -3.21961
-4.70644            -2.65748            -5.13469
-5.16637             1.48283            -4.37733
-5.98419            0.963364            -5.25349
-5.98419            0.963364            -5.25349
-5.98419            0.963364            -5.25349
-1.61058             1.15289            -4.43838
0.0540086            -1.42059            -6.06634
0.718639             1.90996            -4.10157
-0.411022              2.4789            -2.91679
-0.340996             2.68264            -2.87849
-0.340996             2.68264            -2.87849
1.04436            0.801377            -1.24813
1.04436            0.801377            -1.24813
1.06539             2.04106            -3.44515
1.06539             2.04106            -3.44515
-0.800401            0.908855             -4.1878
-1.8717             2.43031            -2.67704
-3.8005            0.882174            -3.96563
-3.8005            0.882174            -3.96563
-3.77143            -1.06687            -4.61635
-2.29684             -4.4482            -3.68979
-2.29684             -4.4482            -3.68979
-1.45609             -3.6431            -5.24746
-3.47321            -1.10357            -4.40289
-1.38504            0.514364            -6.43298
-1.38504            0.514364            -6.43298
-1.38504            0.514364            -6.43298
-1.38504            0.514364            -6.43298
-0.0956533            0.849409            -5.94983
-0.0956533            0.849409            -5.94983
0.386374             1.35485            -5.70081
-2.57371            0.953272            -4.05609
-1.99413           0.0735299            -5.57271
-1.99413           0.0735299            -5.57271
1.29623            -2.41937            -6.19237
1.29623            -2.41937            -6.19237
1.29623            -2.41937            -6.19237
2.19588           -0.719788            -8.68784
1.4427            -3.85205            -8.33657
3.78526            -2.18034            -8.62634
3.73801            -2.99376            -8.64489
-0.111655            -1.44042             -10.528
-0.111655            -1.44042             -10.528
0.0654483            -2.27618            -10.9559
-0.938137            -3.87623            -8.56811
-0.938137            -3.87623            -8.56811
-3.17132            -3.57383            -6.13841
-3.17132            -3.57383            -6.13841
-3.17132            -3.57383            -6.13841
-3.17132            -3.57383            -6.13841
-3.17132            -3.57383            -6.13841
-1.78248            -5.03942            -6.27464
-0.354851            -3.84267            -9.02862
-2.77125            -2.03398            -6.74367
-2.77125            -2.03398            -6.74367
-2.92783            -1.25649            -5.35705
-2.92783            -1.25649            -5.35705
-2.92783            -1.25649            -5.35705
-0.252119            -1.01361            -1.84688
-0.252119            -1.01361            -1.84688
-0.252119            -1.01361            -1.84688
0.14529             2.44982            -1.89787
0.715455             1.53167            -2.17309
0.715455             1.53167            -2.17309
0.715455             1.53167            -2.17309
0.715455             1.53167            -2.17309
0.715455             1.53167            -2.17309
0.715455             1.53167            -2.17309
-0.0555617             0.11566            -1.58513
1.15338            -0.37973            -2.50726
0.267641           -0.256962            -2.58231
0.267641           -0.256962            -2.58231
0.267641           -0.256962            -2.58231
1.55588           -0.126264            -2.08107
2.01497            0.272315            -1.31427
2.01497            0.272315            -1.31427
1.88086             1.78079            -2.01011
1.88086             1.78079            -2.01011
1.88086             1.78079            -2.01011
1.88086             1.78079            -2.01011
1.3556             1.22284            -2.30211
1.3556             1.22284            -2.30211
1.3556             1.22284            -2.30211
1.3556             1.22284            -2.30211
1.3556             1.22284            -2.30211
1.3556             1.22284            -2.30211
1.42376            0.246988            -3.09533
-1.37928            -1.43202            -3.08927
-1.37928            -1.43202            -3.08927
-0.994429            -2.16198            -2.88159
-0.994429            -2.16198            -2.88159
0.886469             -2.6965             -3.2018
2.24235            -2.37876            -2.48578
2.24235            -2.37876            -2.48578
2.24235            -2.37876            -2.48578
2.22962             -1.3918              -1.263
0.218285            -2.38033             -4.6161
-0.0527157            -2.26056            -4.24484
-1.53219           -0.046148            -5.22799
-1.53219           -0.046148            -5.22799
-1.72496             1.22583            -7.07861
-1.72496             1.22583            -7.07861
0.689327             1.60305            -6.67776
1.46688             1.17647            -8.15296
1.46688             1.17647            -8.15296
1.46688             1.17647            -8.15296
1.46688             1.17647            -8.15296
2.56033               1.999            -6.76994
4.5178              2.5874            -5.92964
3.36596          -0.0570364            -7.63483
3.25086            -1.43283            -8.53922
3.25086            -1.43283            -8.53922
1.70468            -3.60754            -7.05253
1.80796            -3.17806            -2.99863
1.80796            -3.17806            -2.99863
0.847296             -2.2395            -1.78728
0.847296             -2.2395            -1.78728
1.08816            0.287209            -4.83545
1.12868             2.15135            -2.45886
1.12868             2.15135            -2.45886
1.12868             2.15135            -2.45886
1.12868             2.15135            -2.45886
1.12868             2.15135            -2.45886
-1.28019            0.294641            -3.22254
-0.655314           -0.052033             -3.4874
-0.655314           -0.052033             -3.4874
-0.655314           -0.052033             -3.4874
-0.655314           -0.052033             -3.4874
0.0763491            0.193785            -4.01668
0.0763491            0.193785            -4.01668
0.870165            -3.36785            -3.17264
0.870165            -3.36785            -3.17264
0.870165            -3.36785            -3.17264
1.22956            -1.77033             -2.6469
1.22956            -1.77033             -2.6469
-1.07355            -1.68824           -0.677031
-2.33363             1.33071           -0.841578
-2.33363             1.33071           -0.841578
-2.38733             1.10036            -1.19521
-3.68655           -0.903502            -2.08168
-1.14534            0.101499            -2.24658
-1.14534            0.101499            -2.24658
-1.14534            0.101499            -2.24658
-1.14534            0.101499            -2.24658
-1.14534            0.101499            -2.24658
-1.14534            0.101499            -2.24658
-1.14534            0.101499            -2.24658
-1.14534            0.101499            -2.24658
-1.14534            0.101499            -2.24658
-1.14534            0.101499            -2.24658
-1.14534            0.101499            -2.24658
-1.14534            0.101499            -2.24658
-0.651156             1.01507               -1.55
-1.63196            0.587281            -1.15045
-1.63196            0.587281            -1.15045
-1.34665            0.919552            -2.18431
-1.34665            0.919552            -2.18431
-1.34665            0.919552            -2.18431
-1.34665            0.919552            -2.18431
-1.34665            0.919552            -2.18431
-1.34665            0.919552            -2.18431
-0.935947            0.147781            -3.37394
-0.935947            0.147781            -3.37394
-2.08902            -1.56134            -4.13347
-3.31561            -2.55887            -2.57525
-3.31561            -2.55887            -2.57525
-3.43239            -2.53108            -3.05495
-3.43239            -2.53108            -3.05495
-3.43239            -2.53108            -3.05495
-1.81846            -2.22434            -4.08965
-1.81846            -2.22434            -4.08965
-1.53659            -1.04369           -0.472086
1.6195            0.430998            -1.95088
1.49132             1.07063            -2.56788
0.912895             1.58766            -2.86959
0.912895             1.58766            -2.86959
0.0816646            -1.99213            -3.98129
-1.86375            -1.41303            -3.82996
-1.86375            -1.41303            -3.82996
-0.622006            -1.40035            -2.04775
-0.622006            -1.40035            -2.04775
-2.75075            -1.51648            -2.72114
-5.12959             1.26918            -2.99328
-4.19969            0.608307            -2.53495
-3.40656            -2.69861            -1.27367
-3.40656            -2.69861            -1.27367
-1.60923           -0.816047            -3.50048
1.22689            -1.67923            -4.18338
1.22689            -1.67923            -4.18338
0.993122            -3.43472            -2.00898
0.993122            -3.43472            -2.00898
4.1064            -2.18749             -1.5528
5.39062            -3.55658             -3.2395
3.73888             -2.8061            -5.68676
3.73888             -2.8061            -5.68676
3.73888             -2.8061            -5.68676
2.80451            -1.29928            -3.14935
2.58262            -2.76097            -2.83002
1.80531            -2.19869            -4.38076
1.18917            -2.32357            -2.62446
1.69035              -1.828            -1.84273
1.69035              -1.828            -1.84273
1.69035              -1.828            -1.84273
1.57523           -0.670224            -1.14077
1.57523           -0.670224            -1.14077
1.57523           -0.670224            -1.14077
1.57523           -0.670224            -1.14077
2.92869             1.45951            -2.26722
2.92869             1.45951            -2.26722
1.62124           -0.557248            -4.60499
-0.137439           -0.534947            -1.10859
-0.137439           -0.534947            -1.10859
-0.137439           -0.534947            -1.10859
-0.304267            -1.10841            -3.04801
0.425187            0.163414            -3.12182
0.425187            0.163414            -3.12182
0.425187            0.163414            -3.12182
-0.466147             1.12287            -2.20118
-0.466147             1.12287            -2.20118
-0.466147             1.12287            -2.20118
-0.466147             1.12287            -2.20118
-0.466147             1.12287            -2.20118
0.209154            -1.16179            0.712367
1.03408           -0.140223             1.62006
1.551            0.649626             1.51885
0.0484378          -0.0316557             1.81735
0.0484378          -0.0316557             1.81735
0.0484378          -0.0316557             1.81735
-0.220709             1.20688             2.77102
0.0220262             1.84053             2.45456
0.0220262             1.84053             2.45456
0.0220262             1.84053             2.45456
0.0220262             1.84053             2.45456
0.0220262             1.84053             2.45456
0.0220262             1.84053             2.45456
0.0220262             1.84053             2.45456
0.0220262             1.84053             2.45456
0.0220262             1.84053             2.45456
1.57316            0.376161             3.69827
1.57316            0.376161             3.69827
-0.311529            -2.35042             4.39839
0.755196            -1.04383             3.21454
0.755196            -1.04383             3.21454
2.52875            -1.10866              4.1577
2.52875            -1.10866              4.1577
2.52875            -1.10866              4.1577
2.52875            -1.10866              4.1577
1.02994            0.274578             5.39768
1.61118            0.282278             5.51044
1.61118            0.282278             5.51044
2.03243           -0.156404             5.68161
1.13776           -0.248982             7.29329
1.13776           -0.248982             7.29329
0.683736             1.11299             6.92999
-0.163208            0.444323             7.17157
-0.163208            0.444323             7.17157
-0.163208            0.444323             7.17157
-0.163208            0.444323             7.17157
-2.88554            0.960187             5.02522
-1.43764            0.446706             5.13377
-1.43764            0.446706             5.13377
-1.43764            0.446706             5.13377
-1.73361           -0.755275             4.52593
0.569984             1.23255             4.29444
0.450913            -1.63121             5.58013
0.450913            -1.63121             5.58013
0.450913            -1.63121             5.58013
-0.0330713            -1.44461             6.68769
-1.67853            -2.96189              4.8814
-1.22462             -2.0947             5.55588
-0.3026            -1.66807             5.29162
-0.614454            -3.40675             5.75861
-0.614454            -3.40675             5.75861
-0.614454            -3.40675             5.75861
-0.614454            -3.40675             5.75861
0.0544924           -0.198167             6.23103
-0.41419            -2.03757             4.83262
-0.894784            -2.79318             1.94654
0.401812            0.792558             2.35175
0.401812            0.792558             2.35175
0.401812            0.792558             2.35175
-0.309484            0.177399             1.63918
-0.309484            0.177399             1.63918
-0.309484            0.177399             1.63918
-0.309484            0.177399             1.63918
0.509947            0.219258             1.44605
-0.752976           -0.687441            0.526459
-1.58671             -1.4412            0.848713
-1.8201           -0.625236             2.02128
-1.8201           -0.625236             2.02128
0.190139          -0.0715898             3.60633
0.190139          -0.0715898             3.60633
0.190139          -0.0715898             3.60633
0.190139          -0.0715898             3.60633
2.25495            -1.11892             3.76471
2.12534             1.01335             3.10025
2.12534             1.01335             3.10025
1.18854              3.9237             4.26553
1.31255              3.6353             1.84667
2.60001             1.99312             3.78837
3.30516              1.4792             2.83913
3.30516              1.4792             2.83913
3.13426             2.71687             4.51309
3.24419            0.333775             2.29666
3.24419            0.333775             2.29666
1.73333             1.13775             4.71799
1.73333             1.13775             4.71799
2.1411               3.288             4.47127
2.1411               3.288             4.47127
0.316483             1.21059             6.28273
0.441431             2.64697             5.00989
1.67499             1.80492             3.23362
1.67499             1.80492             3.23362
1.67499             1.80492             3.23362
1.67499             1.80492             3.23362
1.67499             1.80492             3.23362
3.00183             1.27919            0.748035
5.30124             3.46656             1.37332
5.89194             4.41229             1.68256
5.89194             4.41229             1.68256
7.35696             2.91834             3.29548
5.96002             1.84008             2.94748
5.96002             1.84008             2.94748
5.96002             1.84008             2.94748
5.96002             1.84008             2.94748
3.47555             2.21922              2.0926
3.17404             2.41222             2.12375
3.17404             2.41222             2.12375
2.82874              1.2908             2.13679
0.243328             2.53347             3.19137
0.243328             2.53347             3.19137
0.243328             2.53347             3.19137
0.243328             2.53347             3.19137
0.243328             2.53347             3.19137
0.243328             2.53347             3.19137
0.243328             2.53347             3.19137
-1.02835            0.390734              3.5719
-1.02835            0.390734              3.5719
-1.02835            0.390734              3.5719
-1.02835            0.390734              3.5719
-2.44541           -0.330504             3.98412
-2.44541           -0.330504             3.98412
-1.15854            0.232848             1.51533
-0.356129            0.149551            -1.61879
0.845584           -0.650658            -1.25587
0.845584           -0.650658            -1.25587
0.845584           -0.650658            -1.25587
0.845584           -0.650658            -1.25587
0.134572            0.411416            0.440606
-1.44337           -0.517052            -2.05006
-1.44337           -0.517052            -2.05006
-2.23039            -3.23358            -3.32928
2.38056            -1.11685            -3.77794
2.38056            -1.11685            -3.77794
2.38056            -1.11685            -3.77794
2.38056            -1.11685            -3.77794
1.81352           -0.376352            -4.01544
1.81352           -0.376352            -4.01544
2.33116             1.72839            -5.24927
-0.684419            0.762142             -4.0834
0.407213            -1.62582            -2.86898
0.407213            -1.62582            -2.86898
0.937307             2.17181            -2.80795
0.937307             2.17181            -2.80795
3.2864            -1.47778             -3.6133
2.92329             -1.9279            -1.56608
3.60038              1.7076            -2.87585
3.78078               1.844            -4.27198
5.51052             2.53439            -5.61101
5.62214            0.747742            -7.05188
2.19881          0.00741005             -5.6924
2.19881          0.00741005             -5.6924
2.19881          0.00741005             -5.6924
2.19881          0.00741005             -5.6924
1.74572             1.64726            -8.09878
1.74572             1.64726            -8.09878
1.80026             1.05299            -8.25114
1.80026             1.05299            -8.25114
2.46822             1.96036            -8.72403
-1.61012             -1.2953            -11.8111
-1.61012             -1.2953            -11.8111
-1.61012             -1.2953            -11.8111
-1.61012             -1.2953            -11.8111
-1.58858          -0.0841324              -11.91
-1.58858          -0.0841324              -11.91
-1.58858          -0.0841324              -11.91
-0.012677           -0.966897            -12.9409
0.681925            0.273552            -12.1812
0.681925            0.273552            -12.1812
0.681925            0.273552            -12.1812
0.681925            0.273552            -12.1812
0.681925            0.273552            -12.1812
0.681925            0.273552            -12.1812
0.604422            -1.02859            -11.2438
1.57059            -2.33762             -10.098
-0.148836            -5.19313             -8.8126
-0.148836            -5.19313             -8.8126
-0.148836            -5.19313             -8.8126
-1.41937            -4.69575            -8.18455
-1.41937            -4.69575            -8.18455
-2.0652            -5.98337            -6.52059
-3.69437            -5.72531            -6.35017
-3.69339            -6.73414             -7.9422
-3.69339            -6.73414             -7.9422
-3.1881            -2.35866            -4.01626
-2.83175             -3.4531            -1.82012
-2.21747            -0.37467            -2.76545
-2.21747            -0.37467            -2.76545
-2.03637           0.0969104            -3.86415
-2.13548           -0.533532             -2.3576
-2.13548           -0.533532             -2.3576
-2.13548           -0.533532             -2.3576
-2.13548           -0.533532             -2.3576
-2.13548           -0.533532             -2.3576
-2.13548           -0.533532             -2.3576
-2.13548           -0.533532             -2.3576
-2.63975            -1.78539            0.698755
1.76913            -1.38729             5.35918
3.09667            0.953037             5.11994
4.13522            0.844776             4.86795
4.13522            0.844776             4.86795
2.82436            0.218383             5.23655
2.82436            0.218383             5.23655
1.14932             1.21558             3.93593
2.14011             -1.1136             3.26159
2.14011             -1.1136             3.26159
2.14011             -1.1136             3.26159
2.14011             -1.1136             3.26159
1.10435             -1.7672             4.90052
1.10435             -1.7672             4.90052
1.10435             -1.7672             4.90052
0.828994            -2.36544             4.45204
0.828994            -2.36544             4.45204
0.828994            -2.36544             4.45204
-1.11            -1.13753             3.40715
0.185818            -3.89808             3.70294
1.64163            -2.55308             5.48931
4.09605            -3.27142             3.04477
4.09605            -3.27142             3.04477
4.09605            -3.27142             3.04477
1.64837            -3.79401             3.70204
0.843511            -3.13663             3.63773
3.02111            -3.38229             3.70761
3.09069            -1.20728             1.34009
3.09069            -1.20728             1.34009
1.97683            -1.35829              3.4558
0.964831            -0.42136             2.25224
0.964831            -0.42136             2.25224
0.964831            -0.42136             2.25224
2.29586             1.20986             3.19247
1.67714           -0.902689           -0.828135
0.41125            0.165855           -0.902033
0.41125            0.165855           -0.902033
-0.391833            -1.91952            -2.03179
-0.391833            -1.91952            -2.03179
-0.391833            -1.91952            -2.03179
-0.391833            -1.91952            -2.03179
-0.391833            -1.91952            -2.03179
-0.391833            -1.91952            -2.03179
-0.55281            -4.21128            -2.05383
1.61631            -1.91212            -2.14619
1.61631            -1.91212            -2.14619
1.61631            -1.91212            -2.14619
2.64865             -3.6021             -2.6058
2.64865             -3.6021             -2.6058
2.64865             -3.6021             -2.6058
2.64865             -3.6021             -2.6058
2.64865             -3.6021             -2.6058
2.64865             -3.6021             -2.6058
2.64865             -3.6021             -2.6058
2.64865             -3.6021             -2.6058
-0.125113           -0.767354            -4.73261
-0.832394            -1.10568            -5.67247
-0.832394            -1.10568            -5.67247
0.32552            0.599699            -5.96743
0.32552            0.599699            -5.96743
2.39073             1.25336            -4.24548
3.41553            -2.24929              -5.311
3.41553            -2.24929              -5.311
3.8081           -0.697129            -4.39111
2.66547             1.45932            -4.30844
2.66547             1.45932            -4.30844
2.66114            0.982319            -5.99457
1.75238             1.37329            -5.77724
1.75238             1.37329            -5.77724
2.6754             1.39038            -3.76986
-0.70318            0.461847            -5.06608
-0.70318            0.461847            -5.06608
-1.04699           -0.320019            -3.83629
0.909636              1.2631            -5.67158
2.61966            -1.04124            -5.88866
2.61966            -1.04124            -5.88866
2.61966            -1.04124            -5.88866
1.49276           -0.986933            -5.27274
1.37394            0.294914            -5.98616
-1.77657             1.12219            -5.90828
0.270936           0.0202296            -4.30379
0.270936           0.0202296            -4.30379
2.06993            0.163401            -2.91169
2.10303             1.49924             -5.2096
3.96221           -0.329614            -3.54797
3.96221           -0.329614            -3.54797
3.96221           -0.329614            -3.54797
3.96221           -0.329614            -3.54797
3.17278             2.22746            -2.23767
4.16055             2.97535            -2.82868
4.65883               1.731            -2.85148
4.65883               1.731            -2.85148
4.65883               1.731            -2.85148
3.29616           0.0731068            -1.96495
3.29616           0.0731068            -1.96495
3.29616           0.0731068            -1.96495
3.29616           0.0731068            -1.96495
3.29616           0.0731068            -1.96495
2.15276           -0.876157              1.2516
2.15276           -0.876157              1.2516
0.61594            -3.13507              2.2963
0.61594            -3.13507              2.2963
1.45922            -4.62196             3.60749
2.49872            -5.26408             3.13315
2.49872            -5.26408             3.13315
2.45939            -5.55655             4.56273
0.000917027            -4.06476             5.09626
1.04366            -2.57103             6.93708
3.96251            -1.14706              7.6227
3.96251            -1.14706              7.6227
5.10606            -2.81921             8.17579
5.10606            -2.81921             8.17579
-0.167316            -3.03464             6.56367
-0.737875            -3.05247              6.1835
-3.36656            -3.81407             5.90172
-3.36656            -3.81407             5.90172
-3.36656            -3.81407             5.90172
-3.52237            -2.36414             7.13537
-3.42546           -0.437239             4.13136
-3.42546           -0.437239             4.13136
-3.38006           -0.179417             2.38352
-0.99852           -0.926258             4.60335
1.17411              0.7721             7.70923
1.30716           -0.895955             8.87245
-1.22918            0.836307             8.79676
-1.22918            0.836307             8.79676
-1.22918            0.836307             8.79676
-4.29494             1.53144             8.32207
-4.29494             1.53144             8.32207
-4.29494             1.53144             8.32207
-4.29494             1.53144             8.32207
-4.29494             1.53144             8.32207
-4.29494             1.53144             8.32207
-4.29494             1.53144             8.32207
-4.29494             1.53144             8.32207
-4.29494             1.53144             8.32207
-5.09151            0.189705             5.15925
-5.09151            0.189705             5.15925
-4.11269           -0.409755             6.67462
-5.70829            -3.47808             6.56775
-5.70829            -3.47808             6.56775
-3.81418            -1.83217             4.71949
-4.31821          -0.0328494             7.12005
-4.31821          -0.0328494             7.12005
-5.22492              1.3154             6.56946
-8.70384             1.42837             5.75907
-8.70384             1.42837             5.75907
-7.25846             3.62694             6.38733
-7.60502             5.04719             7.17734
-5.99551             5.82684             9.00563
-5.99551             5.82684             9.00563
-5.99551             5.82684             9.00563
-6.41201             7.17359             7.54186
-6.08787             7.11962             6.06142
-6.61198              6.2218             4.68741
-4.26547             6.62887             2.60137
-5.25023             4.89441             3.65729
-5.8375               2.849             2.17978
-5.8375               2.849             2.17978
-3.42956             6.13872             3.87769
-3.26948             5.48657             4.29084
-0.960553             5.99812             2.65746
-0.960553             5.99812             2.65746
-0.960553             5.99812             2.65746
-0.960553             5.99812             2.65746
1.55606             5.88571             5.49042
1.55606             5.88571             5.49042
1.55606             5.88571             5.49042
0.127221             3.20828             5.79252
0.127221             3.20828             5.79252
-1.03086             2.62245             7.56287
-3.06091             4.17173             5.39174
-3.06091             4.17173             5.39174
-3.06091             4.17173             5.39174
-3.06091             4.17173             5.39174
-3.6423             3.90745             3.81587
-2.8012             4.41417             2.61248
-1.98939             3.83802             3.34035
-1.98939             3.83802             3.34035
-4.07361             1.93531             3.74305
-4.07361             1.93531             3.74305
-3.70007            0.490673             3.64413
-3.70007            0.490673             3.64413
-3.54581             1.26178             3.14366
-3.54581             1.26178             3.14366
-3.54581             1.26178             3.14366
-3.48532             1.76997              2.4376
-3.48532             1.76997              2.4376
-3.48532             1.76997              2.4376
-3.48532             1.76997              2.4376
-2.43716             1.13998             5.44379
-4.87271           -0.303884             5.59593
-2.31481            -2.72885             6.88309
-1.92676            -3.65692             4.90489
-1.92676            -3.65692             4.90489
-1.77482            -3.64212             5.87416
-2.73555            -2.60313             6.65512
-3.57664           -0.828147             7.31951
-4.10125            -2.62916             6.01875
-4.00322            0.556246             6.73185
-3.94635          0.00549112             4.52989
-2.28915            -0.11956              4.2508
0.431182             1.48935             5.71712
0.93617           -0.041468             4.99456
0.93617           -0.041468             4.99456
0.93617           -0.041468             4.99456
0.93617           -0.041468             4.99456
1.52593            -3.10639             4.40771
1.52593            -3.10639             4.40771
-0.402172            -4.29639             3.32353
0.404023             -2.7726             2.74601
-0.797872            -2.85639             2.44613
-0.797872            -2.85639             2.44613
0.782544            -2.42252             3.21034
0.782544            -2.42252             3.21034
0.782544            -2.42252             3.21034
0.561135              -2.727             2.31404
0.561135              -2.727             2.31404
0.561135              -2.727             2.31404
0.561135              -2.727             2.31404
0.239325            -2.45409             3.76834
0.239325            -2.45409             3.76834
0.239325            -2.45409             3.76834
0.239325            -2.45409             3.76834
0.239325            -2.45409             3.76834
0.826026           -0.512026             2.03984
0.826026           -0.512026             2.03984
-0.410978            0.287296             2.96494
-2.95014             1.83174             4.31122
-3.66966           0.0255601             4.80284
-3.66966           0.0255601             4.80284
-1.92934             2.85915             5.20348
-1.64503             2.98269             4.10185
-1.64503             2.98269             4.10185
-0.826666             1.12207             2.08991
-0.826666             1.12207             2.08991
-0.826666             1.12207             2.08991
-0.454206            0.706179             2.49219
-0.454206            0.706179             2.49219
-0.454206            0.706179             2.49219
-0.454206            0.706179             2.49219
-0.454206            0.706179             2.49219
-0.454206            0.706179             2.49219
-0.454206            0.706179             2.49219
-0.454206            0.706179             2.49219
-0.582568            -2.62389             2.31887
-2.03048           -0.950665             2.99723
-1.51688            -0.85988             3.24502
-2.06635           -0.479328             2.39419
-2.06635           -0.479328             2.39419
-2.06635           -0.479328             2.39419
-2.06635           -0.479328             2.39419
-2.06635           -0.479328             2.39419
-2.06635           -0.479328             2.39419
-0.856245            0.323795             1.97523
-0.856245            0.323795             1.97523
-0.498015           -0.580121             1.52794
-0.498015           -0.580121             1.52794
-0.498015           -0.580121             1.52794
-0.305007            0.200759             0.99025
-0.305007            0.200759             0.99025
-0.340439           -0.405423             1.06816
-0.340439           -0.405423             1.06816
-0.340439           -0.405423             1.06816
-0.340439           -0.405423             1.06816
-0.340439           -0.405423             1.06816
-0.340439           -0.405423             1.06816
-0.340439           -0.405423             1.06816
-0.340439           -0.405423             1.06816
-0.340439           -0.405423             1.06816
-0.340439           -0.405423             1.06816
-0.340439           -0.405423             1.06816
-0.340439           -0.405423             1.06816
-0.340439           -0.405423             1.06816
-4.20649            0.869384            0.648445
-4.78377               1.187             2.25877
-2.10882             2.15854             1.40311
-3.48655             3.87547             2.45541
-4.8931              6.0796             2.70514
-4.8931              6.0796             2.70514
-4.56781             5.37464             3.62019
-4.56781             5.37464             3.62019
-4.56781             5.37464             3.62019
-4.56781             5.37464             3.62019
-2.22112            0.771689             6.17666
-2.22112            0.771689             6.17666
-1.40984             2.95095             5.35748
-1.40984             2.95095             5.35748
1.62698             1.82469             3.52905
2.74281           -0.413659             3.66629
2.74281           -0.413659             3.66629
4.74862            0.810082             4.20231
4.56782            0.152915             3.74245
4.56782            0.152915             3.74245
3.88228          -0.0869536             2.31197
0.531253             1.33937             3.42571
0.531253             1.33937             3.42571
-0.462315             2.02378             1.56296
-0.462315             2.02378             1.56296
-0.462315             2.02378             1.56296
-1.44984             2.86066             1.66497
-1.44984             2.86066             1.66497
-1.44984             2.86066             1.66497
-1.44984             2.86066             1.66497
-1.44984             2.86066             1.66497
2.37378             2.56235             1.70794
4.08497              1.0884             2.43148
3.86629            0.344736             1.76869
3.86629            0.344736             1.76869
4.88702           -0.487309             3.14429
3.62432            -1.09006             7.16713
4.55251             1.24142             8.07567
3.55075            0.842622              6.4833
3.55075            0.842622              6.4833
3.55075            0.842622              6.4833
3.72934            -1.04691             5.85044
4.09897             1.36579             2.56952
1.90297            -2.42044             5.16378
1.0431             -3.1544             4.06255
-0.579081            0.181938             2.50893
-0.579081            0.181938             2.50893
-0.579081            0.181938             2.50893
-0.579081            0.181938             2.50893
-0.579081            0.181938             2.50893
-0.579081            0.181938             2.50893
-0.579081            0.181938             2.50893
-0.579081            0.181938             2.50893
-0.579081            0.181938             2.50893
-1.07398          -0.0527123             3.93015
-1.07398          -0.0527123             3.93015
-1.07398          -0.0527123             3.93015
-2.61597            -1.27959             4.52403
-1.43579            0.585598             5.53997
-1.43579            0.585598             5.53997
-0.54019           -0.173704             3.65268
-1.08708            0.665435             4.01229
0.745222            -1.84115             3.14454
0.745222            -1.84115             3.14454
0.745222            -1.84115             3.14454
0.745222            -1.84115             3.14454
0.745222            -1.84115             3.14454
0.745222            -1.84115             3.14454
0.862521            -2.25158             2.65801
0.641792            -4.68483             3.74031
0.641792            -4.68483             3.74031
-0.188681            -3.54381              3.3786
-0.188681            -3.54381              3.3786
4.30965            -2.78328              1.2845
2.63993            -5.04285             2.03728
2.63993            -5.04285             2.03728
3.24531            -3.54245             1.39618
1.03858            -3.04948             1.21738
1.03858            -3.04948             1.21738
1.03858            -3.04948             1.21738
1.03858            -3.04948             1.21738
-0.657715           -0.915896              1.8911
-0.657715           -0.915896              1.8911
-0.657715           -0.915896              1.8911
-0.657715           -0.915896              1.8911
-0.657715           -0.915896              1.8911
-0.156412           -0.363716           -0.808666
-2.65357             1.01224            -3.61197
-2.03851           -0.375595            -4.12333
0.452975             -1.3643            -5.37617
0.368829           -0.970303            -6.29067
0.621905            -1.78655            -5.63877
0.621905            -1.78655            -5.63877
3.86545             -0.6429            -7.69467
3.93551             1.34172             -6.9725
2.72803             4.00309            -3.89711
2.07973             2.70117            -5.37892
4.06409             1.33177            -6.21812
2.97327             1.98051            -6.82042
2.97327             1.98051            -6.82042
1.55005             4.25034              -6.776
1.55005             4.25034              -6.776
-0.0856229             3.25067            -7.79393
-0.811695             3.79839            -8.19315
2.66945             5.54471            -6.87728
2.66945             5.54471            -6.87728
1.14374             3.63079            -6.38106
-0.0170857             3.29766            -4.46312
-0.0170857             3.29766            -4.46312
-0.0170857             3.29766            -4.46312
-0.0170857             3.29766            -4.46312
-1.8642             1.13244            -3.41097
-1.56468             2.41029            -4.90343
-1.56468             2.41029            -4.90343
-1.73772             1.20412           -0.854116
0.0734017             3.01541            -4.63864
0.163114             2.00265            -5.02082
0.404427             1.78322            -2.90105
4.04896            0.399116            -1.13599
4.81215            0.612927            -4.84105
6.26402            0.778505            -5.40062
6.26402            0.778505            -5.40062
4.89448            0.231023            -8.04865
4.13118           -0.186597            -6.63267
2.5595            -1.69581            -5.90526
2.5595            -1.69581            -5.90526
2.5595            -1.69581            -5.90526
2.5595            -1.69581            -5.90526
2.5595            -1.69581            -5.90526
3.40088            -1.62906            -3.75608
3.40088            -1.62906            -3.75608
3.40088            -1.62906            -3.75608
1.73594           -0.227896            -2.56861
1.73594           -0.227896            -2.56861
1.73594           -0.227896            -2.56861
1.73594           -0.227896            -2.56861
1.73594           -0.227896            -2.56861
1.73594           -0.227896            -2.56861
1.73594           -0.227896            -2.56861
1.73594           -0.227896            -2.56861
1.73594           -0.227896            -2.56861
1.73594           -0.227896            -2.56861
1.63272            -1.78681            -2.17196
1.63272            -1.78681            -2.17196
1.63272            -1.78681            -2.17196
2.39452             2.17423            -3.52526
2.94667           -0.445918            -2.28591
1.48978           -0.449128            -8.31623
3.29808           -0.636131            -5.59632
3.82546           -0.208068            -5.39529
2.81716            -2.65345            -4.88567
3.07985            -1.90411            -3.16996
3.07985            -1.90411            -3.16996
2.0868            -3.23241            -5.66115
2.829            -0.47448            -5.51823
2.829            -0.47448            -5.51823
2.829            -0.47448            -5.51823
0.259143            -3.03601            -4.27442
0.368397            -3.09202             -3.3212
0.747777            -2.96739             -2.4866
1.37523            -1.69991            -1.83491
1.37523            -1.69991            -1.83491
1.37523            -1.69991            -1.83491
-0.194436           -0.385485            -2.74621
0.0197201             -1.7758             -1.6606
0.0197201             -1.7758             -1.6606
0.607179           -0.580291             -3.1998
0.607179           -0.580291             -3.1998
1.47383             -3.2538            -3.65062
1.47383             -3.2538            -3.65062
1.47383             -3.2538            -3.65062
1.66822            -3.09307            -4.98761
1.66822            -3.09307            -4.98761
1.66822            -3.09307            -4.98761
1.66822            -3.09307            -4.98761
2.29202            -4.04131            -5.19837
2.2114            -4.22462             -3.8879
2.2114            -4.22462             -3.8879
2.67489            0.356863            -2.57298
1.46205            -1.62795            -1.16857
1.46205            -1.62795            -1.16857
1.46205            -1.62795            -1.16857
1.46205            -1.62795            -1.16857
1.46205            -1.62795            -1.16857
2.03967            0.163081           -0.758459
0.538395           -0.958722            -2.57049
0.538395           -0.958722            -2.57049
-3.12014           -0.705514            -2.59625
1.05728            -2.96895            -3.52993
1.05728            -2.96895            -3.52993
-0.792606            -3.56713            -1.28668
-0.792606            -3.56713            -1.28668
-0.792606            -3.56713            -1.28668
-0.792606            -3.56713            -1.28668
-0.792606            -3.56713            -1.28668
-0.792606            -3.56713            -1.28668
0.0209546            -3.46009            -2.42717
0.0209546            -3.46009            -2.42717
0.0209546            -3.46009            -2.42717
0.0209546            -3.46009            -2.42717
0.0209546            -3.46009            -2.42717
0.0209546            -3.46009            -2.42717
0.0209546            -3.46009            -2.42717
0.673901            -2.41637             -2.0305
2.1501            -2.07404            -3.12409
0.607855            -2.78254            -4.91287
2.46157           -0.846457            -5.42481
-1.27412            -4.29103            -7.52211
-1.27412            -4.29103            -7.52211
-1.8701            -3.47784            -3.00834
-1.8701            -3.47784            -3.00834
-0.657353           -0.744438            -2.37271
-0.657353           -0.744438            -2.37271
-0.657353           -0.744438            -2.37271
-0.657353           -0.744438            -2.37271
-0.657353           -0.744438            -2.37271
-0.657353           -0.744438            -2.37271
-0.657353           -0.744438            -2.37271
-0.657353           -0.744438            -2.37271
0.0780428            -1.13022            -2.12531
0.0780428            -1.13022            -2.12531
0.0780428            -1.13022            -2.12531
0.0375715              2.6655            -2.94353
0.0375715              2.6655            -2.94353
0.0375715              2.6655            -2.94353
0.0375715              2.6655            -2.94353
1.2935             3.92028            -3.55961
0.722939             1.13482            -1.47517
0.722939             1.13482            -1.47517
0.722939             1.13482            -1.47517
0.722939             1.13482            -1.47517
-1.34163             1.46893             1.40762
-1.34163             1.46893             1.40762
0.724852           -0.105512             2.16694
3.4037            -1.23923             2.50123
3.08749             2.19902             3.49335
3.08749             2.19902             3.49335
3.08749             2.19902             3.49335
2.71699             2.98341             6.44466
2.88409            0.369297             2.43051
3.86234              1.8743             2.13921
2.71288             3.41238             5.11162
1.9017             2.87264             6.75356
1.9017             2.87264             6.75356
1.53071             3.58746             5.44094
1.53071             3.58746             5.44094
1.53071             3.58746             5.44094
0.242669             3.36065             4.16588
-0.387305           -0.115352             5.00514
2.80836           -0.147048             5.20765
2.80836           -0.147048             5.20765
2.80836           -0.147048             5.20765
2.80836           -0.147048             5.20765
2.80836           -0.147048             5.20765
1.25403            -2.79341             6.14305
2.02339            -2.60822             6.34252
2.02339            -2.60822             6.34252
4.06346           0.0896215             1.50352
4.71993           -0.293515             2.55281
2.90624            -3.33498             1.05215
1.09743            -2.81216             1.39496
2.84837            -1.87039              4.6845
2.84837            -1.87039              4.6845
2.30125            -3.03497             5.81546
2.30125            -3.03497             5.81546
-0.00960228            -2.00773             3.85538
-0.00960228            -2.00773             3.85538
-1.83751            -3.69506             2.88083
0.0722014             -2.3442             3.52019
0.0722014             -2.3442             3.52019
2.96235            -1.75879             2.26032
1.98947            -4.22681             2.60826
1.98947            -4.22681             2.60826
1.98947            -4.22681             2.60826
1.98947            -4.22681             2.60826
1.98947            -4.22681             2.60826
1.98947            -4.22681             2.60826
-1.34071            -3.79067             2.56129
0.498554            -3.06374             1.19497
-2.89069            -3.01896             1.56288
-2.89069            -3.01896             1.56288
-4.14205            -2.29667             -1.3502
-2.52846            -4.76786            -2.61051
0.689004             -4.7508            -1.38884
0.689004             -4.7508            -1.38884
1.63033            -3.22186            -2.12677
1.63033            -3.22186            -2.12677
1.63033            -3.22186            -2.12677
-0.876502          -0.0341227            -5.59759
-0.876502          -0.0341227            -5.59759
-0.876502          -0.0341227            -5.59759
-4.88111           -0.459057            -2.93152
-3.59961              1.2005            -4.81963
-3.59961              1.2005            -4.81963
-3.59961              1.2005            -4.81963
-1.87406           -0.806079            -3.77114
-1.87406           -0.806079            -3.77114
-1.87406           -0.806079            -3.77114
0.819356            0.670472            -3.75767
0.819356            0.670472            -3.75767
0.819356            0.670472            -3.75767
0.819356            0.670472            -3.75767
0.819356            0.670472            -3.75767
0.819356            0.670472            -3.75767
0.0981367            -2.46284            -3.21774
0.0981367            -2.46284            -3.21774
0.0981367            -2.46284            -3.21774
0.0981367            -2.46284            -3.21774
-2.10305             0.31788            -3.55958
-2.10305             0.31788            -3.55958
-2.10305             0.31788            -3.55958
-2.04254              1.7679            -5.46884
-2.90798             1.35929             -4.7653
-2.90798             1.35929             -4.7653
-4.22973             1.67968            -4.04636
-4.22973             1.67968            -4.04636
-4.22973             1.67968            -4.04636
-5.58761             2.50855            -5.44888
-5.69239             2.17185            -2.94278
-5.69239             2.17185            -2.94278
-3.59235             3.14444            -1.25987
-1.76228             3.11839            -3.27401
-4.16997             2.96184            -4.75522
-4.16997             2.96184            -4.75522
-4.16997             2.96184            -4.75522
-4.16997             2.96184            -4.75522
-4.16997             2.96184            -4.75522
-1.90684             3.65546            -6.17518
-0.994921             4.53226            -3.16401
-0.994921             4.53226            -3.16401
-1.95057             1.40472            -3.76315
-1.95057             1.40472            -3.76315
-1.63289           -0.339951            -6.88401
-2.96667            -1.26697            -10.1232
-2.8119           -0.625325            -9.48329
-1.4629            -3.94581            -8.61969
-1.4629            -3.94581            -8.61969
0.614393             -4.5648            -8.44278
0.683421            -3.19843            -7.96135
2.40617            -3.53132            -7.24542
2.40617            -3.53132            -7.24542
2.40617            -3.53132            -7.24542
0.363417            -2.69133            -8.30842
2.58839            -4.20117            -7.82231
2.76323            -2.78721             -9.3741
4.49151            -1.44593            -7.40699
4.49151            -1.44593            -7.40699
4.93049             1.57225            -6.69118
4.86922             1.06531            -8.37629
4.86922             1.06531            -8.37629
4.37616             2.62898            -7.13012
4.33325              2.5843            -7.69641
7.43558           -0.648183             -5.7157
5.42985            -2.51697            -5.73035
1.2584           -0.770386            -3.46776
-0.0419167            0.482807            -3.04322
-0.0419167            0.482807            -3.04322
-0.922448             2.95581            -3.41724
-0.922448             2.95581            -3.41724
-0.922448             2.95581            -3.41724
0.121854             3.38265            -2.24316
0.121854             3.38265            -2.24316
1.36703             2.13183             -1.5897
1.36703             2.13183             -1.5897
1.36703             2.13183             -1.5897
1.36703             2.13183             -1.5897
1.36703             2.13183             -1.5897
0.782249            0.436719            -2.16563
0.782249            0.436719            -2.16563
0.782249            0.436719            -2.16563
-0.342173            0.540521            -1.59807
-0.342173            0.540521            -1.59807
-2.98536            0.497295            -4.16346
-2.98536            0.497295            -4.16346
-3.34325            -2.41163            -1.11296
-0.455802            -2.91339            -2.74276
-0.455802            -2.91339            -2.74276
-0.455802            -2.91339            -2.74276
-0.455802            -2.91339            -2.74276
-0.455802            -2.91339            -2.74276
1.06337            -1.90801            -1.73123
1.60366            0.358929           -0.441771
1.03108             2.90968             1.70819
-0.865138             2.74777             2.89053
-2.41989             6.31442             2.70099
-1.82075             2.80258             2.73914
-1.82075             2.80258             2.73914
-1.82075             2.80258             2.73914
-1.82075             2.80258             2.73914
-1.82075             2.80258             2.73914
-0.746948            0.741316             4.13369
-1.38732             0.23471             3.53896
-1.38732             0.23471             3.53896
-3.06754            0.205081             2.33214
-3.06754            0.205081             2.33214
-3.06754            0.205081             2.33214
-1.33011             1.81791              3.3298
-1.33011             1.81791              3.3298
-1.12886             2.21608             1.77564
-1.12886             2.21608             1.77564
-1.12886             2.21608             1.77564
-0.261855             4.10386             1.41109
-0.261855             4.10386             1.41109
-0.261855             4.10386             1.41109
-0.261855             4.10386             1.41109
-0.261855             4.10386             1.41109
-1.19654             3.00929             3.04219
-1.19654             3.00929             3.04219
-0.942522              1.1357             4.41112
0.078218           -0.512154             3.52154
0.801981           -0.740138             2.31694
0.672441            -1.14349             2.97205
0.672441            -1.14349             2.97205
0.672441            -1.14349             2.97205
0.672441            -1.14349             2.97205
-0.820583            -1.09026             4.39745
-2.88296           -0.897126             2.58042
-3.0601           -0.701063             1.13486
-3.0601           -0.701063             1.13486
-3.59775             -1.0415              2.7661
-3.33676            0.425959             1.68524
-2.69836            0.625098             3.26476
-2.69836            0.625098             3.26476
-1.76135          -0.0137827             3.43771
-0.939515            -1.99458             1.68595
-3.22827             1.03601             1.62839
-3.22827             1.03601             1.62839
-3.22827             1.03601             1.62839
-2.65706            -1.24405             4.46437
-1.2154             1.27582             5.71284
1.86137             3.62196              6.2454
1.30591             1.83011             4.67725
1.30591             1.83011             4.67725
0.270725             1.02851             1.36455
-0.920532           -0.362873             3.98621
0.434135            -1.30773             6.07874
0.434135            -1.30773             6.07874
0.434135            -1.30773             6.07874
3.50855            0.713832             5.06541
1.7471            0.141456             6.14622
2.61491             1.11793             5.67578
2.61491             1.11793             5.67578
2.42684            -1.79138             4.29902
2.45367            -1.74206             4.52094
3.36269            0.311742              3.9873
3.36269            0.311742              3.9873
3.83484            -1.42203             1.56215
2.99854           -0.170817             3.03946
-0.246364           -0.945319             1.65171
-0.246364           -0.945319             1.65171
-1.88529            0.546044            0.739736
-1.88529            0.546044            0.739736
-1.9377            -2.51491            0.967323
-1.9377            -2.51491            0.967323
-1.9377            -2.51491            0.967323
-1.9377            -2.51491            0.967323
-1.9377            -2.51491            0.967323
-0.309918            -3.92766            -1.28611
-0.309918            -3.92766            -1.28611
-0.309918            -3.92766            -1.28611
1.15612            -2.83433            0.956366
1.02579            -2.28275             1.73603
1.98801           -0.804176             3.47603
1.98801           -0.804176             3.47603
1.54147           -0.548969             3.68354
1.54147           -0.548969             3.68354
1.34385           -0.540373              3.1757
1.34385           -0.540373              3.1757
0.0632691            0.977712             4.15199
-0.853806             1.10806             2.45861
-0.853806             1.10806             2.45861
-0.853806             1.10806             2.45861
-0.853806             1.10806             2.45861
-0.0759098             2.08489            -2.57134
-0.0759098             2.08489            -2.57134
-0.0759098             2.08489            -2.57134
0.836678             2.46111            -2.86389
1.9987             1.53194            -2.83792
-0.93614             1.22563            -3.55952
0.359267            0.704181            -5.84153
0.997945           -0.275021            -3.40143
0.997945           -0.275021            -3.40143
2.05844             3.04218             -3.7482
2.19261             1.33825            -5.04434
2.19261             1.33825            -5.04434
0.403668            -1.86393             -5.5835
1.63955           -0.928422            -6.98599
-1.3664            -4.58547            -5.84606
-1.26428            -4.21844            -6.70703
-0.404526            -4.61111            -7.35369
1.51239            -4.65309            -5.93483
-1.05059            -2.67005             -6.3015
-1.05059            -2.67005             -6.3015
-0.877993            -1.52496            -5.54276
-0.877993            -1.52496            -5.54276
-1.86477           -0.514578            -3.10223
-0.344925            -2.25564            -2.85483
-2.48744           -0.966269             0.67717
-2.48744           -0.966269             0.67717
-4.56816           -0.835277             1.59429
-4.56816           -0.835277             1.59429
-4.1996            0.821069             1.92018
-1.80149           -0.953356             1.89965
-2.43326            -1.43427             2.11317
-1.27885            -2.73642            -1.46738
-1.27885            -2.73642            -1.46738
-2.90388            -2.80492            -3.64668
-4.54924           -0.517654            -6.42928
-4.54924           -0.517654            -6.42928
-3.65089           -0.287257            -7.31873
-1.04903           0.0461072            -6.97543
-1.04903           0.0461072            -6.97543
-1.98294             1.15635            -5.52141
-1.98294             1.15635            -5.52141
-1.98294             1.15635            -5.52141
-2.408            0.511779            -3.45486
-2.408            0.511779            -3.45486
0.0702351          -0.0619378            -3.65774
-1.84475              1.2354            -4.79874
-4.51545             1.94485            -5.24224
-4.48984           -0.776369            -2.67337
-4.48984           -0.776369            -2.67337
-4.12282            0.616516            -4.68012
-4.12282            0.616516            -4.68012
-4.12282            0.616516            -4.68012
-3.67546            0.831945            -3.23733
-3.17724           0.0521472            -4.43219
-3.17724           0.0521472            -4.43219
-1.36153             1.33727            -5.04447
0.915493            0.473204            -4.78288
-0.672837             1.31578            -4.05742
-0.672837             1.31578            -4.05742
-1.25059            0.421987            -4.24779
-0.341544             1.33739            -2.23317
-0.543002            0.954477            -2.28286
-0.543002            0.954477            -2.28286
0.0319732            0.420123           -0.586496
0.520409            -1.59057            -2.75819
0.520409            -1.59057            -2.75819
-0.534809            -1.65925            -2.39252
-0.534809            -1.65925            -2.39252
0.527889             1.25088            -2.34697
0.527889             1.25088            -2.34697
0.527889             1.25088            -2.34697
0.527889             1.25088            -2.34697
-0.108462              3.1012            -3.83545
-0.108462              3.1012            -3.83545
-0.108462              3.1012            -3.83545
-0.882405             4.14639            -2.36843
-1.42721             2.60977            -2.61837
0.326731             1.58516            -3.41567
0.326731             1.58516            -3.41567
1.21684             3.11785            -1.71643
2.94417             2.03126            -2.82625
2.94417             2.03126            -2.82625
0.408771             2.51255            -3.49385
0.408771             2.51255            -3.49385
0.408771             2.51255            -3.49385
0.149558             1.33241            -1.84126
1.3618             3.38218            -2.37104
1.3618             3.38218            -2.37104
1.3618             3.38218            -2.37104
-0.681946            0.396296            -2.75505
0.477309           -0.394242            -2.89688
0.477309           -0.394242            -2.89688
0.477309           -0.394242            -2.89688
0.477309           -0.394242            -2.89688
0.477309           -0.394242            -2.89688
0.477309           -0.394242            -2.89688
0.477309           -0.394242            -2.89688
0.477309           -0.394242            -2.89688
0.477309           -0.394242            -2.89688
0.477309           -0.394242            -2.89688
0.477309           -0.394242            -2.89688
0.477309           -0.394242            -2.89688
0.477309           -0.394242            -2.89688
0.477309           -0.394242            -2.89688
0.477309           -0.394242            -2.89688
0.477309           -0.394242            -2.89688
1.57891           -0.700085            -1.95674
-0.088698            -1.74746            -2.45204
-0.088698            -1.74746            -2.45204
-1.01773            -1.13892            -2.92525
-1.01773            -1.13892            -2.92525
-1.01773            -1.13892            -2.92525
-1.01773            -1.13892            -2.92525
-1.01773            -1.13892            -2.92525
-2.10088            0.302295            -2.63394
-0.151651             2.30397            -2.99189
-0.151651             2.30397            -2.99189
-0.151651             2.30397            -2.99189
-0.151651             2.30397            -2.99189
0.357033           -0.257395            -4.90825
0.357033           -0.257395            -4.90825
0.357033           -0.257395            -4.90825
-0.417959            0.487522            -5.20048
0.879985           -0.119056            -2.85726
0.879985           -0.119056            -2.85726
-0.0125407             2.02842            -3.14996
-0.0125407             2.02842            -3.14996
0.35155             3.53266            -3.87056
0.35155             3.53266            -3.87056
-1.3992           -0.450619            -1.39621
0.358382           0.0189244            -4.55233
0.358382           0.0189244            -4.55233
0.628741            0.559604            -4.38628
0.628741            0.559604            -4.38628
0.628741            0.559604            -4.38628
0.628741            0.559604            -4.38628
-0.60384            0.455418            -2.47302
-0.60384            0.455418            -2.47302
-0.60384            0.455418            -2.47302
-0.60384            0.455418            -2.47302
-0.60384            0.455418            -2.47302
-0.60384            0.455418            -2.47302
-0.60384            0.455418            -2.47302
-0.247207            0.277109             3.13256
1.20456           -0.141288             1.92912
-2.93271           -0.682182             1.81452
-2.93271           -0.682182             1.81452
-2.93271           -0.682182             1.81452
-3.39275            0.415876             2.51819
-3.28876             1.62247             1.37616
-3.28876             1.62247             1.37616
-3.28876             1.62247             1.37616
-3.75204             2.88028             3.36883
-1.83207             1.50989             4.61856
-1.83207             1.50989             4.61856
-1.83207             1.50989             4.61856
-1.83207             1.50989             4.61856
-1.83207             1.50989             4.61856
-1.83207             1.50989             4.61856
-3.37761             1.80449             4.23004
-3.37761             1.80449             4.23004
-3.37761             1.80449             4.23004
-3.08758             1.96577             2.70563
-3.08758             1.96577             2.70563
-1.9975             1.58161             2.80495
-1.9975             1.58161             2.80495
-1.9975             1.58161             2.80495
-2.96362            0.179944             3.11793
-2.80592           -0.904778             3.56193
0.210998            -4.10477             4.21005
-1.3468            -4.42628             3.49606
1.51765             -2.5808             5.32212
1.51765             -2.5808             5.32212
0.968229            -2.01573             3.91471
0.545812             -5.0763             1.40644
0.545812             -5.0763             1.40644
0.545812             -5.0763             1.40644
0.0232442            -5.48395             1.69749
1.86997            -4.02442             1.20072
3.30742            -4.03205             1.95788
3.30742            -4.03205             1.95788
3.30742            -4.03205             1.95788
-0.189477            -1.14856             2.16674
-0.189477            -1.14856             2.16674
0.529306             0.35109              2.1637
0.529306             0.35109              2.1637
0.766682             3.57604             3.68806
1.25629             1.90092             2.38872
1.25629             1.90092             2.38872
1.25629             1.90092             2.38872
1.25629             1.90092             2.38872
-1.62083            0.974307             3.78761
-1.62083            0.974307             3.78761
-0.928666             1.13075             2.79181
-1.31241           0.0203933             3.96062
-1.31241           0.0203933             3.96062
0.673964            -2.49045             2.84477
0.673964            -2.49045             2.84477
0.673964            -2.49045             2.84477
2.07627            -2.26202             3.69563
2.07627            -2.26202             3.69563
-0.738337            -3.09728             3.21559
-0.323912            -0.76497             3.64351
-0.323912            -0.76497             3.64351
-0.323912            -0.76497             3.64351
-1.23667             -1.2963             1.49637
-1.23667             -1.2963             1.49637
-0.172832            0.611838            -2.13029
-0.172832            0.611838            -2.13029
-0.322918             0.59482            -1.57965
-0.322918             0.59482            -1.57965
-0.322918             0.59482            -1.57965
-0.529107             1.35158             -1.3776
0.662259             2.42111             1.37059
-1.62834            0.298849             1.91485
-1.62834            0.298849             1.91485
-2.33775            0.961106             4.86052
-2.33775            0.961106             4.86052
-2.33775            0.961106             4.86052
-1.22606             1.29017             3.50853
0.604966            -1.77921             4.34417
-0.640997             1.48436             1.12302
-0.640997             1.48436             1.12302
2.02927              2.1342            -2.22194
2.79975             2.03318            -2.00196
1.57819            0.294126            -2.29682
1.57819            0.294126            -2.29682
1.99003            -1.33595            -2.79291
1.09869            0.411068            -3.19433
1.09869            0.411068            -3.19433
1.86866           -0.873754            -3.68751
1.86866           -0.873754            -3.68751
1.86866           -0.873754            -3.68751
0.996851           -0.418519            -3.97289
0.996851           -0.418519            -3.97289
0.996851           -0.418519            -3.97289
3.64116            0.545444            -4.14185
3.64116            0.545444            -4.14185
3.64116            0.545444            -4.14185
3.64116            0.545444            -4.14185
3.15005             4.43715            -4.89318
3.15005             4.43715            -4.89318
3.15005             4.43715            -4.89318
3.15005             4.43715            -4.89318
3.15005             4.43715            -4.89318
4.50451             4.29446            -3.79822
3.6755             3.24311            -4.00315
3.6755             3.24311            -4.00315
2.12422             4.32232            -2.67819
3.76808             2.57514            -2.30905
3.76808             2.57514            -2.30905
1.7379           -0.421563            -2.21376
1.7379           -0.421563            -2.21376
-0.674138            -1.18049            -1.15291
1.52541           -0.203863            -1.62651
1.52541           -0.203863            -1.62651
1.52541           -0.203863            -1.62651
1.52541           -0.203863            -1.62651
1.52541           -0.203863            -1.62651
1.52541           -0.203863            -1.62651
1.52541           -0.203863            -1.62651
2.66543            -1.11593            -1.83602
2.0345            -1.21745            -3.27264
2.2789           -0.872266            -2.71211
0.843256             1.03559            -6.07942
0.525661              2.6037            -4.62638
1.13091            0.874633             -7.1608
1.13091            0.874633             -7.1608
1.13091            0.874633             -7.1608
1.13091            0.874633             -7.1608
0.853612             1.88246            -9.00077
-0.357325           -0.267101            -9.59104
-0.357325           -0.267101            -9.59104
-0.357325           -0.267101            -9.59104
-0.357325           -0.267101            -9.59104
-0.803766            -1.30493             -9.7535
4.62828            -2.27987            -8.25038
3.17426            -2.69189            -8.53881
0.768501            -1.22177            -7.77704
2.58151             0.37604            -7.03238
2.5715            -0.88396            -6.95365
2.5715            -0.88396            -6.95365
4.76532            0.666008            -5.11003
3.94039          -0.0765342            -5.89541
4.65692            0.463351             -6.8883
4.65692            0.463351             -6.8883
5.26768            -0.15903            -6.10508
5.26768            -0.15903            -6.10508
4.54418           0.0114652             -1.1315
4.54418           0.0114652             -1.1315
1.94097             1.22759           -0.999082
0.527544             0.90298           -0.996829
0.162043           0.0582576            -1.25844
-0.386498           -0.795076             1.41815
-1.01178             0.21766             3.96213
-1.01178             0.21766             3.96213
-1.66534            0.237278             3.97433
-1.66534            0.237278             3.97433
-1.66534            0.237278             3.97433
-1.66534            0.237278             3.97433
-1.66534            0.237278             3.97433
-0.612567            0.366613             3.08501
0.53916            -1.41514             2.09403
0.53916            -1.41514             2.09403
-0.835419            -4.49718             3.42132
-0.835419            -4.49718             3.42132
-0.835419            -4.49718             3.42132
-0.26529            -4.31413             6.48411
1.52242            -5.54875             3.62963
1.95765            -4.50577             1.75382
2.56922            -2.91389            0.606162
1.28929            -3.17625             3.25727
1.28929            -3.17625             3.25727
1.28929            -3.17625             3.25727
0.0469534            -1.78236             3.04966
-0.851363            -1.83801              3.7882
2.20406            0.893817             3.76352
0.889294            -2.38905             2.76357
0.889294            -2.38905             2.76357
0.889294            -2.38905             2.76357
-1.43027            -2.63419             4.52346
-1.43027            -2.63419             4.52346
1.06002             1.80557             4.27264
-0.290326             2.18627             1.09987
-0.290326             2.18627             1.09987
-0.290326             2.18627             1.09987
-0.290326             2.18627             1.09987
-0.0408437             2.59099             1.29553
-0.0408437             2.59099             1.29553
-0.937717            0.621482            0.884735
-0.255592            -1.55716            -1.61047
-0.808213            0.511165             1.46318
-0.808213            0.511165             1.46318
-0.808213            0.511165             1.46318
-2.55534             1.15951             2.01128
-2.90823             0.54316             4.11954
-2.90823             0.54316             4.11954
-2.95013            0.928446              2.8585
-2.08854           -0.141074             5.11128
-1.22656            0.850662              3.9298
-1.22656            0.850662              3.9298
-1.22656            0.850662              3.9298
0.0798531             2.67588             5.83663
0.0798531             2.67588             5.83663
0.0798531             2.67588             5.83663
0.0798531             2.67588             5.83663
0.393075             2.24461             4.36686
2.17777             1.02779             4.60431
2.17777             1.02779             4.60431
2.66832            0.919412           -0.942215
2.54246            -3.48992            0.267304
1.67807            -5.17379            -0.42464
3.76011            -5.01378            0.522222
3.76011            -5.01378            0.522222
3.06992            -5.45554             0.55512
0.21847            -5.99322            0.982569
2.09499            -5.17379            -1.95599
2.09499            -5.17379            -1.95599
0.893961            -3.83468            -2.57655
-1.63156            -5.24337            -3.63065
-1.21223            -3.26814            -1.72978
0.180572           -0.789762            -0.88575
-2.38411            -1.05907            -1.87907
-2.38411            -1.05907            -1.87907
-2.38411            -1.05907            -1.87907
-2.38411            -1.05907            -1.87907
-0.72715             -1.0953            -2.84703
0.129904          -0.0558854            0.486448
-0.531968             1.49403             2.75037
-0.531968             1.49403             2.75037
-0.531968             1.49403             2.75037
-0.531968             1.49403             2.75037
-0.531968             1.49403             2.75037
-0.531968             1.49403             2.75037
0.231617             1.60005             4.08332
2.32488             3.59378             4.20733
2.32488             3.59378             4.20733
2.32488             3.59378             4.20733
2.32488             3.59378             4.20733
2.32488             3.59378             4.20733
2.32488             3.59378             4.20733
3.45401             1.70749             2.78923
3.45401             1.70749             2.78923
3.66244             2.44964             2.91936
4.37887             3.44033             2.37232
4.37887             3.44033             2.37232
4.37887             3.44033             2.37232
4.37887             3.44033             2.37232
4.37887             3.44033             2.37232
6.62081            0.258086             3.76637
3.85092            -2.28646             2.44796
4.18397            -0.40825             2.04874
4.18397            -0.40825             2.04874
4.18397            -0.40825             2.04874
4.04199          -0.0277556             2.39692
4.04199          -0.0277556             2.39692
4.04199          -0.0277556             2.39692
2.36063            0.436567             3.16525
0.736797            0.310223             4.87791
-0.393535             1.51954             4.36176
-0.209785             1.86292             3.09867
-0.209785             1.86292             3.09867
1.95933            0.102701             1.70609
1.41487               1.145             2.53333
-1.05379           -0.971211             3.12789
0.854018            -2.86916             3.76758
0.854018            -2.86916             3.76758
-3.35888             0.26605             1.37921
-1.0487             0.39412           -0.788668
-1.0487             0.39412           -0.788668
-1.0487             0.39412           -0.788668
-1.0487             0.39412           -0.788668
-1.87899            0.321659              2.9375
-1.87899            0.321659              2.9375
-1.12362           -0.156394            0.762638
-0.0964245            -2.07844            -1.88817
-0.0126561             -1.8787            -3.79121
-0.790649             -1.6298            -2.46754
-0.790649             -1.6298            -2.46754
-0.790649             -1.6298            -2.46754
-0.790649             -1.6298            -2.46754
-3.35318            0.632571            -3.09357
-2.13981            -3.04929            -4.67962
-0.888472            -2.12138             -1.9725
-0.888472            -2.12138             -1.9725
-1.68963            -2.43105             -2.0263
-1.28608            -3.15733            -3.52704
-1.28608            -3.15733            -3.52704
-1.28608            -3.15733            -3.52704
1.47567            -3.44776             -2.1578
1.47567            -3.44776             -2.1578
2.88312             1.39805            -1.34461
2.88312             1.39805            -1.34461
1.07272             2.70674            -3.27144
0.245304             1.85537            -3.17902
0.245304             1.85537            -3.17902
2.61632             3.58907            -4.16188
2.61632             3.58907            -4.16188
2.61632             3.58907            -4.16188
2.61632             3.58907            -4.16188
2.31433             3.67114            -1.66837
2.31433             3.67114            -1.66837
2.31433             3.67114            -1.66837
3.69829             2.54811            -5.04549
4.14299            -1.70543            -3.62917
1.7478             1.37324            -4.76338
1.7478             1.37324            -4.76338
1.7478             1.37324            -4.76338
1.7478             1.37324            -4.76338
1.7478             1.37324            -4.76338
1.47624             2.18435            -2.47239
2.81329             1.87949             -1.6618
4.05738             1.58077            -1.45576
5.56021            0.949623            -2.89479
5.56021            0.949623            -2.89479
4.90622            -1.42113            -3.34575
-0.0753302           -0.340773            -2.55334
-1.02717           -0.449365            -5.50223
-1.27884            -1.96323            -4.31113
-2.71676          -0.0485885            -4.61712
-3.45786            -3.68113            -4.14404
-3.45786            -3.68113            -4.14404
-3.45786            -3.68113            -4.14404
-3.60692            -4.07188            -6.16489
-3.60692            -4.07188            -6.16489
-1.84103            -5.02593            -5.36998
0.216585            -6.12409            -4.51051
0.830048            -3.06886            -4.51127
0.830048            -3.06886            -4.51127
4.06053            -2.37881            -5.99384
4.30499            -2.91824            -6.68383
4.30499            -2.91824            -6.68383
5.45526           -0.394406             -6.3163
4.33756           -0.640763            -7.40272
6.34534            0.875266            -6.96909
6.65574             4.53849            -6.03197
4.2771              2.4603            -5.37289
4.00417            0.950094            -5.05686
4.65939             1.24123            -4.48802
4.65939             1.24123            -4.48802
0.747784             3.17935            -5.37269
0.747784             3.17935            -5.37269
1.63814             1.94334            -4.19983
1.19468             1.50952            -3.89798
-0.532771              2.0758             -3.7832
0.7445            0.704047            -2.78239
-0.615596            0.382056            -1.92552
0.795643             1.27888            -3.56915
-1.45187             1.96118            -5.38276
-1.45187             1.96118            -5.38276
-1.45187             1.96118            -5.38276
0.409134             1.25754            -3.48581
2.16024           -0.762822            -4.26283
0.779247           -0.679986             -6.1829
0.750355           -0.153501            -4.35482
0.750355           -0.153501            -4.35482
0.750355           -0.153501            -4.35482
0.750355           -0.153501            -4.35482
0.750355           -0.153501            -4.35482
-1.48383            -1.55387            -3.91661
2.22418            -2.52924            -2.44229
2.22418            -2.52924            -2.44229
2.76853            -1.77002             -3.3238
2.76853            -1.77002             -3.3238
2.76853            -1.77002             -3.3238
3.89844            0.515773            -4.57915
2.9377             1.00046            -6.57557
2.9377             1.00046            -6.57557
4.05544           -0.746755            -4.96441
5.46933            -2.04855            -3.74085
4.23393             3.44747            -2.33607
2.80163             1.93661            -1.74389
2.4194               1.114            -2.31579
2.57489            -1.11338            -1.52603
-1.72545            -3.03839            -4.73065
-1.72545            -3.03839            -4.73065
-0.354185            -2.43764              -2.396
-0.354185            -2.43764              -2.396
-0.354185            -2.43764              -2.396
-0.354185            -2.43764              -2.396
-0.123314             1.24287            -0.77978
1.12422             1.02035            -1.08351
1.12422             1.02035            -1.08351
0.915868            0.106261             -4.5966
0.915868            0.106261             -4.5966
0.915868            0.106261             -4.5966
0.915868            0.106261             -4.5966
0.520758           -0.549663            -4.29537
0.980329            -1.82214            -4.49395
1.61769            -3.10548            -5.07828
0.411586            -2.18176            -5.78615
1.91338            -2.15635            -5.40558
1.91338            -2.15635            -5.40558
-0.158762            -4.49375            -4.62001
1.61189            -2.98379            -5.90917
1.61189            -2.98379            -5.90917
1.61189            -2.98379            -5.90917
0.802682            -2.04253            -3.35144
1.27596            -1.96855            -5.18093
-0.686668            -1.62862             -4.4888
3.30583           -0.712355            -3.94709
2.66824            -2.04658            -1.93433
1.11593            -1.94182            -1.33379
1.11593            -1.94182            -1.33379
1.11593            -1.94182            -1.33379
1.11593            -1.94182            -1.33379
0.791478            -2.12067              -2.028
0.791478            -2.12067              -2.028
-0.628866            -1.77224            -3.75362
0.300197            -1.18726            -4.55885
0.300197            -1.18726            -4.55885
-2.11591            -4.25981            -2.60681
-2.11591            -4.25981            -2.60681
2.86647            -4.38131            -3.58643
2.73708            -4.59802            -3.88525
1.65945            -5.91363            -3.81427
1.65945            -5.91363            -3.81427
2.60061            -6.67449            -2.15706
2.60061            -6.67449            -2.15706
2.60061            -6.67449            -2.15706
2.60061            -6.67449            -2.15706
2.87467            -7.20275            -2.84124
2.87467            -7.20275            -2.84124
3.18833             -4.9638            -5.60039
2.81245             -5.6342             -4.6971
1.1585            -5.03049            -2.44373
1.1585            -5.03049            -2.44373
1.1585            -5.03049            -2.44373
2.68337            -4.89023            -0.60007
2.97496            -5.26612             1.10802
4.18817            -5.78835             2.50403
1.64969            -6.71421              1.5234
1.64969            -6.71421              1.5234
1.24115            -6.91334             1.60743
1.24115            -6.91334             1.60743
-0.285353            -5.19135              3.8557
-0.285353            -5.19135              3.8557
-0.285353            -5.19135              3.8557
0.834918            -5.52637              6.1112
0.834918            -5.52637              6.1112
-0.891578             -3.6722             4.29935
-0.891578             -3.6722             4.29935
-0.68205           -0.976021             3.85966
-0.68205           -0.976021             3.85966
-0.68205           -0.976021             3.85966
-0.68205           -0.976021             3.85966
-0.68205           -0.976021             3.85966
-0.598402            0.661688             4.06345
1.36042            0.451403             4.79019
1.36042            0.451403             4.79019
-1.12723            -2.06052              5.0279
-1.9568             -1.4452             2.52225
-1.9568             -1.4452             2.52225
-0.697723            -2.90537             2.19509
-0.682665            -2.08451             1.76036
-0.682665            -2.08451             1.76036
-0.682665            -2.08451             1.76036
-0.682665            -2.08451             1.76036
-0.682665            -2.08451             1.76036
-1.39665           -0.226555              4.1673
-1.39665           -0.226555              4.1673
-3.24632             1.26337             4.35796
-4.01084            -1.03311             2.58577
-4.01084            -1.03311             2.58577
-4.01084            -1.03311             2.58577
-2.96761            0.380024             4.13188
-2.66087              1.4716             3.99032
-2.66087              1.4716             3.99032
-2.66087              1.4716             3.99032
-2.66087              1.4716             3.99032
-2.66087              1.4716             3.99032
-2.64371             3.04062             3.82326
-2.64371             3.04062             3.82326
-4.08043             2.95439             2.97466
-3.95465            0.395665             3.32171
-3.68196             2.10267             4.53644
-1.71298             3.79804             4.65046
0.0992166              2.5754              4.0845
0.0992166              2.5754              4.0845
2.19366             1.65232             3.55537
2.08935             1.45352             2.29261
0.68373              1.7714             4.95891
0.68373              1.7714             4.95891
0.68373              1.7714             4.95891
0.648216             3.29031             3.78798
0.648216             3.29031             3.78798
-0.475971              3.2325             4.03589
1.3237             1.84538             2.63808
0.561122            -1.88416             3.51976
0.561122            -1.88416             3.51976
2.06809             2.03539             4.77241
2.06809             2.03539             4.77241
0.986303             2.36805             3.96357
1.72178             2.07835              7.3487
-0.90581             4.08129             4.87974
-0.90581             4.08129             4.87974
0.694314             4.43266             3.86668
2.43551             3.79528             3.83968
2.6126             1.83694             1.44643
2.6126             1.83694             1.44643
-1.80145             3.80838             1.64694
-1.80145             3.80838             1.64694
-2.17987              4.6822             2.41634
-2.17987              4.6822             2.41634
-2.17987              4.6822             2.41634
0.611007           -0.204707            -1.48458
0.611007           -0.204707            -1.48458
2.23241            0.404982           -0.744451
2.23241            0.404982           -0.744451
1.55378            0.450263             -0.6033
3.13812             2.29382            -2.73209
3.13812             2.29382            -2.73209
3.13812             2.29382            -2.73209
3.68052             1.63975             -3.0584
3.1263            -1.20697            -4.93749
3.1263            -1.20697            -4.93749
2.55232            -1.42875            -7.55397
0.848568           -0.917426              -9.108
0.848568           -0.917426              -9.108
0.432218          -0.0848907            -9.22023
1.37985             2.33568            -9.27627
0.772166             3.08802            -6.03637
0.772166             3.08802            -6.03637
0.772166             3.08802            -6.03637
0.772166             3.08802            -6.03637
2.61298            0.214533            -3.25885
0.170159             1.24071            -1.51808
0.170159             1.24071            -1.51808
0.170159             1.24071            -1.51808
0.170159             1.24071            -1.51808
-1.02558             1.18102             1.06231
-1.02558             1.18102             1.06231
-1.02558             1.18102             1.06231
-1.02558             1.18102             1.06231
2.40453            -1.91571            -1.31656
3.84195            -1.74512            -1.36757
3.84195            -1.74512            -1.36757
2.26264           0.0785818            0.613259
3.80263            -1.09249           -0.919006
3.80263            -1.09249           -0.919006
3.80263            -1.09249           -0.919006
2.00152             1.75628            -2.81503
0.79999             0.31019            -1.62412
0.79999             0.31019            -1.62412
0.79999             0.31019            -1.62412
1.14131           0.0746628            -2.18141
1.14131           0.0746628            -2.18141
-0.369903            -1.30076            -2.24749
-2.0821              1.0228            -1.28782
-2.16576            0.821021            -1.34021
-0.957801            -0.36912           -0.773555
-1.83563             1.49722            -2.07666
-1.83563             1.49722            -2.07666
-1.83563             1.49722            -2.07666
0.51522            0.886918           -0.550052
0.51522            0.886918           -0.550052
0.919505              1.0338             2.41045
1.40085             1.26715             1.85127
1.40085             1.26715             1.85127
1.40085             1.26715             1.85127
2.02214            -1.00675             1.96933
2.02214            -1.00675             1.96933
0.925875           -0.777109              4.9686
0.925875           -0.777109              4.9686
0.68138            -0.20362             1.64983
0.68138            -0.20362             1.64983
0.68138            -0.20362             1.64983
0.68138            -0.20362             1.64983
0.68138            -0.20362             1.64983
0.68138            -0.20362             1.64983
0.68138            -0.20362             1.64983
0.68138            -0.20362             1.64983
-0.0683327          -0.0424121             1.92189
1.18664            0.810269             1.89443
1.18664            0.810269             1.89443
1.18664            0.810269             1.89443
1.18664            0.810269             1.89443
-0.206294            0.299956              3.1735
-1.07959             1.36015              3.6965
-0.687133             2.47067             2.83452
-0.687133             2.47067             2.83452
2.24755             1.40855             2.48279
3.41527            0.684568             3.53563
0.696883            0.530612             5.10489
0.696883            0.530612             5.10489
-0.00880531             4.12336             4.08623
1.26642             2.69734             4.33963
1.26642             2.69734             4.33963
1.58126             3.88468             5.74196
-0.344966             2.18222              7.5003
-0.344966             2.18222              7.5003
0.417712             4.72389             6.52231
2.49543             2.68456             3.12435
2.49543             2.68456             3.12435
2.49543             2.68456             3.12435
1.29666             5.08603             3.16823
1.29666             5.08603             3.16823
1.29666             5.08603             3.16823
1.2667             3.13947             5.69729
1.2667             3.13947             5.69729
1.49958             2.11741             6.36191
-0.208166            0.791042             5.30397
-0.208166            0.791042             5.30397
3.16006           -0.702766             3.34856
2.47787            -1.02313             1.80748
2.47787            -1.02313             1.80748
0.236171            -2.14581             1.54621
0.236171            -2.14581             1.54621
0.236171            -2.14581             1.54621
1.31427           -0.630151             4.48372
2.8045            0.587538               2.255
2.8045            0.587538               2.255
2.8045            0.587538               2.255
2.8045            0.587538               2.255
3.20675            0.596004             1.50953
3.16699            0.228595              2.3685
3.16699            0.228595              2.3685
3.16699            0.228595              2.3685
3.16699            0.228595              2.3685
3.16699            0.228595              2.3685
2.78855           -0.795344              4.0096
2.78855           -0.795344              4.0096
2.78855           -0.795344              4.0096
2.50861            -1.40769             6.19055
2.50861            -1.40769             6.19055
3.74662            -2.35863             8.36887
4.80119            -1.99728             6.01814
5.01689            0.180905             3.88744
5.01689            0.180905             3.88744
5.01689            0.180905             3.88744
5.01689            0.180905             3.88744
5.01689            0.180905             3.88744
5.01689            0.180905             3.88744
5.01689            0.180905             3.88744
5.01689            0.180905             3.88744
5.01689            0.180905             3.88744
5.01689            0.180905             3.88744
5.01689            0.180905             3.88744
3.69721             2.82102             6.76116
3.69721             2.82102             6.76116
5.00823             2.14785             3.63549
2.36079             1.72352             5.60684
2.36079             1.72352             5.60684
-0.863912            -1.40629             1.74697
-0.863912            -1.40629             1.74697
-0.863912            -1.40629             1.74697
-0.863912            -1.40629             1.74697
-0.863912            -1.40629             1.74697
-2.31118           -0.811491             2.89659
-1.43597            -1.24483             1.93356
-1.43597            -1.24483             1.93356
-1.43597            -1.24483             1.93356
-1.43597            -1.24483             1.93356
-1.43597            -1.24483             1.93356
-0.214329            0.757998             1.16735
-0.160942            0.189592             3.06272
0.982842            -1.57358             2.82978
0.982842            -1.57358             2.82978
0.982842            -1.57358             2.82978
0.982842            -1.57358             2.82978
-0.801817            -1.84861             2.53572
-1.43246            -1.33903              2.9923
-0.278883           -0.453124             2.55338
-0.278883           -0.453124             2.55338
3.76957            -2.34491             4.02264
3.76957            -2.34491             4.02264
3.76957            -2.34491             4.02264
5.44799            -1.88668             3.97608
6.16632             -1.1586             5.13709
6.16632             -1.1586             5.13709
6.16632             -1.1586             5.13709
6.16632             -1.1586             5.13709
6.16632             -1.1586             5.13709
4.18139            -3.16759             4.60579
4.18139            -3.16759             4.60579
4.8494            -2.25269             4.12923
4.6709           -0.552326             1.93642
4.02666            0.510352              3.0897
3.68686             1.18468             2.33001
3.68686             1.18468             2.33001
3.68686             1.18468             2.33001
0.613331             1.90079              1.2941
0.613331             1.90079              1.2941
0.613331             1.90079              1.2941
0.613331             1.90079              1.2941
1.6941              1.2771           -0.564199
2.48004           -0.710635            -1.49954
-0.347474             -4.7439            -2.03123
-0.956725            -1.79276            -1.69266
-0.956725            -1.79276            -1.69266
-2.5106           -0.106559            -2.34802
-0.574261            -2.02979            -3.38136
-0.574261            -2.02979            -3.38136
-0.574261            -2.02979            -3.38136
-0.574261            -2.02979            -3.38136
-0.574261            -2.02979            -3.38136
0.0798425             -0.6848            -2.02255
0.377486           0.0602924            -1.15444
-0.779793            -1.29387            -3.23251
-1.13044            0.292751            -2.63875
-1.13044            0.292751            -2.63875
-1.70349            -1.48218            -2.94998
-0.93674           -0.671048            -2.92427
-0.93674           -0.671048            -2.92427
-0.93674           -0.671048            -2.92427
-0.93674           -0.671048            -2.92427
-0.93674           -0.671048            -2.92427
-1.1056            -1.43079            -3.23532
-1.18944           -0.842236            -4.22875
-1.18944           -0.842236            -4.22875
-1.50269            -2.49146            -6.21439
-1.50269            -2.49146            -6.21439
2.13647             -2.8396            -7.23919
1.17804           0.0248175            -6.25017
0.481429             1.11425            -7.34016
0.481429             1.11425            -7.34016
1.61451             1.54085             -5.9859
1.27374             1.55761            -3.66592
1.27374             1.55761            -3.66592
0.962724            -1.67848            -3.93978
0.962724            -1.67848            -3.93978
0.962724            -1.67848            -3.93978
-2.28719            -1.37437            -3.97274
-2.28719            -1.37437            -3.97274
-2.32972            -2.48699            -4.70059
-2.32972            -2.48699            -4.70059
-2.32972            -2.48699            -4.70059
-2.32972            -2.48699            -4.70059
-0.129129           -0.328577            -2.60525
-0.129129           -0.328577            -2.60525
-0.129129           -0.328577            -2.60525
2.898            -2.83913             -4.2422
2.898            -2.83913             -4.2422
4.92659            -1.05005            -3.07833
2.23431            0.130002            -1.46309
2.23431            0.130002            -1.46309
2.23431            0.130002            -1.46309
2.23431            0.130002            -1.46309
2.23431            0.130002            -1.46309
2.23431            0.130002            -1.46309
1.0984            0.172268           -0.592014
1.0984            0.172268           -0.592014
1.28546            0.777501             -2.0251
0.27622            -1.12526            -1.16392
-1.13614            -2.02754            -2.03319
-1.13614            -2.02754            -2.03319
-1.13614            -2.02754            -2.03319
-1.13614            -2.02754            -2.03319
-1.13614            -2.02754            -2.03319
-0.0883117            -1.66959            -4.34102
-0.0883117            -1.66959            -4.34102
1.62251          -0.0153127            -3.49294
1.62251          -0.0153127            -3.49294
-1.33829            -1.35688             -3.1108
-1.33829            -1.35688             -3.1108
-1.33829            -1.35688             -3.1108
-1.33829            -1.35688             -3.1108
-1.33829            -1.35688             -3.1108
-1.33829            -1.35688             -3.1108
-3.44018            -1.82937            -3.53596
-1.62322            -2.40611            -1.49314
-1.62322            -2.40611            -1.49314
-1.62322            -2.40611            -1.49314
-1.62322            -2.40611            -1.49314
-1.62322            -2.40611            -1.49314
-1.62322            -2.40611            -1.49314
-1.62322            -2.40611            -1.49314
-1.62322            -2.40611            -1.49314
-1.62322            -2.40611            -1.49314
-1.62322            -2.40611            -1.49314
-1.62322            -2.40611            -1.49314
-2.66998              -2.509           -0.695983
-0.916134            -4.62669            -3.51818
-0.229182            -3.05256            -3.83719
3.44185             -1.7584            -4.45615
3.44185             -1.7584            -4.45615
1.82439             -1.3053           -0.588527
1.82439             -1.3053           -0.588527
1.82439             -1.3053           -0.588527
2.70584            -2.38047            -1.75084
1.36706            -2.28683            -5.17842
1.36706            -2.28683            -5.17842
1.36706            -2.28683            -5.17842
0.0196267            -3.40886            -4.17764
-1.80596            -4.24893            -2.66609
-0.0880068            -2.06815            -1.70906
-0.0880068            -2.06815            -1.70906
-0.0880068            -2.06815            -1.70906
-0.0880068            -2.06815            -1.70906
1.16384            0.523791           -0.876169
0.272154            0.205582            0.727631
0.272154            0.205582            0.727631
0.272154            0.205582            0.727631
0.272154            0.205582            0.727631
0.272154            0.205582            0.727631
0.272154            0.205582            0.727631
1.01634             1.42509             4.04361
1.01634             1.42509             4.04361
1.01634             1.42509             4.04361
1.01634             1.42509             4.04361
0.579881            -1.29426             3.73273
0.579881            -1.29426             3.73273
0.579881            -1.29426             3.73273
1.82764            0.575174             3.26173
2.25096            -2.32205             5.50768
-0.0410241            -1.56124             5.43114
1.46081            -1.49858             4.54642
0.460357            -3.93064             2.83869
-3.41168            -2.84915             4.63381
-3.41168            -2.84915             4.63381
-2.65401             -1.9795             4.69779
-2.65401             -1.9795             4.69779
-2.65401             -1.9795             4.69779
-2.60192            -2.48312             2.45282
-2.12519            -2.21718             1.57791
-2.12519            -2.21718             1.57791
-2.12061            -2.29429             2.41497
-3.46677            -2.52705            -1.04174
-0.904108            -2.19015            -1.50634
-0.524115            -1.32641            -3.45862
-0.524115            -1.32641            -3.45862
-0.524115            -1.32641            -3.45862
-0.703703             1.87476             -2.0483
-0.933839            0.808469            -3.09487
-0.933839            0.808469            -3.09487
-1.37932             2.05191            -1.65535
-1.37932             2.05191            -1.65535
1.06387             2.61732            -1.52074
1.06387             2.61732            -1.52074
0.296408             4.18958            -3.85442
3.67397             5.36769            -7.38207
1.79366             5.70599            -6.89167
1.38965             6.01077            -6.14491
-1.08391              4.5048            -5.54016
-2.881              3.7553            -2.57856
-2.881              3.7553            -2.57856
-2.6785              2.2683            -1.29321
-2.6785              2.2683            -1.29321
0.53648             2.44957             -3.4431
2.36768             2.88945            -3.30464
-0.858973             3.37084            -3.20543
-0.0486167             3.58643            -3.87773
1.21267             2.57216            -4.12388
0.0631147             3.09467            -2.64148
0.0631147             3.09467            -2.64148
0.0631147             3.09467            -2.64148
0.0631147             3.09467            -2.64148
0.0631147             3.09467            -2.64148
-0.325776            -1.22639            -1.55383
-0.325776            -1.22639            -1.55383
-0.325776            -1.22639            -1.55383
-0.543893            -1.63007            -3.20913
-0.543893            -1.63007            -3.20913
2.60023             1.64336            -6.04147
2.63569           -0.283763            -7.34999
3.92432           -0.568658            -4.95984
2.8336             1.09775            -3.49508
1.74629           -0.270955            -3.97981
1.29547             1.62501            -2.78851
1.29547             1.62501            -2.78851
1.29547             1.62501            -2.78851
4.07592           -0.154883            -1.41068
1.72351            -2.45404           -0.656426
1.72351            -2.45404           -0.656426
1.50245             -1.8898            -1.46441
1.50245             -1.8898            -1.46441
-1.60733            -0.24442            -2.93674
-1.60733            -0.24442            -2.93674
-1.60733            -0.24442            -2.93674
-1.60733            -0.24442            -2.93674
-1.60733            -0.24442            -2.93674
-1.60733            -0.24442            -2.93674
-1.60733            -0.24442            -2.93674
-0.648687             1.29107            -5.06058
0.059227             1.54852            -4.08154
-1.47546             4.26294            -3.23424
-1.47546             4.26294            -3.23424
1.37104             4.72646            -2.73551
2.14657             4.79404            -3.67847
-0.744387             6.28204            -3.08382
-1.0273             6.91267            -4.18303
-1.97052              6.8569            -2.93098
-0.1958             6.75871            -3.22236
-0.369025             5.08878            -5.98298
0.10298             5.97614            -5.86733
0.872213             5.66851            -3.11922
-0.47983             7.58696            -2.63355
-0.47983             7.58696            -2.63355
-0.47983             7.58696            -2.63355
-0.47983             7.58696            -2.63355
-0.47983             7.58696            -2.63355
2.63595             4.86025            -7.14754
1.77747             3.66266            -6.81591
1.77747             3.66266            -6.81591
1.77747             3.66266            -6.81591
1.77747             3.66266            -6.81591
1.77747             3.66266            -6.81591
2.46789             1.20627            -5.27733
2.46789             1.20627            -5.27733
2.46789             1.20627            -5.27733
2.37419            0.751134            -5.13987
2.37419            0.751134            -5.13987
2.64181             2.46655             -4.5845
2.64181             2.46655             -4.5845
2.81496            0.584005            -2.72182
2.81496            0.584005            -2.72182
2.38886           0.0659672            -3.26295
0.560864             1.60617            -6.29103
0.661581             2.36214            -6.39039
0.368662              2.9799            -3.73368
0.368662              2.9799            -3.73368
-2.54544             4.40886            -4.27075
-2.71319             5.11484            -3.78558
-0.796328             3.65807            -3.82922
-0.796328             3.65807            -3.82922
-0.796328             3.65807            -3.82922
1.13246             4.11322            -5.77866
1.03552             2.91009            -2.59995
1.22774             2.70667            -4.80722
1.44687            -3.13014            -4.55548
1.44687            -3.13014            -4.55548
1.44687            -3.13014            -4.55548
-1.84564            -3.81449             -4.6064
-3.1285           -0.731896            -6.45978
-3.1285           -0.731896            -6.45978
-4.90203            -1.61287            -4.73572
-4.90203            -1.61287            -4.73572
-5.10496            -2.80486            -3.59847
-5.10496            -2.80486            -3.59847
-3.85975            -1.05837            -3.64749
-3.64493             -2.4094            -3.51808
-3.64493             -2.4094            -3.51808
-3.64493             -2.4094            -3.51808
-1.3264            -4.43208            -4.39497
-0.271303            -2.71373             -5.7092
-0.271303            -2.71373             -5.7092
0.0524503              -1.114            -5.30404
0.644521            -2.62271            -6.41448
1.14888            -4.10827            -7.93652
1.14888            -4.10827            -7.93652
4.88084            -4.61686            -4.50547
3.79259            -3.71986            -5.10328
1.31233           -0.776622             -4.3368
0.683186            0.818149            -2.31278
0.683186            0.818149            -2.31278
3.17749             1.45434            0.755896
3.70877             2.10689             3.40693
3.70877             2.10689             3.40693
3.42046            0.248185             2.46656
3.68051             1.42046             1.51909
2.88255             2.15198             2.47703
1.65087            -1.53443             3.02449
1.65087            -1.53443             3.02449
1.65087            -1.53443             3.02449
1.65087            -1.53443             3.02449
1.65087            -1.53443             3.02449
1.65087            -1.53443             3.02449
1.65087            -1.53443             3.02449
0.659897             -1.6215             1.71784
2.2485            0.607417           -0.757688
2.2485            0.607417           -0.757688
2.85367            0.500412            -3.52504
1.784             2.40955            -3.85599
0.966769            0.471208             -1.1366
0.966769            0.471208             -1.1366
0.966769            0.471208             -1.1366
0.966769            0.471208             -1.1366
0.966769            0.471208             -1.1366
0.480251             0.24651             1.89475
0.407496             1.40478             3.34137
0.407496             1.40478             3.34137
0.407496             1.40478             3.34137
0.407496             1.40478             3.34137
0.407496             1.40478             3.34137
2.87416           -0.160817             1.92245
3.80784           -0.972073             3.38331
3.80784           -0.972073             3.38331
3.80784           -0.972073             3.38331
2.86991            0.727036             2.22381
2.86991            0.727036             2.22381
2.86991            0.727036             2.22381
2.86991            0.727036             2.22381
2.96916             1.50477             3.57444
2.96916             1.50477             3.57444
2.96916             1.50477             3.57444
1.40543             1.11243             4.38057
1.40543             1.11243             4.38057
0.789307             2.49299             3.69401
1.92651           -0.366688             3.43394
1.86495           -0.686973             2.58252
-0.614249            -1.16281             3.48994
-0.425899            -1.48541             3.77498
-0.662622            -2.96835             2.20765
0.21001            -2.11575             3.66351
0.21001            -2.11575             3.66351
1.50195            -0.58036             2.63285
1.31364            0.452857             -3.0212
1.31364            0.452857             -3.0212
0.974739             1.78643             -1.2374
0.974739             1.78643             -1.2374
-0.181767             3.35741            -2.44972
-0.181767             3.35741            -2.44972
-0.181767             3.35741            -2.44972
-0.181767             3.35741            -2.44972
-0.181767             3.35741            -2.44972
-0.181767             3.35741            -2.44972
-0.181767             3.35741            -2.44972
-0.181767             3.35741            -2.44972
-0.222145             3.11855            -2.64586
-1.67417            0.801184            -2.91997
-1.67417            0.801184            -2.91997
-1.67417            0.801184            -2.91997
-3.07508             1.44775            -2.81414
-1.92348              1.4113            -0.48662
-3.61994             1.19503            -2.19663
-3.43097           -0.716821            -3.79375
-3.49591            -2.83149            -4.58635
-3.94519           -0.478267            -2.98579
-2.78983             2.57354            -2.93523
-1.6749             2.58587            -2.44413
-2.46644             2.04382            -2.50791
-2.46644             2.04382            -2.50791
-0.444439           0.0266122            -2.86562
-0.444439           0.0266122            -2.86562
-0.444439           0.0266122            -2.86562
-0.444439           0.0266122            -2.86562
-0.444439           0.0266122            -2.86562
-0.444439           0.0266122            -2.86562
-0.444439           0.0266122            -2.86562
1.54746            -2.12692               -3.86
3.20388            -1.18802              -3.153
4.70987           -0.889538             -3.3183
1.59561           -0.462961            -3.56711
1.59561           -0.462961            -3.56711
1.59561           -0.462961            -3.56711
-0.791184           -0.564849             -3.6652
1.83585            0.451422           -0.819329
0.177052            -1.87235            -1.18208
0.177052            -1.87235            -1.18208
1.28924             -3.6238           -0.987932
1.79969              -2.956             -3.0344
1.79969              -2.956             -3.0344
0.222767            -2.09485            -2.60861
-1.13318            -1.33617            -4.59187
-1.13318            -1.33617            -4.59187
-1.13318            -1.33617            -4.59187
0.849015            0.128553            -3.92219
0.0204969            -1.05859           -0.858887
0.0204969            -1.05859           -0.858887
0.0204969            -1.05859           -0.858887
0.0204969            -1.05859           -0.858887
1.85213             2.10765            0.801635
1.80586            0.764676           -0.459028
1.81759           -0.623228            -0.66247
1.81759           -0.623228            -0.66247
1.81759           -0.623228            -0.66247
2.29174            0.927775            -2.49906
2.29174            0.927775            -2.49906
2.29174            0.927775            -2.49906
2.29174            0.927775            -2.49906
0.473304           -0.495339            -4.72448
-0.936926           -0.717746            -3.90349
-1.16355            -0.86791            -4.93173
-0.625842           -0.177354            -4.00077
-0.625842           -0.177354            -4.00077
-1.41072            -1.98284            -2.92691
-1.29546            -2.61118            -2.21528
1.83502           -0.754824             -1.4077
1.83502           -0.754824             -1.4077
1.83502           -0.754824             -1.4077
-2.44619          -0.0312078            -1.96765
-1.35826             1.57993            -2.61299
-1.35826             1.57993            -2.61299
-1.35826             1.57993            -2.61299
-1.35826             1.57993            -2.61299
0.541864              2.2301             2.53746
-0.577556           -0.219165             0.92082
-0.728362            -1.98867             3.77385
-0.728362            -1.98867             3.77385
-0.728362            -1.98867             3.77385
-0.000252631            -1.20134               3.013
-0.000252631            -1.20134               3.013
-0.000252631            -1.20134               3.013
-0.148803            0.476542             1.96461
-0.148803            0.476542             1.96461
-0.148803            0.476542             1.96461
-0.148803            0.476542             1.96461
-0.148803            0.476542             1.96461
-0.148803            0.476542             1.96461
-2.98856             1.57121             1.71548
-4.86686             3.57162              4.1808
-4.86686             3.57162              4.1808
-4.86686             3.57162              4.1808
-1.18268             4.21653             4.23296
-1.18268             4.21653             4.23296
-2.81243             4.47614             5.85747
-2.01394             2.79572             5.44939
-2.01394             2.79572             5.44939
-2.01394             2.79572             5.44939
-1.82707             3.16817             4.92452
-3.29343             3.20324             6.32433
-4.7386             2.12088             7.40153
-4.7386             2.12088             7.40153
-5.01359             3.91445             5.15928
-7.33233             1.20249             6.33488
-5.93522             1.35679             4.99565
-5.93522             1.35679             4.99565
-5.79054          -0.0732781             5.27871
-4.69024             1.57197             5.52867
-4.69024             1.57197             5.52867
-3.20988             1.78314             5.10778
-2.73319           -0.191132             4.48389
-3.42093             1.43443             4.81565
-2.61416             3.44418             3.21884
-0.612562             2.19487             4.15884
-0.612562             2.19487             4.15884
-0.612562             2.19487             4.15884
-0.612562             2.19487             4.15884
-0.612562             2.19487             4.15884
-0.612562             2.19487             4.15884
-0.687619            0.804097             4.28518
0.545434            -1.31167              4.9852
1.22903            -3.09573              2.6728
-0.388415            -2.72672             2.63466
-0.388415            -2.72672             2.63466
-0.388415            -2.72672             2.63466
-0.388415            -2.72672             2.63466
-0.388415            -2.72672             2.63466
0.171326            -2.05829             3.15213
-0.344665              0.7775             3.87966
-0.344665              0.7775             3.87966
-0.0182249           -0.517233              6.3913
2.151           -0.158864              4.9995
0.112943            0.922626             3.78714
-3.50125             2.75803             2.15935
-3.50125             2.75803             2.15935
-3.50125             2.75803             2.15935
-3.50125             2.75803             2.15935
-3.28661            0.889932            -1.95817
-3.28661            0.889932            -1.95817
-1.97646           -0.656073            -1.57653
-1.97646           -0.656073            -1.57653
-1.97646           -0.656073            -1.57653
-2.58026           -0.351332            -2.74728
-2.63149           -0.056514            -2.74728
-2.63149           -0.056514            -2.74728
-2.63149           -0.056514            -2.74728
-2.63149           -0.056514            -2.74728
-2.63149           -0.056514            -2.74728
-2.63149           -0.056514            -2.74728
-2.4321             1.43983            -2.00767
-1.00978             1.56961            -1.41714
-1.00978             1.56961            -1.41714
-1.36232            -1.32639            -1.40635
-1.36232            -1.32639            -1.40635
-1.88719            -0.53442             1.93375
-1.88719            -0.53442             1.93375
-1.88719            -0.53442             1.93375
-2.72931            -2.14032             3.48441
-2.72931            -2.14032             3.48441
-1.55582            0.729105             4.48702
-1.55582            0.729105             4.48702
-1.55582            0.729105             4.48702
-1.55582            0.729105             4.48702
-1.55582            0.729105             4.48702
-1.55582            0.729105             4.48702
-0.155782            0.933558             2.09509
-0.155782            0.933558             2.09509
-0.155782            0.933558             2.09509
-0.155782            0.933558             2.09509
-0.155782            0.933558             2.09509
-0.155782            0.933558             2.09509
-1.04019            -1.72923             1.74632
-1.04019            -1.72923             1.74632
-1.04019            -1.72923             1.74632
-1.9135            -2.87046             1.22475
-2.54543            0.676153             1.23551
-2.36853            0.345512              1.5959
-2.36853            0.345512              1.5959
-1.21234            -1.19274            0.856735
-1.21234            -1.19274            0.856735
-1.21234            -1.19274            0.856735
-1.21234            -1.19274            0.856735
-2.35166            -2.44674             2.19559
-2.35166            -2.44674             2.19559
-2.35166            -2.44674             2.19559
-2.35166            -2.44674             2.19559
-2.35166            -2.44674             2.19559
-2.35166            -2.44674             2.19559
-2.35166            -2.44674             2.19559
-2.35166            -2.44674             2.19559
-2.35166            -2.44674             2.19559
-2.35166            -2.44674             2.19559
0.797886           -0.297339             2.37293
0.797886           -0.297339             2.37293
0.72053             1.56625             2.31433
0.72053             1.56625             2.31433
0.72053             1.56625             2.31433
0.72053             1.56625             2.31433
-0.930632             1.38682              3.0306
-0.930632             1.38682              3.0306
-0.930632             1.38682              3.0306
-0.930632             1.38682              3.0306
-0.930632             1.38682              3.0306
0.297739            0.249474             2.59958
0.297739            0.249474             2.59958
0.297739            0.249474             2.59958
0.297739            0.249474             2.59958
-1.80393            0.762427             1.47603
-1.3527           -0.857768             2.72315
-1.3527           -0.857768             2.72315
-1.3527           -0.857768             2.72315
-1.3527           -0.857768             2.72315
-3.63374            -1.27292             4.50286
-4.28774            -2.34034             5.69406
-4.28774            -2.34034             5.69406
-4.59016            -1.58411             7.02551
-0.465978            -2.45407             6.13003
-0.987694            -3.62336             6.41296
-0.987694            -3.62336             6.41296
-0.987694            -3.62336             6.41296
-0.987694            -3.62336             6.41296
-0.587531            -4.06631             4.90314
3.0119            -2.87237             3.84797
1.40058            0.412644             3.48362
3.19817           -0.135126             2.94267
1.57025            -2.44745             2.24475
1.57025            -2.44745             2.24475
1.38881            -3.83605             2.82541
1.37972            -4.39318             4.63326
3.20004            -3.85154             5.48989
1.25823            -2.65116             7.74397
0.72025            -2.67242             8.47241
0.739539            -2.66143             5.72125
-1.08995            -2.98485             4.38488
-1.08995            -2.98485             4.38488
0.907504            -1.79445             2.08891
-0.936279           -0.513555             3.41503
0.442062              1.1168              1.5551
0.442062              1.1168              1.5551
-1.88492             1.86488             1.89534
-2.15125             1.26629             3.13793
-2.15125             1.26629             3.13793
-1.87521            -1.74301             3.74281
-0.654766           -0.483869             3.39077
-0.654766           -0.483869             3.39077
-0.654766           -0.483869             3.39077
-0.654766           -0.483869             3.39077
-0.654766           -0.483869             3.39077
-0.654766           -0.483869             3.39077
-0.654766           -0.483869             3.39077
-0.370248           -0.538893             5.65491
-0.370248           -0.538893             5.65491
-0.370248           -0.538893             5.65491
-0.323644           -0.589573             3.99595
-0.323644           -0.589573             3.99595
-0.323644           -0.589573             3.99595
-0.323644           -0.589573             3.99595
-0.432399            0.578123             3.24874
-0.432399            0.578123             3.24874
-0.432399            0.578123             3.24874
-0.432399            0.578123             3.24874
-0.516701             1.74664             5.03665
-0.516701             1.74664             5.03665
-0.516701             1.74664             5.03665
-0.516701             1.74664             5.03665
-1.4532             2.21278             4.80984
-0.154935             2.93048             5.67983
0.27316             1.71801             7.54585
-1.4285             1.54592             6.67947
-1.4285             1.54592             6.67947
-1.1297             -1.3097             6.48094
-0.566147             -2.1473             6.42826
-0.511779             -1.4256             7.13883
1.86288           -0.672133             10.1041
1.86288           -0.672133             10.1041
1.34303            -2.09454             8.57048
1.34303            -2.09454             8.57048
1.34303            -2.09454             8.57048
1.34303            -2.09454             8.57048
5.41292             1.76917             7.94626
4.48738              2.3823             6.58912
3.88945                2.75             5.80909
3.88945                2.75             5.80909
3.65913           -0.858461             8.07527
1.99097            -1.03224             8.02558
4.73942             -1.1335             6.36955
4.73942             -1.1335             6.36955
4.73942             -1.1335             6.36955
4.80523            -1.56752             4.70838
4.06318           -0.922259             4.50569
4.06318           -0.922259             4.50569
2.63836            -2.94867             1.71932
2.63836            -2.94867             1.71932
2.63836            -2.94867             1.71932
2.63836            -2.94867             1.71932
1.31742            -2.27582             2.48526
1.77532             1.41424             5.43501
-1.12271           -0.564882             5.23474
-2.75469            0.257142             3.08087
-2.75469            0.257142             3.08087
-2.75469            0.257142             3.08087
-1.27391             2.16892             2.71318
-1.27391             2.16892             2.71318
-1.27391             2.16892             2.71318
-1.21253             1.82241             1.55078
-1.21253             1.82241             1.55078
-2.7592             1.22004             2.67409
-2.57668           -0.176734              5.2315
-2.69342              1.5324             3.71527
-2.69342              1.5324             3.71527
-0.758619             2.36009              1.5901
-3.04422              5.1603             3.15046
-3.04422              5.1603             3.15046
-3.04422              5.1603             3.15046
-3.04422              5.1603             3.15046
-3.04422              5.1603             3.15046
-3.04422              5.1603             3.15046
-3.04422              5.1603             3.15046
-4.80853              4.1838             3.57245
-4.80853              4.1838             3.57245
-6.0048             3.02952             4.14056
-6.0048             3.02952             4.14056
-6.0048             3.02952             4.14056
-6.0048             3.02952             4.14056
-4.16001             3.09585             1.88273
-1.41993             3.55277           -0.768843
-1.93405             2.26657           -0.221893
-1.43654            -0.69305            -1.96088
1.26945           -0.341654            -4.23085
-2.62745           -0.827918            -2.63974
-2.62745           -0.827918            -2.63974
-2.62745           -0.827918            -2.63974
-2.62745           -0.827918            -2.63974
1.5996            0.891911            -5.01001
-2.58909             1.37125            -3.92045
-2.56505             0.11461            -2.49808
-2.56505             0.11461            -2.49808
0.36871             2.68396            -3.24652
0.36871             2.68396            -3.24652
0.36871             2.68396            -3.24652
0.36871             2.68396            -3.24652
0.36871             2.68396            -3.24652
-1.26219             2.15219             -3.2607
-0.515681              1.0742             -2.8428
-0.515681              1.0742             -2.8428
0.643022            0.227611            -1.85565
0.643022            0.227611            -1.85565
1.04616             3.76839             -4.0521
0.846102             1.83063            -3.06818
-2.07629             1.65295            -3.35028
-3.76337           -0.107613            -2.31192
-3.76337           -0.107613            -2.31192
-4.02918            0.445334            -5.45615
-4.02918            0.445334            -5.45615
-5.06122             2.74514            -5.44533
-3.0245             2.75484            -3.54702
-3.0245             2.75484            -3.54702
-0.379461             1.55666            -3.95928
-0.379461             1.55666            -3.95928
1.28346             1.23376            -4.65338
2.16832           0.0833077            -2.82134
2.16832           0.0833077            -2.82134
0.495238           -0.731202             -2.7283
0.495238           -0.731202             -2.7283
0.495238           -0.731202             -2.7283
-0.12332            -1.44925            -1.97206
-0.12332            -1.44925            -1.97206
-0.00338039            0.176565            -2.70894
-0.00338039            0.176565            -2.70894
-0.00338039            0.176565            -2.70894
-1.57427            0.604425             -2.9441
-0.925906            -1.45097             -3.1185
0.640229            -1.12262            -1.93555
0.640229            -1.12262            -1.93555
-0.689224            0.105531             -2.5543
0.613818             2.58736            -3.82638
1.13891            0.968592            -1.52228
1.1706            0.812108            -1.84963
0.38139             1.02037            -1.89961
0.38139             1.02037            -1.89961
1.68533             1.44166            -3.38236
1.68533             1.44166            -3.38236
1.68533             1.44166            -3.38236
1.83992           0.0382229            -2.54395
1.83992           0.0382229            -2.54395
1.83992           0.0382229            -2.54395
1.83992           0.0382229            -2.54395
1.83992           0.0382229            -2.54395
0.925363             1.25113            -1.94174
0.815747            0.110245            -3.08556
0.815747            0.110245            -3.08556
0.815747            0.110245            -3.08556
0.815747            0.110245            -3.08556
-0.608653             1.27635            -3.33338
-1.75199            -1.19605            -1.30584
0.289871             1.30579            -3.84691
0.289871             1.30579            -3.84691
-1.70478           -0.693623            -3.36996
-1.70478           -0.693623            -3.36996
-0.788627            0.532553            -4.14675
-0.788627            0.532553            -4.14675
-0.489559            0.279681            -3.78122
-0.489559            0.279681            -3.78122
-0.489559            0.279681            -3.78122
-0.489559            0.279681            -3.78122
-0.489559            0.279681            -3.78122
-1.28293             1.00288            -2.46082
-1.28293             1.00288            -2.46082
1.39955            -1.65579            -3.46559
0.729906             2.63166            -4.75956
0.292175             2.91379            -2.86738
0.292175             2.91379            -2.86738
0.292175             2.91379            -2.86738
-1.49228             1.37398           -0.433078
-2.44511            -1.79044            -2.89704
-1.2017            -1.36326            -5.63658
-1.35562            -2.80079            -2.73223
-0.859701            -2.11698            -4.07062
-0.859701            -2.11698            -4.07062
-0.859701            -2.11698            -4.07062
-0.881922             0.56137            -4.92801
-0.881922             0.56137            -4.92801
-0.881922             0.56137            -4.92801
-0.881922             0.56137            -4.92801
-0.881922             0.56137            -4.92801
1.09487             2.58213            -2.89942
0.0762293             3.38178            -4.21542
0.0762293             3.38178            -4.21542
-0.141434             5.24828            -3.26942
-0.392086             3.16085            -4.32281
-0.392086             3.16085            -4.32281
-1.54236             3.67087            -2.92873
-3.68478          -0.0318627            -3.78433
0.032079           0.0706075            -4.81137
1.88775            -1.17699             -5.7163
0.683374            -2.59793             -4.2765
0.683374            -2.59793             -4.2765
-1.81266            -2.07167            -2.52762
0.548583            -2.26364            -1.85483
0.548583            -2.26364            -1.85483
0.548583            -2.26364            -1.85483
-0.195811            -1.31335            -5.95735
-2.3085            0.138937            -4.08915
-2.3085            0.138937            -4.08915
-2.16697            -1.90152            -3.77414
-0.300555           -0.361887            -4.00226
-0.300555           -0.361887            -4.00226
0.0766266           -0.948934            -3.93507
-0.523139            -1.50955            -1.59986
-0.523139            -1.50955            -1.59986
-0.523139            -1.50955            -1.59986
1.77015             -1.7986            -2.11874
1.77015             -1.7986            -2.11874
0.456188           -0.814166             -3.0248
0.456188           -0.814166             -3.0248
0.456188           -0.814166             -3.0248
-0.742152           -0.840742            -1.55225
0.301122          -0.0226266            -2.93241
0.195971           -0.485197            -2.74576
0.51676           -0.846533              -3.005
0.51676           -0.846533              -3.005
1.60874            0.797297            -4.52113
1.89313            0.581176            -3.41686
1.89313            0.581176            -3.41686
1.89313            0.581176            -3.41686
1.89313            0.581176            -3.41686
1.89313            0.581176            -3.41686
1.89313            0.581176            -3.41686
1.89313            0.581176            -3.41686
4.19543              2.0366            -3.41916
2.32498            0.810888            -4.89415
2.44132            0.260876            -2.56221
2.28495            0.896346            -7.66188
-0.960777             0.10184            -5.62477
-2.43492             1.28864            -4.62839
-2.85634           -0.123158            -5.82581
-2.85634           -0.123158            -5.82581
-2.85634           -0.123158            -5.82581
-2.85634           -0.123158            -5.82581
-1.32208           -0.807949            -5.85738
-1.32208           -0.807949            -5.85738
2.60034            -1.31692            -6.99886
2.60034            -1.31692            -6.99886
2.60034            -1.31692            -6.99886
2.60034            -1.31692            -6.99886
3.45199             -3.1572            -8.21833
3.11224            -2.41638            -8.67008
1.00976           -0.416762             -9.0207
-0.844452             2.21171             -6.5663
-0.904911           -0.010729            -6.59417
-0.904911           -0.010729            -6.59417
-0.904911           -0.010729            -6.59417
-0.904911           -0.010729            -6.59417
-0.904911           -0.010729            -6.59417
-0.912451           -0.812203            -3.70661
-0.912451           -0.812203            -3.70661
-0.912451           -0.812203            -3.70661
-1.9683             -2.5581             -1.2758
1.17964            -2.00979            -2.03147
0.241696            -2.45594            -1.98024
0.241696            -2.45594            -1.98024
-0.619694            0.319762            -2.80735
-0.619694            0.319762            -2.80735
-0.619694            0.319762            -2.80735
-0.619694            0.319762            -2.80735
-3.31718            0.328961            -1.29807
-3.31718            0.328961            -1.29807
-2.43204             3.28338            -4.16667
-4.11543             2.28064            -3.32382
-4.11543             2.28064            -3.32382
-4.69334            -1.24114            -3.32939
-4.69334            -1.24114            -3.32939
-4.69334            -1.24114            -3.32939
-2.96693            -3.42822            -2.22164
-2.17651            -4.78767            -2.49607
-2.17651            -4.78767            -2.49607
-1.06281             -2.5464            -0.52204
0.672161             1.04016            0.521277
0.911483             1.55194            0.992086
0.911483             1.55194            0.992086
1.42332              2.3399            -1.73539
-0.645071             2.11034            -3.99658
1.07291             1.27793            -2.97173
1.07291             1.27793            -2.97173
0.493851             2.95318            -4.27235
2.42587             1.74589            -3.63125
2.42587             1.74589            -3.63125
3.60477             1.31525           -0.655905
3.71054            0.793989            -1.71647
4.09559            -2.48158            -3.25371
1.5234            0.274822            -3.63574
1.5234            0.274822            -3.63574
1.83288            0.300902            -2.81194
0.167545            -1.30273            -1.45898
0.167545            -1.30273            -1.45898
0.167545            -1.30273            -1.45898
0.167545            -1.30273            -1.45898
-2.64395          0.00597623            -1.36015
-2.64395          0.00597623            -1.36015
-2.8649            0.527292            -4.03552
-2.8649            0.527292            -4.03552
-3.43253            -1.51606            -3.08429
-3.43253            -1.51606            -3.08429
-1.31905            -1.01115            -5.08542
-1.31905            -1.01115            -5.08542
1.59679            -2.06806            -4.54514
1.59679            -2.06806            -4.54514
0.602855            -2.36237            -1.79773
-1.9467            -2.32391             -2.9145
1.05331             -2.5981            -1.54152
0.437353            -2.71548            -2.18842
0.437353            -2.71548            -2.18842
0.437353            -2.71548            -2.18842
0.577038             -4.1458            -1.98042
-1.33452            -1.49866             1.13843
-1.33452            -1.49866             1.13843
-1.84782            -1.24571             3.97699
-1.84782            -1.24571             3.97699
-1.84782            -1.24571             3.97699
-1.765            0.907646             6.95493
-0.44497           -0.634303             6.67685
-0.673779             2.13399             6.25381
-0.673779             2.13399             6.25381
-0.673779             2.13399             6.25381
-0.673779             2.13399             6.25381
0.613975          -0.0666815             5.01212
0.613975          -0.0666815             5.01212
1.43181           -0.142238             3.08165
1.43181           -0.142238             3.08165
-0.141032             1.12192              3.2976
-0.141032             1.12192              3.2976
-0.141032             1.12192              3.2976
-0.141032             1.12192              3.2976
-0.141032             1.12192              3.2976
0.286354             2.02692             2.51115
0.286354             2.02692             2.51115
0.38395             1.11409             2.14813
0.38395             1.11409             2.14813
0.38395             1.11409             2.14813
0.38395             1.11409             2.14813
-0.681214            0.105937             4.59399
0.632151            0.296509            -0.46545
2.8298            -0.53552            -1.69684
2.8298            -0.53552            -1.69684
2.35823           -0.410197            -3.13971
2.35823           -0.410197            -3.13971
2.35823           -0.410197            -3.13971
2.35823           -0.410197            -3.13971
2.35823           -0.410197            -3.13971
2.35823           -0.410197            -3.13971
1.33169            -0.41298            -2.02157
1.33169            -0.41298            -2.02157
1.33169            -0.41298            -2.02157
1.33169            -0.41298            -2.02157
1.33169            -0.41298            -2.02157
1.33169            -0.41298            -2.02157
1.33169            -0.41298            -2.02157
2.39693           -0.185337            -1.99323
-1.74228             2.62365            -1.67292
-1.74228             2.62365            -1.67292
-0.999581             3.75751             -1.7745
-0.999581             3.75751             -1.7745
1.64025            0.662459            -2.76664
1.64025            0.662459            -2.76664
3.20245            -3.09128            -4.04921
3.20245            -3.09128            -4.04921
3.20245            -3.09128            -4.04921
2.54484           -0.806299            -4.85765
2.54484           -0.806299            -4.85765
2.8196            0.762401            -4.07206
2.8196            0.762401            -4.07206
2.8196            0.762401            -4.07206
2.8196            0.762401            -4.07206
1.46846             1.50925             -2.4249
1.46846             1.50925             -2.4249
1.46846             1.50925             -2.4249
2.22102             3.52983            -3.14188
0.850672              1.8973            -1.48855
0.850672              1.8973            -1.48855
0.531326           -0.399307             -1.1954
0.531326           -0.399307             -1.1954
0.531326           -0.399307             -1.1954
-1.93506           -0.196554             2.00204
-1.93506           -0.196554             2.00204
-1.93506           -0.196554             2.00204
-1.93506           -0.196554             2.00204
-2.39955           -0.559433             3.67125
-0.832344             1.56379             2.22892
0.220846            -1.31726             3.12682
0.220846            -1.31726             3.12682
-0.546826           -0.937451             1.86424
-0.546826           -0.937451             1.86424
-1.65594            0.288029             3.05094
-1.65594            0.288029             3.05094
-1.65594            0.288029             3.05094
-1.65594            0.288029             3.05094
-1.65594            0.288029             3.05094
-1.65594            0.288029             3.05094
-0.560075              1.9469             3.26862
-0.405877             4.35259             5.40077
-0.738275              3.8829             6.71955
-1.82307             3.09253             5.44667
-1.48405             2.62904             3.38297
-2.45151             5.01097             2.83135
-2.45151             5.01097             2.83135
-1.59682             5.66572             2.30441
-1.59682             5.66572             2.30441
-2.73984             4.66232            0.861719
-2.73984             4.66232            0.861719
-2.73984             4.66232            0.861719
-3.99133             4.95937             2.23362
-3.92491             3.43713             1.98604
-3.92491             3.43713             1.98604
-3.92491             3.43713             1.98604
-1.93947             1.52326             2.81821
-1.93947             1.52326             2.81821
-0.254053            -0.84239             2.64065
-0.254053            -0.84239             2.64065
-0.254053            -0.84239             2.64065
-0.254053            -0.84239             2.64065
-0.254053            -0.84239             2.64065
-0.254053            -0.84239             2.64065
-0.254053            -0.84239             2.64065
-0.254053            -0.84239             2.64065
-0.254053            -0.84239             2.64065
-0.254053            -0.84239             2.64065
-0.254053            -0.84239             2.64065
0.819179            0.937942             5.41744
1.01716            0.806261             5.64498
-0.896062            -1.19479             3.97644
-1.57006            0.382694             6.76598
-1.06065            0.614553              7.1565
-1.06065            0.614553              7.1565
-1.06065            0.614553              7.1565
-1.06065            0.614553              7.1565
-1.60489             1.46685             5.42226
0.519043             2.51369             5.46512
-1.80923             3.60403             4.95121
-2.23994            0.182136             5.06822
-0.755824             3.34689             6.01638
-1.08921             3.09226             6.63167
1.94074           -0.318247             5.78813
1.94074           -0.318247             5.78813
0.54662           -0.243136             3.67686
0.54662           -0.243136             3.67686
0.54662           -0.243136             3.67686
0.54662           -0.243136             3.67686
1.26762            -1.81745             5.35316
1.26762            -1.81745             5.35316
0.497664           -0.335939             5.35847
0.497664           -0.335939             5.35847
0.497664           -0.335939             5.35847
0.497664           -0.335939             5.35847
-1.36676           -0.389076              4.6642
-1.36676           -0.389076              4.6642
-1.0102             1.42676             6.36253
-1.05608             1.95708             6.33189
0.260713             2.09953             7.29352
1.10586             4.86543              7.7508
1.10586             4.86543              7.7508
3.03674             4.69839             5.90705
3.03674             4.69839             5.90705
-0.275798             4.91276             7.30923
-1.4914             5.12028             8.10324
-1.12179              6.7244              9.8274
-3.09823             4.79888             9.92275
-2.78564             3.83654             7.05513
-2.78564             3.83654             7.05513
-2.25988             1.24052             7.96311
-2.25988             1.24052             7.96311
-2.04111             4.05479             6.57812
-2.04111             4.05479             6.57812
-2.04111             4.05479             6.57812
-2.04111             4.05479             6.57812
-2.04111             4.05479             6.57812
-2.04111             4.05479             6.57812
-2.38797             4.06779             6.26859
-1.608             5.15862             5.27106
-2.98995             5.68982             4.85114
-2.41259             2.26527             4.55613
-2.41259             2.26527             4.55613
-2.41259             2.26527             4.55613
-2.41259             2.26527             4.55613
-2.23506             2.49872             3.51049
-2.35131              3.6325             5.29459
-3.7566             3.47326             3.97224
-3.1103             4.58415             4.09924
-3.1103             4.58415             4.09924
-3.1103             4.58415             4.09924
-0.318772             4.36535             2.99545
-0.318772             4.36535             2.99545
-0.318772             4.36535             2.99545
-1.68291             4.57969             5.43257
-1.68291             4.57969             5.43257
-2.10723             2.02273             4.03048
-3.44415           -0.127646              4.1292
-4.95471            0.965086             3.37344
-4.95471            0.965086             3.37344
-4.95471            0.965086             3.37344
-0.966856             2.02574             5.40314
-0.899807           -0.206883             6.20443
-1.35989            -1.13594             6.20751
0.118952             1.37905             4.50536
0.118952             1.37905             4.50536
-0.70311             3.59136             6.13072
-0.70311             3.59136             6.13072
-0.70311             3.59136             6.13072
-0.70311             3.59136             6.13072
0.365307             1.57452             8.22268
0.216346             2.23387             8.57347
-0.294406             1.55004             8.66145
0.83339            -1.14081             8.34975
0.83339            -1.14081             8.34975
0.83339            -1.14081             8.34975
0.723204             1.34397             7.99122
0.15216            0.391525             8.42135
-0.257156            -1.22525             8.67323
-0.0813572            -2.86578              9.1241
-0.65383            -2.19826             8.62046
-0.65383            -2.19826             8.62046
-2.81457            -2.29282             8.96062
-2.81457            -2.29282             8.96062
-2.81457            -2.29282             8.96062
-2.81457            -2.29282             8.96062
-2.81457            -2.29282             8.96062
-1.75049            -1.20342             7.45604
-1.63927          -0.0132448             6.46059
-1.63927          -0.0132448             6.46059
-3.73271           -0.702294             2.01914
-3.2697            -1.83676             1.80646
-3.2697            -1.83676             1.80646
-3.2697            -1.83676             1.80646
-3.2697            -1.83676             1.80646
-1.5587             1.17582             3.33982
-1.5587             1.17582             3.33982
-1.5587             1.17582             3.33982
-1.5587             1.17582             3.33982
-1.5587             1.17582             3.33982
-1.5587             1.17582             3.33982
-1.5587             1.17582             3.33982
-1.5587             1.17582             3.33982
0.267112             3.95373              3.5795
0.267112             3.95373              3.5795
-0.0493373             3.98752             5.25322
-3.67182             4.80651              6.5627
-5.3401             3.60623             5.98722
-3.43719             4.92775              5.9457
-3.43719             4.92775              5.9457
-3.43719             4.92775              5.9457
-5.11759             4.77587             5.72955
-7.30663             2.28665             4.08142
-7.3509             1.59549             2.52582
-7.3509             1.59549             2.52582
-7.3509             1.59549             2.52582
-5.12482             2.64258             2.78685
-5.12482             2.64258             2.78685
-5.12482             2.64258             2.78685
-5.12482             2.64258             2.78685
-5.65669            0.429079             3.76565
-2.77599            0.285077               4.683
-1.78259           -0.804551             5.86504
-0.467323            -1.20752             4.78384
-0.70286            -1.79889             6.15942
-2.46929            -2.49882             4.36822
0.607913            0.456335             4.51583
2.74623            0.886978             3.92283
2.74623            0.886978             3.92283
2.16053             1.62794             5.66998
1.65059             2.52606             7.16466
5.02056             2.31128             7.11758
4.923             1.77371              7.3134
6.63803             2.01915             4.86495
4.73357            0.852498             6.67501
4.73357            0.852498             6.67501
4.73357            0.852498             6.67501
6.81081           -0.153033             5.66983
2.56652             1.57494             6.46307
1.11525           -0.650254             6.20703
1.11525           -0.650254             6.20703
0.694155            -0.38099             6.91534
0.694155            -0.38099             6.91534
0.694155            -0.38099             6.91534
1.64823              1.3132             7.73484
3.14901             1.11135             7.07447
5.47751             1.75261             6.75869
5.47751             1.75261             6.75869
5.47751             1.75261             6.75869
5.47751             1.75261             6.75869
2.43526             1.32089             5.37946
2.43526             1.32089             5.37946
2.43526             1.32089             5.37946
2.43526             1.32089             5.37946
2.43526             1.32089             5.37946
1.50622            0.442647             2.87222
1.50622            0.442647             2.87222
2.76496             1.49368             5.30934
0.229822           -0.383433             2.46403
0.229822           -0.383433             2.46403
0.229822           -0.383433             2.46403
0.229822           -0.383433             2.46403
0.229822           -0.383433             2.46403
0.0772562             1.38505             1.97309
0.0772562             1.38505             1.97309
2.54407             1.85589            -1.21544
2.54407             1.85589            -1.21544
1.2309             3.27332            -1.21227
1.2309             3.27332            -1.21227
2.51643             1.59032            -1.04228
2.51643             1.59032            -1.04228
2.64193             3.01005             1.99954
2.64193             3.01005             1.99954
2.64193             3.01005             1.99954
2.64193             3.01005             1.99954
3.86001              3.8623             3.54938
3.86001              3.8623             3.54938
3.86001              3.8623             3.54938
3.86001              3.8623             3.54938
3.86001              3.8623             3.54938
3.86001              3.8623             3.54938
3.61511             2.31419             5.76939
3.73914            0.458182             3.98212
4.38667             1.07954             3.05731
4.38667             1.07954             3.05731
4.38667             1.07954             3.05731
3.56723            0.566812             2.45259
4.0549             1.56561             3.12252
3.68391             1.20421             1.63794
2.01391             2.67106             4.18708
2.01391             2.67106             4.18708
2.01391             2.67106             4.18708
2.01391             2.67106             4.18708
2.01391             2.67106             4.18708
1.99584            -1.17443             5.27769
-0.122298            -2.08672             5.61515
-1.53566          -0.0349589             6.03766
-0.892931            -0.70145             5.19797
-1.28945             1.37857             2.25268
-1.28945             1.37857             2.25268
-1.28945             1.37857             2.25268
-1.28945             1.37857             2.25268
-1.28945             1.37857             2.25268
-1.28945             1.37857             2.25268
-1.28945             1.37857             2.25268
-1.28945             1.37857             2.25268
-2.24135             2.51266             1.57755
-1.70131             1.30504             2.02866
0.699053             1.25021            0.549634
1.23504             3.06063            -2.19135
-1.25363             5.64695            -4.61063
-1.25363             5.64695            -4.61063
-1.25363             5.64695            -4.61063
-1.25363             5.64695            -4.61063
-1.66742             6.51952            -3.40888
-1.66742             6.51952            -3.40888
-1.66742             6.51952            -3.40888
1.7114             7.20113              -7.341
4.13112             5.38108             -5.7826
4.16455              5.1027            -2.84993
2.96276             4.79539            -3.96585
1.92863             3.27587             -5.7312
-0.0761684             1.66642            -6.02214
-0.0761684             1.66642            -6.02214
1.75994            0.750498            -4.84345
0.519401            -1.46026            -4.86509
0.519401            -1.46026            -4.86509
-1.34265           -0.499947            -4.73036
-2.33295             1.29798            -5.23167
0.201797             2.61248             -2.6698
-0.660797             0.91707            -1.14826
-1.21611             1.00936             2.65782
0.618527             1.30722             3.24559
-2.58127            0.932269             2.79601
-2.58127            0.932269             2.79601
-2.99612          -0.0222886             3.13754
-2.99612          -0.0222886             3.13754
-2.99612          -0.0222886             3.13754
-2.05923            0.606213             4.85895
-2.05923            0.606213             4.85895
-2.05923            0.606213             4.85895
-0.786322             1.67332             5.27487
0.00636951             4.18544             3.71275
0.00636951             4.18544             3.71275
-1.24961             3.31437             4.48598
-1.24961             3.31437             4.48598
-1.24961             3.31437             4.48598
-3.114              3.7042             3.97979
-2.48257             5.97094             5.23368
-3.08412             5.76571             4.71011
-3.08412             5.76571             4.71011
-1.77103            0.997278             4.05689
-3.45317          -0.0469119             5.42237
-4.34418             -1.5056             5.13564
-1.65832            -3.11488             4.37172
-0.254615            -1.71878             2.21285
-0.254615            -1.71878             2.21285
-0.254615            -1.71878             2.21285
-0.254615            -1.71878             2.21285
-1.3477            -1.92674             2.78288
-1.3477            -1.92674             2.78288
-1.3477            -1.92674             2.78288
-0.286737            -2.16101             2.01614
-0.286737            -2.16101             2.01614
-0.320177            -2.05165             1.95088
-0.320177            -2.05165             1.95088
-0.320177            -2.05165             1.95088
0.524995           -0.806292             2.66368
0.524995           -0.806292             2.66368
0.524995           -0.806292             2.66368
0.524995           -0.806292             2.66368
0.524995           -0.806292             2.66368
2.139           0.0715929              2.5102
2.139           0.0715929              2.5102
2.20659            0.833454               1.073
1.00615             1.25064             3.64801
2.73224            0.606175             2.92553
2.73224            0.606175             2.92553
2.73224            0.606175             2.92553
2.73224            0.606175             2.92553
2.73224            0.606175             2.92553
2.73833            0.615466             2.99488
2.73833            0.615466             2.99488
2.73833            0.615466             2.99488
2.73833            0.615466             2.99488
2.73833            0.615466             2.99488
2.08517             2.67864             4.86575
2.08517             2.67864             4.86575
2.11471             4.06977             3.36133
-1.76869             3.39592             5.33845
-2.56725             2.27589             4.26969
-2.56725             2.27589             4.26969
-2.56725             2.27589             4.26969
-2.56725             2.27589             4.26969
-1.9055           -0.148993             3.00484
-1.9055           -0.148993             3.00484
-1.9055           -0.148993             3.00484
-3.08869             0.56716            0.883615
-3.08869             0.56716            0.883615
-1.93102            -1.26844             0.59813
-0.200145            -2.29549             1.14894
-0.200145            -2.29549             1.14894
-0.200145            -2.29549             1.14894
0.770693           -0.558785             2.94811
0.770693           -0.558785             2.94811
0.770693           -0.558785             2.94811
1.97047            -1.00748            -2.51534
1.97047            -1.00748            -2.51534
3.04772               -1.86            -3.41081
1.02372           -0.374384            -4.75633
1.02372           -0.374384            -4.75633
-1.00642             1.20496            -2.41544
1.6693             0.77644            -1.19678
1.84407            0.993999             -2.2275
0.481085             1.35572            -1.79493
0.481085             1.35572            -1.79493
0.481085             1.35572            -1.79493
0.481085             1.35572            -1.79493
-1.46641            -0.96367            -3.42966
0.311864            -3.66604            -3.34316
-1.10184            -1.68177            -2.47699
-0.944978            -1.73798            -2.77428
-0.944978            -1.73798            -2.77428
-0.944978            -1.73798            -2.77428
-0.944978            -1.73798            -2.77428
-1.26719            -1.96302            -3.93071
-1.26719            -1.96302            -3.93071
-1.26719            -1.96302            -3.93071
-2.34229            -3.65978            -4.16329
-1.41793            -3.20752            -4.73366
-1.41793            -3.20752            -4.73366
-1.41793            -3.20752            -4.73366
-1.34466            -3.83551            -3.17357
-0.813705             -4.4074            -2.41878
-1.67714            -2.04645           -0.297925
-0.0584594             1.14601           -0.237377
0.344961             4.09873              2.0883
0.749755             4.44592             1.19069
-1.50879             3.13484            -2.37711
-0.820344             0.69707            -3.44966
-2.88319             1.83275            -4.14561
-2.88319             1.83275            -4.14561
-2.88319             1.83275            -4.14561
-2.88319             1.83275            -4.14561
-2.88319             1.83275            -4.14561
-2.88319             1.83275            -4.14561
-2.88319             1.83275            -4.14561
0.369743            -1.86896            -2.93055
-0.742851            -1.57255            -4.78463
0.529744           -0.304577            -3.67723
2.51105           -0.229908            -4.43128
2.11365            -1.97446            -1.74668
2.11365            -1.97446            -1.74668
1.08601           -0.224735            -3.07815
-0.127999            -1.24139            -2.34258
-0.127999            -1.24139            -2.34258
-0.127999            -1.24139            -2.34258
-0.23679            0.921215            -3.03418
-0.23679            0.921215            -3.03418
-1.22256             1.36212            -2.93906
-1.22256             1.36212            -2.93906
-1.22256             1.36212            -2.93906
-0.0312609            0.832851            -4.25517
-1.15043           0.0389852            -3.60417
-0.353091           -0.439785            -3.62264
-0.353091           -0.439785            -3.62264
-0.353091           -0.439785            -3.62264
-0.353091           -0.439785            -3.62264
-0.353091           -0.439785            -3.62264
-0.353091           -0.439785            -3.62264
1.82506            -2.15668            -1.21497
2.24007            -2.11779             -2.2805
2.24007            -2.11779             -2.2805
-1.05409            -2.74342            -4.33665
-1.05409            -2.74342            -4.33665
3.03336            -1.26006            -3.88237
3.64911            -0.93233            -3.87222
3.64911            -0.93233            -3.87222
3.20545           0.0869256            -5.35995
1.28249             2.49585            -5.49893
3.306             2.15653            -4.45332
3.306             2.15653            -4.45332
4.59746             2.28277            -2.66873
4.59746             2.28277            -2.66873
-0.48951             3.33388             5.06398
-0.0568575             4.77911             5.37128
-1.86217             5.53799             4.22211
-1.86217             5.53799             4.22211
-1.86217             5.53799             4.22211
-0.132412             5.29513             4.86199
-0.132412             5.29513             4.86199
1.96499             2.69667             3.71322
2.682            -1.88713             4.03336
2.15536            0.451314             5.17704
1.43662           -0.794484             5.49758
1.43662           -0.794484             5.49758
0.296503             -0.1592             6.77104
1.02327           -0.657286             5.46695
-2.3939            -1.72623             5.73524
-2.87552            -1.96576             6.17804
-2.87552            -1.96576             6.17804
-2.90828            -1.17788             8.17489
-1.59684           -0.157604             8.04225
-1.59684           -0.157604             8.04225
-4.61608            -1.84235             9.30824
-4.91071            -2.71164             9.98351
-6.18172           -0.216468             11.2446
-6.18172           -0.216468             11.2446
-6.18172           -0.216468             11.2446
-3.55358             3.01631             8.86226
-2.14086             3.15492             7.03196
0.839567             1.77669             3.22078
0.839567             1.77669             3.22078
0.839567             1.77669             3.22078
0.532742           -0.562945             1.93518
0.532742           -0.562945             1.93518
2.54448            -1.06645             5.83531
2.70233            -1.29269             4.91657
2.70233            -1.29269             4.91657
3.16303           -0.513362             5.62382
2.06519            -2.48495             4.66882
2.06519            -2.48495             4.66882
1.17601            -1.48081             4.20332
2.4773            0.270289             2.67729
2.4773            0.270289             2.67729
2.4773            0.270289             2.67729
2.4773            0.270289             2.67729
-1.76428           -0.433261             5.16236
0.291638             1.57415             5.10068
-2.42953           -0.340129             3.90763
-2.42953           -0.340129             3.90763
-2.42953           -0.340129             3.90763
-1.85698           -0.306278              5.1899
-1.85698           -0.306278              5.1899
-1.85698           -0.306278              5.1899
-3.7589           0.0970052             4.42393
-3.7589           0.0970052             4.42393
-5.38638            -2.00452             4.36869
-4.4006               0.793             9.76954
-4.05145            -1.05764              9.6181
-3.42506            -1.14045             9.51276
-3.37627            -1.76595             6.95992
-5.70913            0.557425             6.32431
-7.61276             2.36905             4.49899
-3.55408            -0.43463             4.81071
-2.22894            -1.05417             5.04238
-1.69469             1.86316             5.78428
-3.04061            0.118937             7.25155
0.602311            0.828248             4.35982
0.931871            -0.90659              5.5159
0.931871            -0.90659              5.5159
0.480668            -1.70828             4.19129
0.480668            -1.70828             4.19129
0.480668            -1.70828             4.19129
0.480668            -1.70828             4.19129
0.446817            -2.17228             1.75448
0.446817            -2.17228             1.75448
0.446817            -2.17228             1.75448
0.446817            -2.17228             1.75448
0.446817            -2.17228             1.75448
0.446817            -2.17228             1.75448
0.446817            -2.17228             1.75448
0.446817            -2.17228             1.75448
0.282751             -1.4757              5.3019
-0.232387             2.29401             3.81107
-0.659098             2.39031             4.41421
-0.659098             2.39031             4.41421
-1.15434             4.65525             5.16137
-1.15434             4.65525             5.16137
-2.1087             5.39975             3.25427
-0.391811             3.95686             5.64192
0.776723             3.95038             3.95855
-0.268338            0.527284             3.30149
-0.268338            0.527284             3.30149
-0.314773             1.01523             3.84528
-0.314773             1.01523             3.84528
-0.148614            0.212194             7.65645
2.79954            0.733099             7.13178
2.66766             2.75684             7.54471
2.11329            0.814511             6.61985
2.11329            0.814511             6.61985
2.11329            0.814511             6.61985
2.11329            0.814511             6.61985
2.11329            0.814511             6.61985
2.11329            0.814511             6.61985
1.97174             1.80445             6.39847
1.03897             4.91915             7.67391
1.03897             4.91915             7.67391
0.149937             6.36012             8.10979
0.735044             7.86702             7.20091
0.851628             6.56161              5.8577
0.851628             6.56161              5.8577
-2.42302             5.98748             6.58331
-2.42302             5.98748             6.58331
-1.95147             7.19347             4.87373
-1.95147             7.19347             4.87373
-1.95147             7.19347             4.87373
-1.69254             6.20256             1.94842
-2.60108             4.39696            0.780412
-1.47742             5.44112           -0.303252
-1.21396             7.11388            -2.98897
-1.71315             5.49044            -3.01506
-2.78193             5.51878             -5.1368
-2.53919             2.60612            -4.99448
-2.50073             3.35924            -4.70902
-2.42058             2.87422            -4.57796
-2.42058             2.87422            -4.57796
-1.73068             6.00763            -7.71192
-5.13195             4.98139            -7.15236
-5.54594             5.85642            -6.86525
-5.11808             6.00007            -5.98078
-5.11808             6.00007            -5.98078
-5.11808             6.00007            -5.98078
-5.43982             5.71378             -6.7383
-4.91368             4.01583            -9.54498
-5.08425             1.73425            -10.9276
-3.33078             1.55163            -10.3135
-3.33078             1.55163            -10.3135
-3.94306             2.57519            -6.06737
-1.27268             2.00895             -5.6181
-1.27268             2.00895             -5.6181
-1.27268             2.00895             -5.6181
-2.75284            -1.22159            -4.44695
-3.18941            -1.48604            -2.60942
-4.71311           -0.336382            -4.65486
-4.71311           -0.336382            -4.65486
-4.71311           -0.336382            -4.65486
-4.71311           -0.336382            -4.65486
-5.00622           -0.500405            -4.91248
-5.00622           -0.500405            -4.91248
-5.00622           -0.500405            -4.91248
-4.88532            0.633306            -2.21536
-1.64834              2.0187           -0.671173
-1.64834              2.0187           -0.671173
-1.64834              2.0187           -0.671173
-2.07823             3.94637            -1.66784
-2.80177             2.34834            -1.28862
-2.80177             2.34834            -1.28862
-2.80177             2.34834            -1.28862
-1.06858             4.40543             3.38651
-3.76015             2.11072             4.21185
-3.76015             2.11072             4.21185
-3.76015             2.11072             4.21185
-0.530362             2.91416             2.04485
-0.463434             3.59164             2.64117
-0.39378             1.03418             2.54562
-0.39378             1.03418             2.54562
-1.27162            0.819338             4.53853
-2.36494           -0.112194             1.89736
-1.87414             -0.7735             1.77707
-4.54434             2.92587             2.62821
-4.54434             2.92587             2.62821
-4.54434             2.92587             2.62821
-4.54434             2.92587             2.62821
-2.95358             1.24199             2.27999
0.462088             1.64758             1.21709
-2.77037             1.04574             1.97135
-3.01686             0.37707             1.96933
-3.01686             0.37707             1.96933
-3.01686             0.37707             1.96933
-3.01686             0.37707             1.96933
-2.25694            -1.78339              1.0739
-2.25694            -1.78339              1.0739
-1.01327            -1.69609            -1.01079
-1.01327            -1.69609            -1.01079
-2.43142            -2.20409            -1.15083
-2.43142            -2.20409            -1.15083
-2.43142            -2.20409            -1.15083
-3.54201            -2.95607             1.50294
-3.12698            -2.02028            0.816692
-1.89255            -6.43472             1.55207
-4.11295           -0.446422             2.30746
-2.21431            -1.48375             1.36188
-1.46035            -1.40618            0.383326
-0.99324            -1.94754             2.14625
-0.646591           -0.829092             2.82135
-0.553696            -1.67045             4.69442
-0.553696            -1.67045             4.69442
-0.553696            -1.67045             4.69442
-0.553696            -1.67045             4.69442
-0.553696            -1.67045             4.69442
0.259678            -1.51377              1.2036
0.259678            -1.51377              1.2036
-1.24149            -2.66419             2.59987
-1.24149            -2.66419             2.59987
-1.24149            -2.66419             2.59987
-1.24149            -2.66419             2.59987
-2.25649            -3.10945             3.36614
-2.25649            -3.10945             3.36614
-0.175908            -2.95827             2.08261
-1.5523            -4.72534             3.46499
-2.8266            -5.93079             3.06625
-4.21328            -7.51699             4.03248
-4.21328            -7.51699             4.03248
-1.60271             -1.1135             2.99018
-1.60271             -1.1135             2.99018
-0.126313            -1.36449             2.04562
-0.126313            -1.36449             2.04562
-0.278604            -1.70591            -2.46281
-0.278604            -1.70591            -2.46281
0.549324           -0.405502            -0.75549
0.549324           -0.405502            -0.75549
-2.19066           -0.865584           -0.671997
-2.19066           -0.865584           -0.671997
0.181085            -2.22672            -1.29829
0.181085            -2.22672            -1.29829
0.181085            -2.22672            -1.29829
-0.799742            -1.75167            -3.17422
-0.799742            -1.75167            -3.17422
-1.77265            -2.17303            -2.83646
-1.77265            -2.17303            -2.83646
-2.18681            -1.86848            -3.01001
-2.18681            -1.86848            -3.01001
-2.71048            -1.17274             -1.4976
-3.1129           0.0476625             -1.4081
-3.1129           0.0476625             -1.4081
-3.1129           0.0476625             -1.4081
-2.02152           -0.950415            -1.04691
-2.02152           -0.950415            -1.04691
-2.02152           -0.950415            -1.04691
-2.02152           -0.950415            -1.04691
-1.00101             1.97908            -2.59274
-1.00101             1.97908            -2.59274
-1.00101             1.97908            -2.59274
-1.00101             1.97908            -2.59274
2.67906           0.0881648            -1.76788
2.25586            0.973646            -2.87935
2.25586            0.973646            -2.87935
2.25586            0.973646            -2.87935
3.3297             1.17185            -3.63129
3.3297             1.17185            -3.63129
3.3297             1.17185            -3.63129
0.202007             1.16661           -0.487629
-2.70737            0.913277            -1.38809
-2.70737            0.913277            -1.38809
-2.70737            0.913277            -1.38809
-3.30649               1.252            -1.64316
-3.59236           -0.744433            -3.84195
-4.32867             1.16724            -4.98597
-4.32867             1.16724            -4.98597
-3.72172            0.419855            -6.27818
-2.79821             0.16055            -4.10361
-2.51852             2.40748            -1.93804
-2.51852             2.40748            -1.93804
-2.51852             2.40748            -1.93804
-2.51852             2.40748            -1.93804
-0.9871             4.61618            -4.03872
-2.03597             5.25005            -3.41077
-4.1648             6.64157            -3.97936
-6.68446              5.1775            -4.48372
-5.47439             6.82445            -1.79618
-6.20483              4.7348             -4.4082
-6.20483              4.7348             -4.4082
-5.18097             4.38262            -3.61074
-5.18097             4.38262            -3.61074
-5.18097             4.38262            -3.61074
-5.26409             5.06141            -4.26734
-5.26409             5.06141            -4.26734
-4.44074             1.89307            -5.81448
-2.96917            0.194795            -4.04798
0.350124             1.91213            -5.47596
0.794706             1.80826            -6.27812
1.7698             2.02914            -4.76288
1.7698             2.02914            -4.76288
0.524789             2.70351            -4.88706
1.91879             1.85642              -2.172
0.167487             3.64749            -2.72898
1.54773             4.04098            -3.60754
1.28187             3.80977            -2.37007
0.98991              2.6436             1.77851
0.98991              2.6436             1.77851
1.06226             2.42327             2.71731
2.1723             2.55893             4.42932
0.676617              2.5242             5.68634
-0.490278             1.74159             5.82795
0.0286078             2.36197             4.23967
0.0286078             2.36197             4.23967
0.0286078             2.36197             4.23967
-1.92736             1.93295             2.57121
-1.92736             1.93295             2.57121
-0.989733             1.40617              1.3081
-0.989733             1.40617              1.3081
-0.989733             1.40617              1.3081
-0.843478             1.31057             1.10742
-1.10044             2.42917             3.20635
-1.10044             2.42917             3.20635
-1.10044             2.42917             3.20635
-0.895848             3.96076              4.8421
-0.895848             3.96076              4.8421
-0.895848             3.96076              4.8421
-0.895848             3.96076              4.8421
-0.895848             3.96076              4.8421
-0.895848             3.96076              4.8421
-1.01001             5.41915              3.8292
-1.01001             5.41915              3.8292
-1.01001             5.41915              3.8292
-3.02923             3.21431             3.22937
-3.16448             3.14756             2.29559
-3.16448             3.14756             2.29559
-1.89519             2.80517              3.1773
-5.04808             1.30435             6.75274
-5.82165           -0.290327             4.57134
-5.82165           -0.290327             4.57134
-6.35383            0.617867             5.48947
-6.95774             1.93366             7.50256
-6.95774             1.93366             7.50256
-6.95774             1.93366             7.50256
-7.92269             2.20287             6.23716
-8.72792             2.08178             6.16994
-8.24762             1.45272             7.28789
-9.97857             3.15417             8.27607
-9.97857             3.15417             8.27607
-11.7507            0.917005             5.51289
-12.0974            0.637911             5.18825
-11.5641            -1.14011              8.9776
-11.5641            -1.14011              8.9776
-10.2477             -3.8186             8.42044
-8.27622            0.166037             6.94555
-8.27622            0.166037             6.94555
-8.9538           -0.343287             4.11513
-8.9538           -0.343287             4.11513
-8.9538           -0.343287             4.11513
-8.9538           -0.343287             4.11513
-8.9538           -0.343287             4.11513
-9.10621           -0.747094             4.98994
-9.10621           -0.747094             4.98994
-9.10621           -0.747094             4.98994
-7.41017            -1.01604             7.24612
-5.42803            -5.32462             5.68955
-7.0059            -4.77091              4.7624
-4.55082            -5.30767             4.94674
-4.55082            -5.30767             4.94674
-4.55082            -5.30767             4.94674
-2.68876             -3.2115             4.25895
-0.38369            -4.13342             2.27681
-0.38369            -4.13342             2.27681
-3.25489          -0.0487142             2.35507
-3.12047             2.11071             3.40138
-3.12047             2.11071             3.40138
0.220464             1.04017             1.31137
0.562919           -0.810424            -1.72826
0.562919           -0.810424            -1.72826
0.562919           -0.810424            -1.72826
0.562919           -0.810424            -1.72826
0.562919           -0.810424            -1.72826
0.562919           -0.810424            -1.72826
0.562919           -0.810424            -1.72826
0.562919           -0.810424            -1.72826
0.562919           -0.810424            -1.72826
0.562919           -0.810424            -1.72826
1.21984             3.06997            -2.66499
1.21984             3.06997            -2.66499
-0.842835             1.36822           -0.707295
0.658195              2.6976            -2.05649
0.658195              2.6976            -2.05649
0.658195              2.6976            -2.05649
0.714334             1.59003            -2.41181
0.714334             1.59003            -2.41181
0.714334             1.59003            -2.41181
0.714334             1.59003            -2.41181
0.714334             1.59003            -2.41181
0.714334             1.59003            -2.41181
-1.48061             1.94465            -4.10374
-1.48061             1.94465            -4.10374
-1.48061             1.94465            -4.10374
-1.48061             1.94465            -4.10374
-2.61762             5.60924            -3.40356
-2.61762             5.60924            -3.40356
-0.379581             6.87404            -3.06418
2.24518             7.85809            -3.24227
3.834             6.56664            -4.32243
3.834             6.56664            -4.32243
1.04321             7.32844            -5.91354
0.891353             7.76035            -3.42282
2.58657             6.21907             -3.1204
2.58657             6.21907             -3.1204
2.58657             6.21907             -3.1204
2.58657             6.21907             -3.1204
1.87996             2.76138            -1.12008
0.458894             1.94252            -2.42432
0.458894             1.94252            -2.42432
0.458894             1.94252            -2.42432
0.458894             1.94252            -2.42432
0.458894             1.94252            -2.42432
0.515342            0.805061            -1.90477
-1.48886            -1.96996            -4.57361
-2.31114            -2.06699            -2.27983
-2.81846            -1.32737            -3.43426
-2.81846            -1.32737            -3.43426
-2.79178            -2.29134             -2.7892
-1.02492            -3.09078            -2.85096
-0.0638185            -3.53712            -1.11115
-0.0638185            -3.53712            -1.11115
1.67922            -3.91302            -2.84889
1.67922            -3.91302            -2.84889
3.43675            -4.21157            -4.08422
4.2263            -4.00469            -3.44673
4.69269            -2.24436            0.980766
4.69269            -2.24436            0.980766
4.69269            -2.24436            0.980766
5.45182            -1.69498              -1.206
6.60168           -0.936932            -1.32695
6.60168           -0.936932            -1.32695
4.91711            -1.98022           -0.632145
3.14564           -0.137542            -1.64148
4.18378            0.588877             3.15073
1.90432             3.54785             4.87684
-1.5838             4.87494             3.99626
-2.84849             3.89304             4.30613
-2.72174             4.00937             5.38432
-2.72174             4.00937             5.38432
-3.48127             3.42931              5.5074
-2.94093             3.10565             6.47856
-1.49385             3.60772             8.35168
0.959269             3.50585             6.58543
2.77134             5.77981             7.98159
3.71397             3.36701             8.99732
3.71397             3.36701             8.99732
2.90373             1.41334             8.51212
2.90373             1.41334             8.51212
2.99886            0.607457             9.72572
2.99886            0.607457             9.72572
2.99886            0.607457             9.72572
3.93584            -1.53858             7.37611
6.00746            -3.39897             4.31857
3.49551            -5.01873             5.73478
4.80571            -5.71995             5.95701
4.80571            -5.71995             5.95701
4.80571            -5.71995             5.95701
5.33428            -6.75492             5.12752
5.33428            -6.75492             5.12752
5.33428            -6.75492             5.12752
5.52206            -4.72843             5.05844
6.66518            -1.39727             4.55194
8.99184           -0.385154             1.84355
8.88129          -0.0403652            0.261909
6.36361            -1.90093            -1.03259
6.36361            -1.90093            -1.03259
6.36361            -1.90093            -1.03259
5.60762            -2.55624            -2.74093
5.9516            -1.88224            -3.65671
5.9516            -1.88224            -3.65671
5.69412            -4.48549            -4.48925
5.0358            -5.30402            -1.81657
5.0358            -5.30402            -1.81657
5.0358            -5.30402            -1.81657
5.0358            -5.30402            -1.81657
3.85126             -4.2112            0.368458
-1.42938            -2.76344            0.411375
-1.43525            -3.94857             1.31302
-3.02474            -5.49184             2.73783
0.491632            -5.25338             3.11529
1.41683            -4.55271             2.25451
0.12442            -4.22032            0.987037
0.12442            -4.22032            0.987037
0.12442            -4.22032            0.987037
0.0882795            -2.43075            -1.21393
1.24091            -3.69302             1.15161
1.24091            -3.69302             1.15161
3.31098            -2.89378             2.26727
3.31098            -2.89378             2.26727
3.98868            -1.62532             3.19067
3.98868            -1.62532             3.19067
3.98868            -1.62532             3.19067
3.41871            -2.63704             4.12489
2.67905            -2.00595             3.09135
1.03428           -0.669019             2.36463
1.2035            -2.59089             4.35261
0.0475325             1.65111             4.87402
-2.25055             1.55518             3.27111
-2.25055             1.55518             3.27111
-2.25055             1.55518             3.27111
-2.25055             1.55518             3.27111
-2.25055             1.55518             3.27111
-1.03511            0.916108             4.69926
-2.30182             1.54548              4.4578
-2.30182             1.54548              4.4578
0.251786            0.597123             5.61121
0.251786            0.597123             5.61121
0.251786            0.597123             5.61121
0.251786            0.597123             5.61121
-1.35951            0.988752             5.50102
-1.0679            0.855926             4.14933
-2.70146            0.115745             4.47192
-2.70146            0.115745             4.47192
-2.70146            0.115745             4.47192
0.148808            0.553965             5.83015
0.148808            0.553965             5.83015
0.640815             -2.6352             3.81836
3.05978            -1.84695               2.637
2.09363            -1.94077             2.44923
2.09363            -1.94077             2.44923
0.388142           0.0514877              3.0837
0.388142           0.0514877              3.0837
-1.64495               3.044             4.65373
-1.37118             3.99187             3.83683
-0.534713             2.99817             7.02202
-0.534713             2.99817             7.02202
-0.534713             2.99817             7.02202
-0.534713             2.99817             7.02202
-0.823428              2.0862             6.99785
-0.823428              2.0862             6.99785
-1.54191             1.77057             7.58283
-2.26941             2.62442             6.32848
-4.78016             2.45914             6.66786
-4.78016             2.45914             6.66786
-5.90116             2.23454             4.53548
-4.72336             3.20183             5.77277
-0.904711             2.83931             4.38934
-0.904711             2.83931             4.38934
1.94584            0.662541              6.4033
2.10834            -0.52975             6.75131
2.02437            0.630451             4.10316
2.02437            0.630451             4.10316
2.02437            0.630451             4.10316
2.02437            0.630451             4.10316
2.02437            0.630451             4.10316
1.7612            0.521459             3.53417
1.7612            0.521459             3.53417
-0.530751            -0.71497             5.52925
-0.530751            -0.71497             5.52925
-0.530751            -0.71497             5.52925
1.66893             -2.1047             3.50704
1.66893             -2.1047             3.50704
3.16666            -3.38394             3.64832
2.23197            -4.11019             5.39931
1.39893            -5.65571             6.38098
3.64474             -3.7985             7.37144
4.1772            -2.40335             5.95685
4.18204             -3.2077             4.48034
3.05843            -4.71005             4.57544
2.23689            -6.09517             3.52873
2.23689            -6.09517             3.52873
2.23689            -6.09517             3.52873
2.23689            -6.09517             3.52873
2.23689            -6.09517             3.52873
2.23689            -6.09517             3.52873
1.74451            -5.52752             3.46629
1.74451            -5.52752             3.46629
1.02658            -4.56199             6.73627
1.02658            -4.56199             6.73627
1.42303            -4.20964             6.64094
1.42303            -4.20964             6.64094
0.68508            -5.04401             5.36516
3.35277            -4.60275             4.77632
1.35458            -5.48896             4.21996
-0.758567            -3.38953             1.82323
-1.9091            -2.08862             2.39916
-2.94673             -2.5342             1.67301
-2.16275            -2.60487            -1.32714
-1.3091           0.0738474            -1.06671
-1.28978           0.0546237             -1.1044
-1.23391            -1.01074            0.660633
-1.23391            -1.01074            0.660633
-1.70357            0.744126            -1.68451
-0.211446             2.34525            -2.22636
-0.211446             2.34525            -2.22636
-0.211446             2.34525            -2.22636
-0.945929            0.864273            -1.08887
-0.945929            0.864273            -1.08887
-0.945929            0.864273            -1.08887
-0.945929            0.864273            -1.08887
0.387737            -1.42851            -2.75501
0.387737            -1.42851            -2.75501
-0.306077           -0.627103            -3.54444
-0.420192            -2.72613            -5.59562
-0.515836            -3.36016            -6.07951
-2.29863            -4.75037            -7.56965
-2.29863            -4.75037            -7.56965
-2.63251            -5.01709            -7.90914
-0.963513            -4.77635            -5.25206
-0.0504605            -6.29938            -6.17041
-2.3716            -6.65107            -7.85096
-2.28476            -5.49518            -8.06711
-2.10579            -4.34079            -9.74741
-2.10579            -4.34079            -9.74741
-0.0655821            -3.70489            -7.39423
-0.0655821            -3.70489            -7.39423
0.984421              -0.904            -6.24962
0.206276            -1.83405            -5.52725
0.206276            -1.83405            -5.52725
0.0419373           -0.558008            -4.31735
-1.26634             1.88538            -4.55392
-1.26634             1.88538            -4.55392
-2.01401            -1.42073            -4.13571
-2.01401            -1.42073            -4.13571
-2.01401            -1.42073            -4.13571
-2.01401            -1.42073            -4.13571
-2.01401            -1.42073            -4.13571
-2.01401            -1.42073            -4.13571
-2.01401            -1.42073            -4.13571
-2.01401            -1.42073            -4.13571
-2.01401            -1.42073            -4.13571
-2.01401            -1.42073            -4.13571
-2.01401            -1.42073            -4.13571
-2.01401            -1.42073            -4.13571
-4.02086            -1.82049            -2.41747
-4.02086            -1.82049            -2.41747
-1.65835            -1.97963            -1.80675
-1.65835            -1.97963            -1.80675
-0.518076            -3.51225            -3.78843
-0.518076            -3.51225            -3.78843
-0.518076            -3.51225            -3.78843
-0.518076            -3.51225            -3.78843
-0.518076            -3.51225            -3.78843
-0.518076            -3.51225            -3.78843
-0.518076            -3.51225            -3.78843
-0.518076            -3.51225            -3.78843
-0.518076            -3.51225            -3.78843
-0.613954            -3.76428            -3.55347
-0.613954            -3.76428            -3.55347
-0.870293            -2.35317            -4.83882
-0.114441            -3.08894            -4.14117
-0.114441            -3.08894            -4.14117
-0.114441            -3.08894            -4.14117
-0.827318            -3.44854            -3.47991
2.03525            -3.31153            -3.25084
5.54676            -1.73085            -3.65598
3.19785            -1.90135            -2.20511
4.10168             -0.8874             1.43664
4.12829           0.0339453             2.92056
4.12829           0.0339453             2.92056
4.12829           0.0339453             2.92056
4.03257             2.18892             3.27167
2.56208             2.40888             1.94161
2.56208             2.40888             1.94161
2.56208             2.40888             1.94161
2.56208             2.40888             1.94161
2.25901             1.09912             4.20192
2.25901             1.09912             4.20192
2.25901             1.09912             4.20192
1.59154            0.196036             3.57562
3.08997             1.20369             3.69809
3.08997             1.20369             3.69809
0.59003             2.80698              4.0778
1.39139             2.23182             2.42509
1.39139             2.23182             2.42509
1.39139             2.23182             2.42509
1.39139             2.23182             2.42509
0.517137             1.29388             3.98482
0.517137             1.29388             3.98482
0.517137             1.29388             3.98482
1.89878             3.75707             5.23185
1.89878             3.75707             5.23185
1.89878             3.75707             5.23185
1.89878             3.75707             5.23185
1.38409             4.41798             5.18159
1.38409             4.41798             5.18159
-1.72846            0.447615             7.00834
-1.24596            0.939078             7.03108
-1.8074             2.51712             5.17373
-0.0900345             3.81613             4.68272
0.11755            0.917345             4.49834
0.11755            0.917345             4.49834
0.11755            0.917345             4.49834
0.11755            0.917345             4.49834
-0.645534             1.38354             2.50709
-0.645534             1.38354             2.50709
1.88666             1.32855             3.40347
1.88666             1.32855             3.40347
0.523709             1.01634              5.3899
-0.526912             1.38221             4.41465
-0.526912             1.38221             4.41465
-0.526912             1.38221             4.41465
-0.526912             1.38221             4.41465
1.14734            0.890114             5.46365
-0.655587           0.0228892             3.56919
-0.655587           0.0228892             3.56919
-0.655587           0.0228892             3.56919
-0.655587           0.0228892             3.56919
1.09188            0.699906             1.21952
1.09188            0.699906             1.21952
-0.405796            -0.72391             2.32821
-0.405796            -0.72391             2.32821
-0.405796            -0.72391             2.32821
0.887254            0.996861             3.78703
0.496241            0.281159             3.89979
0.496241            0.281159             3.89979
0.496241            0.281159             3.89979
0.496241            0.281159             3.89979
0.496241            0.281159             3.89979
0.405002            0.812337             4.60559
-1.45362           -0.765466             1.51276
-1.45362           -0.765466             1.51276
-1.45362           -0.765466             1.51276
-0.247604            -2.76304              4.0467
-0.564112            -2.87922             5.36796
2.34173           -0.158209              4.7682
2.34173           -0.158209              4.7682
2.34173           -0.158209              4.7682
2.17519             1.25437             4.07718
1.0593             1.33368             4.79647
1.51215             1.39293              3.0755
1.51215             1.39293              3.0755
1.51215             1.39293              3.0755
-1.18295             1.23158             3.25635
-1.18295             1.23158             3.25635
-1.18295             1.23158             3.25635
-3.10767             1.74501             3.77077
-3.10767             1.74501             3.77077
-2.98059               1.609             5.90791
-2.58301            0.873437             4.08688
0.791016             3.27531              5.1518
0.048545             1.42712             7.37884
0.048545             1.42712             7.37884
0.048545             1.42712             7.37884
0.048545             1.42712             7.37884
0.048545             1.42712             7.37884
-2.73499             2.12588             7.24692
-3.36826            0.504626             4.67981
-3.36826            0.504626             4.67981
-3.36826            0.504626             4.67981
-3.36826            0.504626             4.67981
-3.53665            0.551996             4.85731
-2.73525             1.72137             6.93394
-2.73525             1.72137             6.93394
-2.81932             3.57258             4.26495
-2.81932             3.57258             4.26495
-6.01806             2.58843             2.18233
-6.01806             2.58843             2.18233
-6.13946           -0.300255             1.48799
-6.13946           -0.300255             1.48799
-6.13946           -0.300255             1.48799
-3.56536             -2.7841            -1.46206
-3.99577           -0.145379            -1.14944
-1.4792             2.47436            -1.19728
-1.4396             2.29312             1.07801
1.0817             1.18492             -1.1029
1.0817             1.18492             -1.1029
0.38908             1.25108           -0.954528
0.38908             1.25108           -0.954528
0.38908             1.25108           -0.954528
0.38908             1.25108           -0.954528
0.38908             1.25108           -0.954528
0.38908             1.25108           -0.954528
0.38908             1.25108           -0.954528
0.38908             1.25108           -0.954528
0.38908             1.25108           -0.954528
0.38908             1.25108           -0.954528
0.38908             1.25108           -0.954528
0.124375          -0.0704371            -1.71845
0.124375          -0.0704371            -1.71845
-0.461838            -3.26179            -3.64428
1.15709           -0.879536            -3.22841
1.15709           -0.879536            -3.22841
1.87854           -0.041371             -4.5762
1.87854           -0.041371             -4.5762
2.93174          -0.0179079            -2.03087
4.09105             2.40807            -2.81082
4.09105             2.40807            -2.81082
4.09105             2.40807            -2.81082
4.28342             1.78016            -4.76734
4.5322             1.36277            -7.20325
2.25896             3.05022            -7.70471
-0.555131             1.88335            -6.42363
-0.555131             1.88335            -6.42363
-3.63244            0.519142            -5.57961
-2.43243            -1.26187             -4.3688
-2.43243            -1.26187             -4.3688
-0.783222           -0.158808            -4.52511
-0.60506            -1.72894            -3.52486
-2.23338             -2.9174            -4.39251
0.836393            -4.74441            -3.11516
-0.088482            -4.05783            -1.82089
1.40201            -2.66741            -4.41437
1.40201            -2.66741            -4.41437
1.40201            -2.66741            -4.41437
1.40201            -2.66741            -4.41437
1.40201            -2.66741            -4.41437
1.40201            -2.66741            -4.41437
1.40201            -2.66741            -4.41437
1.40201            -2.66741            -4.41437
1.40201            -2.66741            -4.41437
3.58487            -2.02733            -4.76867
3.58487            -2.02733            -4.76867
1.80419            -1.62828            -5.41416
1.80419            -1.62828            -5.41416
3.70828            -2.48754            -5.08823
2.45534             1.21791            -5.77932
2.45534             1.21791            -5.77932
2.45534             1.21791            -5.77932
2.45534             1.21791            -5.77932
2.45534             1.21791            -5.77932
2.45534             1.21791            -5.77932
2.45534             1.21791            -5.77932
2.45534             1.21791            -5.77932
2.45534             1.21791            -5.77932
2.45534             1.21791            -5.77932
3.85429             1.62999            -3.86984
3.70008             2.15822            -5.57567
2.44938             4.11085            -3.42352
0.476708             4.19144            -2.54876
-3.35237             4.90619            -1.72523
-0.750279              6.2566             2.60382
0.715434             5.67523             5.01149
-0.492574             3.47025             3.93609
-0.492574             3.47025             3.93609
-0.492574             3.47025             3.93609
-0.00141077             3.36825             5.31435
-0.228527            0.838605             5.85006
-1.77912             1.59466             5.02602
-1.77912             1.59466             5.02602
-1.77912             1.59466             5.02602
1.10491             1.20687             5.15061
-1.1809            -1.32803             1.60529
-1.1809            -1.32803             1.60529
-1.1809            -1.32803             1.60529
-1.1809            -1.32803             1.60529
-1.1809            -1.32803             1.60529
-1.43119            -3.74672             1.63198
-1.43119            -3.74672             1.63198
-2.21025            -4.29709             3.42686
-3.54595           0.0569019             3.74937
-2.6312           -0.981982             3.55331
-1.5686            -1.08222            0.870721
-1.5686            -1.08222            0.870721
-1.36413            -2.05507             1.76063
-1.36413            -2.05507             1.76063
-1.36413            -2.05507             1.76063
-1.36413            -2.05507             1.76063
-1.36413            -2.05507             1.76063
-1.36413            -2.05507             1.76063
-1.91461           -0.493451             2.15066
-1.91461           -0.493451             2.15066
0.0385907            -1.27809             3.27128
0.0385907            -1.27809             3.27128
-0.397231            -0.25348             3.48572
-0.397231            -0.25348             3.48572
-0.397231            -0.25348             3.48572
0.0532091           -0.759352             1.81921
3.29452            0.485935             2.48651
2.41675            -1.53725             3.51207
2.41675            -1.53725             3.51207
2.41675            -1.53725             3.51207
0.65043           -0.790365             4.37189
0.65043           -0.790365             4.37189
2.69663            -3.51786             4.78285
4.83993            -5.94051             7.62345
4.96428            -4.71327             3.95278
4.96428            -4.71327             3.95278
4.18246             -2.5625             5.42895
4.18246             -2.5625             5.42895
3.70545           -0.414156             4.33171
1.31606             1.98251             4.23091
1.31606             1.98251             4.23091
1.31606             1.98251             4.23091
1.16843            0.533947               3.675
1.16843            0.533947               3.675
1.16843            0.533947               3.675
-0.311255           -0.642871              3.6346
-0.311255           -0.642871              3.6346
-0.311255           -0.642871              3.6346
-0.311255           -0.642871              3.6346
-0.311255           -0.642871              3.6346
-0.311255           -0.642871              3.6346
-0.311255           -0.642871              3.6346
-0.311255           -0.642871              3.6346
-0.311255           -0.642871              3.6346
-0.311255           -0.642871              3.6346
-0.311255           -0.642871              3.6346
-0.520254            0.509348             5.13335
-0.520254            0.509348             5.13335
1.54887            0.202514             4.89877
-0.446355             2.70413              4.7523
-0.446355             2.70413              4.7523
-0.446355             2.70413              4.7523
1.70562             2.84114             3.78446
1.70562             2.84114             3.78446
1.70562             2.84114             3.78446
3.10644            0.729977             3.23722
3.10644            0.729977             3.23722
3.10644            0.729977             3.23722
0.690386            0.807686             4.51174
1.50165            0.239922             4.12321
1.86017            0.315022             3.30759
1.86017            0.315022             3.30759
0.0339022             2.03265             5.13695
1.91222             2.66253             3.75439
-0.646133             2.10853             3.20372
-0.646133             2.10853             3.20372
-0.646133             2.10853             3.20372
0.142331            0.940024             3.29731
0.142331            0.940024             3.29731
-0.122936             1.94499             4.02958
-1.82275           0.0469409             5.40347
-0.404595            0.938367             2.88764
-0.404595            0.938367             2.88764
0.924276           -0.783837             2.21305
0.924276           -0.783837             2.21305
3.89386            0.519181              4.2573
2.56629             1.94702             5.80182
2.56629             1.94702             5.80182
3.51963             3.96061             7.25062
3.51963             3.96061             7.25062
3.38815             3.77748             10.0468
3.38815             3.77748             10.0468
2.0242             1.68262               6.658
2.0242             1.68262               6.658
2.0242             1.68262               6.658
0.0775638           -0.768772             8.29284
-0.23921            -1.09462             9.40348
2.33948            0.403648             6.66661
2.33948            0.403648             6.66661
1.34619             1.25061             6.96591
0.402497             2.20627             6.81623
-1.16315             2.59788              7.0638
1.06516            0.957653             6.67103
1.06516            0.957653             6.67103
1.06516            0.957653             6.67103
1.06516            0.957653             6.67103
1.69952            -1.48673             7.10361
-0.426992            -2.20919             3.74867
-0.426992            -2.20919             3.74867
-0.426992            -2.20919             3.74867
2.13908            -2.17279             4.74764
2.13908            -2.17279             4.74764
-0.203959            -3.88894             2.28589
-0.203959            -3.88894             2.28589
-1.65348            -2.99337             3.00708
-1.41684           -0.615634             7.24351
-1.41684           -0.615634             7.24351
0.0945301           -0.936905             5.06895
0.0945301           -0.936905             5.06895
0.0945301           -0.936905             5.06895
-1.95145           -0.558221             4.14532
-1.6607          -0.0127006             3.75698
-1.6607          -0.0127006             3.75698
-1.6607          -0.0127006             3.75698
-1.6607          -0.0127006             3.75698
-1.6607          -0.0127006             3.75698
-1.6607          -0.0127006             3.75698
0.654664             1.62252             3.72153
0.654664             1.62252             3.72153
0.649181            0.839333             4.52973
0.649181            0.839333             4.52973
1.04543             4.39916             4.56121
0.797466             2.92504             6.17577
0.559046             1.54962             4.94604
-0.0464374           -0.643306             5.36867
1.18644            -2.00655             4.94157
0.45632            -2.14156             5.68106
-0.612943            -1.51283             6.05266
-1.57131           -0.282235              4.8251
0.602458             1.36969             2.65348
0.224664           -0.196056             3.76311
0.224664           -0.196056             3.76311
-0.032377            0.606161             1.63886
-0.032377            0.606161             1.63886
-0.032377            0.606161             1.63886
-1.42535             2.69779             1.79293
0.0190481             3.38343             1.39612
-0.513362             1.84654             3.24992
0.657706            0.292165             2.96673
0.657706            0.292165             2.96673
0.657706            0.292165             2.96673
0.657706            0.292165             2.96673
0.657706            0.292165             2.96673
0.657706            0.292165             2.96673
0.657706            0.292165             2.96673
0.657706            0.292165             2.96673
0.657706            0.292165             2.96673
0.657706            0.292165             2.96673
-1.35356            0.884174             3.34059
-1.35356            0.884174             3.34059
-1.35356            0.884174             3.34059
-1.35356            0.884174             3.34059
-1.35356            0.884174             3.34059
-1.35356            0.884174             3.34059
-1.44118             2.29714             4.93772
-2.9592            0.826282             3.10458
-2.9592            0.826282             3.10458
-2.9592            0.826282             3.10458
-0.443224             2.28624             4.98046
-0.443224             2.28624             4.98046
-1.31574             4.12167             4.22908
-1.31574             4.12167             4.22908
-1.31574             4.12167             4.22908
-1.31574             4.12167             4.22908
-1.31574             4.12167             4.22908
-1.31574             4.12167             4.22908
-0.141145             3.83495             1.77398
0.353636             1.50822            0.702848
-0.505704             1.11261             0.71463
-0.0914613            -1.54085            -1.75027
-0.0914613            -1.54085            -1.75027
1.30718           -0.265513            -1.77722
1.52112             2.68234             2.26646
1.52112             2.68234             2.26646
1.52112             2.68234             2.26646
1.33659             1.46843             1.70289
1.33659             1.46843             1.70289
1.33659             1.46843             1.70289
1.33659             1.46843             1.70289
1.33659             1.46843             1.70289
0.502324            -1.03785            0.637956
0.502324            -1.03785            0.637956
0.586959            -1.28195             3.77771
-0.322971            -1.29464             6.23455
-0.322971            -1.29464             6.23455
-0.16604            -2.55618             2.05879
1.34733           -0.559968             2.68283
1.34733           -0.559968             2.68283
1.34733           -0.559968             2.68283
0.962877            0.708024             2.92495
0.962877            0.708024             2.92495
0.319192           -0.327126             1.25397
0.846439            0.627846             1.83291
0.846439            0.627846             1.83291
0.846439            0.627846             1.83291
0.846439            0.627846             1.83291
0.846439            0.627846             1.83291
0.846439            0.627846             1.83291
0.846439            0.627846             1.83291
0.846439            0.627846             1.83291
0.846439            0.627846             1.83291
0.846439            0.627846             1.83291
-0.393264             1.52641             2.33574
-1.27101          -0.0629721             1.47474
-1.27101          -0.0629721             1.47474
-0.755907          -0.0169999             2.17766
-0.333342            0.569822             2.28447
-0.333342            0.569822             2.28447
0.986555             1.52247             1.26679
0.59799        -0.000751724           -0.567503
0.59799        -0.000751724           -0.567503
0.923838          -0.0798099           -0.982439
0.923838          -0.0798099           -0.982439
-1.69611            -1.14143            -1.16626
-1.38362            0.355609            0.854455
-2.43046            0.722505             1.36862
-0.833246             1.64703           -0.731167
-0.833246             1.64703           -0.731167
-1.01369            0.927187            -2.78386
-1.01369            0.927187            -2.78386
-1.01369            0.927187            -2.78386
-1.01369            0.927187            -2.78386
-3.69291              0.2052            -1.73096
-3.30942            0.488189            -3.27688
-1.3914          -0.0372509            -3.91423
-1.3914          -0.0372509            -3.91423
-0.892893           -0.669993            -5.45716
-0.892893           -0.669993            -5.45716
1.62067            -2.44412            -3.85636
1.62067            -2.44412            -3.85636
1.62067            -2.44412            -3.85636
1.62067            -2.44412            -3.85636
1.62067            -2.44412            -3.85636
1.62067            -2.44412            -3.85636
3.02181           -0.645703            -5.32027
4.05257            -1.75561            -7.82722
4.05257            -1.75561            -7.82722
5.17994            -2.06249            -8.37662
5.38413             2.12643            -8.24612
5.38413             2.12643            -8.24612
2.33286             4.42115            -6.17234
2.40791             2.94259            -7.65325
0.88305            -1.01563            -6.74073
2.25            -1.42572             -5.4565
2.25            -1.42572             -5.4565
1.46255            -2.54696            -4.54569
2.5375           -0.901137            -4.24407
2.5375           -0.901137            -4.24407
3.20926           -0.290656             -2.9874
3.19133           -0.464303            -4.34156
3.19133           -0.464303            -4.34156
2.89659            -1.16086            -3.41826
2.89659            -1.16086            -3.41826
2.89659            -1.16086            -3.41826
2.89659            -1.16086            -3.41826
2.89659            -1.16086            -3.41826
4.69655           -0.816247            -4.18343
4.69655           -0.816247            -4.18343
3.22732            -1.05463             -4.3991
2.30193            -3.52855            -1.84724
1.15321           -0.268606            -1.80475
1.15321           -0.268606            -1.80475
1.15321           -0.268606            -1.80475
1.15321           -0.268606            -1.80475
1.15321           -0.268606            -1.80475
1.15321           -0.268606            -1.80475
1.66684            -1.03448            -5.88136
0.188553           -0.499097            -6.23079
1.33992             1.29472            -3.80269
1.33992             1.29472            -3.80269
-1.89341            0.235359            -4.45173
-1.89341            0.235359            -4.45173
-0.550428             2.27888            -3.08298
-0.550428             2.27888            -3.08298
-0.550428             2.27888            -3.08298
1.02674            0.574615            -3.12263
0.560816            0.353045            -5.13523
-1.01292            0.115226            -4.88939
0.124972            0.975775             -5.8949
0.124972            0.975775             -5.8949
1.83128              1.0203            -3.26999
1.83128              1.0203            -3.26999
2.33906            0.857269            -2.70508
2.33906            0.857269            -2.70508
1.31097             1.40866            -3.71641
1.31097             1.40866            -3.71641
1.31097             1.40866            -3.71641
1.31097             1.40866            -3.71641
1.50973             1.63002            -4.07638
1.50973             1.63002            -4.07638
1.50973             1.63002            -4.07638
2.82727              1.0421            -3.77775
2.24217             1.05418            -2.71584
2.24217             1.05418            -2.71584
2.71823           -0.407132            -1.86151
2.71823           -0.407132            -1.86151
2.71823           -0.407132            -1.86151
-0.633579           -0.644512            0.926774
-0.633579           -0.644512            0.926774
-0.633579           -0.644512            0.926774
-1.75517           -0.331486             1.30415
-0.694197             3.09224             3.97552
-2.11751             4.54532             5.47612
-2.46438             2.01244             5.23976
-2.46438             2.01244             5.23976
-2.46438             2.01244             5.23976
-2.46438             2.01244             5.23976
-3.64038             3.08416             7.41382
-2.98345             2.95376             7.86886
-2.98345             2.95376             7.86886
-3.97085             1.45826             9.40968
-3.97085             1.45826             9.40968
-4.76762             1.51255             9.39343
-4.01           0.0162019             9.98256
-4.01           0.0162019             9.98256
-2.13644              -0.772             9.61378
-2.91591            -1.91586             6.82625
2.75726           -0.526364             5.94055
2.75726           -0.526364             5.94055
2.75726           -0.526364             5.94055
0.589458             2.18723             6.51071
-1.62799             2.09467             7.12408
0.640807             3.35237             6.86814
3.14921             3.23887             2.19228
7.76773            0.629256             3.87832
6.27165             1.15966             8.63429
5.93888            0.533111             10.7227
5.93888            0.533111             10.7227
5.93888            0.533111             10.7227
6.14087          -0.0111429             10.5121
6.14087          -0.0111429             10.5121
6.43327           -0.484847             8.76756
6.43327           -0.484847             8.76756
6.43327           -0.484847             8.76756
6.07681            0.310328             12.2036
6.35987             3.15422             13.6799
6.35987             3.15422             13.6799
4.37339             1.36816              10.831
4.37339             1.36816              10.831
4.37339             1.36816              10.831
3.83332            -1.62884             10.8018
1.95473           -0.484401             9.00144
1.95473           -0.484401             9.00144
0.897812            -2.71636             7.08923
0.897812            -2.71636             7.08923
0.310069           -0.690553             4.70084
0.310069           -0.690553             4.70084
1.69212           -0.374775              3.7483
1.5706           -0.743186              5.6918
3.69099            -1.66562             4.28078
1.65429            -1.16471             1.80497
1.65429            -1.16471             1.80497
3.16146            0.869556             3.69376
2.52975            -0.68521             1.64097
2.52975            -0.68521             1.64097
1.79842           -0.580335             1.07286
1.79842           -0.580335             1.07286
1.79842           -0.580335             1.07286
0.805429           -0.738795            -2.57396
0.805429           -0.738795            -2.57396
1.18168           -0.619414           -0.794521
2.07477            -1.62306            -1.60714
0.749304            -3.46628            -2.79654
1.24257            -3.05912            -3.81747
1.24257            -3.05912            -3.81747
1.01023            -3.51095            -3.37269
1.01023            -3.51095            -3.37269
0.0932226            -5.95422            -1.89044
-0.216965            -5.24964            -3.06658
-0.148695            -2.54545            -5.12043
-0.148695            -2.54545            -5.12043
1.28601             -2.3778            -4.72251
1.49815            -1.56193            -5.20934
1.49815            -1.56193            -5.20934
-1.21356           -0.641583            -6.92513
-0.815614            0.633144            -6.53652
-0.815614            0.633144            -6.53652
-0.815614            0.633144            -6.53652
-3.23128             1.30458            -6.64335
-2.58279            0.961101            -4.81784
-2.58279            0.961101            -4.81784
-2.58279            0.961101            -4.81784
-4.42107             1.44883            -4.92409
-4.42107             1.44883            -4.92409
-4.42107             1.44883            -4.92409
-1.66366             1.97416            -3.93458
-1.66366             1.97416            -3.93458
-0.908136             2.96201            -2.70283
-0.908136             2.96201            -2.70283
-0.865779              3.3101            -2.32971
-1.48741            0.646348            -2.82976
-1.48741            0.646348            -2.82976
-0.910864             1.56383            -3.19328
-0.910864             1.56383            -3.19328
1.32021             1.23437             -5.0837
1.32021             1.23437             -5.0837
1.10297             0.68583            -5.96875
2.44184             -0.7632            -6.15247
1.65584            -4.32243            -6.81252
-0.566172            -6.04328             -3.3094
1.59583            -4.61336            -5.34583
1.59583            -4.61336            -5.34583
1.59583            -4.61336            -5.34583
2.29701            -3.80408            -4.69059
2.29701            -3.80408            -4.69059
2.29701            -3.80408            -4.69059
2.65452            -3.97771            -3.98014
1.70016            -4.56369            -2.89147
2.51963            -5.72143            -2.42825
3.56795            -4.06832            -1.16731
5.17046            -4.85388            -2.09134
5.35081            -4.75042            -2.01427
5.35081            -4.75042            -2.01427
3.73483            -1.86233            -3.37794
1.29418           -0.488033            -3.58915
1.04844            0.298176            -3.13372
1.58786            -1.13509            -3.52394
1.58786            -1.13509            -3.52394
1.18829           -0.914715             -4.8547
-0.0577776            -2.04276            -2.38505
-0.0577776            -2.04276            -2.38505
-0.0577776            -2.04276            -2.38505
1.67023           -0.664024            -1.08685
1.67023           -0.664024            -1.08685
1.67023           -0.664024            -1.08685
1.67023           -0.664024            -1.08685
-0.822209            -1.26905              1.6052
-0.822209            -1.26905              1.6052
0.802957            -4.83133             3.31555
3.52711             -3.4238             3.38177
3.82693            -1.60721             4.43409
0.990946           -0.212964             2.51095
0.990946           -0.212964             2.51095
0.0143557             0.46954              4.7435
0.0143557             0.46954              4.7435
-2.2662             1.34091              5.0518
-0.777479             1.61905             4.24696
3.83407           -0.282329             4.81004
3.5213             3.30988             3.96166
2.17884             3.04775               6.108
2.17884             3.04775               6.108
2.17884             3.04775               6.108
2.17884             3.04775               6.108
1.83476             1.64969             6.97547
1.83476             1.64969             6.97547
3.62154             2.56662             5.04406
2.52864             2.57975             4.69975
1.82151             2.86713             3.18976
1.82151             2.86713             3.18976
1.82151             2.86713             3.18976
1.82151             2.86713             3.18976
0.202923             1.41772             2.56999
-0.131891             3.11691             4.50155
1.57844             0.16715             5.27435
1.57844             0.16715             5.27435
1.57844             0.16715             5.27435
-0.22192           -0.447915             4.79094
-0.22192           -0.447915             4.79094
-0.22192           -0.447915             4.79094
-1.33482           -0.350028             3.18432
0.412843            0.321148             3.58873
0.412843            0.321148             3.58873
-0.180251            -1.27553             4.72341
-0.180251            -1.27553             4.72341
-0.180251            -1.27553             4.72341
-0.180251            -1.27553             4.72341
-2.71533           -0.613877             5.75463
-1.3146             1.88007             6.10703
-2.98889            -1.44771             4.63411
-2.2349           0.0150319             4.83715
-1.38228            0.030725             5.27615
-1.38228            0.030725             5.27615
-1.38228            0.030725             5.27615
1.6721             1.63303               5.697
2.75445             3.65005             5.38955
3.45736             2.92055             4.71908
2.27637             3.64404             4.53484
3.25322             1.51045              2.8366
-1.0218              -2.714             1.74097
-1.0218              -2.714             1.74097
-1.0218              -2.714             1.74097
-2.61109            -1.50875             2.39107
-1.0452            -1.93539             1.12875
-1.0452            -1.93539             1.12875
-1.0452            -1.93539             1.12875
-1.0452            -1.93539             1.12875
-1.07977            -1.68738             3.24079
-1.34414            -3.94391             1.60851
0.436016            -2.85059             2.41105
-0.49221            -3.50706             2.08599
-0.49221            -3.50706             2.08599
-0.49221            -3.50706             2.08599
-0.49221            -3.50706             2.08599
-0.49221            -3.50706             2.08599
2.05118            -2.56978             1.37659
1.70449           -0.773326             2.01344
1.70449           -0.773326             2.01344
1.70449           -0.773326             2.01344
1.70449           -0.773326             2.01344
-0.708072            -1.47281             3.42476
0.510288            -1.85136             1.72243
0.510288            -1.85136             1.72243
-1.49527           -0.972168            0.825758
-2.34718           -0.552013             1.54876
-2.34718           -0.552013             1.54876
-0.939509           -0.311642            -2.88653
-0.939509           -0.311642            -2.88653
-0.939509           -0.311642            -2.88653
-0.955385            -1.16205            -2.17399
-0.955385            -1.16205            -2.17399
-0.955385            -1.16205            -2.17399
-0.955385            -1.16205            -2.17399
-0.955385            -1.16205            -2.17399
-1.43929            0.206172             2.23485
0.791676           -0.557312             1.06807
0.715817            -1.07341             2.13698
0.715817            -1.07341             2.13698
-0.247855            -1.34509             1.86585
0.958517            -1.41511             2.02525
0.958517            -1.41511             2.02525
0.958517            -1.41511             2.02525
0.958517            -1.41511             2.02525
0.958517            -1.41511             2.02525
0.958517            -1.41511             2.02525
0.958517            -1.41511             2.02525
-0.124272          -0.0973805             2.58603
-0.124272          -0.0973805             2.58603
-0.124272          -0.0973805             2.58603
-0.124272          -0.0973805             2.58603
-0.329429             1.10995             2.15362
-0.329429             1.10995             2.15362
0.990917            0.693861             1.90247
0.990917            0.693861             1.90247
0.990917            0.693861             1.90247
0.990917            0.693861             1.90247
0.990917            0.693861             1.90247
0.990917            0.693861             1.90247
0.990917            0.693861             1.90247
0.990917            0.693861             1.90247
0.990917            0.693861             1.90247
0.939504            0.675042              -2.231
0.939504            0.675042              -2.231
-0.123814           -0.406149            -2.55712
0.179846           0.0985549            -1.31142
0.179846           0.0985549            -1.31142
0.179846           0.0985549            -1.31142
0.179846           0.0985549            -1.31142
0.495216            -0.69275            0.988847
-2.1609             1.26573            -1.54903
-2.1609             1.26573            -1.54903
-2.1609             1.26573            -1.54903
-2.1609             1.26573            -1.54903
-2.1609             1.26573            -1.54903
-2.33487             2.82553             1.44594
-3.08564            0.597887            0.919748
-3.73893            0.610647             2.72735
-2.82035             2.09024             4.53013
-2.82035             2.09024             4.53013
-2.82035             2.09024             4.53013
-1.59361              1.6144             2.57216
-1.59361              1.6144             2.57216
1.04904             2.07658             4.08899
-0.292248           -0.972576             5.09101
-0.292248           -0.972576             5.09101
-0.0952807             1.85886             4.79773
-5.09425             2.97138             6.58243
-2.21898            0.859958             7.02484
-3.5476             1.13066             7.03755
-3.6743            0.549011             6.86939
-3.6743            0.549011             6.86939
-3.6743            0.549011             6.86939
-3.6743            0.549011             6.86939
-4.09425             1.74663             6.16234
-4.09425             1.74663             6.16234
-4.79894           -0.844623             4.30021
-5.01308            0.534811             3.85475
-5.01308            0.534811             3.85475
-4.29163             1.80544              6.6566
-4.29163             1.80544              6.6566
-4.29163             1.80544              6.6566
-1.42798             1.70741             5.74522
-1.42798             1.70741             5.74522
-4.71326              2.5595             7.04369
-4.71326              2.5595             7.04369
-3.18226            0.915159             5.21247
-3.18226            0.915159             5.21247
-2.46609             -1.2298              4.6928
-2.46609             -1.2298              4.6928
-0.825915           -0.550297             5.09682
-0.0218493            -2.52969             2.58183
-0.0218493            -2.52969             2.58183
-0.0218493            -2.52969             2.58183
-2.41909            -4.04035             3.19593
-0.986184           -0.120876             3.84838
-0.986184           -0.120876             3.84838
-0.986184           -0.120876             3.84838
-0.986184           -0.120876             3.84838
-0.986184           -0.120876             3.84838
-3.2339            -1.21242              3.2022
-2.56218           -0.902191             3.93387
-1.97565            -2.37695              2.3101
-2.5829           -0.669457            0.778316
-2.5829           -0.669457            0.778316
1.59075             -1.0912            -2.49936
1.59075             -1.0912            -2.49936
1.59075             -1.0912            -2.49936
1.59075             -1.0912            -2.49936
1.59075             -1.0912            -2.49936
1.59075             -1.0912            -2.49936
1.59075             -1.0912            -2.49936
1.59075             -1.0912            -2.49936
1.59075             -1.0912            -2.49936
1.59075             -1.0912            -2.49936
3.06947             -3.0133            -2.38664
3.06947             -3.0133            -2.38664
3.48448            -2.91324            -4.41279
3.48448            -2.91324            -4.41279
3.48448            -2.91324            -4.41279
3.48448            -2.91324            -4.41279
3.48448            -2.91324            -4.41279
3.48448            -2.91324            -4.41279
3.48448            -2.91324            -4.41279
5.40635           -0.524426            -3.03044
4.80151            0.413838            -3.19961
4.80151            0.413838            -3.19961
2.36183            0.785291            -3.49013
0.740365             1.12181              -4.923
0.740365             1.12181              -4.923
0.740365             1.12181              -4.923
0.740365             1.12181              -4.923
0.740365             1.12181              -4.923
-0.449528            0.136036             -4.6995
-0.449528            0.136036             -4.6995
-0.449528            0.136036             -4.6995
-0.333579           -0.787515            -4.63122
-0.333579           -0.787515            -4.63122
3.1054            -2.99762            -7.23089
2.11531            -3.99194            -6.31814
2.42806            -4.84986            -5.06325
4.59945            -3.15267            -5.14246
2.53019            -3.69405            -3.06989
0.750422           -0.847344            -1.61491
0.457396            -1.15917            -2.35416
0.457396            -1.15917            -2.35416
0.457396            -1.15917            -2.35416
0.457396            -1.15917            -2.35416
0.457396            -1.15917            -2.35416
0.457396            -1.15917            -2.35416
0.457396            -1.15917            -2.35416
0.376399            0.843496            -3.28765
0.376399            0.843496            -3.28765
0.141079            -1.32509            -2.48696
0.141079            -1.32509            -2.48696
0.141079            -1.32509            -2.48696
2.87809            -2.01023            -3.54501
2.87809            -2.01023            -3.54501
2.87809            -2.01023            -3.54501
0.562078             0.37397            -5.94207
2.76355           -0.276341            -3.74163
2.76355           -0.276341            -3.74163
2.76355           -0.276341            -3.74163
2.76355           -0.276341            -3.74163
2.76355           -0.276341            -3.74163
1.99565            0.218669            -1.94644
1.99565            0.218669            -1.94644
1.99565            0.218669            -1.94644
1.28689            0.808979           -0.751586
2.03182             1.16562            -2.11544
2.10361              1.7998            -3.11684
1.5309           -0.573394            -4.74645
1.5309           -0.573394            -4.74645
2.26092            -2.77189            -3.32309
2.26092            -2.77189            -3.32309
2.26092            -2.77189            -3.32309
2.50755            -2.43961            -2.73546
2.50755            -2.43961            -2.73546
-0.389152           0.0494183            -1.41145
-0.389152           0.0494183            -1.41145
-0.595691           -0.150457            -2.24114
-0.595691           -0.150457            -2.24114
-0.595691           -0.150457            -2.24114
-0.595691           -0.150457            -2.24114
-0.595691           -0.150457            -2.24114
-0.595691           -0.150457            -2.24114
-0.776596             1.12103            -3.62248
1.00286             1.31549            -2.96293
1.77183           -0.859312            -3.12812
1.77183           -0.859312            -3.12812
1.49399            0.074473            -2.45591
1.49399            0.074473            -2.45591
1.49399            0.074473            -2.45591
1.79908           -0.477335            -2.60194
1.79908           -0.477335            -2.60194
1.79908           -0.477335            -2.60194
1.79908           -0.477335            -2.60194
1.79908           -0.477335            -2.60194
0.758512             2.11871            -2.05534
0.758512             2.11871            -2.05534
-1.50332           -0.666235            -6.20062
-1.50332           -0.666235            -6.20062
-1.30324             1.22853            -4.55353
-0.324793            0.809094            -6.05439
1.54453             3.33843            -4.62558
-1.08396             4.16146            -6.24131
-1.08396             4.16146            -6.24131
-1.08396             4.16146            -6.24131
-1.08396             4.16146            -6.24131
-2.79878              2.9312            -4.79579
-2.79878              2.9312            -4.79579
-2.79878              2.9312            -4.79579
-2.66334             1.65897            -6.06151
-2.66334             1.65897            -6.06151
-1.51101            0.908835            -3.36301
-1.51101            0.908835            -3.36301
-1.51101            0.908835            -3.36301
-1.51101            0.908835            -3.36301
-1.51101            0.908835            -3.36301
-1.51101            0.908835            -3.36301
-1.51101            0.908835            -3.36301
0.160404             0.88241            -3.70622
-0.212027             1.73218            -1.71046
-2.78378             2.18555             1.33714
-2.78378             2.18555             1.33714
-2.28369            -2.23934              2.0836
-1.11896            -1.53814             1.55341
0.703254            -2.31226              1.6081
1.88992            -3.12979            -1.39186
1.88992            -3.12979            -1.39186
1.88992            -3.12979            -1.39186
1.09508            -1.98852            -2.17921
1.09508            -1.98852            -2.17921
1.09508            -1.98852            -2.17921
1.09508            -1.98852            -2.17921
0.79958            0.645018            -2.46995
0.79958            0.645018            -2.46995
2.45286            -1.31275            -1.30539
-0.107769           -0.247012            -1.61373
-0.874732             2.17127            -3.84638
-0.874732             2.17127            -3.84638
-0.874732             2.17127            -3.84638
-0.874732             2.17127            -3.84638
-0.874732             2.17127            -3.84638
-0.874732             2.17127            -3.84638
-2.67993            0.985614            -4.75513
-0.690115             1.06821            -2.84081
0.384954             1.36249            -1.57343
0.384954             1.36249            -1.57343
0.384954             1.36249            -1.57343
1.65889            0.283514            -2.01295
1.65889            0.283514            -2.01295
1.84817             1.54887            -3.13581
1.84817             1.54887            -3.13581
1.84817             1.54887            -3.13581
1.84817             1.54887            -3.13581
1.74137            0.573065            -2.86465
1.74137            0.573065            -2.86465
1.90221           -0.617877            -2.69411
0.608374            -2.48502             2.28721
0.0979883           -0.743421             3.19006
1.28565            0.704724              2.7058
1.28565            0.704724              2.7058
1.28565            0.704724              2.7058
1.4937           -0.224552             2.03077
0.936694            -2.20424            -1.37591
0.936694            -2.20424            -1.37591
2.0566            -0.44681             2.68207
2.0566            -0.44681             2.68207
-1.05613             1.61518             4.63767
-1.95045             1.17487             4.09346
-1.95045             1.17487             4.09346
-3.40852            0.766333             2.45241
-1.72058             1.57778               2.991
0.538664              1.8404             3.15871
0.538664              1.8404             3.15871
0.538664              1.8404             3.15871
-0.762833            -2.44736             2.51444
-0.762833            -2.44736             2.51444
-0.762833            -2.44736             2.51444
0.812619            -2.88246              3.0527
1.04451           -0.306494              1.5689
1.04451           -0.306494              1.5689
1.04451           -0.306494              1.5689
1.04451           -0.306494              1.5689
1.04451           -0.306494              1.5689
1.83397            0.222992              4.2833
1.83397            0.222992              4.2833
1.83397            0.222992              4.2833
3.77745         -0.00904903             3.30437
1.73703           -0.255373             2.96594
2.7869            0.501682               3.774
2.28856            0.606142             4.24828
2.28856            0.606142             4.24828
2.28856            0.606142             4.24828
1.59057            0.864505             3.58185
1.59057            0.864505             3.58185
1.59057            0.864505             3.58185
1.59057            0.864505             3.58185
1.59057            0.864505             3.58185
1.59057            0.864505             3.58185
1.59057            0.864505             3.58185
1.59057            0.864505             3.58185
1.59057            0.864505             3.58185
1.88513            0.820528             2.02576
1.87084            -1.70699             2.05556
1.87084            -1.70699             2.05556
1.87084            -1.70699             2.05556
1.87084            -1.70699             2.05556
0.970016            -1.66087             3.28867
0.207362            -2.42055             3.53995
-1.69223             0.78303             4.00791
-1.69223             0.78303             4.00791
0.0940023            0.672392             3.95807
0.0940023            0.672392             3.95807
1.1679            -1.89701             2.22047
-1.17742            -2.60569             3.99345
0.0382797            -4.72524             6.88956
-1.79589            -4.40321             5.86744
-1.44079            -2.89073             6.27298
-1.35547            -1.74614             4.08819
-1.35547            -1.74614             4.08819
-2.18134            -2.07654             2.73949
-2.18134            -2.07654             2.73949
-1.6925            -2.86069             3.08847
-1.67626             1.34428             2.41765
-1.67626             1.34428             2.41765
-0.668312             2.01467             2.99173
0.65992             2.44061             3.70821
-0.50041          -0.0931087             6.06617
0.206212            -1.88963             3.81166
0.206212            -1.88963             3.81166
0.206212            -1.88963             3.81166
0.206212            -1.88963             3.81166
-2.24328           -0.534304             2.08947
-1.22772             3.00285             4.87244
-1.22772             3.00285             4.87244
-2.61648             2.95986             3.92688
-2.61648             2.95986             3.92688
-1.71074            0.676908             2.81322
-0.700605           -0.751818             3.27216
-2.21329            0.870912             2.54846
-0.532901             1.80345              2.2593
-0.532901             1.80345              2.2593
-0.532901             1.80345              2.2593
-0.532901             1.80345              2.2593
-0.532901             1.80345              2.2593
-0.532901             1.80345              2.2593
-0.905426             1.33133             2.20395
-0.905426             1.33133             2.20395
-0.905426             1.33133             2.20395
-0.905426             1.33133             2.20395
-0.979807           -0.823652              4.9088
-1.54193            -2.29186             6.52511
-2.53304            -3.15593             4.48617
-2.53304            -3.15593             4.48617
-2.53304            -3.15593             4.48617
-2.53304            -3.15593             4.48617
-2.1437             1.38959             8.29011
-2.1437             1.38959             8.29011
-0.541513             3.16658             5.77327
-2.80861             1.49207             6.56931
-2.35574             2.15288             6.22074
-1.28789             2.15393             5.63212
-1.28789             2.15393             5.63212
-1.28789             2.15393             5.63212
-1.28789             2.15393             5.63212
-1.28789             2.15393             5.63212
-0.205261             1.69066             4.34611
2.42166             3.79322             3.53924
2.42166             3.79322             3.53924
2.42166             3.79322             3.53924
2.42166             3.79322             3.53924
3.2308             1.50772             3.18354
3.2308             1.50772             3.18354
3.2308             1.50772             3.18354
3.2308             1.50772             3.18354
-0.133583           -0.933675             2.36648
-1.01169           -0.148881             3.35077
-1.01169           -0.148881             3.35077
-1.01169           -0.148881             3.35077
-1.01169           -0.148881             3.35077
-1.01169           -0.148881             3.35077
-1.23081           -0.783082             3.19136
1.63212            0.276703            0.981756
0.040692            0.884047             3.46084
0.0299569             2.41731             3.52453
-0.0568976             4.18617             5.83265
-0.0568976             4.18617             5.83265
0.657448             3.69471             3.38835
0.657448             3.69471             3.38835
0.657448             3.69471             3.38835
0.657448             3.69471             3.38835
0.657448             3.69471             3.38835
0.657448             3.69471             3.38835
-0.942381             2.61821             1.43636
-1.37808             2.79262             2.97309
-1.37808             2.79262             2.97309
-1.37808             2.79262             2.97309
1.02994             2.50311             5.09966
-0.50105             2.14884             4.48956
0.485871             1.15625             2.82811
0.95166            0.692086             2.10918
-0.467802            0.416796             3.54105
-0.293395           -0.500921             4.05408
-0.0600023             3.10858             4.77899
-0.0600023             3.10858             4.77899
-1.76211             3.20672             6.66157
-1.76211             3.20672             6.66157
-2.15849           -0.902355             5.31647
-2.15849           -0.902355             5.31647
-2.15849           -0.902355             5.31647
-3.14104            -0.15644             2.23668
-1.40832             1.53571             4.47512
-1.40832             1.53571             4.47512
-0.455674            0.914981             2.19139
-0.455674            0.914981             2.19139
-2.18645             -1.8452             2.84423
-2.17007           -0.191909             1.14126
-2.17007           -0.191909             1.14126
-5.08937             1.09362             2.42308
-5.732             1.14878             3.30696
-5.732             1.14878             3.30696
-5.06782            0.693008             2.95682
-5.06782            0.693008             2.95682
-4.58686            0.423088             1.77465
-1.14767            0.388223             3.95066
-1.14767            0.388223             3.95066
0.315494            0.147537             2.54342
0.315494            0.147537             2.54342
0.315494            0.147537             2.54342
0.315494            0.147537             2.54342
0.315494            0.147537             2.54342
-1.70547            0.391185             3.14682
-1.70547            0.391185             3.14682
-1.70547            0.391185             3.14682
-1.70547            0.391185             3.14682
-1.70547            0.391185             3.14682
0.113433            -1.13817             4.40267
0.113433            -1.13817             4.40267
0.113433            -1.13817             4.40267
0.89296            0.659005             5.03709
2.98415           -0.416658             4.85012
2.80798             0.24646             2.79377
3.20029            0.793354             2.42147
3.20029            0.793354             2.42147
3.20029            0.793354             2.42147
1.9949             1.09652             2.53972
0.9693             2.97069             1.39951
0.9693             2.97069             1.39951
1.13431             3.33396             4.69206
1.13431             3.33396             4.69206
2.66408          -0.0937969             3.95475
2.66408          -0.0937969             3.95475
1.97595            0.811365             4.20672
1.97595            0.811365             4.20672
2.70418            -1.20851             2.91423
2.70418            -1.20851             2.91423
2.70418            -1.20851             2.91423
2.70418            -1.20851             2.91423
2.991           -0.740564             4.73007
3.17418             1.37634             5.51788
3.17418             1.37634             5.51788
0.903214             1.72416             6.58696
0.903214             1.72416             6.58696
1.75647             1.21973              6.1517
3.9886           0.0575734             5.75984
4.52904            0.542924              4.8343
4.52904            0.542924              4.8343
3.89878           -0.619058             5.45123
0.726974           -0.632614             2.33036
0.230799           -0.266257             1.00877
0.230799           -0.266257             1.00877
0.230799           -0.266257             1.00877
0.230799           -0.266257             1.00877
0.230799           -0.266257             1.00877
2.7226              1.3786             2.84145
2.7226              1.3786             2.84145
2.7226              1.3786             2.84145
2.7226              1.3786             2.84145
2.7226              1.3786             2.84145
2.72821             3.01224             3.01155
0.834266             1.83838             3.99113
-0.390384             2.48926             5.36645
0.484352             2.14465             2.38602
0.484352             2.14465             2.38602
2.40941             0.77391             4.03955
2.59368             3.63108              5.5324
3.25357             3.74681             8.06255
2.46184             3.17677             9.50084
1.37355            0.396926              10.108
1.37355            0.396926              10.108
-0.505388             3.40123             10.0416
-1.49113             3.86799              10.452
1.17866             1.72731             10.0795
2.01714             1.67405             11.0648
2.01714             1.67405             11.0648
4.02706             6.54307             7.52168
3.99822             4.78088             7.76426
3.99822             4.78088             7.76426
4.67811             2.32061             6.40759
4.67811             2.32061             6.40759
1.99491             2.77169             5.73213
1.99491             2.77169             5.73213
1.93424             1.60763              4.7051
-0.88493            0.622042             4.12083
-0.88493            0.622042             4.12083
-0.88493            0.622042             4.12083
0.689589            0.959545             4.06473
-0.409             -1.9839             4.09813
-0.0779372            -3.21238             3.88336
0.374073            -1.82496             6.12369
-0.456496            -2.07498             5.98508
-0.46601            -1.98754             3.40858
-0.46601            -1.98754             3.40858
-0.46601            -1.98754             3.40858
-0.46601            -1.98754             3.40858
-0.46601            -1.98754             3.40858
-0.46601            -1.98754             3.40858
1.25798            -1.84002             1.99345
1.25798            -1.84002             1.99345
-0.188525           -0.284141             2.91745
-0.133845             2.25879             1.22819
-1.17326             3.92736             3.21597
-1.1372             3.75656             3.95233
-1.1372             3.75656             3.95233
-1.1372             3.75656             3.95233
-1.1372             3.75656             3.95233
-1.1372             3.75656             3.95233
1.21418             2.15319              4.4799
1.21418             2.15319              4.4799
1.21418             2.15319              4.4799
1.21418             2.15319              4.4799
1.80604             3.15747             6.17972
1.80604             3.15747             6.17972
1.80604             3.15747             6.17972
-0.445995            0.719162             4.42619
-0.445995            0.719162             4.42619
0.653625            -1.75979             5.12477
0.653625            -1.75979             5.12477
-0.228012           -0.715682             2.80828
-0.228012           -0.715682             2.80828
1.69305            0.578237             4.13488
0.442286           -0.865653              6.8076
0.442286           -0.865653              6.8076
0.442286           -0.865653              6.8076
0.442286           -0.865653              6.8076
0.442286           -0.865653              6.8076
-0.442192           -0.212006             6.18068
1.07424            -2.97442              4.8964
1.07424            -2.97442              4.8964
2.84266            -1.62576             4.44128
1.34362           -0.113826              3.9312
1.34362           -0.113826              3.9312
0.218542             1.06229             3.70603
0.218542             1.06229             3.70603
-0.501787             2.14852             4.18743
-1.76123            0.281752             5.07944
-0.0497433            -2.04497             4.80634
-0.254942            -1.17774             3.95942
-0.254942            -1.17774             3.95942
-0.254942            -1.17774             3.95942
-0.254942            -1.17774             3.95942
-0.226864            -2.22925             3.96808
-0.226864            -2.22925             3.96808
-2.32823            -1.86636             4.32833
-2.32823            -1.86636             4.32833
-2.32823            -1.86636             4.32833
-2.32823            -1.86636             4.32833
-2.79997            -2.53659              3.6436
-2.79997            -2.53659              3.6436
-2.79997            -2.53659              3.6436
-2.79997            -2.53659              3.6436
-2.79997            -2.53659              3.6436
-2.42518            -1.44095               1.663
-2.42518            -1.44095               1.663
-2.42518            -1.44095               1.663
-2.42518            -1.44095               1.663
-0.758205           -0.294451              0.8944
-0.758205           -0.294451              0.8944
-0.165078            0.240074             2.77819
0.328774             1.61785                3.26
0.328774             1.61785                3.26
-1.8303             1.72645             1.55168
-1.8303             1.72645             1.55168
-1.7856             1.51646             2.10508
-1.7856             1.51646             2.10508
-1.7856             1.51646             2.10508
-0.573483              1.4965             2.94082
-0.573483              1.4965             2.94082
0.850563            0.704418             5.16271
0.850563            0.704418             5.16271
0.850563            0.704418             5.16271
0.850563            0.704418             5.16271
0.850563            0.704418             5.16271
0.719825            -2.34122             4.52782
0.00173794           -0.356436              2.8338
1.65683             0.61874            -1.02422
0.799971            0.160316            -1.77173
0.799971            0.160316            -1.77173
0.799971            0.160316            -1.77173
0.799971            0.160316            -1.77173
0.799971            0.160316            -1.77173
0.799971            0.160316            -1.77173
0.799971            0.160316            -1.77173
-1.00409           -0.271891            -1.11789
-1.00409           -0.271891            -1.11789
-1.00409           -0.271891            -1.11789
-1.63583           -0.402858             1.21996
-1.11744           -0.396203             2.71765
-0.857561            -1.17752             1.83867
-0.857561            -1.17752             1.83867
-0.857561            -1.17752             1.83867
-1.94948            -2.08441             2.65929
-1.94948            -2.08441             2.65929
-1.94948            -2.08441             2.65929
-1.94948            -2.08441             2.65929
-1.94948            -2.08441             2.65929
-1.94948            -2.08441             2.65929
-0.284216             -2.3405             1.19593
-0.284216             -2.3405             1.19593
2.11022            -2.12896             1.70893
2.11022            -2.12896             1.70893
2.11022            -2.12896             1.70893
0.336057            -2.44867             5.08755
-1.87877            -2.93605             6.62002
-1.80371            -2.97444             7.10174
-1.80371            -2.97444             7.10174
-1.80371            -2.97444             7.10174
-1.80371            -2.97444             7.10174
-5.46262            -1.32504             7.17545
-3.11425             1.62186             5.60798
-3.11425             1.62186             5.60798
-3.11425             1.62186             5.60798
-1.34863             1.76274             5.65579
1.01586           -0.988732             7.07465
1.01586           -0.988732             7.07465
1.01586           -0.988732             7.07465
1.78993            -1.91461               5.855
1.67572            -1.05199              6.0395
1.16582             2.03857             5.40064
1.29254             2.56053             4.19694
1.688             2.46003             4.10066
1.688             2.46003             4.10066
0.782287            0.747332             5.71693
0.522971            0.784709             2.18936
0.898787             1.01489             2.41216
0.898787             1.01489             2.41216
0.898787             1.01489             2.41216
0.898787             1.01489             2.41216
-0.658639             2.02731             2.31928
-0.953546             1.94102             1.66227
-0.953546             1.94102             1.66227
-0.795597            0.685417             2.29556
-0.795597            0.685417             2.29556
-1.65619            -1.30916             1.62109
-0.478587            -1.52716             3.17967
-0.478587            -1.52716             3.17967
-0.478587            -1.52716             3.17967
-0.976019           -0.179333             5.29994
-0.303979             -1.3784             2.34256
0.256966            -2.17679             4.15555
0.512223           -0.147348             3.93598
-1.22476             1.06752             4.42832
-0.184011             3.42012             4.73679
0.948924             1.20305             3.69692
0.948924             1.20305             3.69692
0.948924             1.20305             3.69692
0.948924             1.20305             3.69692
-1.86743               2.959             5.23307
-3.09737            0.808049             4.89371
-4.16191            -1.77815             3.80839
-3.95508             -3.4773             3.72814
-3.95508             -3.4773             3.72814
-3.95508             -3.4773             3.72814
-3.31059            -1.16039             3.76928
-3.31059            -1.16039             3.76928
-3.31059            -1.16039             3.76928
-2.32136            -2.05911              4.6711
-2.32136            -2.05911              4.6711
-2.32136            -2.05911              4.6711
-3.05563            -2.72761              4.8027
-1.61624            -3.30778             1.93383
-1.61624            -3.30778             1.93383
-0.778622            -2.24053             5.09219
-0.778622            -2.24053             5.09219
0.387285            -4.65807             5.17791
0.387285            -4.65807             5.17791
2.51789           -0.400869             2.17377
1.12611             0.75095             2.17281
1.12611             0.75095             2.17281
1.08877             1.18701              1.6153
1.08877             1.18701              1.6153
1.08877             1.18701              1.6153
1.08877             1.18701              1.6153
1.08877             1.18701              1.6153
1.87295            0.944247             3.23089
3.24499            0.160066             2.58915
2.18507            0.705872             4.39724
-0.101284             2.17156             3.52909
-0.101284             2.17156             3.52909
-0.310871             2.88457             4.45963
1.36854            0.760835             4.18185
2.10743            0.291771             4.49437
-0.614696          -0.0711905             5.78257
-1.2351           0.0581271             7.31429
-0.843562           -0.585365             6.76847
-0.843562           -0.585365             6.76847
-0.843562           -0.585365             6.76847
-3.95471           -0.191806             5.88245
-2.40966            -1.50816             1.66186
-2.40966            -1.50816             1.66186
-1.21662            -1.29651             2.41034
0.774933            -1.14233             2.25863
1.95238            0.562147             1.97605
1.95238            0.562147             1.97605
1.95238            0.562147             1.97605
2.42109              1.0051             2.17437
0.536065             1.31419             3.37645
2.56327             3.55466             3.16751
2.22308             3.59324               3.863
2.22308             3.59324               3.863
0.0643684            0.917973             2.13525
2.34149            0.774545             2.97437
2.30218           -0.726527             3.63052
2.29949            -2.01492             4.90224
2.29949            -2.01492             4.90224
1.83848            -3.20692             2.03151
1.83848            -3.20692             2.03151
1.83848            -3.20692             2.03151
1.79724            -2.84801             3.88318
1.79724            -2.84801             3.88318
2.12468            -1.19493             4.48316
-0.467418           -0.594695             5.13266
0.631              1.4369             6.46443
2.94585           -0.373112              5.8232
2.59333            0.542947             4.32001
-0.45272           -0.806227             1.60866
0.748367            -2.50656             1.19038
0.748367            -2.50656             1.19038
0.854129            -1.81528            -1.75808
-0.522036            -3.02979            -1.76156
-0.26258            -3.49574            -3.61945
-0.26258            -3.49574            -3.61945
-1.16712            -4.02079            -3.73942
-0.38293             -2.2314            -2.64411
-0.38293             -2.2314            -2.64411
-1.01666            -2.00255            -2.85235
-0.640186           -0.993296            -2.26522
-0.640186           -0.993296            -2.26522
0.211572            0.333715            -3.19625
0.211572            0.333715            -3.19625
0.251755           -0.245818            -4.55957
0.251755           -0.245818            -4.55957
0.251755           -0.245818            -4.55957
0.251755           -0.245818            -4.55957
0.251755           -0.245818            -4.55957
-0.853545              1.1754            -5.71943
0.949943             1.45614             -5.9269
0.949943             1.45614             -5.9269
-1.49853           -0.363099             -4.3182
-2.21195           -0.828955            -4.59948
-2.21195           -0.828955            -4.59948
-1.43174            0.531556            -2.85241
-1.43174            0.531556            -2.85241
-1.43174            0.531556            -2.85241
-1.43174            0.531556            -2.85241
-0.280288            0.348894            -3.93186
0.456184            -0.71621            -3.78046
0.456184            -0.71621            -3.78046
1.39685             -2.9879              -2.461
1.39685             -2.9879              -2.461
-0.501223            -3.55009             2.63927
-0.501223            -3.55009             2.63927
-0.501223            -3.55009             2.63927
-0.501223            -3.55009             2.63927
-0.501223            -3.55009             2.63927
-0.501223            -3.55009             2.63927
-0.501223            -3.55009             2.63927
1.16276            -1.35325             3.86099
0.202568             -3.5396             4.20451
1.1239            -2.39752              5.0707
0.761838           -0.379213             6.18745
-0.731102            -1.02486              5.1695
-0.464957              0.9212             7.00988
1.15616             3.32621             5.39879
0.863288             1.17474             6.09409
2.3749            0.588275             5.81982
1.19682             2.55205             5.27313
1.19682             2.55205             5.27313
-0.838367             2.40887             4.66993
1.79329             1.03727             5.48487
4.13278           0.0578295             5.79156
4.13278           0.0578295             5.79156
3.65109           -0.951371             6.65029
2.61803            0.553572             6.23974
2.61803            0.553572             6.23974
2.22662           -0.138688             6.01676
2.22662           -0.138688             6.01676
4.43198             -0.1184             4.76782
2.6049             1.84689             4.58666
2.6049             1.84689             4.58666
2.6049             1.84689             4.58666
2.6049             1.84689             4.58666
2.6049             1.84689             4.58666
1.57273             3.22212              5.4183
1.57273             3.22212              5.4183
1.57273             3.22212              5.4183
1.57273             3.22212              5.4183
-2.49967            0.172829             6.35552
-2.62954            0.879901             5.82235
0.100069           -0.218244             7.08748
-1.17083            0.570125              4.7307
-1.17083            0.570125              4.7307
-1.54301             1.91635             5.15175
-1.54301             1.91635             5.15175
-1.54301             1.91635             5.15175
-1.00086           0.0888815             2.85999
-1.0518           -0.371974             3.27063
-1.0518           -0.371974             3.27063
-0.660164           0.0526927             3.49767
0.0228795            0.154673             1.28358
-0.222124           -0.282134             2.46725
2.31328            0.479631             5.70618
2.31328            0.479631             5.70618
2.31328            0.479631             5.70618
2.2393            0.836341             4.58467
-0.380467            0.968462             5.95107
1.10812            -1.59655             5.49306
-1.43542           -0.655746             4.53039
-1.50155             -2.2904             1.77955
2.62727            -1.05897             1.38093
-0.154183            -1.10006              2.5874
0.952562            -1.31686             3.27398
3.75761            0.741459             3.06521
3.75761            0.741459             3.06521
3.75761            0.741459             3.06521
3.11266          -0.0359701             2.77029
3.11266          -0.0359701             2.77029
3.11266          -0.0359701             2.77029
3.21718            -2.18763              1.6371
2.35057            -2.82693              2.0949
3.41879           -0.930485             2.05217
2.37564             1.48679             2.71175
2.37564             1.48679             2.71175
2.37564             1.48679             2.71175
2.37564             1.48679             2.71175
0.884874             2.17294              -1.247
-0.519844             2.52727            -2.69466
-0.519844             2.52727            -2.69466
-0.913978            0.983947            -2.67352
-0.913978            0.983947            -2.67352
-0.60431           -0.929207            -2.20554
-0.60431           -0.929207            -2.20554
-0.60431           -0.929207            -2.20554
0.425351           -0.678729            -2.01528
-0.819309          -0.0581269           -0.846079
-0.679615           -0.348778            -1.15545
-0.0112093             2.48273            -2.69089
0.720364            0.990891            -1.71887
0.720364            0.990891            -1.71887
1.3035           -0.923717            0.932719
1.3035           -0.923717            0.932719
1.87832            -2.04731             1.91968
1.42412            -1.04979              1.2972
2.32312            -1.39981             1.75417
2.32312            -1.39981             1.75417
0.0403942             -1.1104             1.96797
0.0403942             -1.1104             1.96797
0.0403942             -1.1104             1.96797
0.0403942             -1.1104             1.96797
0.0403942             -1.1104             1.96797
-1.48646            -1.20546             3.04832
-1.48646            -1.20546             3.04832
-1.48646            -1.20546             3.04832
-1.48646            -1.20546             3.04832
-1.48646            -1.20546             3.04832
-2.85168            -1.34747             2.69036
-2.85168            -1.34747             2.69036
-2.85168            -1.34747             2.69036
-0.531821            0.933851              4.3439
-1.05455           -0.811735             4.93615
-1.05455           -0.811735             4.93615
-1.05455           -0.811735             4.93615
-3.23614           0.0106478             4.70716
-3.46649           -0.508751             5.30565
-4.27996             1.49161             3.50269
-4.27996             1.49161             3.50269
-3.16363             1.58086             6.95391
-3.16363             1.58086             6.95391
-3.16363             1.58086             6.95391
-3.16363             1.58086             6.95391
-2.47955             4.33015             7.22003
-2.3754             5.72067              7.2469
-2.3754             5.72067              7.2469
0.4178             5.49892             6.52441
0.4178             5.49892             6.52441
0.4178             5.49892             6.52441
0.4178             5.49892             6.52441
-0.945531             5.64046             7.88584
-0.945531             5.64046             7.88584
-0.945531             5.64046             7.88584
-0.238451             6.53964             11.2497
-0.238451             6.53964             11.2497
-0.238451             6.53964             11.2497
-0.997278              3.9466             9.91506
-0.232943             2.58463             9.47458
-0.232943             2.58463             9.47458
-0.104941             4.61615             5.30815
0.493372             5.14556              3.1389
0.493372             5.14556              3.1389
0.493372             5.14556              3.1389
0.493372             5.14556              3.1389
0.493372             5.14556              3.1389
0.472464             4.13112             1.37796
0.472464             4.13112             1.37796
0.472464             4.13112             1.37796
0.472464             4.13112             1.37796
0.472464             4.13112             1.37796
0.783055             2.27161             2.78925
2.48972             0.52324             3.57039
-0.873593             1.02803             1.67529
-0.873593             1.02803             1.67529
0.477444            -1.46898             3.33596
0.477444            -1.46898             3.33596
0.477444            -1.46898             3.33596
0.477444            -1.46898             3.33596
0.477444            -1.46898             3.33596
-1.38448            -0.60481             3.63312
-1.16475            0.962089             1.32668
-2.15331           -0.997674              1.9842
-1.02422            -1.73151             3.40597
-1.02422            -1.73151             3.40597
0.659786            -2.07685             4.34388
0.419331            -2.00933             5.23632
0.656927            -1.78588             2.65811
0.656927            -1.78588             2.65811
0.656927            -1.78588             2.65811
-0.412567            -1.72407             3.24965
-0.412567            -1.72407             3.24965
-0.683521            -1.02266             3.73452
0.0726611            -1.47609              1.7227
0.562418           -0.886528            0.932347
0.562418           -0.886528            0.932347
1.86496           -0.622311             2.55789
-0.0562757           0.0622976             2.21263
-0.766175             2.97527            -2.12946
-0.04052              1.6152            -1.86524
-0.082283          -0.0472272             -2.6637
-0.082283          -0.0472272             -2.6637
-0.535414            0.294784            -2.40934
-1.31768          -0.0899104            -3.89786
-1.31768          -0.0899104            -3.89786
-2.92846           -0.223509            -4.52919
-2.92846           -0.223509            -4.52919
-0.917463             -4.5947            -2.94954
-0.917463             -4.5947            -2.94954
-0.917463             -4.5947            -2.94954
-0.917463             -4.5947            -2.94954
-0.917463             -4.5947            -2.94954
-1.62837            -3.96855            -4.12248
0.178696             -4.2661            -5.40311
0.178696             -4.2661            -5.40311
0.178696             -4.2661            -5.40311
2.50637            -2.75829            -3.86993
4.13857            -1.60788            -5.47379
2.34288            -0.88957            -7.08068
1.07088            -2.01418            -6.61848
-0.160806           -0.729449            -7.42347
0.954478           -0.211439            -9.71625
-0.996075             2.11163            -9.72587
-2.15598            0.387828            -8.82267
-2.01477            0.458488            -8.17729
-2.01477            0.458488            -8.17729
-2.79074             1.88701            -7.24137
-2.79074             1.88701            -7.24137
-3.0742            0.645976            -6.96932
-3.0742            0.645976            -6.96932
-2.68047            0.408547            -4.60178
-1.6956             2.48329            -3.19284
0.773882            0.733084            -1.24681
2.96055            -1.23268            -2.59544
2.96055            -1.23268            -2.59544
2.96055            -1.23268            -2.59544
2.96055            -1.23268            -2.59544
0.355877            -0.59016            -2.84615
0.355877            -0.59016            -2.84615
0.355877            -0.59016            -2.84615
-1.31581            -2.98817            -3.38121
-1.31581            -2.98817            -3.38121
-1.31581            -2.98817            -3.38121
-1.31581            -2.98817            -3.38121
-2.32915            -2.28415            -5.09094
-2.32915            -2.28415            -5.09094
-2.32915            -2.28415            -5.09094
-0.158214            -0.98793            -7.42969
-0.158214            -0.98793            -7.42969
-0.158214            -0.98793            -7.42969
0.670828             -1.5038            -8.37155
-0.520025           -0.370682            -6.30736
0.411298             2.68826            -5.49701
0.411298             2.68826            -5.49701
2.41204              5.5544            -4.99004
2.41204              5.5544            -4.99004
2.41204              5.5544            -4.99004
2.41204              5.5544            -4.99004
2.41204              5.5544            -4.99004
2.41204              5.5544            -4.99004
-1.35293             5.21581            -5.49821
1.75178             5.84972            -6.07064
2.28867             4.08337            -5.94983
0.855053               3.734            -5.70176
1.42797             1.38468            -7.55682
1.41472              1.6628            -5.35302
0.531784             1.46947            -3.85266
0.531784             1.46947            -3.85266
0.531784             1.46947            -3.85266
-1.65028             3.45936            -3.59643
-1.65028             3.45936            -3.59643
-1.88924             1.07483            -4.31039
-3.40721             1.09536            -3.95888
-3.14769             3.43987            -3.63364
-3.02956             3.88752            -4.49458
-3.02956             3.88752            -4.49458
-1.8725             3.12332            -5.83587
-1.8725             3.12332            -5.83587
0.70868             3.72684            -6.40736
0.70868             3.72684            -6.40736
0.356275              3.2665            -5.44703
-0.432919             3.78533             -4.5329
-1.97339             4.89751            -5.11465
-2.1662              2.9619            -5.46186
-2.1662              2.9619            -5.46186
-1.83226             2.35817            -5.97846
0.391468             1.19909            -4.87209
0.391468             1.19909            -4.87209
-0.139427           -0.102738            -4.48003
0.191438           -0.387932            -3.19938
-0.170153           -0.374233             -1.4261
-0.170153           -0.374233             -1.4261
-0.170153           -0.374233             -1.4261
-0.170153           -0.374233             -1.4261
0.225988             1.15013            -1.38095
0.225988             1.15013            -1.38095
0.225988             1.15013            -1.38095
1.00436             1.66938            -1.69837
-0.300902            0.125015             4.20326
0.956176            0.530901             2.50526
0.247055            0.925482              1.6307
0.247055            0.925482              1.6307
0.247055            0.925482              1.6307
0.247055            0.925482              1.6307
-0.311575            0.168372             2.66364
-0.311575            0.168372             2.66364
-0.311575            0.168372             2.66364
-0.311575            0.168372             2.66364
-0.311575            0.168372             2.66364
-1.1251            0.447521             3.11675
-0.0577155             1.66998             1.54993
-3.56328          0.00294069             1.09568
-4.67716            -2.24076              1.1559
