# total attempts: 10000
0.122649            0.169918            0.729649
-0.890356           0.0326062             1.16066
-0.890356           0.0326062             1.16066
-1.66138             2.05201             2.81694
-1.66138             2.05201             2.81694
-1.66138             2.05201             2.81694
-1.66138             2.05201             2.81694
-1.78655             2.01756             1.36431
-1.95577             2.52707             2.06516
-1.95577             2.52707             2.06516
-1.95577             2.52707             2.06516
-1.95577             2.52707             2.06516
-1.95577             2.52707             2.06516
0.0842573            -0.15637             1.78621
0.0842573            -0.15637             1.78621
2.59739             2.48288             3.66592
0.400213            -0.19624             4.94646
-1.92913             2.71661             4.34059
-3.42093             2.94551             3.03374
-3.42093             2.94551             3.03374
-3.42093             2.94551             3.03374
-3.42093             2.94551             3.03374
-2.58626             1.15282            0.988329
-1.53667            -1.46188              0.3878
-1.53667            -1.46188              0.3878
0.537929            -1.30309            0.843936
2.66016          -0.0930868             2.93228
2.66016          -0.0930868             2.93228
4.9517            -1.35057             4.62383
6.93306            0.816336              6.0555
5.49566             2.95655              6.3423
3.02433             3.48397             7.08407
3.02433             3.48397             7.08407
0.260823             4.16083             5.36286
0.238539             6.19184             8.31672
0.238539             6.19184             8.31672
0.238539             6.19184             8.31672
2.85834             8.68873             5.61167
2.85834             8.68873             5.61167
3.73513             6.81332             4.16424
1.09564             4.60434               1.242
0.364974             2.51342              4.1076
0.364974             2.51342              4.1076
0.0422379             3.84292             4.69805
1.59209             3.53918              4.6729
0.746094               1.428             6.43503
0.746094               1.428             6.43503
1.35602             2.88296             7.31377
1.35602             2.88296             7.31377
1.35602             2.88296             7.31377
1.35602             2.88296             7.31377
-0.507862             5.69956             5.82741
-0.507862             5.69956             5.82741
-2.60966             5.93178             4.56148
-3.35633             6.90912             2.55019
-3.35633             6.90912             2.55019
-3.35633             6.90912             2.55019
-3.54007             7.03097             3.16985
-6.22269             7.44331              5.5924
-7.46736             8.00851             3.95233
-7.46736             8.00851             3.95233
-7.46736             8.00851             3.95233
-10.0874             5.14378             4.28377
-8.57874             2.16012             3.62606
-5.77113             1.94596              1.8442
-3.85036             1.38595             4.45197
-3.85036             1.38595             4.45197
-2.07425            0.118608             6.84044
-2.11854             1.54192             5.49915
-2.11854             1.54192             5.49915
-1.73935           -0.311347             6.50262
-1.73935           -0.311347             6.50262
-2.13079            0.660033             6.54574
-2.80111            -1.68777             3.63667
-2.80111            -1.68777             3.63667
-2.80111            -1.68777             3.63667
-1.83807          -0.0400605             4.59654
-1.83807          -0.0400605             4.59654
-1.83807          -0.0400605             4.59654
-0.050543            0.243165             1.65598
-0.050543            0.243165             1.65598
-0.050543            0.243165             1.65598
-0.050543            0.243165             1.65598
-0.050543            0.243165             1.65598
-0.050543            0.243165             1.65598
-0.050543            0.243165             1.65598
-0.050543            0.243165             1.65598
-2.74947             2.49875             2.65266
-2.74947             2.49875             2.65266
-2.74947             2.49875             2.65266
-2.74947             2.49875             2.65266
-2.74947             2.49875             2.65266
-0.204079          -0.0861779             4.61968
-0.204079          -0.0861779             4.61968
-0.620817             2.14719             2.53152
-0.620817             2.14719             2.53152
0.268556            0.826526             3.00154
0.268556            0.826526             3.00154
0.268556            0.826526             3.00154
0.268556            0.826526             3.00154
0.268556            0.826526             3.00154
0.268556            0.826526             3.00154
0.268556            0.826526             3.00154
-0.0469985            -1.59164             4.31944
0.0136431             -2.2947              2.6435
0.0136431             -2.2947              2.6435
-0.735679            0.610038               5.559
0.967092             3.05201             3.65969
0.967092             3.05201             3.65969
1.35092             0.13515             2.77595
2.46896           -0.195217             3.81342
2.46896           -0.195217             3.81342
2.46896           -0.195217             3.81342
2.46896           -0.195217             3.81342
2.46896           -0.195217             3.81342
2.46896           -0.195217             3.81342
-0.0730397              2.1193             2.99068
1.46736            0.733357             1.58559
1.46736            0.733357             1.58559
1.46736            0.733357             1.58559
-0.481861             2.75312             4.03251
-1.78677             2.56898             4.84587
-1.78677             2.56898             4.84587
-1.70383             3.15622             3.60871
-3.75357            0.859899             4.66618
-3.75357            0.859899             4.66618
-1.40817             1.99067             2.46574
-1.51428             0.59474              3.2324
-0.896128             1.37613             3.25873
-0.896128             1.37613             3.25873
0.489441            0.868482             3.59277
0.489441            0.868482             3.59277
0.489441            0.868482             3.59277
-1.09125           -0.789656             2.45834
-1.84076            0.934662             3.13878
-1.84076            0.934662             3.13878
-1.84076            0.934662             3.13878
-1.84076            0.934662             3.13878
-1.84076            0.934662             3.13878
-0.977007             1.56522             2.90646
-0.977007             1.56522             2.90646
-0.498198             2.43416             1.62513
-0.498198             2.43416             1.62513
-0.498198             2.43416             1.62513
-0.498198             2.43416             1.62513
-0.498198             2.43416             1.62513
2.3337             4.15904             2.04813
-0.279623             6.85028              4.0986
-0.279623             6.85028              4.0986
-0.279623             6.85028              4.0986
0.505827             4.30462             4.78181
0.12794             4.51716             2.29681
-0.173673             5.88832             3.09126
-0.173673             5.88832             3.09126
-0.173673             5.88832             3.09126
-0.173673             5.88832             3.09126
-1.39156              6.3299             3.23431
-0.0848245              6.3975             3.32084
-0.0848245              6.3975             3.32084
-0.0848245              6.3975             3.32084
-0.0848245              6.3975             3.32084
0.969572             5.03372            0.934054
0.544663             3.63402             3.45648
1.99111            0.909205             2.51377
1.99111            0.909205             2.51377
-0.900442           -0.388989             1.34866
-0.900442           -0.388989             1.34866
1.80977             1.24679             2.92001
1.80977             1.24679             2.92001
1.80977             1.24679             2.92001
-0.427482            -1.40975             2.15218
1.48002            -2.32612             3.19451
1.80273           -0.230681             4.13138
-0.152874            0.809552             5.45354
-0.152874            0.809552             5.45354
-0.152874            0.809552             5.45354
1.76214            -1.68983             5.86102
1.76214            -1.68983             5.86102
1.76214            -1.68983             5.86102
4.04424            -1.10943             2.95161
4.04424            -1.10943             2.95161
2.34303            0.577326              3.6023
2.34303            0.577326              3.6023
1.12446            0.895452             4.70135
1.12446            0.895452             4.70135
0.697227            -1.97952             4.42751
0.697227            -1.97952             4.42751
0.697227            -1.97952             4.42751
0.697227            -1.97952             4.42751
0.697227            -1.97952             4.42751
0.697227            -1.97952             4.42751
-0.586512            -4.31515             2.07208
-0.586512            -4.31515             2.07208
-3.13329            -3.03797             3.27408
-0.700379            -1.88041            0.818167
-0.363903            0.749213            0.963848
-0.363903            0.749213            0.963848
0.674259           -0.315944           -0.572314
0.329175             2.60205            -1.59562
0.329175             2.60205            -1.59562
0.329175             2.60205            -1.59562
0.329175             2.60205            -1.59562
2.97089             4.11154            -3.29173
0.358027             1.34331            -2.13565
0.358027             1.34331            -2.13565
0.358027             1.34331            -2.13565
0.358027             1.34331            -2.13565
0.358027             1.34331            -2.13565
0.358027             1.34331            -2.13565
0.158758            0.228258            -2.84039
0.158758            0.228258            -2.84039
2.45925             1.42386            -2.28567
2.45925             1.42386            -2.28567
2.45925             1.42386            -2.28567
2.45925             1.42386            -2.28567
2.45925             1.42386            -2.28567
2.45925             1.42386            -2.28567
0.977029            0.280205            -2.21843
2.05232             1.86495            -3.26795
2.05232             1.86495            -3.26795
2.42674             2.99462            -3.42832
2.42674             2.99462            -3.42832
2.42674             2.99462            -3.42832
2.42674             2.99462            -3.42832
2.42674             2.99462            -3.42832
0.959709             3.00829            -1.69021
-0.969916             2.13239            -1.38132
1.71275             1.77697             -4.1974
1.6553             2.99784            -3.40846
1.6553             2.99784            -3.40846
0.194996             4.42818            -5.96513
0.194996             4.42818            -5.96513
-0.896098              5.4291            -3.14282
-0.896098              5.4291            -3.14282
-0.354813             3.20859            -2.46352
-1.32165             2.66271            -5.06528
-1.32165             2.66271            -5.06528
-1.32165             2.66271            -5.06528
1.18373             2.04897            -5.05139
3.5053            0.741176            -3.26286
4.83453            -1.10381            -4.23802
4.83453            -1.10381            -4.23802
5.50992            -1.68927            -2.53423
5.50992            -1.68927            -2.53423
5.50992            -1.68927            -2.53423
5.50992            -1.68927            -2.53423
5.50992            -1.68927            -2.53423
5.50992            -1.68927            -2.53423
5.50992            -1.68927            -2.53423
4.62407            -1.23725              -3.313
4.08268            -1.09007            -5.25919
4.08268            -1.09007            -5.25919
1.28788             0.46158            -3.62301
1.28788             0.46158            -3.62301
1.28788             0.46158            -3.62301
1.28788             0.46158            -3.62301
-0.488163             2.20409            -4.68436
1.19086             3.93688            -3.78736
1.19086             3.93688            -3.78736
-1.44524             1.47326            -2.52462
-2.26222             2.12617            -3.19877
-2.26222             2.12617            -3.19877
-2.26222             2.12617            -3.19877
-2.26222             2.12617            -3.19877
-2.26222             2.12617            -3.19877
-2.35649              3.0848            -2.43555
-5.18608             1.76537            -1.93505
-4.67802           -0.375774            -3.04331
-4.67802           -0.375774            -3.04331
-5.81649            0.522636            -4.59033
-5.83279             1.15047            -6.83578
-4.10286           -0.667527            -8.64574
-4.10286           -0.667527            -8.64574
-4.10286           -0.667527            -8.64574
-3.06053             1.78493            -6.22328
-3.06053             1.78493            -6.22328
-0.715979            -0.47947            -7.81205
-0.715979            -0.47947            -7.81205
-0.715979            -0.47947            -7.81205
2.17867             1.12903            -4.88769
-0.797634             3.64597            -3.09248
-3.00917             2.75573             -1.1785
-3.00917             2.75573             -1.1785
-3.28601            0.969691            -3.47259
-1.25992             2.10109            -2.93674
-1.25992             2.10109            -2.93674
-1.25992             2.10109            -2.93674
0.154249             1.20583            -3.94949
0.154249             1.20583            -3.94949
0.154249             1.20583            -3.94949
0.154249             1.20583            -3.94949
0.154249             1.20583            -3.94949
0.154249             1.20583            -3.94949
-2.43191            -1.43454            -2.39192
-2.43191            -1.43454            -2.39192
-2.43191            -1.43454            -2.39192
-2.43191            -1.43454            -2.39192
-2.43191            -1.43454            -2.39192
-0.0932447             1.14683            -1.21305
0.60551             2.61345            -1.89092
0.60551             2.61345            -1.89092
0.60551             2.61345            -1.89092
1.5513             3.29845            -2.78604
1.5513             3.29845            -2.78604
-0.690427             5.93942            -3.18368
-0.690427             5.93942            -3.18368
-0.690427             5.93942            -3.18368
-1.49495             7.02853            -5.97777
-0.965179             4.25387            -5.64843
1.3322             1.95982            -7.01039
1.3322             1.95982            -7.01039
1.3322             1.95982            -7.01039
4.12566           -0.794372            -5.13856
4.12566           -0.794372            -5.13856
4.12566           -0.794372            -5.13856
4.12566           -0.794372            -5.13856
6.50817           0.0327326            -3.40044
4.82714           -0.606026            -5.43776
4.82714           -0.606026            -5.43776
5.68985            -2.55363            -4.32117
4.65984            -1.77357            -7.09521
4.65984            -1.77357            -7.09521
6.06582            -1.92896             -6.3262
6.06582            -1.92896             -6.3262
6.06582            -1.92896             -6.3262
6.06582            -1.92896             -6.3262
3.16431            0.611742            -7.11637
3.16431            0.611742            -7.11637
3.16431            0.611742            -7.11637
5.49776            -2.24005            -6.91784
5.49776            -2.24005            -6.91784
4.93727            -0.68547            -4.89193
4.93727            -0.68547            -4.89193
2.83785            0.361369            -5.68587
2.83785            0.361369            -5.68587
-0.0919446            -1.47166            -3.54515
-0.0919446            -1.47166            -3.54515
0.811962            0.733768            -3.92283
0.811962            0.733768            -3.92283
3.46157           -0.988589            -4.22103
4.31983            -3.77456            -6.79906
3.43922            -4.05394            -8.92817
1.43882            -1.40078            -5.95549
1.43882            -1.40078            -5.95549
1.43882            -1.40078            -5.95549
1.43882            -1.40078            -5.95549
2.66847            -2.57961             -4.1762
2.66847            -2.57961             -4.1762
2.76545            -1.14688            -4.93664
2.76545            -1.14688            -4.93664
2.76545            -1.14688            -4.93664
2.76545            -1.14688            -4.93664
1.19509            -2.39122            -4.61557
2.45278           -0.347368            -5.07815
0.0313955           -0.816826            -5.01998
0.742864            0.442817            -4.65814
0.657442             2.66519             -2.5813
0.657442             2.66519             -2.5813
1.57129             2.22486             -1.9351
-0.596493             2.68062            -3.84733
1.86948           -0.203222            -5.68372
1.86948           -0.203222            -5.68372
1.86948           -0.203222            -5.68372
1.86948           -0.203222            -5.68372
-0.416129            0.997638            -5.39161
-0.416129            0.997638            -5.39161
1.91779             1.62419            -4.66847
1.91779             1.62419            -4.66847
0.956451            -1.30217            -4.63747
-0.272378            -3.80617             -2.4352
-0.272378            -3.80617             -2.4352
0.492183            -1.57204            -5.04724
-1.09775            -3.74952            -3.79078
-1.09775            -3.74952            -3.79078
-1.09775            -3.74952            -3.79078
-1.09775            -3.74952            -3.79078
-1.09775            -3.74952            -3.79078
-1.09775            -3.74952            -3.79078
-2.6698           -0.825362            -4.76555
-0.872822             1.93054            -3.01098
-0.872822             1.93054            -3.01098
-0.872822             1.93054            -3.01098
-1.69432             2.39832            -1.68376
-2.66461             4.07979            -4.41644
-2.66461             4.07979            -4.41644
-2.66461             4.07979            -4.41644
-2.66461             4.07979            -4.41644
-1.65374             6.74126            -6.02449
-3.71033             6.77579             -5.2454
-3.71033             6.77579             -5.2454
-3.71033             6.77579             -5.2454
-3.55             8.00317            -6.19733
-1.71913             6.49382            -9.04007
-1.71913             6.49382            -9.04007
-1.71913             6.49382            -9.04007
-1.71913             6.49382            -9.04007
-2.60388             7.75698            -7.74187
-4.02217             8.13577            -5.51219
-4.02217             8.13577            -5.51219
-4.02217             8.13577            -5.51219
-2.11281             10.9324            -7.85986
-2.11281             10.9324            -7.85986
-1.94273             11.0837            -8.89839
-1.80838             9.22943            -8.76516
-1.80838             9.22943            -8.76516
-1.93555             9.17963            -7.21409
-0.0883317             6.40312            -4.22924
-0.0883317             6.40312            -4.22924
-0.342973             3.91043            -2.01149
0.366855             4.10454            -3.04559
2.11935             2.06986            -4.96092
2.11935             2.06986            -4.96092
2.11935             2.06986            -4.96092
2.11935             2.06986            -4.96092
2.19654             1.30788            -5.01789
0.720819           -0.724045            -2.94105
0.720819           -0.724045            -2.94105
0.720819           -0.724045            -2.94105
0.720819           -0.724045            -2.94105
2.91297            -2.20936            -4.20278
2.91297            -2.20936            -4.20278
2.91297            -2.20936            -4.20278
0.374233            -3.30042            -2.28178
-1.95037             -2.2051            -3.99729
-3.46617              -2.334            -3.58608
-3.139            -2.01007            -3.49558
-3.139            -2.01007            -3.49558
-3.139            -2.01007            -3.49558
-1.59953           0.0691167           -0.941949
-0.0833355            -2.28421             1.85795
-0.0833355            -2.28421             1.85795
-0.0833355            -2.28421             1.85795
-2.37786            0.544418             3.61688
-2.37786            0.544418             3.61688
-2.37786            0.544418             3.61688
-2.37786            0.544418             3.61688
-2.2802            0.860979             2.96513
-2.2802            0.860979             2.96513
-2.2802            0.860979             2.96513
-2.22473             -1.3574             2.50066
-2.22473             -1.3574             2.50066
-2.22473             -1.3574             2.50066
0.246612            -1.25475             4.15684
0.246612            -1.25475             4.15684
0.246612            -1.25475             4.15684
0.246612            -1.25475             4.15684
-0.0713564           -0.650575             2.07988
0.586451           -0.927798             3.39658
1.95713            -1.69529             3.78528
0.978724           0.0757322             3.60953
0.978724           0.0757322             3.60953
0.978724           0.0757322             3.60953
-0.475318             1.17046             2.16553
-0.475318             1.17046             2.16553
-0.475318             1.17046             2.16553
-0.475318             1.17046             2.16553
-1.35642            0.264069             3.53364
-1.35642            0.264069             3.53364
-0.906936           -0.679655             1.29192
-0.906936           -0.679655             1.29192
-0.906936           -0.679655             1.29192
-1.92332           -0.689013             1.84952
-0.992441           -0.261627              4.4958
-0.992441           -0.261627              4.4958
-1.41262             1.52507              1.5293
-1.41262             1.52507              1.5293
-3.86661             0.91059             4.21233
-3.52581             3.61739             3.83954
-3.52581             3.61739             3.83954
-1.00023             2.39869             4.02611
-1.00023             2.39869             4.02611
-1.7972           -0.599171             3.87787
-1.7972           -0.599171             3.87787
-1.7972           -0.599171             3.87787
-0.386941            -1.06539             5.87978
2.34722              1.8838             4.35749
-0.451736              1.3991             6.44688
-1.26847            0.601587             5.00136
-2.33358            -1.65404             2.06705
-1.90788            0.296846           -0.556985
-0.0660454             1.53654            -2.26136
-0.0660454             1.53654            -2.26136
2.27866             0.14438            -4.28107
2.27866             0.14438            -4.28107
2.27866             0.14438            -4.28107
2.27866             0.14438            -4.28107
1.68253             1.41099            -4.03246
1.24445             3.59422            -6.02586
1.24445             3.59422            -6.02586
1.24445             3.59422            -6.02586
2.11981            0.748663            -3.85608
2.11981            0.748663            -3.85608
2.11981            0.748663            -3.85608
2.11981            0.748663            -3.85608
2.11981            0.748663            -3.85608
0.0753211           -0.125063            -4.70702
0.0753211           -0.125063            -4.70702
0.1425          -0.0297322            -4.75223
0.531757           -0.465796            -5.48985
-1.71862             1.71989            -3.62471
-1.48776            0.711918            -4.84771
-2.16123            -0.34814            -3.36118
-2.16123            -0.34814            -3.36118
-1.47055            -3.05631            -0.97902
-1.47055            -3.05631            -0.97902
-1.47055            -3.05631            -0.97902
-4.28079            -4.74293            -2.94452
-4.28079            -4.74293            -2.94452
-4.28079            -4.74293            -2.94452
-4.28079            -4.74293            -2.94452
-4.28079            -4.74293            -2.94452
-2.7932            -4.42175            -5.31213
-0.276987             -5.9297            -6.09014
-2.17186             -5.5169            -6.39688
-4.3938            -3.53638            -6.47585
-3.52828             -1.9789            -8.20933
-2.85503            0.994098            -8.45188
-4.98908             2.88343            -8.36496
-4.98908             2.88343            -8.36496
-4.98908             2.88343            -8.36496
-5.09235            0.491587            -6.13494
-5.09235            0.491587            -6.13494
-5.09235            0.491587            -6.13494
-5.09235            0.491587            -6.13494
-5.09235            0.491587            -6.13494
-5.09235            0.491587            -6.13494
-4.69227            -2.01863              -5.785
-6.5551            0.127559            -4.09025
-3.93926            -2.18728             -1.9012
-3.93926            -2.18728             -1.9012
-5.67352            -2.54005              -4.559
-5.18271            -3.19245            -4.39518
-4.72929            -3.81539            -5.81079
-2.7118            -2.00136            -7.74601
-1.34855           -0.439478            -6.01738
-1.88927            -2.74601            -3.29203
-2.87761            -3.01028             -2.4793
-2.78927           -0.371656            -1.27744
-2.78927           -0.371656            -1.27744
-2.78927           -0.371656            -1.27744
-0.885855             -1.8806            -2.67914
-0.885855             -1.8806            -2.67914
-3.47793            0.346113            -2.89741
-3.47793            0.346113            -2.89741
-3.47793            0.346113            -2.89741
-3.47793            0.346113            -2.89741
-0.846157            -2.50542            -4.36955
-0.846157            -2.50542            -4.36955
-2.72866           -0.471397            -2.98893
-2.72866           -0.471397            -2.98893
-2.72866           -0.471397            -2.98893
-2.72866           -0.471397            -2.98893
-2.72866           -0.471397            -2.98893
-2.72866           -0.471397            -2.98893
-4.84941             -1.1417            -4.25887
-4.84941             -1.1417            -4.25887
-4.84941             -1.1417            -4.25887
-5.30231            -1.31707            -1.64581
-4.38195              0.4074            -3.20763
-4.38195              0.4074            -3.20763
-3.20403            -1.11972            -2.25838
-0.971695             0.92668            -3.17498
-0.902291           -0.789284            -2.94478
-1.29647            0.728378            -2.98991
-1.29647            0.728378            -2.98991
-1.26384            -1.25871            -2.08206
-1.26384            -1.25871            -2.08206
-1.26384            -1.25871            -2.08206
-1.26384            -1.25871            -2.08206
-3.8717            -2.26668            -5.02273
-4.82304            -2.89648            -4.55315
-2.60274             -2.9365            -6.86057
-4.3253            -2.19399            -6.00401
-2.41651            -3.90888            -6.02844
-1.37707            -3.63415            -6.06038
-1.37707            -3.63415            -6.06038
-2.48374            -3.80543             -4.1709
-2.48374            -3.80543             -4.1709
-3.04533            -2.14842            -1.88484
-3.04533            -2.14842            -1.88484
-3.04533            -2.14842            -1.88484
-3.04533            -2.14842            -1.88484
-3.04533            -2.14842            -1.88484
-3.04533            -2.14842            -1.88484
-3.04533            -2.14842            -1.88484
-3.04533            -2.14842            -1.88484
-3.04533            -2.14842            -1.88484
-3.04533            -2.14842            -1.88484
-2.11857            0.289146            -1.42439
-0.920862           -0.390825           -0.595234
0.080226           -0.511564             1.82071
0.080226           -0.511564             1.82071
0.080226           -0.511564             1.82071
0.080226           -0.511564             1.82071
0.080226           -0.511564             1.82071
0.080226           -0.511564             1.82071
-0.749035            -3.50143             2.67425
-1.27179            -2.18924             1.70762
-2.20261             0.51129             2.55481
-2.20261             0.51129             2.55481
-2.20261             0.51129             2.55481
-2.20261             0.51129             2.55481
-2.20261             0.51129             2.55481
-2.20261             0.51129             2.55481
-2.20261             0.51129             2.55481
-2.20261             0.51129             2.55481
-3.65553            0.612437             4.79927
-1.49286             1.37629             2.60585
-1.49286             1.37629             2.60585
-1.49286             1.37629             2.60585
-1.93412             0.98031             2.49424
-1.93412             0.98031             2.49424
-1.93412             0.98031             2.49424
0.774791            -1.98062             3.65986
-0.680943           -0.247287             2.57921
-0.680943           -0.247287             2.57921
1.34527             0.17761             1.59452
0.0526156             1.18281             2.75971
0.0526156             1.18281             2.75971
2.92811             1.00808             3.17505
1.51969            -1.30846             3.28404
1.51969            -1.30846             3.28404
1.51969            -1.30846             3.28404
1.51969            -1.30846             3.28404
0.630969             -2.7189             3.00248
0.630969             -2.7189             3.00248
0.630969             -2.7189             3.00248
0.630969             -2.7189             3.00248
0.630969             -2.7189             3.00248
0.630969             -2.7189             3.00248
0.630969             -2.7189             3.00248
0.630969             -2.7189             3.00248
0.630969             -2.7189             3.00248
0.630969             -2.7189             3.00248
0.133718            -2.04177             5.45389
0.133718            -2.04177             5.45389
-1.06643           -0.223641             3.41989
-1.06643           -0.223641             3.41989
-1.06643           -0.223641             3.41989
-1.06643           -0.223641             3.41989
-1.06643           -0.223641             3.41989
-1.06643           -0.223641             3.41989
-1.06643           -0.223641             3.41989
-0.824919            -1.82718             2.69752
-0.824919            -1.82718             2.69752
-0.824919            -1.82718             2.69752
-0.824919            -1.82718             2.69752
-0.824919            -1.82718             2.69752
1.9391            -2.88715             5.29867
1.9391            -2.88715             5.29867
0.511421           0.0807966             3.03955
0.511421           0.0807966             3.03955
0.511421           0.0807966             3.03955
-2.17017           -0.861482             5.32207
-1.28136            -1.66418             2.39909
0.841486           -0.708674             4.72984
1.60789            0.152333             3.71497
1.60789            0.152333             3.71497
1.60789            0.152333             3.71497
-0.734723           0.0769953             5.12026
-0.734723           0.0769953             5.12026
-0.734723           0.0769953             5.12026
-0.0391233            -2.61132             4.02556
0.276791             -1.4742             5.04395
0.276791             -1.4742             5.04395
0.276791             -1.4742             5.04395
1.01495            -1.10715             4.18733
-0.335652            -2.99932             4.72259
-0.335652            -2.99932             4.72259
-0.335652            -2.99932             4.72259
-0.335652            -2.99932             4.72259
-2.57176             -1.6494             3.20357
-2.57176             -1.6494             3.20357
-3.94721             -2.4612             5.23997
-3.94721             -2.4612             5.23997
-5.30802            -2.62024             4.78539
-2.47767           -0.210249              7.0532
0.0179262           0.0876231             6.99691
-2.76154            -2.71731             4.75978
-2.81792           -0.877106             5.78573
-1.37529             1.31877             3.81548
-1.37529             1.31877             3.81548
-1.37529             1.31877             3.81548
-1.37529             1.31877             3.81548
-1.87907            -0.86238              3.3081
-0.932447             1.96063             4.23131
-0.932447             1.96063             4.23131
-0.932447             1.96063             4.23131
-2.26353             4.23032             4.48247
-1.09967             5.95934             2.92556
-1.09967             5.95934             2.92556
-1.09967             5.95934             2.92556
-1.09967             5.95934             2.92556
-2.36144             6.01411             1.70425
-2.36144             6.01411             1.70425
-0.762521             6.54811             2.71121
-0.762521             6.54811             2.71121
0.228609             7.08692             4.60275
0.228609             7.08692             4.60275
0.228609             7.08692             4.60275
0.228609             7.08692             4.60275
-0.244878             5.72503             4.83082
0.978332             4.26816             3.03866
-0.574708             1.76511             2.48253
-0.574708             1.76511             2.48253
-1.53739           -0.373022             4.40813
-1.53739           -0.373022             4.40813
-1.53739           -0.373022             4.40813
1.36199            0.499355             2.53678
1.36199            0.499355             2.53678
1.36199            0.499355             2.53678
1.36199            0.499355             2.53678
1.36199            0.499355             2.53678
1.36199            0.499355             2.53678
1.36199            0.499355             2.53678
1.36199            0.499355             2.53678
1.36199            0.499355             2.53678
-1.16304             1.48109             2.79379
-1.16304             1.48109             2.79379
-0.668475            0.163322             2.09756
-0.668475            0.163322             2.09756
-0.668475            0.163322             2.09756
0.864166             2.02833             3.10967
0.864166             2.02833             3.10967
1.49397             2.26312             2.02578
2.82437           -0.650199             1.21672
2.82437           -0.650199             1.21672
2.82437           -0.650199             1.21672
2.82437           -0.650199             1.21672
2.82437           -0.650199             1.21672
2.82437           -0.650199             1.21672
2.82437           -0.650199             1.21672
2.82437           -0.650199             1.21672
2.82437           -0.650199             1.21672
2.82437           -0.650199             1.21672
2.82437           -0.650199             1.21672
0.0873988            0.289838             -1.6612
0.0451381            0.698721            -1.50298
-0.930683            -1.97919             1.24314
-0.930683            -1.97919             1.24314
-0.930683            -1.97919             1.24314
1.81966           -0.586189             1.04813
1.81966           -0.586189             1.04813
-0.629825             1.67798             2.58094
-0.629825             1.67798             2.58094
-0.629825             1.67798             2.58094
-1.97826             1.48064             3.49725
-1.97826             1.48064             3.49725
0.601909            -1.07753             3.94062
-1.53187              1.0923             6.39456
-0.59568             1.66964              6.3327
-3.23498           -0.884108             4.34115
-3.23498           -0.884108             4.34115
-3.23498           -0.884108             4.34115
-3.23498           -0.884108             4.34115
-3.23498           -0.884108             4.34115
-3.23498           -0.884108             4.34115
-2.44657            0.203442             3.97122
-2.44657            0.203442             3.97122
-3.80779           -0.488832             1.80154
-3.07764           -0.114289             4.34631
-3.07764           -0.114289             4.34631
-2.9219            0.750131              3.5472
-0.0585943           -0.232191             3.58776
-0.0585943           -0.232191             3.58776
-1.2347          -0.0839278             3.49465
-1.2347          -0.0839278             3.49465
-3.15718            0.706553             2.91655
-0.582974            -2.07913             4.61306
-0.582974            -2.07913             4.61306
-0.582974            -2.07913             4.61306
-0.766068            -3.52473             1.98671
-0.766068            -3.52473             1.98671
-0.522358            -2.04214             2.66471
-0.522358            -2.04214             2.66471
1.72416            -0.43241             2.87549
1.29546            -1.23268             4.10501
1.29546            -1.23268             4.10501
-0.917879            0.392358              1.4679
-0.848867             2.08185             2.70697
-0.848867             2.08185             2.70697
-0.848867             2.08185             2.70697
-0.848867             2.08185             2.70697
-0.848867             2.08185             2.70697
1.41085             4.00477             3.44485
1.41085             4.00477             3.44485
1.41085             4.00477             3.44485
1.41085             4.00477             3.44485
1.41085             4.00477             3.44485
1.41085             4.00477             3.44485
1.41085             4.00477             3.44485
-1.55128             4.07992              4.0907
-1.55128             4.07992              4.0907
-1.55128             4.07992              4.0907
-1.55128             4.07992              4.0907
-2.89372             1.99244             1.55731
-0.0547028             3.94943             1.04655
-2.39066             1.95368            -1.17182
0.412614            0.657012             1.50733
0.412614            0.657012             1.50733
0.412614            0.657012             1.50733
0.412614            0.657012             1.50733
0.412614            0.657012             1.50733
2.04634             1.73684             1.20114
2.04634             1.73684             1.20114
3.316            0.173319             1.82072
3.18421            -1.00288             3.94629
3.18421            -1.00288             3.94629
2.07326             -1.5209             2.20871
2.07326             -1.5209             2.20871
-0.567697             1.01947             2.91487
-1.16253              2.3556             3.11145
-1.16253              2.3556             3.11145
-1.16253              2.3556             3.11145
-1.16253              2.3556             3.11145
-1.16253              2.3556             3.11145
-1.16253              2.3556             3.11145
-1.16253              2.3556             3.11145
-1.57671            0.505712             1.41302
-1.27691            -1.44738             1.26715
-0.846121             1.26653             3.31196
-0.779461            0.438304            0.955801
-0.779461            0.438304            0.955801
-2.97796            0.268689            0.799873
-5.43708            -1.97545             1.56365
-5.43708            -1.97545             1.56365
-5.43708            -1.97545             1.56365
-5.43708            -1.97545             1.56365
-5.43708            -1.97545             1.56365
-2.69184            0.268421             3.36219
-2.69184            0.268421             3.36219
-2.69184            0.268421             3.36219
-5.39206             2.09703              4.6689
-4.88911           -0.861305             1.84344
-4.88911           -0.861305             1.84344
-4.88911           -0.861305             1.84344
-4.88911           -0.861305             1.84344
-2.26073           -0.682224             3.82434
0.370128             1.65365             5.73541
0.370128             1.65365             5.73541
0.370128             1.65365             5.73541
0.370128             1.65365             5.73541
0.370128             1.65365             5.73541
0.370128             1.65365             5.73541
0.407891            -1.28825              3.8208
-1.28687            0.761699             3.01976
-1.28687            0.761699             3.01976
-1.28687            0.761699             3.01976
-1.28687            0.761699             3.01976
-1.28687            0.761699             3.01976
-1.28687            0.761699             3.01976
-1.28687            0.761699             3.01976
-1.28687            0.761699             3.01976
-1.28687            0.761699             3.01976
-1.28687            0.761699             3.01976
-1.28687            0.761699             3.01976
-2.96828            -1.99319             4.87676
-1.86911             -4.8305               5.427
-1.87673            -2.30498             5.01906
-0.969653           -0.567325             4.94968
1.22817              2.4086             3.59335
1.22817              2.4086             3.59335
1.22817              2.4086             3.59335
1.22817              2.4086             3.59335
0.264388             2.15973             3.21464
0.264388             2.15973             3.21464
0.264388             2.15973             3.21464
1.95057             1.98668             4.47307
1.95057             1.98668             4.47307
1.95057             1.98668             4.47307
1.95057             1.98668             4.47307
1.95057             1.98668             4.47307
1.68296             4.48721             4.62758
0.698941             4.70997             2.15271
1.26138             1.78478             4.33928
1.26138             1.78478             4.33928
0.141203            0.496606              4.6031
0.141203            0.496606              4.6031
0.141203            0.496606              4.6031
-1.82883            -1.96387             6.00081
0.324458             1.01856             6.22103
0.360573            -1.66346             6.15678
-1.55593            -4.50783             4.60805
-4.03813            -2.89201             2.58848
-3.30089           -0.732453             5.35151
-2.49457            -3.47139              2.3782
-2.49457            -3.47139              2.3782
-2.49457            -3.47139              2.3782
-3.67183           -0.977958             1.76863
-2.49519             -1.2332             2.47478
-2.49519             -1.2332             2.47478
-2.31079            0.344551              3.6336
-0.480179            0.846233            0.983954
-0.480179            0.846233            0.983954
-2.72805             2.20448            -1.22535
-2.72805             2.20448            -1.22535
-3.40409            -0.26809            -3.73175
-4.46281            0.717493            -4.96546
-5.41854             2.66733            -2.58355
-5.41854             2.66733            -2.58355
-5.41854             2.66733            -2.58355
-4.09253            0.654231            -5.17295
-4.09253            0.654231            -5.17295
-1.43499             -2.3077            -6.35651
-1.43499             -2.3077            -6.35651
-1.43499             -2.3077            -6.35651
-2.28334            -4.84648            -4.46782
-1.12864            -6.27252            -5.68069
-2.94813            -4.80342            -4.07074
-2.94813            -4.80342            -4.07074
-1.4609            -3.59692            -6.65331
1.50114             -2.1811            -8.34118
3.50195            -1.61355            -9.00442
5.62861            -3.70111             -10.671
6.2571            -2.84532            -11.0267
6.2571            -2.84532            -11.0267
6.2571            -2.84532            -11.0267
6.2571            -2.84532            -11.0267
3.59654            -5.19084            -11.5352
3.59654            -5.19084            -11.5352
5.80173            -2.23174            -11.3581
4.39861           -0.597097            -11.5702
3.16605            0.245628            -10.9604
3.54502             0.77507            -9.59409
3.54502             0.77507            -9.59409
2.36706             1.16115            -8.62223
3.53585             2.61888             -5.9006
5.15723             1.81727            -4.88673
5.15723             1.81727            -4.88673
4.14938            0.940238            -7.16873
4.14938            0.940238            -7.16873
7.07614           -0.627096            -6.35218
5.65039            0.350398            -6.81474
6.47827            0.709098            -5.69037
8.3565           -0.752331             -5.9823
5.78389             1.90824            -8.07585
5.78389             1.90824            -8.07585
4.12683             3.93295            -8.18176
1.47009             1.18455            -5.94304
-1.3398            -1.76025            -6.41828
-1.3398            -1.76025            -6.41828
-1.3398            -1.76025            -6.41828
-0.211122            0.912134            -4.08966
-0.211122            0.912134            -4.08966
-0.211122            0.912134            -4.08966
1.972            -1.81864            -3.00013
-0.892573            -1.33438            -2.05011
0.406948            -1.08567            -2.56634
0.355399            -1.07885            -3.62494
2.0543            -0.17988            -2.23205
5.00527            0.994913             -3.4434
5.00527            0.994913             -3.4434
4.08198            -1.48591            -1.24449
2.42256            0.824913             1.55226
3.18099             2.59629             3.34736
0.44841             3.38338             3.01009
-0.858522            0.952824             1.51243
-0.858522            0.952824             1.51243
1.48437             2.49467             3.53126
1.48437             2.49467             3.53126
1.48437             2.49467             3.53126
-0.56451             2.33186             2.80658
-0.56451             2.33186             2.80658
-0.56451             2.33186             2.80658
-0.56451             2.33186             2.80658
0.499133             1.94778             5.32975
-0.758444            0.610021             6.10912
-1.7946            0.789628             5.32069
-1.7946            0.789628             5.32069
-2.92697            -1.39552             4.67969
-2.49172            0.877343             4.97899
-2.49172            0.877343             4.97899
-2.49172            0.877343             4.97899
-2.49172            0.877343             4.97899
-0.667525           -0.933093             4.39535
-0.667525           -0.933093             4.39535
-0.254021            -3.34066             3.91168
2.70838            -3.03482             3.39162
1.34303            -3.37468             4.75251
0.0931741            -4.41743             1.96918
0.85322            -1.78686            0.415533
2.10696           0.0370744            -1.54747
2.10696           0.0370744            -1.54747
2.10696           0.0370744            -1.54747
2.10696           0.0370744            -1.54747
2.10696           0.0370744            -1.54747
-0.157735             1.05005            -1.39363
0.569154             3.06445            -2.44726
-1.82366            0.294215            -2.99838
-1.82366            0.294215            -2.99838
-1.82366            0.294215            -2.99838
0.0154139           -0.756557            -1.44412
0.0154139           -0.756557            -1.44412
0.0154139           -0.756557            -1.44412
2.04157             2.14371             -4.4054
2.05588             3.05398            -3.05681
1.24282            0.230049            -5.17915
-1.05745           -0.512756            -2.67734
1.77941            -2.30901            -3.57754
2.34559            0.500784            -4.19971
2.60846           0.0831073            -1.37269
2.02553             1.11588            -1.91545
3.6584           -0.583881            -4.13133
3.6584           -0.583881            -4.13133
6.1856           -0.435105            -2.92404
4.10473            -2.46669            -5.00875
4.24683             -4.4777              -3.067
4.24683             -4.4777              -3.067
3.21604            -6.22601            -4.97156
3.21604            -6.22601            -4.97156
3.21604            -6.22601            -4.97156
3.21604            -6.22601            -4.97156
3.21604            -6.22601            -4.97156
3.21604            -6.22601            -4.97156
3.21604            -6.22601            -4.97156
4.66653            -5.28943            -3.68384
5.49753            -4.54534            -3.41786
4.09129            -2.31674            -4.10983
4.09129            -2.31674            -4.10983
1.88756            0.221161            -4.56514
0.169241            0.935644            -2.88027
0.169241            0.935644            -2.88027
0.169241            0.935644            -2.88027
0.169241            0.935644            -2.88027
0.670005           -0.480424            -3.36729
0.670005           -0.480424            -3.36729
0.670005           -0.480424            -3.36729
-0.0490257          -0.0684667            -1.22975
-0.0490257          -0.0684667            -1.22975
-0.0490257          -0.0684667            -1.22975
-0.573338              1.4289           -0.873623
-0.216643             1.49291             1.61318
-0.216643             1.49291             1.61318
0.824537             1.62662             2.45009
0.824537             1.62662             2.45009
0.824537             1.62662             2.45009
-0.0338551           -0.276538             3.02909
0.38897             1.32822             2.54082
0.198216            0.186897             4.71458
2.6604              1.8829             4.53957
2.6604              1.8829             4.53957
0.939301             2.00097             3.59068
0.607379             1.55033             3.58541
0.607379             1.55033             3.58541
-2.08447             1.26314             1.76979
-2.08447             1.26314             1.76979
-2.08447             1.26314             1.76979
-4.60172             1.36982              3.7282
-4.60172             1.36982              3.7282
-4.60172             1.36982              3.7282
-4.60172             1.36982              3.7282
-4.60172             1.36982              3.7282
-4.60172             1.36982              3.7282
-4.60172             1.36982              3.7282
-4.60172             1.36982              3.7282
-4.60172             1.36982              3.7282
-2.4023           -0.304934             4.67824
0.593484           -0.402101             6.91708
-1.84485           -0.161504              4.5271
-1.84485           -0.161504              4.5271
-0.43431            -1.31173             4.72578
-0.43431            -1.31173             4.72578
-3.14428            -1.34886              3.3437
-3.14428            -1.34886              3.3437
-3.14428            -1.34886              3.3437
-1.57078           -0.599678             2.32367
-1.57078           -0.599678             2.32367
-1.57078           -0.599678             2.32367
-1.57078           -0.599678             2.32367
-1.57078           -0.599678             2.32367
-1.57078           -0.599678             2.32367
-1.57078           -0.599678             2.32367
-1.57078           -0.599678             2.32367
-1.57078           -0.599678             2.32367
-1.57078           -0.599678             2.32367
-1.57078           -0.599678             2.32367
-1.57078           -0.599678             2.32367
-1.57078           -0.599678             2.32367
1.00917            -1.27441             3.05381
2.27281            -3.10163             3.09356
1.8763            -2.06674             5.27861
1.8763            -2.06674             5.27861
0.23607            -2.33694             5.67152
0.29399            -1.61789             3.28019
0.29399            -1.61789             3.28019
0.29399            -1.61789             3.28019
0.29399            -1.61789             3.28019
2.48666             1.03302            0.917993
-0.160886             3.30388             3.57954
-0.160886             3.30388             3.57954
-0.160886             3.30388             3.57954
-2.25397             2.61096             5.41763
-2.25397             2.61096             5.41763
-2.25397             2.61096             5.41763
-2.25397             2.61096             5.41763
-2.25397             2.61096             5.41763
-2.25397             2.61096             5.41763
-0.992801             4.39216             7.10308
-2.60101             5.78754             6.55675
-2.44063               4.748             8.61814
-2.50393             5.98847             9.03175
-0.203971             3.47761             6.17737
-0.203971             3.47761             6.17737
-0.209454             1.44097              3.9731
2.269              2.5587             5.20762
1.99965             1.02259              6.6122
-0.989597              1.5747             6.58465
-2.8514            -1.29918             6.34815
-2.12478            -3.11391             6.96858
-2.12478            -3.11391             6.96858
-4.13741            -3.58607             4.21957
-1.41259            -1.65073             5.47609
-1.41259            -1.65073             5.47609
-1.41259            -1.65073             5.47609
0.474326            -1.36418             4.06178
0.474326            -1.36418             4.06178
3.06078            -2.06479             3.96261
3.06078            -2.06479             3.96261
1.84842           -0.457462             2.46402
1.84842           -0.457462             2.46402
0.503959            -1.49809              1.6736
0.503959            -1.49809              1.6736
0.503959            -1.49809              1.6736
0.149752         -0.00881565             3.92441
-0.289097             1.48717             1.33661
0.709912             1.88232             -1.5629
3.39208             1.82384            -2.51231
3.39208             1.82384            -2.51231
3.39208             1.82384            -2.51231
3.39208             1.82384            -2.51231
3.39208             1.82384            -2.51231
3.39208             1.82384            -2.51231
3.39208             1.82384            -2.51231
3.39208             1.82384            -2.51231
4.05978            0.406136            -4.48869
4.4271            0.344676            -2.63877
4.4271            0.344676            -2.63877
3.07525              2.8879             -5.4747
0.361077             4.32568            -2.76582
1.93016             3.11797            -1.73225
0.32456            0.164144            -1.15982
-0.543764           -0.909186            -2.01966
-0.543764           -0.909186            -2.01966
-0.543764           -0.909186            -2.01966
-0.543764           -0.909186            -2.01966
-0.543764           -0.909186            -2.01966
-1.19186           -0.951446            -4.97089
-4.13126            -2.94115            -3.09343
-4.13126            -2.94115            -3.09343
-4.13126            -2.94115            -3.09343
-4.89575            -1.92607            -1.97116
-4.89575            -1.92607            -1.97116
-4.89575            -1.92607            -1.97116
-4.89575            -1.92607            -1.97116
-4.89575            -1.92607            -1.97116
-2.17632            -3.95299             -2.3157
-2.17632            -3.95299             -2.3157
-0.950523            -5.98945            -2.22984
-0.950523            -5.98945            -2.22984
-0.950523            -5.98945            -2.22984
0.939362             -8.2954            -2.84095
0.939362             -8.2954            -2.84095
3.72724            -6.07623            -2.84482
1.44016            -7.99808            -4.64554
1.44016            -7.99808            -4.64554
-0.141346            -5.90315            -6.60045
-0.409318            -3.91429            -4.70903
0.59755            -2.36348            -3.50515
0.59755            -2.36348            -3.50515
-0.0327367            -2.37619            -4.85385
-0.0327367            -2.37619            -4.85385
-0.0327367            -2.37619            -4.85385
-2.4477            -1.88697            -2.17475
-2.19027            -1.42701            -1.10013
-2.19027            -1.42701            -1.10013
-1.64446           -0.044079            -3.89434
-1.64446           -0.044079            -3.89434
-1.64446           -0.044079            -3.89434
0.950039            -2.56462            -3.23007
0.950039            -2.56462            -3.23007
3.44368             -1.5074            -1.93297
3.44368             -1.5074            -1.93297
1.55966             -1.1285            -3.31267
1.55966             -1.1285            -3.31267
1.55966             -1.1285            -3.31267
0.28459            -1.12476            -5.48045
2.57814            -2.42871            -5.45171
2.57814            -2.42871            -5.45171
2.57814            -2.42871            -5.45171
2.44955            0.229056            -5.57243
2.44955            0.229056            -5.57243
4.43119           -0.594169            -4.86973
1.6254             1.70626             -3.5692
1.6254             1.70626             -3.5692
1.6254             1.70626             -3.5692
1.6254             1.70626             -3.5692
-0.498382             4.56573            -4.07218
-0.498382             4.56573            -4.07218
-3.28858             1.94576            -4.20973
-2.10072              2.6849             -4.6038
-1.62668             2.26389            -4.59517
-1.62668             2.26389            -4.59517
-1.62668             2.26389            -4.59517
-1.62668             2.26389            -4.59517
-1.62668             2.26389            -4.59517
-1.62668             2.26389            -4.59517
-1.71639            0.360419            -2.30805
-0.387844           -0.460711            -1.93952
-0.387844           -0.460711            -1.93952
-0.387844           -0.460711            -1.93952
-0.387844           -0.460711            -1.93952
-0.387844           -0.460711            -1.93952
0.908224             2.16808            -2.78272
0.260488           -0.802712            -3.85348
-0.320685             1.58229            -2.93782
-1.13777            0.434653            -5.30573
-1.82529             1.34647            -5.46842
0.507334           -0.598655            -4.33259
1.54886            0.926038            -3.13418
3.70904           -0.203897            -1.69803
2.92019             1.62885            -1.11518
2.2894          -0.0939593            -3.55824
2.2894          -0.0939593            -3.55824
1.292            0.635532            -3.25201
1.292            0.635532            -3.25201
1.292            0.635532            -3.25201
-0.885194            0.676843            -3.52089
-1.44653           -0.263176            -3.48362
-2.87532            -3.17164            -3.69253
-3.1138            -3.67717           -0.984547
-2.41647            -5.94876            -3.25558
-2.41647            -5.94876            -3.25558
-2.41647            -5.94876            -3.25558
-3.14844            -4.62982            -1.34543
-4.7092            -2.35413            -1.24862
-1.88923            0.280666           -0.941419
-1.88923            0.280666           -0.941419
-1.88923            0.280666           -0.941419
-1.88923            0.280666           -0.941419
-1.88923            0.280666           -0.941419
-3.82276              2.2745            -2.59851
-1.1466             3.02069            -4.59126
-1.1466             3.02069            -4.59126
-1.4493             4.79643            -2.73742
-1.69127             2.56747            -4.20583
-2.84004             2.73415            -4.31888
-3.03946            0.497322            -2.83418
-1.39488           -0.860511            -4.37555
-1.39488           -0.860511            -4.37555
-1.39488           -0.860511            -4.37555
-1.39488           -0.860511            -4.37555
-1.39488           -0.860511            -4.37555
-1.39488           -0.860511            -4.37555
0.367818             -3.6822            -6.38484
0.367818             -3.6822            -6.38484
-0.475398            -4.50167            -4.09295
-0.475398            -4.50167            -4.09295
-0.122237            -3.78392            -6.15418
-0.122237            -3.78392            -6.15418
-0.122237            -3.78392            -6.15418
-0.122237            -3.78392            -6.15418
-2.54568           -0.796981            -6.61412
-0.0878153           -0.877453            -5.92679
0.957932           -0.974914            -3.97788
-0.966219          0.00719158            -3.24247
-0.966219          0.00719158            -3.24247
-0.966219          0.00719158            -3.24247
-0.966219          0.00719158            -3.24247
-2.51933           -0.283621            -1.36318
-0.639039             2.27294            -1.92877
-0.828192             1.12892            -2.48348
-0.828192             1.12892            -2.48348
0.848248              2.5846            -4.86376
2.39921            0.359553             -5.8949
2.12501             2.96198            -3.44309
-0.847158            0.787985            -4.68313
1.44139            -1.56563            -2.46177
1.44139            -1.56563            -2.46177
-1.17029           -0.111923            -3.19818
-1.17029           -0.111923            -3.19818
1.13708            0.210898            -2.18678
1.13708            0.210898            -2.18678
1.13708            0.210898            -2.18678
1.13708            0.210898            -2.18678
0.983132          -0.0867073            -4.44232
0.983132          -0.0867073            -4.44232
-1.15094            0.192781            -2.23053
0.222242            0.448163             -1.1274
0.477791             1.78801            -3.94636
1.53614             2.74611            -1.64235
1.53614             2.74611            -1.64235
1.53614             2.74611            -1.64235
-0.29821             4.71451            -1.40497
-2.44525             3.21994            -4.15632
0.262978             1.17443            -6.39378
0.262978             1.17443            -6.39378
-2.15361             1.57716            -5.32556
0.663372             2.01331            -4.07106
0.538172           -0.081231            -2.90836
0.538172           -0.081231            -2.90836
0.538172           -0.081231            -2.90836
-2.30787             1.52519            -2.44316
0.442285            0.886787            -2.47972
0.951399             2.06755            -3.85523
0.951399             2.06755            -3.85523
-1.21156             0.51067            -4.67975
-1.21156             0.51067            -4.67975
-1.21156             0.51067            -4.67975
-2.62656           -0.631356             -5.8455
-0.420892            -2.12398            -5.87763
-0.420892            -2.12398            -5.87763
1.96878            0.266178             -6.5526
4.79837            -2.42534            -4.44928
6.76407            -1.57817            -2.32357
6.76407            -1.57817            -2.32357
7.54703            0.647208            -3.14777
7.54703            0.647208            -3.14777
7.54703            0.647208            -3.14777
7.54703            0.647208            -3.14777
7.54703            0.647208            -3.14777
7.07171             2.18555             -1.2654
6.76077              -0.213              -2.371
6.51913            0.540937             -1.4023
6.00111            0.582321            0.960152
4.31612             2.44355             1.34292
3.4322            -0.23742           -0.601659
3.4322            -0.23742           -0.601659
6.19615            -1.70945            -1.74927
6.19615            -1.70945            -1.74927
4.02989            -2.55189             0.44527
4.02989            -2.55189             0.44527
2.03589           -0.472127             1.92077
-0.524466            -1.51595             4.75205
1.39328            0.721417             7.62487
3.42788             1.85681             6.96172
1.38885             2.72224             4.34814
1.38885             2.72224             4.34814
-1.45788             3.09923             3.32315
-3.80346              1.1221             3.91532
-1.21264             2.03925             3.12559
-1.21264             2.03925             3.12559
0.707794             2.41578             3.73854
0.707794             2.41578             3.73854
0.543834           -0.554685             3.37727
-0.596803            0.233682              2.8169
-0.596803            0.233682              2.8169
-0.596803            0.233682              2.8169
-0.596803            0.233682              2.8169
-0.596803            0.233682              2.8169
-0.596803            0.233682              2.8169
0.201877            -2.19033             2.43875
0.201877            -2.19033             2.43875
0.201877            -2.19033             2.43875
0.201877            -2.19033             2.43875
0.201877            -2.19033             2.43875
0.836825            -1.05987             3.83853
0.757236            0.580604             4.71089
3.63213            -1.99996             4.80422
2.49542            -3.73121             3.12077
2.49542            -3.73121             3.12077
2.49542            -3.73121             3.12077
2.49542            -3.73121             3.12077
0.773026            -6.25394             5.75267
1.11884            -6.17462             4.23047
1.11884            -6.17462             4.23047
1.11884            -6.17462             4.23047
1.11884            -6.17462             4.23047
1.22173            -3.95913             2.42513
-1.33107            -1.83687              2.7368
-1.33107            -1.83687              2.7368
-1.33107            -1.83687              2.7368
-2.54555            -1.45433             4.33583
-0.461265            -1.03949             2.25448
-0.461265            -1.03949             2.25448
-0.667019            -3.03914             2.95238
1.40447            -1.98569             2.65595
-1.21786             0.81868             1.50755
-1.21786             0.81868             1.50755
-1.21786             0.81868             1.50755
-1.21786             0.81868             1.50755
-1.21786             0.81868             1.50755
-2.95274              2.6542              1.8191
-3.24244             1.10352             4.37647
-3.24244             1.10352             4.37647
-3.24244             1.10352             4.37647
-2.2714           -0.826925             1.37808
-0.432878           -0.525315            -0.60157
2.21851             1.61887            -3.43145
2.21851             1.61887            -3.43145
2.21851             1.61887            -3.43145
2.21851             1.61887            -3.43145
2.21851             1.61887            -3.43145
3.87764           -0.960944            -4.17089
3.87764           -0.960944            -4.17089
3.96097             1.66037            -2.93595
3.96097             1.66037            -2.93595
3.96097             1.66037            -2.93595
3.96097             1.66037            -2.93595
3.96097             1.66037            -2.93595
3.96097             1.66037            -2.93595
3.96097             1.66037            -2.93595
3.96097             1.66037            -2.93595
3.5965             2.71716            -1.75675
3.5965             2.71716            -1.75675
3.43609             1.10447            -2.71854
1.31477           -0.465937            -3.38203
3.28476            0.313683            -3.88044
1.15431            0.244074            -6.30612
1.15431            0.244074            -6.30612
1.15431            0.244074            -6.30612
1.15431            0.244074            -6.30612
2.45099            -1.85311            -4.04762
0.288746            -2.27518            -3.19872
0.288746            -2.27518            -3.19872
0.288746            -2.27518            -3.19872
0.825926            -3.12286             -4.5745
-0.794397            -3.43253            -5.51144
-0.794397            -3.43253            -5.51144
-0.794397            -3.43253            -5.51144
-0.794397            -3.43253            -5.51144
-3.62097            -5.21535            -5.01069
-3.62097            -5.21535            -5.01069
-1.40979            -3.95734            -7.98516
-1.40979            -3.95734            -7.98516
0.056282            -5.92491            -9.88484
0.056282            -5.92491            -9.88484
-2.25322            -7.09354            -7.36321
-0.12362             -7.2998            -5.64188
-2.51007            -5.09593            -3.18387
-2.51007            -5.09593            -3.18387
-2.51007            -5.09593            -3.18387
-2.51007            -5.09593            -3.18387
-4.64492            -2.99237            -1.29336
-4.64492            -2.99237            -1.29336
-4.64492            -2.99237            -1.29336
-4.64492            -2.99237            -1.29336
-4.64492            -2.99237            -1.29336
-4.64492            -2.99237            -1.29336
-4.50853            -2.45705             1.36896
-2.38143            0.243254           -0.494559
-2.38143            0.243254           -0.494559
-2.26797             2.03134            0.715252
-4.1625            0.705296             1.68655
-4.1625            0.705296             1.68655
-4.1625            0.705296             1.68655
-4.1625            0.705296             1.68655
-1.78961            -2.05402             4.53031
-2.24388            0.619822             5.30626
-2.24388            0.619822             5.30626
-1.81177            -2.12141             4.89637
-2.24391            0.702804             6.14739
-1.20609           -0.634494             6.13257
-1.20609           -0.634494             6.13257
-1.75032             1.23677             3.73989
0.729693            -1.53331             4.28374
0.0252016           -0.905636             2.43567
0.0252016           -0.905636             2.43567
0.0252016           -0.905636             2.43567
-1.39129            0.963543             1.96575
-1.39129            0.963543             1.96575
-1.39129            0.963543             1.96575
0.86128            -1.49265             2.90576
1.5526            -2.81082              2.1658
1.44701            -3.37448             4.21392
1.44701            -3.37448             4.21392
0.633015            -1.92267             3.15046
3.18664            -2.40811             4.71524
3.18664            -2.40811             4.71524
3.18664            -2.40811             4.71524
4.9053            -2.50382             5.96169
4.9053            -2.50382             5.96169
4.9053            -2.50382             5.96169
4.9053            -2.50382             5.96169
4.9053            -2.50382             5.96169
2.98828            -3.36895             3.84995
2.98828            -3.36895             3.84995
3.08766            -1.29932             6.19853
1.47893            -1.25754             3.35985
1.47893            -1.25754             3.35985
1.47893            -1.25754             3.35985
1.47893            -1.25754             3.35985
1.47893            -1.25754             3.35985
1.47893            -1.25754             3.35985
2.69909            -1.37334             5.88231
2.69909            -1.37334             5.88231
3.29844            0.201124             4.10124
3.29844            0.201124             4.10124
3.29844            0.201124             4.10124
3.29844            0.201124             4.10124
3.97736             1.14463              2.3034
3.97736             1.14463              2.3034
1.55956             3.59463             2.77233
-0.0444573             2.71588             1.57892
-0.0444573             2.71588             1.57892
-0.0444573             2.71588             1.57892
-0.0444573             2.71588             1.57892
-0.0444573             2.71588             1.57892
-0.0444573             2.71588             1.57892
-0.0444573             2.71588             1.57892
-0.0444573             2.71588             1.57892
1.92739            0.150749            -1.39782
1.92739            0.150749            -1.39782
1.66877             1.91513            -2.70588
3.60824          -0.0340885            -5.47696
3.60824          -0.0340885            -5.47696
2.07357            -2.18927            -5.97187
2.07357            -2.18927            -5.97187
3.95043           -0.435831            -3.54106
1.6749            0.943109              -4.937
1.6749            0.943109              -4.937
1.6749            0.943109              -4.937
-0.342654             3.92761            -1.95086
1.38613             2.52266            -4.23715
1.38613             2.52266            -4.23715
1.38613             2.52266            -4.23715
1.48899             2.30314            -5.05282
1.48899             2.30314            -5.05282
-0.882653          -0.0297778            -4.28291
-0.882653          -0.0297778            -4.28291
-0.882653          -0.0297778            -4.28291
-0.853508             1.41371            -2.10411
-0.853508             1.41371            -2.10411
-0.853508             1.41371            -2.10411
-0.853508             1.41371            -2.10411
0.839505            -1.29627            -3.50045
2.15136             1.43619            -2.21091
3.44189           -0.155127            -4.13272
3.44189           -0.155127            -4.13272
3.44189           -0.155127            -4.13272
3.44189           -0.155127            -4.13272
1.39733             1.22782            -2.22815
1.39733             1.22782            -2.22815
3.25397            -1.64593            -2.31023
3.4079            -0.96538            -4.82524
1.81636            -1.63192            -6.75041
1.81636            -1.63192            -6.75041
3.09479           -0.871181            -7.30925
2.77856           -0.333587            -6.60861
2.85845             2.25532            -4.36827
0.184413             1.87677            -4.07707
0.184413             1.87677            -4.07707
0.184413             1.87677            -4.07707
-1.15712           -0.593325            -6.12103
-1.15712           -0.593325            -6.12103
-0.985565            0.147516            -7.56107
-0.985565            0.147516            -7.56107
-0.985565            0.147516            -7.56107
-0.985565            0.147516            -7.56107
0.321161           -0.897957            -5.06104
-2.48733              1.7889            -4.68985
-2.48733              1.7889            -4.68985
-3.3165           -0.481679            -5.29248
-3.3165           -0.481679            -5.29248
-3.01379             -2.1346            -3.17041
-0.531739            -2.82326            -3.25172
1.29963            -2.16346            -5.53479
1.0583            -1.46485            -5.84089
2.20809            0.878664            -4.50602
2.35325               1.809            -3.92058
2.35325               1.809            -3.92058
0.350201           -0.384491            -4.86752
0.350201           -0.384491            -4.86752
0.350201           -0.384491            -4.86752
0.564965            -1.71661            -5.52134
0.564965            -1.71661            -5.52134
0.564965            -1.71661            -5.52134
0.564965            -1.71661            -5.52134
0.564965            -1.71661            -5.52134
0.564965            -1.71661            -5.52134
-2.2879             -2.3344            -2.66735
-0.833212            -1.47558            -0.71289
1.24116            -4.05987            -3.31688
3.05387            -1.51684            -3.76532
3.05387            -1.51684            -3.76532
3.05387            -1.51684            -3.76532
3.05387            -1.51684            -3.76532
2.5178             0.44147            -1.45573
3.86453            0.572082            -2.38599
5.72168             2.05752            -3.48718
5.72168             2.05752            -3.48718
5.72168             2.05752            -3.48718
5.72168             2.05752            -3.48718
5.72168             2.05752            -3.48718
4.31157            0.224575            -1.04115
1.83814            0.420094             1.00399
1.83814            0.420094             1.00399
1.83814            0.420094             1.00399
-0.739122            0.578529            0.840843
0.375358             1.13078             1.45979
0.375358             1.13078             1.45979
0.0921751             1.80746             3.57118
0.0921751             1.80746             3.57118
-2.79028             2.31816             5.19997
-4.26346             4.57275             5.29418
-6.05619              3.5324             3.22324
-6.05619              3.5324             3.22324
-6.05619              3.5324             3.22324
-6.05619              3.5324             3.22324
-6.57749             6.11258             3.27013
-4.16576             5.47463             1.23487
-4.16576             5.47463             1.23487
-4.63475             4.25731             1.72847
-7.2795             3.70144             3.14064
-7.2795             3.70144             3.14064
-9.76874             1.20643              5.3301
-9.76874             1.20643              5.3301
-9.76874             1.20643              5.3301
-10.974            -1.49542             5.73683
-10.0427             1.49816             6.83623
-9.77331            0.572142             5.62579
-9.77331            0.572142             5.62579
-7.14215            0.102936             7.41523
-7.14215            0.102936             7.41523
-8.27255             1.46415             6.00014
-8.59197            -1.18042             3.29353
-8.59197            -1.18042             3.29353
-8.25861           -0.406851             4.81479
-5.39355            0.535774             4.37005
-4.40301            -2.46248             2.85427
-4.40301            -2.46248             2.85427
-6.61129           -0.286748             5.03158
-6.15729             2.58604             5.07067
-4.74951             2.22604              3.3608
-2.52511             1.64282              3.3898
-2.52511             1.64282              3.3898
-2.10834            -1.20472              2.6067
0.420571           -0.669095              3.2928
0.420571           -0.669095              3.2928
0.420571           -0.669095              3.2928
0.420571           -0.669095              3.2928
1.94256             1.44851             3.77199
1.94256             1.44851             3.77199
1.94256             1.44851             3.77199
1.94256             1.44851             3.77199
1.94256             1.44851             3.77199
1.94256             1.44851             3.77199
1.67853             0.93772             1.75574
1.67853             0.93772             1.75574
1.67853             0.93772             1.75574
-0.165284             1.50051            -1.23492
-0.165284             1.50051            -1.23492
-0.165284             1.50051            -1.23492
-0.165284             1.50051            -1.23492
-1.80993           -0.120634             1.29542
0.793319             1.29681             3.56542
2.05162            0.871003             3.14776
0.98611            0.604753             1.61138
0.98611            0.604753             1.61138
0.98611            0.604753             1.61138
-1.58947            -1.57269            -1.25982
-1.58947            -1.57269            -1.25982
0.494849           -0.856486            0.209881
0.605955             -3.1932            -0.54911
-0.343499            -3.62099            -1.68241
0.430288            -1.78087            -2.04259
-1.04602            -1.52537            -4.69759
1.59946           -0.604937            -3.40389
1.59946           -0.604937            -3.40389
1.59946           -0.604937            -3.40389
1.59946           -0.604937            -3.40389
1.59946           -0.604937            -3.40389
1.59946           -0.604937            -3.40389
4.11345            -2.59555            -3.05249
4.11345            -2.59555            -3.05249
5.19584            -1.46483            -3.50261
5.19584            -1.46483            -3.50261
2.48603           -0.173005            -4.14626
0.754753            -2.64906            -3.81278
0.754753            -2.64906            -3.81278
0.754753            -2.64906            -3.81278
0.754753            -2.64906            -3.81278
0.499545             -2.4411            -1.84419
2.64317            -0.55023            -4.53482
1.10435             1.80414            -2.66528
1.10435             1.80414            -2.66528
1.10435             1.80414            -2.66528
-0.645051             4.35327             -2.5686
2.34209             3.23734            -3.25882
2.34209             3.23734            -3.25882
0.216754             4.16947             -3.8024
-1.2749             2.12777            -1.42771
-1.2749             2.12777            -1.42771
0.712138            0.308472            -3.87269
0.58255            -1.11426            -4.56404
-0.754369            0.518986             -2.3553
-0.754369            0.518986             -2.3553
-0.754369            0.518986             -2.3553
-0.754369            0.518986             -2.3553
1.91522            0.975566            -2.03354
1.91522            0.975566            -2.03354
1.91522            0.975566            -2.03354
3.26945            0.152777            -2.36972
1.71278           -0.716316            -1.06197
1.36682            0.593791            -1.10056
1.36682            0.593791            -1.10056
1.36682            0.593791            -1.10056
1.36682            0.593791            -1.10056
0.939785             1.02865            -3.86368
0.939785             1.02865            -3.86368
0.866005            0.384401            -2.54151
0.866005            0.384401            -2.54151
0.866005            0.384401            -2.54151
0.866005            0.384401            -2.54151
0.866005            0.384401            -2.54151
0.866005            0.384401            -2.54151
0.866005            0.384401            -2.54151
0.866005            0.384401            -2.54151
0.866005            0.384401            -2.54151
0.866005            0.384401            -2.54151
0.866005            0.384401            -2.54151
0.28434            0.637422            -2.15131
-1.36482            -1.55158            -1.93166
-1.51944            -1.11991            -2.70161
0.564481            -1.61193            -4.76616
-2.36605           -0.702215            -3.67096
-2.67736            0.436046            -5.15289
-2.84771           -0.298061            -4.50113
-1.14114            -1.01427            -3.43705
-1.14114            -1.01427            -3.43705
-1.14114            -1.01427            -3.43705
-1.14114            -1.01427            -3.43705
-1.14114            -1.01427            -3.43705
-1.55702            -2.95334            -2.21246
-1.55702            -2.95334            -2.21246
1.23306            -2.28027            -4.59753
1.23306            -2.28027            -4.59753
1.02942           -0.028594            -6.55989
0.346124             2.64071             -4.3362
-2.38364             1.56916            -2.08888
-2.38364             1.56916            -2.08888
-2.38364             1.56916            -2.08888
-2.38364             1.56916            -2.08888
-2.38364             1.56916            -2.08888
-2.38364             1.56916            -2.08888
0.337012            -0.16642            -2.48248
0.337012            -0.16642            -2.48248
0.337012            -0.16642            -2.48248
-0.708965            -1.75689            -2.14895
-2.86787            -2.49897           -0.450487
-1.04899            -1.96866            -2.83419
-1.04899            -1.96866            -2.83419
0.66442           -0.702109            -2.17759
-1.16858            -1.62523           -0.689755
-3.7405            -0.53686             1.78887
-3.7405            -0.53686             1.78887
-2.36028            -3.43591             2.93308
-1.18531            -1.81023             3.20543
-1.09384            -1.00665             2.00828
-1.09384            -1.00665             2.00828
-1.09384            -1.00665             2.00828
-1.09384            -1.00665             2.00828
0.368084           -0.431914             2.15505
0.368084           -0.431914             2.15505
0.368084           -0.431914             2.15505
-2.32108             0.72439             2.94501
-2.32108             0.72439             2.94501
-2.32108             0.72439             2.94501
-2.32108             0.72439             2.94501
-2.32108             0.72439             2.94501
0.384932           -0.713534             4.65592
1.59794            0.034705             4.12029
1.59794            0.034705             4.12029
1.59794            0.034705             4.12029
1.59794            0.034705             4.12029
1.59794            0.034705             4.12029
1.37673              2.9578             1.35099
1.37673              2.9578             1.35099
1.94194             2.23975            -1.03574
0.486605             1.89366           -0.473708
0.486605             1.89366           -0.473708
0.371247              2.6425            -1.41124
1.57343             3.78084            -2.13092
1.57343             3.78084            -2.13092
1.57343             3.78084            -2.13092
3.5073             2.35086            -1.21405
3.5073             2.35086            -1.21405
0.605575           -0.128864             1.57327
0.605575           -0.128864             1.57327
0.541295            0.984247             2.34029
0.541295            0.984247             2.34029
0.541295            0.984247             2.34029
0.541295            0.984247             2.34029
0.541295            0.984247             2.34029
0.541295            0.984247             2.34029
-0.508668           -0.786931             4.77267
-0.508668           -0.786931             4.77267
-0.508668           -0.786931             4.77267
-1.04619            -1.21722             4.43442
-1.04619            -1.21722             4.43442
-1.04619            -1.21722             4.43442
-1.04619            -1.21722             4.43442
-1.04619            -1.21722             4.43442
-1.04619            -1.21722             4.43442
1.39532           -0.232692             1.54141
1.39532           -0.232692             1.54141
1.39532           -0.232692             1.54141
1.39532           -0.232692             1.54141
1.39532           -0.232692             1.54141
1.39532           -0.232692             1.54141
1.39532           -0.232692             1.54141
-0.379151            -1.86258           -0.724155
-0.379151            -1.86258           -0.724155
-0.610794            -1.50006             1.55027
-0.610794            -1.50006             1.55027
-0.610794            -1.50006             1.55027
-0.610794            -1.50006             1.55027
-1.52091           -0.796696             3.35992
0.197694           -0.801963             2.36191
0.197694           -0.801963             2.36191
1.47258           -0.503722             2.49264
1.47258           -0.503722             2.49264
1.47258           -0.503722             2.49264
4.25146             2.41356             3.87719
3.54719             3.95059             1.92471
3.54719             3.95059             1.92471
4.64576             1.73958            0.976937
6.359             3.37044             3.43201
6.359             3.37044             3.43201
6.359             3.37044             3.43201
5.96083             1.83745             4.30755
5.63671           -0.344727             2.12579
5.63671           -0.344727             2.12579
4.60801             1.83224             1.64394
4.60801             1.83224             1.64394
3.83004            0.812395            -0.88625
2.13208            0.397049           -0.595401
2.63365             2.06993            0.917169
0.279794             2.08586             3.08665
0.279794             2.08586             3.08665
0.279794             2.08586             3.08665
0.279794             2.08586             3.08665
0.279794             2.08586             3.08665
0.929648              2.2036             4.01376
2.32808          0.00245144             1.85064
2.32808          0.00245144             1.85064
2.32808          0.00245144             1.85064
0.665993            0.901112             1.02897
0.665993            0.901112             1.02897
0.665993            0.901112             1.02897
0.665993            0.901112             1.02897
0.665993            0.901112             1.02897
2.08979             2.05345            -1.65797
2.08979             2.05345            -1.65797
2.08979             2.05345            -1.65797
2.08979             2.05345            -1.65797
2.08979             2.05345            -1.65797
2.08979             2.05345            -1.65797
2.41482            0.187587            -1.99785
2.41482            0.187587            -1.99785
2.41482            0.187587            -1.99785
2.00036             1.64098            -4.57618
2.00036             1.64098            -4.57618
0.453624           -0.702455                -3.8
1.10448            -1.81528            -1.22416
0.565696           -0.483146              -1.982
0.565696           -0.483146              -1.982
1.65467             1.06085           -0.948916
1.75142             2.65327            -3.92851
1.75142             2.65327            -3.92851
1.75142             2.65327            -3.92851
1.76854           -0.109754            -1.13594
-0.289117            -2.13152             -1.7522
-0.00429449            -3.74165            -2.74414
-0.00429449            -3.74165            -2.74414
-0.00429449            -3.74165            -2.74414
0.945293            -3.92788            -2.91163
0.945293            -3.92788            -2.91163
0.945293            -3.92788            -2.91163
1.56898            -1.98626            -1.62442
-0.45662           -0.607375            -2.89355
-0.45662           -0.607375            -2.89355
-0.45662           -0.607375            -2.89355
-0.0461221           -0.824776            -1.37782
-1.57811            -1.69079             1.17997
-0.151988            0.379114              2.8939
-0.151988            0.379114              2.8939
-0.151988            0.379114              2.8939
-0.151988            0.379114              2.8939
-0.151988            0.379114              2.8939
-0.151988            0.379114              2.8939
-0.151988            0.379114              2.8939
-0.151988            0.379114              2.8939
1.32236            0.436084             3.19608
2.99223          -0.0467561              2.8987
2.99223          -0.0467561              2.8987
1.5133             2.50126             3.16677
-0.995971             1.55989             2.21411
-0.995971             1.55989             2.21411
-0.995971             1.55989             2.21411
-0.995971             1.55989             2.21411
-2.50604             1.41792             3.13823
-2.50604             1.41792             3.13823
-2.50604             1.41792             3.13823
-2.50604             1.41792             3.13823
-2.51332            0.420847             1.73505
-0.480394             0.98523              3.7287
-0.480394             0.98523              3.7287
-0.480394             0.98523              3.7287
-0.480394             0.98523              3.7287
-0.480394             0.98523              3.7287
-0.480394             0.98523              3.7287
-2.40336             3.35885              3.1798
-1.263              2.9045             1.74708
-4.05189             3.09262             4.41083
-2.13322              2.1853              4.9359
-2.13322              2.1853              4.9359
-0.848392             4.80691             5.45331
-0.848392             4.80691             5.45331
-0.848392             4.80691             5.45331
-0.848392             4.80691             5.45331
-0.848392             4.80691             5.45331
-0.848392             4.80691             5.45331
-0.119035             2.03864             2.67666
-0.119035             2.03864             2.67666
-0.119035             2.03864             2.67666
-0.119035             2.03864             2.67666
-0.119035             2.03864             2.67666
-1.79226             2.88406             2.91278
-1.79226             2.88406             2.91278
-1.79226             2.88406             2.91278
-1.79226             2.88406             2.91278
-1.79226             2.88406             2.91278
0.308169             1.52972             4.10157
0.308169             1.52972             4.10157
2.80122             3.95066             4.02979
2.80122             3.95066             4.02979
2.80122             3.95066             4.02979
2.80122             3.95066             4.02979
0.596657             4.40202             2.03563
0.596657             4.40202             2.03563
-0.897813             3.20943             3.94433
-2.22649             1.97553             1.77377
0.765476            0.727397             1.66896
-1.05755            -2.18363             2.86681
-1.05755            -2.18363             2.86681
-1.05755            -2.18363             2.86681
-0.353464            -2.45995             4.41564
-0.244341            -2.42697             2.54103
-0.244341            -2.42697             2.54103
-0.244341            -2.42697             2.54103
-0.244341            -2.42697             2.54103
-0.244341            -2.42697             2.54103
-0.244341            -2.42697             2.54103
-0.244341            -2.42697             2.54103
-1.85206            -1.09086             1.29445
-1.85206            -1.09086             1.29445
-1.85206            -1.09086             1.29445
-1.85206            -1.09086             1.29445
-1.85206            -1.09086             1.29445
-4.81503            -2.26082             2.73692
-4.81503            -2.26082             2.73692
-4.81503            -2.26082             2.73692
-4.69326           -0.992157             2.40119
-4.9363           -0.801451             3.78822
-4.9363           -0.801451             3.78822
-3.68897            -3.08321             3.09101
-3.68897            -3.08321             3.09101
-3.68897            -3.08321             3.09101
-5.08551            -4.46741              3.4868
-5.99495            -5.15191              3.3454
-5.99495            -5.15191              3.3454
-8.59795            -4.73028             5.48198
-6.86079             -4.1059             5.66591
-6.42399            -2.65105             2.84382
-6.28099            -3.65083             3.90077
-3.39375            -4.01455             2.39567
-2.72461            -5.71293             4.53722
-3.48336            -5.43647              3.5345
-5.13147            -5.41258             3.04018
-5.13147            -5.41258             3.04018
-5.13147            -5.41258             3.04018
-5.3879            -3.25762             3.86602
-5.4889           -0.340212             4.71156
-5.4889           -0.340212             4.71156
-5.4889           -0.340212             4.71156
-4.1426             2.64733             6.78099
-3.06538             1.68579             8.06727
-3.06538             1.68579             8.06727
-3.06538             1.68579             8.06727
-4.57687              3.2191              7.4846
-2.32739             5.52189             5.79664
-3.37183             5.43375             3.57013
-2.76437             6.23323              3.3839
-2.28574             6.13273             3.55015
-2.28574             6.13273             3.55015
-1.27134             3.32624            0.967389
-1.14776            0.716327            0.751019
-1.14776            0.716327            0.751019
-0.0338147           -0.796092            -1.23383
-0.0338147           -0.796092            -1.23383
1.59132             1.34912            -2.89974
-0.177727            0.403624            -3.61267
-0.177727            0.403624            -3.61267
-0.177727            0.403624            -3.61267
-0.177727            0.403624            -3.61267
-0.177727            0.403624            -3.61267
2.58514             1.65396            -3.65104
2.62676           -0.823637             -4.3563
2.62676           -0.823637             -4.3563
-0.129296           -0.529708            -3.01513
-0.129296           -0.529708            -3.01513
-0.129296           -0.529708            -3.01513
-0.2491            0.364914            -1.03314
-0.489725            -2.12025             1.51965
-0.809957           -0.780799             3.77769
-3.3494             -1.0595             3.69773
-1.97571             1.66618             6.67209
-1.97571             1.66618             6.67209
-1.47963           -0.514769             7.38093
-1.47963           -0.514769             7.38093
-2.53153             1.07542             4.41725
-0.181446            -1.66295             3.63471
-0.181446            -1.66295             3.63471
-1.24159           -0.231905             2.21051
-0.914012             1.19901             3.22321
-0.69847          -0.0192987             1.13786
-0.69847          -0.0192987             1.13786
-1.81048            -1.08247            -1.05713
-1.81048            -1.08247            -1.05713
1.15168            -3.34044            -2.14666
1.15827            -3.84024            -2.75327
1.15827            -3.84024            -2.75327
1.15827            -3.84024            -2.75327
3.50906            -4.18258             -3.5409
1.14715            -5.93934            -5.47998
0.760184            -6.34995            -7.31026
-0.206654            -7.44635            -6.21309
1.05906            -5.65723            -7.59215
-0.123187            -3.44112            -5.02112
-0.123187            -3.44112            -5.02112
-0.123187            -3.44112            -5.02112
-0.123187            -3.44112            -5.02112
-2.78298            -2.89341            -5.01283
-3.29002             -3.2426             -4.5573
-3.29002             -3.2426             -4.5573
-2.06135            -3.47331            -3.61463
-3.49838            -3.32017             -3.6188
-3.49838            -3.32017             -3.6188
-3.49838            -3.32017             -3.6188
-1.55984            -2.49482            -5.03118
-1.55984            -2.49482            -5.03118
-0.512225            -1.52835            -5.68622
-0.512225            -1.52835            -5.68622
-0.259095            -2.96478            -5.44075
1.82888            -2.53134            -5.20207
1.82888            -2.53134            -5.20207
1.82888            -2.53134            -5.20207
3.40486             0.21491            -6.15781
3.12592             -1.3446            -6.15656
3.86558            -2.16797             -3.5832
3.86558            -2.16797             -3.5832
2.06095            -2.15431             -2.3166
2.06095            -2.15431             -2.3166
2.06095            -2.15431             -2.3166
2.06095            -2.15431             -2.3166
2.06095            -2.15431             -2.3166
2.06095            -2.15431             -2.3166
2.06095            -2.15431             -2.3166
2.06095            -2.15431             -2.3166
0.590659            0.314087            -4.39853
0.590659            0.314087            -4.39853
0.865647             1.95901            -3.50657
0.0549717           -0.260264            -2.62514
2.24796             0.99378            -4.90352
2.24796             0.99378            -4.90352
3.26555           -0.708807            -4.85277
3.26555           -0.708807            -4.85277
4.50277            -2.09439            -3.64791
3.3593            0.247229           -0.931544
3.3593            0.247229           -0.931544
2.02786            -1.89358            -1.12981
2.02786            -1.89358            -1.12981
3.42375           -0.191359            -1.27145
3.42375           -0.191359            -1.27145
3.42375           -0.191359            -1.27145
3.42375           -0.191359            -1.27145
3.42375           -0.191359            -1.27145
3.90223           -0.132623            -2.13241
3.90223           -0.132623            -2.13241
2.40427             1.72049            -5.11833
2.40427             1.72049            -5.11833
2.40427             1.72049            -5.11833
3.93969             3.46378            -3.71082
3.93969             3.46378            -3.71082
3.93969             3.46378            -3.71082
3.87744             3.61036            -2.24222
1.30664             6.50325           -0.724204
1.06913             8.00922            -1.87929
0.712895             7.65997            -1.58887
3.01501              4.7569            -4.29898
2.43215             3.54921            -4.48131
2.43215             3.54921            -4.48131
4.30653             6.39408            -6.04998
7.11732             5.76691            -8.67157
7.11732             5.76691            -8.67157
5.21497             7.16521            -10.3567
5.21497             7.16521            -10.3567
5.21497             7.16521            -10.3567
5.21497             7.16521            -10.3567
7.4458             4.33769            -7.47745
9.4545             3.13754            -6.36655
7.45583             2.11702             -4.2676
7.45583             2.11702             -4.2676
7.45583             2.11702             -4.2676
6.07641               3.049             -5.4405
6.07641               3.049             -5.4405
6.07641               3.049             -5.4405
6.07641               3.049             -5.4405
6.07641               3.049             -5.4405
4.40217             2.62565            -7.52139
4.40217             2.62565            -7.52139
4.40217             2.62565            -7.52139
4.40217             2.62565            -7.52139
2.66657             1.38325            -8.16899
2.1654           -0.123208            -9.78913
1.97093             2.85381            -9.60281
-0.895307             4.30308            -9.96652
-0.895307             4.30308            -9.96652
-3.8107             5.86923            -7.93025
-3.39126             5.08377            -6.01319
-1.08894             5.44867              -8.366
-1.08894             5.44867              -8.366
-1.08894             5.44867              -8.366
-1.08894             5.44867              -8.366
-3.29732             3.36482            -7.67805
-3.29732             3.36482            -7.67805
-0.566187             5.47623            -6.38698
-2.0092              3.7519            -8.26635
-2.0092              3.7519            -8.26635
-2.0092              3.7519            -8.26635
0.320274             6.16018            -6.15376
0.320274             6.16018            -6.15376
0.320274             6.16018            -6.15376
0.56141             3.41222             -6.4204
0.56141             3.41222             -6.4204
-1.28716             2.80734            -3.73283
-1.28716             2.80734            -3.73283
-1.28716             2.80734            -3.73283
-1.28716             2.80734            -3.73283
0.030226             3.91346            -5.20865
1.45695             2.76467             -3.6226
1.45695             2.76467             -3.6226
1.45695             2.76467             -3.6226
2.23849            -0.12195            -2.29523
2.23849            -0.12195            -2.29523
2.23849            -0.12195            -2.29523
0.570397             1.40754            -3.04683
0.570397             1.40754            -3.04683
0.570397             1.40754            -3.04683
0.570397             1.40754            -3.04683
0.303968             1.76399            -1.91457
-0.823658            0.490514            -3.67197
-0.823658            0.490514            -3.67197
2.0705            0.335556            -1.68451
2.0705            0.335556            -1.68451
2.0705            0.335556            -1.68451
2.0705            0.335556            -1.68451
2.0705            0.335556            -1.68451
-0.830594             1.37433            -2.89225
1.64168             2.82933            -2.15127
3.15786             0.19616            -3.80655
0.538577             2.26403            -1.43914
0.450681           -0.412735            -2.85786
0.374401            0.230468            -3.97724
0.374401            0.230468            -3.97724
0.374401            0.230468            -3.97724
0.374401            0.230468            -3.97724
0.374401            0.230468            -3.97724
-0.179939           -0.914268            -1.36449
0.716319            -0.83316            -2.64259
-1.30459            -0.67124           -0.953925
-1.30459            -0.67124           -0.953925
-1.30459            -0.67124           -0.953925
-1.30459            -0.67124           -0.953925
-2.46017              1.0465            -1.60662
-1.80609             -0.7472             -1.5003
-1.80609             -0.7472             -1.5003
0.340776            -0.12981             -1.8441
0.340776            -0.12981             -1.8441
0.340776            -0.12981             -1.8441
0.340776            -0.12981             -1.8441
1.60862            -2.81975            -3.86711
-1.27056            -2.23912            -5.97628
-0.689478            -1.25156            -5.11266
-0.367631            -2.46676             -6.7989
-0.367631            -2.46676             -6.7989
-0.674704           -0.472534            -4.81896
-0.674704           -0.472534            -4.81896
0.841666             1.83532            -4.42654
0.841666             1.83532            -4.42654
1.75534             4.25882            -2.90003
1.75534             4.25882            -2.90003
1.75534             4.25882            -2.90003
1.75534             4.25882            -2.90003
2.01905             4.22676            -4.00027
1.53862             1.86131             -4.4394
1.53862             1.86131             -4.4394
1.53862             1.86131             -4.4394
2.10863             1.57266            -2.49654
0.181408             3.05966            -4.65078
-0.240917             2.80236             -1.9497
1.21542            0.320989            -3.96057
-1.13582            0.424609            -2.64536
-1.13582            0.424609            -2.64536
-1.13582            0.424609            -2.64536
-1.13582            0.424609            -2.64536
-1.13582            0.424609            -2.64536
-1.13582            0.424609            -2.64536
-1.13582            0.424609            -2.64536
-1.13582            0.424609            -2.64536
-1.13582            0.424609            -2.64536
-1.13582            0.424609            -2.64536
-1.13582            0.424609            -2.64536
-1.13582            0.424609            -2.64536
-1.13582            0.424609            -2.64536
-1.13582            0.424609            -2.64536
0.612405            -0.63731            -4.94197
-2.188            -2.80559            -2.03344
-2.188            -2.80559            -2.03344
-1.21466            -4.11537            -4.65228
-0.491895            -4.66294            -3.53884
-0.491895            -4.66294            -3.53884
-0.491895            -4.66294            -3.53884
-0.491895            -4.66294            -3.53884
-0.491895            -4.66294            -3.53884
2.26322            -4.24376            -4.53215
2.26322            -4.24376            -4.53215
2.33902            -3.56358            -6.95437
2.33902            -3.56358            -6.95437
2.33902            -3.56358            -6.95437
1.17315            -4.49413             -3.9749
1.66322            -3.28746            -5.95117
1.66322            -3.28746            -5.95117
0.505738            -1.91246            -4.53635
-1.17854            -2.77187            -3.62555
-1.93063           -0.384409            -2.49982
-1.93063           -0.384409            -2.49982
-0.00353365            -1.91854            -3.53033
-0.00353365            -1.91854            -3.53033
-0.00353365            -1.91854            -3.53033
-0.00353365            -1.91854            -3.53033
-0.00353365            -1.91854            -3.53033
-0.00353365            -1.91854            -3.53033
-1.22372             0.20762            -4.78272
-1.09339            -1.88824            -5.83388
-1.09339            -1.88824            -5.83388
-1.60457            -3.91934             -3.5046
-1.60457            -3.91934             -3.5046
-0.693125              -4.835            -4.00079
-0.693125              -4.835            -4.00079
-0.693125              -4.835            -4.00079
-1.56226            -4.87988            -1.54024
-2.54605            -5.90978            -2.85499
-2.54605            -5.90978            -2.85499
-3.56756            -5.13078            -2.25668
-3.56756            -5.13078            -2.25668
-3.76328            -3.86718           -0.743933
-3.76328            -3.86718           -0.743933
-6.34215            -1.50712             1.90785
-6.34215            -1.50712             1.90785
-6.34215            -1.50712             1.90785
-6.34215            -1.50712             1.90785
-4.03593            -3.89367             4.44148
-3.96125            -1.07907             4.89117
-3.96125            -1.07907             4.89117
-3.96125            -1.07907             4.89117
-1.37489              -2.196             3.25212
-1.37489              -2.196             3.25212
1.019            -2.85145              2.5813
1.019            -2.85145              2.5813
1.019            -2.85145              2.5813
1.019            -2.85145              2.5813
1.65331            -1.67815             5.10121
0.809119            -1.36111             5.38525
-1.47581            -1.51084              4.3119
1.30529            0.598574              5.5813
1.70528          -0.0387799             3.25566
0.1299             2.44903             3.63484
0.1299             2.44903             3.63484
0.1299             2.44903             3.63484
-0.118287             2.53438             4.06497
-2.11383             5.22729             4.45456
-3.17288             4.81788             5.20468
-3.44363              2.6076             4.38079
-3.44363              2.6076             4.38079
-3.49641             3.42571             2.97158
-1.57272             4.61534             1.70253
1.29453             2.94099             3.45651
0.110939           0.0943468             4.14532
-2.64339           -0.188942             1.37113
-2.64339           -0.188942             1.37113
0.0737091           -0.945272            0.441706
-2.62813           0.0817003             2.69219
-2.62813           0.0817003             2.69219
-0.578491            0.814703             2.69021
-0.578491            0.814703             2.69021
2.00468             1.60326             1.85442
0.443384             4.35412              3.0047
-0.921427             5.43017             2.86879
0.312463             2.85387              3.6365
0.312463             2.85387              3.6365
0.312463             2.85387              3.6365
2.53684             1.85912             2.99144
2.57326            0.449033             1.61118
2.57326            0.449033             1.61118
1.37105             2.07619             4.42366
1.37105             2.07619             4.42366
1.37105             2.07619             4.42366
1.37105             2.07619             4.42366
1.37105             2.07619             4.42366
1.37105             2.07619             4.42366
-0.872262             2.28422             4.93665
-2.20993            0.440099             1.98272
-2.20993            0.440099             1.98272
-3.40515            0.442794             1.27456
-3.40515            0.442794             1.27456
-3.40515            0.442794             1.27456
-2.2239             1.92656             2.81426
-2.2239             1.92656             2.81426
-0.202865             1.55691             2.50142
-0.202865             1.55691             2.50142
-0.202865             1.55691             2.50142
1.54527           -0.365004             4.81891
1.67517             -2.7676             4.47789
1.67517             -2.7676             4.47789
1.21394            -2.21165             5.41397
1.21394            -2.21165             5.41397
1.21394            -2.21165             5.41397
1.21394            -2.21165             5.41397
1.21394            -2.21165             5.41397
-1.19992             -2.5049             7.05869
0.124493            -1.07458              6.1416
-2.13446            -1.56903              4.4862
-1.11231             -2.0635             3.83272
-2.66923            -2.22822             5.14438
-2.66923            -2.22822             5.14438
-2.66923            -2.22822             5.14438
-2.66923            -2.22822             5.14438
-1.28054           -0.676994             4.97221
-1.28054           -0.676994             4.97221
-0.228621            -3.03577              4.8773
0.767904            -1.81634             3.89487
0.767904            -1.81634             3.89487
-1.94014            0.314894             1.94875
-1.94014            0.314894             1.94875
-2.17076            -0.17854             3.08979
-2.17076            -0.17854             3.08979
-2.17076            -0.17854             3.08979
-2.17076            -0.17854             3.08979
-2.63402             1.11902             3.29585
-2.50304           -0.572357             6.00849
-2.50304           -0.572357             6.00849
-2.50304           -0.572357             6.00849
-1.14233            -1.08667             6.44164
-0.39402             -1.4091             3.96754
-0.39402             -1.4091             3.96754
-0.39402             -1.4091             3.96754
-0.952094             1.16366              1.3693
-1.85073             2.03403             3.17327
-0.823143            0.957337             2.18781
-0.823143            0.957337             2.18781
-0.823143            0.957337             2.18781
0.0862931            -1.66852             1.46323
0.0862931            -1.66852             1.46323
0.0862931            -1.66852             1.46323
0.0862931            -1.66852             1.46323
1.98281            -2.46502             3.37668
0.413709           -0.555344             2.73436
-0.0408638            -2.69243             1.70635
1.57436            -1.19847            0.981661
1.57436            -1.19847            0.981661
1.57436            -1.19847            0.981661
1.57436            -1.19847            0.981661
1.57436            -1.19847            0.981661
1.23459             1.04188            0.923625
1.23459             1.04188            0.923625
1.5103            -1.74472              3.7011
1.5103            -1.74472              3.7011
1.5103            -1.74472              3.7011
1.5103            -1.74472              3.7011
1.5103            -1.74472              3.7011
-1.18461            -2.44981             4.15643
0.194407            -2.92701             3.27644
1.41107            -2.51088              2.1012
-0.965583            0.300447              3.7677
-0.965583            0.300447              3.7677
-0.965583            0.300447              3.7677
-0.965583            0.300447              3.7677
-2.99892             1.45836             2.83086
-1.09671            0.589791             3.03575
0.799356          -0.0569512             3.19587
0.799356          -0.0569512             3.19587
1.80719            -1.56639             1.19388
1.80719            -1.56639             1.19388
1.96219            -3.10454             0.99762
2.98858            -1.18212            -1.44171
2.76385            -2.59028            -2.13512
2.76385            -2.59028            -2.13512
2.76385            -2.59028            -2.13512
0.519378            -2.87821           -0.480788
1.22081           -0.428827            0.907024
1.39855            -1.85391             3.38739
3.21399            0.603958             4.91363
4.16872             -1.7314             4.01596
2.43693            -4.52529             5.89545
3.31012            -4.47234             6.75309
5.52321            -2.68244             8.94188
3.14695            -3.40652             9.37567
0.694795            -4.56007              6.5677
-1.56974            -7.12165             4.73049
-1.53177            -6.30718             3.00316
-1.6998            -4.62686             1.77643
-1.6998            -4.62686             1.77643
-4.03293            -4.35031              3.5067
-3.50608            -1.58945             2.44233
-3.50608            -1.58945             2.44233
-1.66065            -2.57372             2.41544
-1.66065            -2.57372             2.41544
-3.49096            0.225948             4.83769
-3.49096            0.225948             4.83769
-3.49096            0.225948             4.83769
-1.94515           -0.121138             4.29917
-1.94515           -0.121138             4.29917
-0.482767            -1.88348             1.62125
-0.306256            0.446875           -0.763901
-1.62723            -1.19216            -3.13253
-4.5919            -3.18845            -4.75273
-3.69597            -2.99491            -7.46079
-3.69597            -2.99491            -7.46079
-3.65502            -3.06724            -5.02594
-1.91831            -2.89218            -4.50875
-1.91831            -2.89218            -4.50875
-1.36831            -2.85383            -2.21109
-1.36831            -2.85383            -2.21109
-1.36831            -2.85383            -2.21109
-1.36831            -2.85383            -2.21109
-1.36831            -2.85383            -2.21109
-2.88           -0.455499             -4.3399
-2.76681           -0.931075            -4.78588
-3.48767            -1.61728            -3.22787
-3.48767            -1.61728            -3.22787
-3.48767            -1.61728            -3.22787
-1.60182           -0.308056            -1.40955
-1.27935            -1.35874            -0.84284
-1.27935            -1.35874            -0.84284
-1.27935            -1.35874            -0.84284
-0.986787            -1.85183            -2.56271
0.543913            -1.53057            -2.38975
0.543913            -1.53057            -2.38975
0.543913            -1.53057            -2.38975
0.543913            -1.53057            -2.38975
0.0874836            -1.94145            -3.43859
-0.610597            0.381822            -4.24417
-0.706607             1.15148            -3.69833
-0.706607             1.15148            -3.69833
-0.706607             1.15148            -3.69833
-0.706607             1.15148            -3.69833
-0.706607             1.15148            -3.69833
-0.706607             1.15148            -3.69833
-0.706607             1.15148            -3.69833
-0.706607             1.15148            -3.69833
-0.706607             1.15148            -3.69833
-1.02374             1.82854            -4.73015
-1.02374             1.82854            -4.73015
-1.02374             1.82854            -4.73015
0.295101             1.57644             -1.7858
0.295101             1.57644             -1.7858
1.76419           -0.816539            -4.23753
1.58338             1.87377            -4.01332
-1.28935             1.51921            -5.61811
-1.28935             1.51921            -5.61811
0.505918             3.73761             -4.7583
0.505918             3.73761             -4.7583
0.505918             3.73761             -4.7583
0.505918             3.73761             -4.7583
2.8254             2.94545            -3.39779
2.17765             1.80453             -5.1595
2.17765             1.80453             -5.1595
0.928596             1.01414            -4.65024
0.928596             1.01414            -4.65024
0.928596             1.01414            -4.65024
-0.121662           -0.430824            -1.71788
-0.121662           -0.430824            -1.71788
1.44832           -0.646681            -1.12188
1.44832           -0.646681            -1.12188
0.442767           -0.807494            -2.49402
0.442767           -0.807494            -2.49402
0.442767           -0.807494            -2.49402
0.316714            -1.91137            -3.11339
0.316714            -1.91137            -3.11339
0.316714            -1.91137            -3.11339
0.316714            -1.91137            -3.11339
0.316714            -1.91137            -3.11339
-0.637639            -2.01493            -2.97017
-1.73369            0.406271            -1.07253
-1.04635            -2.04962             -2.7662
-0.0344812            -1.45361            -2.47002
-0.0344812            -1.45361            -2.47002
-0.0344812            -1.45361            -2.47002
-0.0344812            -1.45361            -2.47002
-0.0344812            -1.45361            -2.47002
-0.0344812            -1.45361            -2.47002
-0.0344812            -1.45361            -2.47002
-0.0344812            -1.45361            -2.47002
-0.0344812            -1.45361            -2.47002
-0.0344812            -1.45361            -2.47002
-2.17992            -2.61543            -2.62352
-2.8348            -2.79722            -5.61672
-2.1343             -2.4385            -5.28514
-2.38653            -2.48727            -4.13557
-2.38653            -2.48727            -4.13557
-2.38653            -2.48727            -4.13557
0.401967           -0.574154            -6.56009
0.401967           -0.574154            -6.56009
0.401967           -0.574154            -6.56009
0.401967           -0.574154            -6.56009
-2.39764            -2.04516            -5.17852
0.141731            -2.54407            -4.29691
-1.0917            -4.00693            -4.94102
-1.0917            -4.00693            -4.94102
-0.0170158            -3.56127              -5.145
-0.0170158            -3.56127              -5.145
-0.0170158            -3.56127              -5.145
-1.40678            -2.04052            -3.99113
-2.46454           -0.278972            -5.90042
0.422366             0.77983            -3.21651
0.422366             0.77983            -3.21651
-1.78645            -1.21246             -2.6305
-1.86099            -3.62601            -3.39599
0.0897276            -2.36213            -2.57157
0.0897276            -2.36213            -2.57157
-0.02075             -3.7366            -2.55929
-0.02075             -3.7366            -2.55929
-0.02075             -3.7366            -2.55929
-0.421392             -4.0359            -3.80951
-0.231207            -3.54356            -1.84004
-0.231207            -3.54356            -1.84004
-0.231207            -3.54356            -1.84004
-0.231207            -3.54356            -1.84004
-0.231207            -3.54356            -1.84004
0.0737679            -2.64487            -3.40169
0.0737679            -2.64487            -3.40169
0.0737679            -2.64487            -3.40169
-0.630417            -2.45385             -2.4811
-1.73283            -1.90737           -0.629628
-1.73283            -1.90737           -0.629628
-0.556469           -0.888073            -2.02708
-0.556469           -0.888073            -2.02708
-0.556469           -0.888073            -2.02708
-0.556469           -0.888073            -2.02708
-0.556469           -0.888073            -2.02708
-0.556469           -0.888073            -2.02708
0.308633             1.38972             -4.8882
-0.71383             3.31756            -2.47732
-0.71383             3.31756            -2.47732
-0.97012             2.42491            -4.82865
-0.97012             2.42491            -4.82865
1.26385             3.48683            -4.40386
1.26385             3.48683            -4.40386
1.26385             3.48683            -4.40386
1.26385             3.48683            -4.40386
4.02169             1.41532            -3.44928
4.02169             1.41532            -3.44928
4.02169             1.41532            -3.44928
4.57562             1.58702            -2.84037
2.82706           -0.290668            -1.11018
2.35572             1.45683            -3.00207
2.35572             1.45683            -3.00207
2.29053             1.22199            -2.13604
2.29053             1.22199            -2.13604
2.29053             1.22199            -2.13604
2.29053             1.22199            -2.13604
2.29053             1.22199            -2.13604
1.12372             2.67454            -2.99295
1.12372             2.67454            -2.99295
-0.181452            0.711478            -5.35633
-0.181452            0.711478            -5.35633
-0.181452            0.711478            -5.35633
-2.27697             2.89897            -3.18413
-1.53284             4.41877            -4.68882
-4.0989             2.29704            -2.93603
-4.0989             2.29704            -2.93603
-4.0989             2.29704            -2.93603
-4.71214          -0.0697667            -1.77453
-2.48554            -2.27399            0.976063
-2.76763            -3.45979             2.81331
-5.47691            -0.98391             3.23427
-6.25984            -1.59091             4.84384
-6.25984            -1.59091             4.84384
-6.96213            -1.10625             4.23792
-5.23516            -2.12604             1.99959
-5.23516            -2.12604             1.99959
-5.23516            -2.12604             1.99959
-3.77584            -2.53807             2.62674
-3.05018            -4.82442             2.25466
-3.3857            -3.19504             2.51492
-3.3857            -3.19504             2.51492
-2.99308            -1.53116             3.47959
-2.99308            -1.53116             3.47959
0.000754679            -1.30429            0.848533
0.000754679            -1.30429            0.848533
0.000754679            -1.30429            0.848533
1.31659            -1.07902             2.61751
-0.325252             1.67396             1.28211
1.59965            -1.26589             4.07544
-0.510225           -0.656987             3.69608
-1.3202            -2.37108             4.25001
-0.630345            -4.40597             1.80349
-2.88194            -1.61957              4.0262
-2.88194            -1.61957              4.0262
-2.30501           -0.354374             5.35264
-1.32             -3.2872             6.32617
-1.16295            -1.87431             6.39067
-2.19381            -3.00347             4.49785
-1.72769            -4.65717             3.22184
-1.72769            -4.65717             3.22184
-4.39003            -1.92268             2.49771
-4.39003            -1.92268             2.49771
-3.07187            -3.21611             3.26963
-3.07187            -3.21611             3.26963
-3.07187            -3.21611             3.26963
-3.07187            -3.21611             3.26963
-3.07187            -3.21611             3.26963
-0.767148            -4.75914             3.12897
-3.61174            -2.66787             2.01629
-1.72138            -1.49576              4.9528
-1.72138            -1.49576              4.9528
-0.518652            -2.63689             2.83999
-0.518652            -2.63689             2.83999
-0.518652            -2.63689             2.83999
-0.0746714           -0.433449             2.18491
0.284609            0.206067               1.604
0.284609            0.206067               1.604
2.04918           -0.397181             3.62381
2.04918           -0.397181             3.62381
0.771652             2.50974             6.56884
2.23703           -0.147569             8.99996
3.28953             2.65061             6.61127
3.28953             2.65061             6.61127
3.28953             2.65061             6.61127
5.18368             4.43657              5.7113
2.30307             3.16048             4.22076
2.30307             3.16048             4.22076
2.17884              2.0954             1.41943
0.364854             1.52799             2.12002
0.364854             1.52799             2.12002
0.364854             1.52799             2.12002
0.364854             1.52799             2.12002
-0.62051            -1.06538             1.27214
-0.62051            -1.06538             1.27214
-0.62051            -1.06538             1.27214
-0.62051            -1.06538             1.27214
-0.62051            -1.06538             1.27214
-1.63394            0.344632             1.01634
-1.63394            0.344632             1.01634
-1.63394            0.344632             1.01634
-1.63394            0.344632             1.01634
-1.63394            0.344632             1.01634
0.0342048            0.673766             3.75136
-0.964404            0.461201              4.1854
-0.964404            0.461201              4.1854
1.84339             1.58884             1.72278
-0.0945437           -0.316183             1.14015
-0.0945437           -0.316183             1.14015
-0.0945437           -0.316183             1.14015
-0.0945437           -0.316183             1.14015
1.14907           -0.460122            -1.45263
1.14907           -0.460122            -1.45263
1.4532            -2.58511            -2.53298
1.99698            -2.00861            -2.26025
2.74831           -0.108921            -1.74863
2.74831           -0.108921            -1.74863
1.07021            0.925913            -1.42104
1.07021            0.925913            -1.42104
0.849626           -0.999826            0.932674
0.849626           -0.999826            0.932674
1.91948            -1.16988             -1.9665
1.91948            -1.16988             -1.9665
2.25            -2.88768             -2.7336
2.25            -2.88768             -2.7336
2.25            -2.88768             -2.7336
-0.125044            -3.35456            -4.18999
-0.709574            -2.93968            -3.27638
-0.860301            -3.57555            -4.53236
-2.85014            -2.16181            -6.76498
-2.85014            -2.16181            -6.76498
-1.24554           -0.013466            -4.43744
0.0478052             1.67603             -5.4745
0.0478052             1.67603             -5.4745
0.0478052             1.67603             -5.4745
-2.87312           -0.789563            -6.57631
-2.26285             2.09673            -5.73866
-2.26285             2.09673            -5.73866
-3.65071            0.778284            -5.25145
-3.65071            0.778284            -5.25145
-4.61171            -1.32561            -5.28269
-3.26573            -2.97346            -7.31807
-0.819426            -5.27043            -5.96682
1.87108            -6.56602            -6.71751
0.42679            -3.92902            -7.74238
1.70446            -1.39377            -6.33765
-1.22153            -2.68197            -5.11725
0.0390581            -2.48397            -3.99419
0.0390581            -2.48397            -3.99419
0.0390581            -2.48397            -3.99419
0.0390581            -2.48397            -3.99419
2.65162            -1.46591            -6.27323
2.94896            0.698371            -6.28407
4.07613             1.25596            -5.20595
4.07613             1.25596            -5.20595
4.09281            -0.86176            -7.74049
1.98355            -3.10964            -9.43391
3.55034            -2.61023            -11.0213
3.55034            -2.61023            -11.0213
4.48845            -1.46196             -9.0644
4.48845            -1.46196             -9.0644
6.16422             1.04377            -6.96714
6.16422             1.04377            -6.96714
6.58811             2.55751            -5.67287
6.06401           -0.176983            -3.71674
6.06401           -0.176983            -3.71674
6.1472            0.892046            -4.68923
3.62036            0.973416            -6.12716
4.59968            -1.57334            -3.93018
4.47588           -0.443658            -4.25654
5.35683              2.1759            -4.15194
2.75962             3.04869            -2.82091
1.21155             4.08901            -2.48244
0.432228             2.11549           -0.971131
1.50839             3.75075            -3.08156
1.50839             3.75075            -3.08156
-1.41248            0.984812            -2.79668
-1.19746             1.61777            -1.31744
-1.19746             1.61777            -1.31744
-1.19746             1.61777            -1.31744
-1.19746             1.61777            -1.31744
-1.19746             1.61777            -1.31744
-1.99775            0.749133            -3.08478
-1.99775            0.749133            -3.08478
-1.99775            0.749133            -3.08478
-3.9294            -2.01801            -4.37586
-3.9294            -2.01801            -4.37586
-2.77428            -4.63832            -2.72805
-0.297543            -5.89243            -5.27499
-0.297543            -5.89243            -5.27499
-0.297543            -5.89243            -5.27499
-0.297543            -5.89243            -5.27499
-2.30966            -5.72183            -3.80238
-2.45171            -3.70561            -6.47727
-2.45171            -3.70561            -6.47727
-2.45171            -3.70561            -6.47727
-2.66899            -3.42382            -7.25736
-2.66899            -3.42382            -7.25736
-4.14651            -4.59223            -5.05697
-5.17763            -2.01932            -4.04667
-3.37311            -1.66436            -1.65384
-1.49568            -1.61506            -2.86763
-1.49568            -1.61506            -2.86763
0.873478           -0.278884             -4.6326
2.61883            0.690358            -3.06786
-0.374431            0.676475            -5.16289
-0.374431            0.676475            -5.16289
-0.374431            0.676475            -5.16289
-0.374431            0.676475            -5.16289
-1.69008            -2.21573            -2.19545
-1.69008            -2.21573            -2.19545
-3.45584            -1.58604            -4.15147
-2.27939           0.0572849            -6.57158
-2.04724            -1.96115            -4.14722
-2.04724            -1.96115            -4.14722
-1.99742            -3.33228            -4.45444
-1.99742            -3.33228            -4.45444
-1.99742            -3.33228            -4.45444
-1.99742            -3.33228            -4.45444
-1.50598            -2.28232            -3.40844
-1.50598            -2.28232            -3.40844
-0.0106384              -1.559            -2.42187
-0.0106384              -1.559            -2.42187
-2.89455           -0.506542            -4.68918
-2.87578             1.48869               -5.19
-0.141265             2.11481            -3.98653
-0.141265             2.11481            -3.98653
-0.141265             2.11481            -3.98653
-0.141265             2.11481            -3.98653
-0.141265             2.11481            -3.98653
-1.41689             3.91176            -2.41742
-1.07734             4.98588            -4.42408
-1.07734             4.98588            -4.42408
-1.07734             4.98588            -4.42408
-2.22403             2.98333            -5.35377
-2.31179              1.6182            -6.45719
-2.31179              1.6182            -6.45719
-2.31179              1.6182            -6.45719
-2.31179              1.6182            -6.45719
-3.2884           -0.727192            -3.97262
-5.49035             1.34573            -2.06881
-5.49035             1.34573            -2.06881
-5.96804             1.98293            -2.30826
-4.85847           -0.170374           -0.863971
-3.5683            -1.53235            -1.37371
-4.79448           -0.531403            -3.80504
-4.69754            0.390886            -1.55322
-3.7087           -0.180302           -0.858034
-1.1365            -2.39151            -2.62318
-1.1365            -2.39151            -2.62318
-1.1365            -2.39151            -2.62318
-1.1365            -2.39151            -2.62318
-1.1365            -2.39151            -2.62318
-1.1365            -2.39151            -2.62318
-1.1365            -2.39151            -2.62318
-1.1365            -2.39151            -2.62318
-1.1365            -2.39151            -2.62318
-1.1365            -2.39151            -2.62318
1.15446            -1.27538            -4.57312
-1.27857             -1.9321            -3.53146
-1.27857             -1.9321            -3.53146
-1.27857             -1.9321            -3.53146
-1.27857             -1.9321            -3.53146
-1.20382           -0.393405            -2.16226
-1.20382           -0.393405            -2.16226
-0.203832            -1.39295            -2.65821
-0.203832            -1.39295            -2.65821
0.219532             1.01379            -1.88064
0.219532             1.01379            -1.88064
2.26338            0.594251            -2.39036
-0.147788             2.02326           -0.728285
1.05014             2.57035            -2.46357
-1.65535             1.63413            -3.80094
-1.65535             1.63413            -3.80094
-1.65535             1.63413            -3.80094
-1.65535             1.63413            -3.80094
-1.65535             1.63413            -3.80094
-1.65535             1.63413            -3.80094
-1.65535             1.63413            -3.80094
-1.65535             1.63413            -3.80094
0.815122             3.11448             -1.5527
3.15118            0.180692            -3.96869
3.15118            0.180692            -3.96869
3.76661             1.77167            -2.32056
3.83154          -0.0729936            -2.04366
3.75663            -1.24847            -2.77698
3.75663            -1.24847            -2.77698
2.0409           -0.504466            -4.86522
2.3606            -1.69088            -2.22085
2.37605            -1.21069            -2.24057
2.37605            -1.21069            -2.24057
2.37605            -1.21069            -2.24057
2.10992            -2.97601            -2.65158
2.10992            -2.97601            -2.65158
2.10992            -2.97601            -2.65158
2.10992            -2.97601            -2.65158
2.10992            -2.97601            -2.65158
-0.659439           -0.975274            -2.37617
-0.659439           -0.975274            -2.37617
-0.216494             2.00942            -3.11515
-1.35509            0.719704             -6.0361
-2.31576            -2.02316            -6.15174
-3.26658           -0.827297            -4.03834
-2.69397          -0.0232505            -2.31753
-2.69397          -0.0232505            -2.31753
-2.69397          -0.0232505            -2.31753
-2.69397          -0.0232505            -2.31753
-2.69397          -0.0232505            -2.31753
-2.69397          -0.0232505            -2.31753
-2.69397          -0.0232505            -2.31753
-2.69397          -0.0232505            -2.31753
-2.69397          -0.0232505            -2.31753
-2.69397          -0.0232505            -2.31753
-2.69397          -0.0232505            -2.31753
-2.69397          -0.0232505            -2.31753
-2.69397          -0.0232505            -2.31753
-2.69397          -0.0232505            -2.31753
-2.69397          -0.0232505            -2.31753
-2.69397          -0.0232505            -2.31753
-2.69397          -0.0232505            -2.31753
-2.69397          -0.0232505            -2.31753
-2.69397          -0.0232505            -2.31753
-2.69397          -0.0232505            -2.31753
-2.69397          -0.0232505            -2.31753
-4.06011            0.858146            -5.19231
-3.30475            -1.83448            -2.30315
-3.30475            -1.83448            -2.30315
-1.27497            0.209902            -1.46616
-1.27497            0.209902            -1.46616
-0.371292             2.22592            -4.16351
-1.72483           -0.636816            -3.43009
-1.72483           -0.636816            -3.43009
-1.72483           -0.636816            -3.43009
-1.72483           -0.636816            -3.43009
0.0950979             1.56255            -2.66529
-0.441554            0.304699            -2.26562
-0.441554            0.304699            -2.26562
-0.441554            0.304699            -2.26562
-0.441554            0.304699            -2.26562
-0.441554            0.304699            -2.26562
-0.441554            0.304699            -2.26562
-0.441554            0.304699            -2.26562
-0.441554            0.304699            -2.26562
-0.441554            0.304699            -2.26562
-0.441554            0.304699            -2.26562
-0.441554            0.304699            -2.26562
-0.441554            0.304699            -2.26562
-0.441554            0.304699            -2.26562
-0.441554            0.304699            -2.26562
-0.441554            0.304699            -2.26562
-0.441554            0.304699            -2.26562
-0.441554            0.304699            -2.26562
-0.441554            0.304699            -2.26562
-0.441554            0.304699            -2.26562
-1.36511            -2.00511            -3.23744
-1.36511            -2.00511            -3.23744
-1.36511            -2.00511            -3.23744
-1.36511            -2.00511            -3.23744
-1.36511            -2.00511            -3.23744
-0.975349            -2.33478            -1.86511
1.05954            -1.13646             0.64141
1.05954            -1.13646             0.64141
1.05954            -1.13646             0.64141
1.05954            -1.13646             0.64141
1.05954            -1.13646             0.64141
-0.541105            0.504472              1.7764
-0.541105            0.504472              1.7764
-0.541105            0.504472              1.7764
-0.541105            0.504472              1.7764
-0.541105            0.504472              1.7764
-0.541105            0.504472              1.7764
-0.541105            0.504472              1.7764
-0.541105            0.504472              1.7764
-2.85868            0.685378             1.04363
-3.64208             1.10644             -1.3629
-1.58417           -0.247165            -3.29477
-1.78978            0.914331            -4.42687
-1.61973            -0.21701             -2.7151
-1.26465           -0.480257           -0.939393
-1.14306            0.732478            -2.34829
-1.14306            0.732478            -2.34829
-1.14306            0.732478            -2.34829
-1.14306            0.732478            -2.34829
-1.14306            0.732478            -2.34829
-1.14306            0.732478            -2.34829
-1.14306            0.732478            -2.34829
-1.14306            0.732478            -2.34829
-1.14306            0.732478            -2.34829
-1.14306            0.732478            -2.34829
-1.14306            0.732478            -2.34829
-1.14306            0.732478            -2.34829
1.04877            0.625746            -3.18498
1.04877            0.625746            -3.18498
2.43957             2.16401             -1.4132
2.29322             1.32581            -1.06257
4.09731           0.0449242            -3.86225
2.93656             1.40979             -1.3225
1.75438           -0.148138           -0.897558
1.75438           -0.148138           -0.897558
1.75438           -0.148138           -0.897558
1.75438           -0.148138           -0.897558
1.75438           -0.148138           -0.897558
1.75438           -0.148138           -0.897558
1.75438           -0.148138           -0.897558
1.75438           -0.148138           -0.897558
1.4459             1.32803           -0.863041
1.74175           -0.611431            -1.95496
1.74175           -0.611431            -1.95496
1.74175           -0.611431            -1.95496
1.74175           -0.611431            -1.95496
1.74175           -0.611431            -1.95496
1.74175           -0.611431            -1.95496
1.74175           -0.611431            -1.95496
-0.997465              1.6093           -0.925962
-3.02396             0.76794            -3.67702
-0.806374            0.714225            -2.04808
-0.806374            0.714225            -2.04808
-0.806374            0.714225            -2.04808
-0.806374            0.714225            -2.04808
0.0615865            0.517527            -4.78921
0.0615865            0.517527            -4.78921
0.0615865            0.517527            -4.78921
0.0615865            0.517527            -4.78921
0.292226            0.674272            -5.51043
0.292226            0.674272            -5.51043
-1.59088             1.71201            -5.01254
-1.59088             1.71201            -5.01254
-0.14077           -0.847806            -3.76754
-0.14077           -0.847806            -3.76754
-1.867           -0.173178            -2.04657
-1.867           -0.173178            -2.04657
-1.867           -0.173178            -2.04657
-4.5046            -2.45082            -4.64474
-6.931            -4.07793             -3.4671
-5.22312            -4.61606             -3.1996
-5.22312            -4.61606             -3.1996
-5.22312            -4.61606             -3.1996
-5.22312            -4.61606             -3.1996
-5.22312            -4.61606             -3.1996
-5.55614            -4.33956            -6.18645
-5.55614            -4.33956            -6.18645
-5.55614            -4.33956            -6.18645
-6.4226            -3.74121             -3.7078
-8.11493            -2.62479            -2.32557
-8.11493            -2.62479            -2.32557
-6.15039           -0.569785            -3.95788
-3.80524            -1.19232            -2.87836
-1.89904           -0.682863            -1.82348
-1.89904           -0.682863            -1.82348
-1.89904           -0.682863            -1.82348
-1.89904           -0.682863            -1.82348
-1.89904           -0.682863            -1.82348
-1.89904           -0.682863            -1.82348
-0.718657             2.16901            -3.17228
-0.43229            0.260794           -0.660353
-1.03433           -0.119583             1.80227
-1.03433           -0.119583             1.80227
1.40062            -1.22679              2.7107
0.0723096          -0.0737228             2.16387
0.0723096          -0.0737228             2.16387
0.0723096          -0.0737228             2.16387
-2.66974            0.883198             4.87405
0.148392             3.66751             5.02724
-1.93404             2.35654             3.92724
-1.78895             0.11711             1.50233
-1.78895             0.11711             1.50233
0.192847            0.874342             2.46111
0.192847            0.874342             2.46111
2.06954             3.06869             1.54958
0.188809            0.477686             1.93013
0.188809            0.477686             1.93013
0.188809            0.477686             1.93013
0.188809            0.477686             1.93013
0.188809            0.477686             1.93013
0.188809            0.477686             1.93013
1.18768            -2.06993              2.5959
1.18768            -2.06993              2.5959
1.18768            -2.06993              2.5959
0.30353            0.651687             2.13294
0.30353            0.651687             2.13294
0.30353            0.651687             2.13294
0.30353            0.651687             2.13294
0.30353            0.651687             2.13294
1.10753             2.12713             1.94523
1.10753             2.12713             1.94523
1.10753             2.12713             1.94523
-0.323807            0.576703             1.50819
-0.323807            0.576703             1.50819
-0.323807            0.576703             1.50819
-0.323807            0.576703             1.50819
-0.323807            0.576703             1.50819
-0.323807            0.576703             1.50819
-0.323807            0.576703             1.50819
-0.323807            0.576703             1.50819
-0.323807            0.576703             1.50819
-0.353027             1.75985            -1.10158
1.23298             2.71578              1.2863
1.23298             2.71578              1.2863
0.498022             4.26206             2.28728
-1.25251             4.00893             4.00186
1.52041             2.06274             5.17842
1.00951           0.0957525             3.47018
1.43963           -0.377917            0.955627
1.43963           -0.377917            0.955627
1.43963           -0.377917            0.955627
2.5868             1.08872           -0.977298
3.9205           -0.467168            -2.45804
3.9205           -0.467168            -2.45804
3.9205           -0.467168            -2.45804
2.18795             1.69898            -3.90991
2.18795             1.69898            -3.90991
-0.308776         -0.00542076             -4.1089
1.73653            -2.93396            -3.82435
1.21655            -2.15849            -3.47882
1.21655            -2.15849            -3.47882
1.21655            -2.15849            -3.47882
0.118402            -4.10093            -2.26331
0.118402            -4.10093            -2.26331
-0.930516            -3.75927            -2.58954
1.85726            -1.03451            -2.73629
1.85726            -1.03451            -2.73629
1.85726            -1.03451            -2.73629
3.15315             0.92188            -2.45292
0.593133            -1.02814            -2.90333
0.593133            -1.02814            -2.90333
0.593133            -1.02814            -2.90333
-2.2938             1.50565            -1.56866
-3.51705             1.11482             1.20594
-3.51705             1.11482             1.20594
-3.51705             1.11482             1.20594
-1.47777            0.786549             2.28845
-1.47777            0.786549             2.28845
-1.47777            0.786549             2.28845
0.354121            -1.90445             2.71337
0.354121            -1.90445             2.71337
0.354121            -1.90445             2.71337
3.26761            -1.64179             1.69845
0.554668            -2.84688             4.05346
0.883173            -2.67372             3.63871
0.883173            -2.67372             3.63871
2.40545            -1.02766               4.294
0.115737             -1.3906             4.14089
0.115737             -1.3906             4.14089
-0.965393            -2.29852             1.50187
-3.11687            -3.35634             2.65463
-3.11687            -3.35634             2.65463
-3.92588           -0.644792             4.29508
-3.41527           -0.364006             2.62662
-2.16353             1.43585             1.83006
-2.16353             1.43585             1.83006
-2.16353             1.43585             1.83006
-2.00464            0.839635             2.31918
0.882346           -0.737307             1.28731
0.882346           -0.737307             1.28731
-0.814278           -0.718497             3.63199
-0.814278           -0.718497             3.63199
-0.814278           -0.718497             3.63199
-0.814278           -0.718497             3.63199
-0.621563            -3.17044             4.46183
-0.621563            -3.17044             4.46183
-0.621563            -3.17044             4.46183
-1.2229            -3.72634             4.01867
0.227987            -2.41093             6.49032
1.52321            -3.61278             5.46332
1.52321            -3.61278             5.46332
1.52321            -3.61278             5.46332
4.31829            -1.34754             2.62731
4.31829            -1.34754             2.62731
4.31829            -1.34754             2.62731
2.22256            -3.94146             2.65674
3.43742            -4.40995              4.5296
0.501456            -5.15637             2.26214
0.501456            -5.15637             2.26214
2.96927            -3.12835            0.891838
2.96927            -3.12835            0.891838
1.27206            -1.40174             1.22157
3.48741           -0.891277             2.44743
3.48741           -0.891277             2.44743
1.65561             0.75018             1.55719
1.65561             0.75018             1.55719
1.65561             0.75018             1.55719
1.65561             0.75018             1.55719
1.65561             0.75018             1.55719
3.12288             2.64811             3.15423
3.12288             2.64811             3.15423
3.12288             2.64811             3.15423
3.12288             2.64811             3.15423
3.12288             2.64811             3.15423
3.12288             2.64811             3.15423
1.07735             3.69286             2.92552
1.07735             3.69286             2.92552
0.465337            0.826861              3.1977
-1.40558             2.22695             3.44069
-1.12531            0.791836             4.93137
-2.81106            -0.94113             2.82123
-4.24536             1.84126             4.57642
-4.24536             1.84126             4.57642
-2.62394             2.46125             6.47012
-2.62394             2.46125             6.47012
-0.111953              4.4255              5.1552
2.18957             1.82558             2.81409
2.18957             1.82558             2.81409
2.18957             1.82558             2.81409
2.18957             1.82558             2.81409
2.18957             1.82558             2.81409
2.18957             1.82558             2.81409
2.18957             1.82558             2.81409
2.18957             1.82558             2.81409
1.21521             3.26767             5.14235
1.21521             3.26767             5.14235
3.11931             3.81319             6.59645
2.98812             1.41574             4.15617
2.98812             1.41574             4.15617
2.98812             1.41574             4.15617
2.52448            0.728866             5.49783
4.11142            -2.17296             3.90943
5.9681           -0.667372             5.66891
5.9681           -0.667372             5.66891
3.9684            0.012722             5.66929
2.77814           -0.226154             5.51252
1.05182            -2.12864              2.6303
1.05182            -2.12864              2.6303
1.05182            -2.12864              2.6303
-1.89477            0.615803             2.39026
-1.89477            0.615803             2.39026
-1.89477            0.615803             2.39026
-1.89477            0.615803             2.39026
-1.89477            0.615803             2.39026
-1.89477            0.615803             2.39026
-0.0583603           -0.549783              3.3097
1.45384            -1.73087             2.12579
1.45384            -1.73087             2.12579
2.4416           -0.279672             3.18322
2.4416           -0.279672             3.18322
2.4416           -0.279672             3.18322
2.4416           -0.279672             3.18322
2.4416           -0.279672             3.18322
2.4416           -0.279672             3.18322
-0.447029            0.468243             5.65386
-3.26554             1.41659             4.39105
-3.26554             1.41659             4.39105
-3.26554             1.41659             4.39105
-1.01424             4.20848             3.47424
-2.174             4.39133             4.18828
-0.822363             7.20216             4.22044
-0.822363             7.20216             4.22044
-0.822363             7.20216             4.22044
-3.05022             7.67764             5.13824
-3.05022             7.67764             5.13824
-2.67501             6.72632             2.68862
-2.67501             6.72632             2.68862
-2.67501             6.72632             2.68862
-3.03175             5.37382             3.03517
-0.268221             3.27904              3.5194
2.19421             1.26804             2.32865
2.19421             1.26804             2.32865
2.19421             1.26804             2.32865
0.165319             2.17186              3.9302
1.98507         -0.00599211             4.91528
3.63475             0.79972             3.60262
3.63475             0.79972             3.60262
3.63475             0.79972             3.60262
3.63475             0.79972             3.60262
3.63475             0.79972             3.60262
1.89927             2.44783             2.61397
1.23202            0.309087            0.954037
1.23202            0.309087            0.954037
1.23202            0.309087            0.954037
1.23202            0.309087            0.954037
1.12611            0.125652             3.54184
1.12611            0.125652             3.54184
1.12611            0.125652             3.54184
1.88669           -0.477546              1.3163
3.57462            -1.32223             2.29159
3.57462            -1.32223             2.29159
1.54239            0.190452             2.60665
1.54239            0.190452             2.60665
1.54239            0.190452             2.60665
-0.701368            -0.47345             1.79684
-1.98655            -1.12339              3.2541
-1.98655            -1.12339              3.2541
-2.44104            -2.26294             4.11375
-2.44104            -2.26294             4.11375
-2.44104            -2.26294             4.11375
-0.343458            0.422926             3.16955
-0.343458            0.422926             3.16955
-0.343458            0.422926             3.16955
-0.343458            0.422926             3.16955
-0.343458            0.422926             3.16955
-0.343458            0.422926             3.16955
-0.343458            0.422926             3.16955
0.210025            0.861758             4.58626
-0.857557              1.2591             2.05603
-0.857557              1.2591             2.05603
-0.15615             1.30182             1.75402
-0.15615             1.30182             1.75402
-0.15615             1.30182             1.75402
0.59518             1.44718             3.70486
0.59518             1.44718             3.70486
0.59518             1.44718             3.70486
0.59518             1.44718             3.70486
0.59518             1.44718             3.70486
2.21194            0.269107             1.58974
0.0454021            0.718709             4.08804
0.606939           0.0264775              1.4738
0.606939           0.0264775              1.4738
0.904004            0.517323           -0.960955
0.904004            0.517323           -0.960955
0.904004            0.517323           -0.960955
2.21068           -0.175931              1.9952
2.21068           -0.175931              1.9952
2.21068           -0.175931              1.9952
2.18841            0.376971             3.70151
0.897175            -1.39418             3.30667
2.05915            -1.70069             1.63982
0.591991            -1.54176             2.29116
-1.7593            0.141173             3.21036
-0.0135402           -0.266483             3.81966
-0.0135402           -0.266483             3.81966
-0.0135402           -0.266483             3.81966
0.754813            0.183331            0.931828
0.754813            0.183331            0.931828
0.754813            0.183331            0.931828
0.754813            0.183331            0.931828
0.754813            0.183331            0.931828
1.45779             2.18262            -1.06278
1.1835             1.06606            -2.32666
1.1835             1.06606            -2.32666
1.1835             1.06606            -2.32666
-0.601986             1.47175            -2.03997
-0.601986             1.47175            -2.03997
-0.601986             1.47175            -2.03997
-0.601986             1.47175            -2.03997
2.06744           -0.340344            -3.09972
2.30116           -0.824754            -1.93445
3.65393           -0.107827            -4.38325
1.39304           -0.576665            -2.96039
1.39304           -0.576665            -2.96039
1.39304           -0.576665            -2.96039
1.39304           -0.576665            -2.96039
1.39304           -0.576665            -2.96039
1.39304           -0.576665            -2.96039
0.479201           -0.537244            -3.99188
0.479201           -0.537244            -3.99188
-1.96687             1.92078            -3.63349
0.765796           -0.478602            -4.54499
0.387472             1.88321            -3.16213
-0.311146           -0.525513            -5.26186
-0.141786           -0.611202            -4.35818
-1.42539            -2.93379            -3.33301
-0.325079            -1.40006            -6.31835
2.63255            -3.43747            -3.64974
2.63255            -3.43747            -3.64974
2.63255            -3.43747            -3.64974
2.20501            -3.08954            -4.68608
2.20501            -3.08954            -4.68608
3.32625           -0.256661            -2.05009
3.32625           -0.256661            -2.05009
3.32625           -0.256661            -2.05009
1.93577           -0.925559            -4.44149
1.93577           -0.925559            -4.44149
-0.77107            -2.40412             -5.2885
-0.77107            -2.40412             -5.2885
-2.85653            -1.07157            -4.75362
-2.87873          -0.0823874            -3.41535
-2.87873          -0.0823874            -3.41535
-1.14581            -2.71543            -6.08362
-1.14581            -2.71543            -6.08362
-1.14581            -2.71543            -6.08362
-0.317671            -5.30417            -6.84715
-0.140288             -4.3356            -7.98282
-1.06228            -5.51849            -7.29326
-1.06228            -5.51849            -7.29326
-1.06228            -5.51849            -7.29326
-1.06228            -5.51849            -7.29326
-0.910032            -3.90529            -4.47506
1.47077            -2.87501            -5.78143
4.28979           -0.330765            -6.13394
2.91409            -1.08272              -5.959
2.91409            -1.08272              -5.959
2.91409            -1.08272              -5.959
1.81017            -2.69511            -4.16959
4.11887           -0.154486            -4.34906
3.15838             1.62298            -3.42566
3.69116            0.119005            -4.94516
0.921985            -2.01059            -2.97918
-1.48544            -2.40316            -5.45127
-1.48544            -2.40316            -5.45127
1.42225           -0.744947            -2.53659
0.744278            0.793783            -2.25459
0.744278            0.793783            -2.25459
0.744278            0.793783            -2.25459
-2.04273            0.322475            -3.26138
0.195206           -0.221341            -2.24722
-0.922336             1.76974            -5.16434
-0.909325           -0.837444            -2.23353
-1.18438              1.3412            -4.98422
-1.18438              1.3412            -4.98422
-2.92037             4.32829            -2.96218
-1.30986             1.97656            -1.16405
-1.30986             1.97656            -1.16405
-1.30986             1.97656            -1.16405
-1.30986             1.97656            -1.16405
-1.30986             1.97656            -1.16405
-1.38106           -0.393845            -3.03596
-1.38106           -0.393845            -3.03596
1.52509            0.196559             -1.8635
1.52509            0.196559             -1.8635
-0.529627             -2.7689            -2.41542
-2.20166             -1.7262            -2.61853
-5.18266            -1.94474            -4.90913
-5.18266            -1.94474            -4.90913
-5.18266            -1.94474            -4.90913
-5.18266            -1.94474            -4.90913
-2.40151            -3.76397            -6.42993
-2.40151            -3.76397            -6.42993
-4.66393            -1.75982            -6.86538
-4.21751            -3.37357            -9.03623
-4.3164            -1.46712            -9.32466
-1.42914            0.458304            -10.0569
-2.92918           0.0634429             -11.088
-1.23686              1.0929            -10.2472
-1.23686              1.0929            -10.2472
-4.03322            -1.23848            -11.9707
-4.03322            -1.23848            -11.9707
-4.3393            -3.07542            -10.1433
-3.05797            -5.65937            -8.86307
-1.98116            -5.79234             -7.3689
-1.98116            -5.79234             -7.3689
-3.8286            -3.80294            -6.54316
-4.4432            -2.83875            -3.65966
-4.4432            -2.83875            -3.65966
-4.44877            -4.28856            -1.82955
-4.44877            -4.28856            -1.82955
-4.44877            -4.28856            -1.82955
-4.37585            -5.23761             1.00682
-4.37585            -5.23761             1.00682
-2.12674             -5.1209              3.8079
-0.167472            -3.77661             4.08101
-0.531942            -4.03009             3.62367
1.3722            -2.94142             2.40777
3.02427           -0.504571             1.64171
3.64534            -2.24791           -0.656125
3.37378            -1.80642            -1.23935
3.37378            -1.80642            -1.23935
3.37378            -1.80642            -1.23935
2.10322            -3.80527            -3.53446
3.24824            -2.38115            -5.94072
3.24824            -2.38115            -5.94072
1.67886            -2.83354            -3.70998
1.67886            -2.83354            -3.70998
1.88954            -5.23762            -5.95259
1.88954            -5.23762            -5.95259
4.3636            -2.51349            -4.19854
4.42394           -0.234832            -4.95906
3.91567             2.46611            -4.61248
3.91567             2.46611            -4.61248
4.93572             1.86742            -2.45047
6.81041             3.61057            -2.90109
6.81041             3.61057            -2.90109
6.81041             3.61057            -2.90109
6.81041             3.61057            -2.90109
6.81041             3.61057            -2.90109
6.14547             2.39942            -3.00635
6.14547             2.39942            -3.00635
3.82499             3.86879           -0.763234
6.21099             1.56428            -3.48925
6.21099             1.56428            -3.48925
5.7146             1.69598            -1.10258
5.7146             1.69598            -1.10258
5.7146             1.69598            -1.10258
5.7146             1.69598            -1.10258
5.7146             1.69598            -1.10258
5.49665             3.99099            -2.10018
5.49665             3.99099            -2.10018
3.97136             4.18565            -3.24532
3.97136             4.18565            -3.24532
3.97136             4.18565            -3.24532
3.97136             4.18565            -3.24532
3.97136             4.18565            -3.24532
1.54712             2.61781             -6.0447
0.96952             2.40575            -3.09012
0.96952             2.40575            -3.09012
1.16047            0.552855            -4.27011
1.16047            0.552855            -4.27011
1.16047            0.552855            -4.27011
-0.450992            0.276383             -4.5882
-0.0469817             2.88949            -3.55064
-0.0469817             2.88949            -3.55064
-0.0469817             2.88949            -3.55064
-0.711867             2.61852            -5.06711
1.30626            0.645763            -4.91946
1.30626            0.645763            -4.91946
1.30626            0.645763            -4.91946
0.169018            0.507069            -3.41202
0.169018            0.507069            -3.41202
-0.571283           -0.983762            -4.92716
-0.571283           -0.983762            -4.92716
-0.571283           -0.983762            -4.92716
-0.571283           -0.983762            -4.92716
-0.571283           -0.983762            -4.92716
-2.01045         -0.00260378             -6.4637
-3.07156           -0.641655            -4.36948
-0.716898            0.136529            -5.01213
1.52295             2.21548            -2.96342
1.52295             2.21548            -2.96342
4.468            0.748247             -2.2225
2.0632              3.0689            -4.39211
2.0632              3.0689            -4.39211
2.0632              3.0689            -4.39211
-0.472804            0.178806            -6.25302
-0.472804            0.178806            -6.25302
-2.02598            -1.13778             -4.6275
-2.92862           -0.202352            -3.26029
-3.01223           -0.652832            -1.84004
-3.01223           -0.652832            -1.84004
-3.01223           -0.652832            -1.84004
-3.01223           -0.652832            -1.84004
-0.0904803            0.520953             -2.8929
-0.0904803            0.520953             -2.8929
-0.0904803            0.520953             -2.8929
-0.0904803            0.520953             -2.8929
-0.0904803            0.520953             -2.8929
-0.0904803            0.520953             -2.8929
-0.0904803            0.520953             -2.8929
-0.0904803            0.520953             -2.8929
0.438374            -1.60166            -3.93931
-1.09213            -2.04653            -5.73329
1.1862            -3.05394            -4.17054
1.1862            -3.05394            -4.17054
-1.49417           -0.539537            -3.88983
-1.49417           -0.539537            -3.88983
1.0783             2.29894            -6.09861
1.0783             2.29894            -6.09861
0.738248             1.80101            -8.82222
1.29951             2.74626            -9.95181
0.211947             2.42568            -7.32636
0.211947             2.42568            -7.32636
1.40759             4.68153            -6.37423
1.40759             4.68153            -6.37423
1.40759             4.68153            -6.37423
3.90711             3.21788             -6.2711
1.56442             5.11228            -6.36834
4.12009             4.72717            -4.97032
4.12009             4.72717            -4.97032
4.12009             4.72717            -4.97032
3.27475             2.04551            -5.11263
1.81064             4.02638            -7.75048
-0.374011             1.81177            -8.34417
-0.374011             1.81177            -8.34417
-0.36719           -0.449859            -7.04727
-0.36719           -0.449859            -7.04727
-2.50673             1.23182            -6.08693
-0.43838            0.338198            -3.24282
-0.43838            0.338198            -3.24282
-1.62766            -1.34603            -2.35349
-1.62766            -1.34603            -2.35349
-1.62766            -1.34603            -2.35349
-1.62766            -1.34603            -2.35349
-2.46343            0.230139             -2.1776
-2.46343            0.230139             -2.1776
-1.08384            -1.48952            -1.30685
-0.00952096            -2.01322            -2.85391
-0.00952096            -2.01322            -2.85391
-0.00952096            -2.01322            -2.85391
-0.00952096            -2.01322            -2.85391
-0.00952096            -2.01322            -2.85391
-2.98245            -3.18798            -4.63898
-2.98245            -3.18798            -4.63898
-5.93718            -1.01995            -5.14192
-3.11202             1.37708            -5.92607
-0.65843         -0.00406806             -4.5088
-2.46905            -2.04707              -3.696
0.331226             -1.0283            -1.04456
0.000673291             1.84168             1.77328
0.000673291             1.84168             1.77328
1.13897             3.74522             3.58308
-0.50644              3.5892             5.60109
-2.48518             1.49324             7.92189
-1.61885             1.10144              6.9236
-1.61885             1.10144              6.9236
-1.61885             1.10144              6.9236
-4.22943           -0.385707             4.08034
-4.22943           -0.385707             4.08034
-4.22943           -0.385707             4.08034
-2.9728             2.25262             3.45353
-2.9728             2.25262             3.45353
-2.9728             2.25262             3.45353
-0.504557             2.10516             5.40874
-0.109927             2.53378              7.7266
-1.20588             4.46062             5.05837
-2.80235             3.93983             7.62306
-0.250538             2.76689             7.92697
-1.86445             2.14391             7.26916
-3.28063             2.28295             7.52916
-3.28063             2.28295             7.52916
-3.28063             2.28295             7.52916
-0.873601             2.47088             8.22719
-0.873601             2.47088             8.22719
1.00787             3.96476             5.68456
1.00787             3.96476             5.68456
-0.0817255             4.12616             4.66254
-0.0817255             4.12616             4.66254
-0.20602             1.79524              5.9889
-0.507477           -0.372275             4.56596
-1.62339           -0.816759             2.12454
-1.62339           -0.816759             2.12454
-0.669466             2.00841             3.67444
-0.669466             2.00841             3.67444
1.82626            0.776411             5.43414
1.82626            0.776411             5.43414
1.82626            0.776411             5.43414
0.727133            -1.96311             4.71006
0.727133            -1.96311             4.71006
1.82285            -3.08109             3.70532
-1.17412            -1.79697            0.800006
1.17961           -0.630517            0.590014
-0.201495            -1.21406           -0.537077
1.3583            -3.58897            -3.32295
1.3583            -3.58897            -3.32295
1.3583            -3.58897            -3.32295
0.780874            -1.56835            -2.86796
0.780874            -1.56835            -2.86796
0.780874            -1.56835            -2.86796
0.780874            -1.56835            -2.86796
1.8169            0.711713            -5.80002
0.907172           -0.138167            -3.47541
1.42552            -1.87872            -3.06624
0.355553           -0.129659           -0.890385
0.355553           -0.129659           -0.890385
0.355553           -0.129659           -0.890385
0.355553           -0.129659           -0.890385
0.767647            -2.16019             1.55404
0.767647            -2.16019             1.55404
0.767647            -2.16019             1.55404
0.767647            -2.16019             1.55404
-1.16306            -3.58273             2.79821
-1.16306            -3.58273             2.79821
-1.92641            -3.80826             4.54506
-1.92641            -3.80826             4.54506
-2.30467            -3.86982             4.11315
0.210435            -4.48072             2.47034
-1.12972            -3.24936             3.28328
-2.2176            -1.31224             4.05776
-1.70537            0.437841             4.76887
-1.70537            0.437841             4.76887
-1.0968            -1.06736             5.37894
-1.09959            -1.04019             4.11408
-1.09959            -1.04019             4.11408
-0.515365            -2.12994             5.61995
-0.515365            -2.12994             5.61995
1.07591            -4.18821             2.89718
0.90781            -2.25776             2.83125
0.90781            -2.25776             2.83125
2.99633            -4.03819             4.43971
2.99633            -4.03819             4.43971
1.24659            -6.78722             2.23945
1.24659            -6.78722             2.23945
2.79474            -7.05135             4.95259
2.90937            -4.53965             4.21541
2.90937            -4.53965             4.21541
4.46051            -1.94026             1.76348
4.46051            -1.94026             1.76348
4.46051            -1.94026             1.76348
4.46051            -1.94026             1.76348
4.46051            -1.94026             1.76348
4.09332            -2.87068             2.20288
4.09332            -2.87068             2.20288
4.09332            -2.87068             2.20288
4.09332            -2.87068             2.20288
4.09332            -2.87068             2.20288
4.09332            -2.87068             2.20288
4.09332            -2.87068             2.20288
3.75403            -3.55123             3.60049
1.53094            -1.25036             1.70372
1.53094            -1.25036             1.70372
1.53094            -1.25036             1.70372
1.53094            -1.25036             1.70372
1.45986            -1.58282             1.68838
1.04927            -3.87982             1.51317
-0.934724            -1.27536            0.672256
-0.934724            -1.27536            0.672256
0.398132            -2.90857             2.82867
0.33857            -1.72855            0.934219
2.78806            -3.37579            -1.96766
2.5489           -0.903182               -4.39
-0.223478            0.403396            -4.21541
-0.223478            0.403396            -4.21541
0.715313             2.04365             -5.7467
0.715313             2.04365             -5.7467
0.715313             2.04365             -5.7467
0.715313             2.04365             -5.7467
0.715313             2.04365             -5.7467
2.42683           -0.870617            -2.78458
1.96298            -1.05528           -0.774426
0.353593            -2.88678             1.20996
-1.74544             -1.8563            -1.41013
-3.11703            -2.10775            -3.77779
-0.582789            -2.08609            -3.80076
-0.582789            -2.08609            -3.80076
-0.896543           -0.308005             -6.0563
-3.5425             2.22481            -6.06092
-3.27693             1.48073            -5.56957
-1.59782           0.0684283            -5.48823
-1.59782           0.0684283            -5.48823
1.39138             1.25097            -3.38608
1.39138             1.25097            -3.38608
1.39138             1.25097            -3.38608
2.47018           -0.115508            -2.43494
2.47018           -0.115508            -2.43494
2.47018           -0.115508            -2.43494
2.47018           -0.115508            -2.43494
2.37611            0.516651            -3.99239
2.37611            0.516651            -3.99239
0.856698            -1.11219            -2.84898
0.856698            -1.11219            -2.84898
0.856698            -1.11219            -2.84898
0.856698            -1.11219            -2.84898
0.856698            -1.11219            -2.84898
0.856698            -1.11219            -2.84898
0.856698            -1.11219            -2.84898
0.92534            -3.99603            -3.66586
0.92534            -3.99603            -3.66586
-1.71962            -2.24956            -3.47185
-2.76587            0.233073            -4.60015
-0.85972            0.802452            -5.66004
1.92374             1.73232            -3.59153
0.765358             1.52131            -3.01214
2.45325            -0.93123            -3.21893
2.45325            -0.93123            -3.21893
2.45325            -0.93123            -3.21893
2.3662           -0.307582            -3.84856
2.3662           -0.307582            -3.84856
0.467808             -2.0052            -3.29615
0.467808             -2.0052            -3.29615
-2.4342             -4.7994            -5.47384
-2.4342             -4.7994            -5.47384
-4.47122            -4.09708            -5.13851
-4.47122            -4.09708            -5.13851
-5.93386             -3.2153            -2.56089
-6.81605           -0.921322            -4.34196
-5.68893            0.126827            -5.03287
-5.68893            0.126827            -5.03287
-5.03687             1.01682            -6.78488
-5.03687             1.01682            -6.78488
-3.50614            -1.74612            -6.77864
-5.99017            -3.09988            -9.06302
-3.24351            -2.85276            -6.33474
-3.24351            -2.85276            -6.33474
-3.24351            -2.85276            -6.33474
-1.71894            -0.60515            -8.29212
-1.71894            -0.60515            -8.29212
-0.171899           -0.366768            -5.45371
-0.171899           -0.366768            -5.45371
-0.171899           -0.366768            -5.45371
-2.25439              1.9054            -4.78331
-2.25439              1.9054            -4.78331
-2.25439              1.9054            -4.78331
-0.113151            0.548971            -4.71383
-0.113151            0.548971            -4.71383
-0.113151            0.548971            -4.71383
-0.113151            0.548971            -4.71383
-0.113151            0.548971            -4.71383
-0.113151            0.548971            -4.71383
0.227266           -0.715042             -6.9232
0.227266           -0.715042             -6.9232
1.33851             -3.3579            -6.15096
1.33851             -3.3579            -6.15096
-0.808073            -4.65021            -6.29294
-0.808073            -4.65021            -6.29294
-0.268799            -3.11882            -3.70786
-0.268799            -3.11882            -3.70786
-0.268799            -3.11882            -3.70786
2.49202            -1.69552            -2.68915
2.49202            -1.69552            -2.68915
2.49202            -1.69552            -2.68915
2.49202            -1.69552            -2.68915
2.49202            -1.69552            -2.68915
2.49202            -1.69552            -2.68915
-0.0717038           -0.687208            -5.32984
-0.0717038           -0.687208            -5.32984
-0.917926            0.375692            -5.48883
-0.917926            0.375692            -5.48883
-2.00923             1.35973            -3.68936
-2.00923             1.35973            -3.68936
-2.00923             1.35973            -3.68936
-4.32813             1.72518            -4.80538
-1.41123             4.28756            -4.40223
-1.41123             4.28756            -4.40223
-0.30657             3.51661            -5.88348
-0.30657             3.51661            -5.88348
-2.28632             1.26491            -3.83864
-2.28632             1.26491            -3.83864
-2.57258             0.69187            -2.70781
-2.57258             0.69187            -2.70781
-0.0580756             3.08775            -2.08693
1.52913             3.53433            0.912938
3.7868             5.91274             1.64869
3.7868             5.91274             1.64869
2.7659             3.04436            -1.03261
0.179957              3.9354            -1.21006
-2.7947             5.30254            -4.05895
-3.2972             3.35476            -4.24381
-1.75519             3.36135            -1.64224
0.606692             2.53192            -1.62748
-0.272163            0.339805            -1.20194
-0.272163            0.339805            -1.20194
-1.24293              1.7765            -1.96288
0.816754            -1.20566            -2.15577
0.816754            -1.20566            -2.15577
-0.600561            0.231443            -2.84181
1.91163             1.55122            -3.40621
1.91163             1.55122            -3.40621
0.403165             2.10854            -5.72606
0.717171           -0.236879            -3.22473
0.717171           -0.236879            -3.22473
0.717171           -0.236879            -3.22473
1.67417             1.41715            -1.21847
1.67417             1.41715            -1.21847
1.67417             1.41715            -1.21847
1.67417             1.41715            -1.21847
0.921453              1.6934            -1.68157
0.921453              1.6934            -1.68157
0.921453              1.6934            -1.68157
0.921453              1.6934            -1.68157
2.52958           -0.307569            -3.68904
2.52958           -0.307569            -3.68904
2.52958           -0.307569            -3.68904
-0.00414839            0.826692            -2.44104
-0.00414839            0.826692            -2.44104
-0.00414839            0.826692            -2.44104
-0.00414839            0.826692            -2.44104
-0.00414839            0.826692            -2.44104
-0.00414839            0.826692            -2.44104
-0.00414839            0.826692            -2.44104
-0.00414839            0.826692            -2.44104
-0.00414839            0.826692            -2.44104
-0.00414839            0.826692            -2.44104
-0.00414839            0.826692            -2.44104
-2.38106             2.33875            -2.48447
-2.38106             2.33875            -2.48447
0.282791          0.00344816             -0.5411
2.20076            -1.99265              1.7328
0.473067            0.248673           -0.543663
0.473067            0.248673           -0.543663
-1.96163            0.601178             -1.5534
-1.96163            0.601178             -1.5534
-1.96163            0.601178             -1.5534
-0.408891            -2.36635            -1.50527
-0.408891            -2.36635            -1.50527
0.461722          -0.0337543            -4.38491
0.461722          -0.0337543            -4.38491
-0.245465          -0.0676797            -5.97015
1.21119            0.370321            -6.26993
1.5669             2.83745            -4.02975
-0.163253             1.02332            -5.97435
0.826631             1.97477            -8.39584
0.782045            0.175604            -5.40399
2.38559           -0.213745            -5.04996
2.38559           -0.213745            -5.04996
4.31833           -0.125025            -7.97017
4.31833           -0.125025            -7.97017
2.46276            0.986208            -9.13747
1.63099             2.16314            -6.59717
1.63099             2.16314            -6.59717
3.41154             2.35326            -6.16771
3.41154             2.35326            -6.16771
2.88551             3.20029             -8.7782
0.0165951             4.47632            -10.5458
0.682454             3.59207             -11.538
-2.02304             3.05858            -13.8997
-2.02304             3.05858            -13.8997
-3.29482             3.16749             -13.055
-2.51522             4.01949              -12.43
0.402302             5.76378            -11.3253
0.402302             5.76378            -11.3253
0.402302             5.76378            -11.3253
-2.35132             4.91818            -11.3588
-2.35132             4.91818            -11.3588
-3.11781             6.35178            -9.83553
-3.11781             6.35178            -9.83553
-2.10273             7.89234            -7.90937
-1.0664             5.39504            -6.50584
-3.61212             3.33614            -6.08711
-5.92933             1.57312            -6.87138
-3.68032             4.04562            -6.79865
-3.68032             4.04562            -6.79865
-3.68032             4.04562            -6.79865
-3.68032             4.04562            -6.79865
-5.45009             1.92687            -6.92447
-5.45009             1.92687            -6.92447
-4.80974           -0.647191            -5.51188
-4.80974           -0.647191            -5.51188
-2.80874            -2.37235            -5.66788
-2.80874            -2.37235            -5.66788
-2.80874            -2.37235            -5.66788
-0.51598           0.0775312            -2.72598
-0.51598           0.0775312            -2.72598
-0.51598           0.0775312            -2.72598
-0.51598           0.0775312            -2.72598
-0.51598           0.0775312            -2.72598
-0.51598           0.0775312            -2.72598
-0.51598           0.0775312            -2.72598
-0.51598           0.0775312            -2.72598
-0.51598           0.0775312            -2.72598
-0.772319            0.503259            -3.32503
-0.772319            0.503259            -3.32503
-0.772319            0.503259            -3.32503
-0.772319            0.503259            -3.32503
-0.772319            0.503259            -3.32503
-0.772319            0.503259            -3.32503
1.96211             3.00706            -1.50957
3.33709             1.09744            -4.05034
2.12267             1.28365            -1.33809
0.78867             2.05992            -4.21511
0.78867             2.05992            -4.21511
-2.08368              2.1466            -5.20693
-2.08368              2.1466            -5.20693
-0.23283             2.22608            -3.33136
-0.23283             2.22608            -3.33136
-0.23283             2.22608            -3.33136
-1.86704           -0.489701             -3.1306
-1.86704           -0.489701             -3.1306
0.130377            -1.30795             -1.8196
0.130377            -1.30795             -1.8196
0.130377            -1.30795             -1.8196
0.130377            -1.30795             -1.8196
1.4925             1.31004           -0.295627
0.523615             2.22535             2.43818
0.523615             2.22535             2.43818
-0.905583           0.0834085             2.18647
-1.24492            -1.34284             4.06433
-1.24492            -1.34284             4.06433
-1.24492            -1.34284             4.06433
-1.23723           -0.716686             2.01333
-1.23723           -0.716686             2.01333
-1.23723           -0.716686             2.01333
-1.23723           -0.716686             2.01333
-1.23723           -0.716686             2.01333
-1.23723           -0.716686             2.01333
-1.23723           -0.716686             2.01333
-1.23723           -0.716686             2.01333
-1.23723           -0.716686             2.01333
-1.23723           -0.716686             2.01333
1.06585          -0.0648158             2.20404
1.06585          -0.0648158             2.20404
1.1081           -0.902013             4.42754
2.2047            -2.02721             2.10338
2.2047            -2.02721             2.10338
2.78662           -0.209278             4.03749
2.78662           -0.209278             4.03749
1.91789             2.70537             4.19931
1.91789             2.70537             4.19931
1.91789             2.70537             4.19931
1.91789             2.70537             4.19931
1.91789             2.70537             4.19931
-0.212716            0.701959             4.46865
-0.332443              3.0044             3.29779
-2.91957            0.162661             6.19135
-2.91957            0.162661             6.19135
-2.91957            0.162661             6.19135
-1.01435            -1.82172             4.90663
-3.06973           -0.822016              5.5046
-3.06973           -0.822016              5.5046
-3.43726           -0.123017             6.17686
-1.17834            -1.47153             3.45824
-1.17834            -1.47153             3.45824
-1.17834            -1.47153             3.45824
-1.17834            -1.47153             3.45824
0.48339            -1.86004             3.32504
0.48339            -1.86004             3.32504
0.48339            -1.86004             3.32504
-1.74835            -1.45434              3.6504
-1.74835            -1.45434              3.6504
-1.74835            -1.45434              3.6504
-0.454283            0.910836             4.58927
-2.57734          -0.0771495             3.94928
-2.57734          -0.0771495             3.94928
-0.103391            0.482646             4.56337
-0.103391            0.482646             4.56337
1.86977           -0.135228             2.83906
1.86977           -0.135228             2.83906
-0.673522             2.67369             4.58322
-0.673522             2.67369             4.58322
-0.395573            0.821128             5.51549
-0.812985            -1.20344             2.78741
-0.812985            -1.20344             2.78741
-0.812985            -1.20344             2.78741
1.21279           0.0370978             2.62702
-1.14692           -0.172363             3.14188
-1.14692           -0.172363             3.14188
-0.513983            -1.66757             2.20726
2.01925            0.989129             2.09199
-0.746905            -1.67187             2.13942
-0.746905            -1.67187             2.13942
-0.746905            -1.67187             2.13942
0.159526            0.372045              5.1264
1.93169             -2.1575             4.89588
1.93169             -2.1575             4.89588
1.93169             -2.1575             4.89588
1.93169             -2.1575             4.89588
-0.524451           -0.904472             2.34293
-0.524451           -0.904472             2.34293
-0.141505           -0.773845             2.36684
-0.141505           -0.773845             2.36684
2.27012            0.410031             5.14397
-0.580742            -1.73241             5.34855
-1.23113             1.23336             3.65836
-1.23113             1.23336             3.65836
-1.23113             1.23336             3.65836
-2.10732           -0.314206             2.04202
-2.10732           -0.314206             2.04202
-1.2758             1.81425               3.299
-1.2758             1.81425               3.299
-1.2758             1.81425               3.299
-1.2758             1.81425               3.299
-1.2758             1.81425               3.299
-1.2758             1.81425               3.299
0.669619             1.33907             3.51805
2.7237             1.94975             5.26441
2.7237             1.94975             5.26441
2.7237             1.94975             5.26441
2.81141             3.33778             5.84839
2.81141             3.33778             5.84839
2.46351             4.46452             4.37337
4.6203              2.8521             4.79616
4.6203              2.8521             4.79616
6.00693            0.653856             3.79288
6.26044             -2.2362             6.72499
5.48917            -5.13886             5.58487
5.73216            -4.73744             7.07944
4.38021             -4.5157             6.71907
4.38021             -4.5157             6.71907
4.38021             -4.5157             6.71907
3.39182            -4.59652              9.4006
2.29568            -3.78237              11.882
2.54081            -6.50865             13.8443
4.06463            -5.19666             14.2619
2.40398            -2.21697              12.616
1.0304           -0.864556             9.70502
0.0224513            -1.11528             9.59343
-0.547097            0.781847             9.54994
-3.3298             3.59381              8.3103
-0.931207             2.81513             7.48441
-0.931207             2.81513             7.48441
-1.98556              4.6052             4.69285
-1.98556              4.6052             4.69285
-1.98556              4.6052             4.69285
0.660123             2.85717             3.75854
1.09141             0.56581             4.77286
1.09141             0.56581             4.77286
1.09141             0.56581             4.77286
-0.639446           -0.938981             3.15503
-0.639446           -0.938981             3.15503
1.10824            -3.17061             3.84646
-1.88646           -0.212585              6.2975
-1.88646           -0.212585              6.2975
0.174144             -1.7282             4.07768
-1.13638           -0.268262             6.48989
-1.13638           -0.268262             6.48989
-2.39811            -2.34059             5.89873
-1.8313            -4.05677             3.95698
-0.97985            -1.29695             5.68748
-0.97985            -1.29695             5.68748
-0.97985            -1.29695             5.68748
1.03074             1.53934             5.54249
2.34061             1.94442             7.88259
2.56842           -0.403054             8.93587
2.56842           -0.403054             8.93587
4.35943            -2.47408             7.15528
4.54984           -0.103987             7.40643
4.54984           -0.103987             7.40643
4.54984           -0.103987             7.40643
1.62773           -0.430216             8.55411
3.62321            -3.07731             8.31672
1.03488            -5.91284             8.63609
-0.125845            -6.42169                7.56
-2.82517            -4.52822             8.09301
-5.66384            -2.23604             5.92556
-5.66384            -2.23604             5.92556
-5.70809           -0.106123             5.51049
-4.08002            0.728855             2.79006
-3.02354            -1.32666             1.09679
-2.0829             1.10381             2.68106
-2.0829             1.10381             2.68106
-2.0829             1.10381             2.68106
0.0301827           -0.237556            0.704313
0.0301827           -0.237556            0.704313
0.0301827           -0.237556            0.704313
0.0301827           -0.237556            0.704313
1.21305            -1.10658             2.90478
1.21305            -1.10658             2.90478
1.21305            -1.10658             2.90478
1.21305            -1.10658             2.90478
2.07356             0.49334            0.781699
0.658191             2.99675             3.61629
0.658191             2.99675             3.61629
1.25799             4.48858             1.90619
1.63493             2.38167              4.4499
1.04788            0.839263             4.57095
1.04788            0.839263             4.57095
0.41404            -1.69578              4.6032
0.41404            -1.69578              4.6032
0.41404            -1.69578              4.6032
2.68503            -1.56332             4.19899
4.81096           -0.803511             2.45793
4.81096           -0.803511             2.45793
4.81096           -0.803511             2.45793
5.04979           -0.613211             2.60379
5.04979           -0.613211             2.60379
4.24599            -2.16185             3.38971
4.83445           -0.747048             4.16223
3.39281            -3.10451             4.08483
2.98453            -4.91585             3.73957
0.104581            -4.37899             5.70355
0.104581            -4.37899             5.70355
0.104581            -4.37899             5.70355
0.104581            -4.37899             5.70355
-0.111186            -2.72598             5.58668
-1.2912           -0.131365             5.25082
0.906863            -1.27836             4.49536
0.906863            -1.27836             4.49536
2.46021            -1.98346             1.81214
-0.413728             0.75152              2.5382
-0.413728             0.75152              2.5382
-0.413728             0.75152              2.5382
-1.22347           0.0559459             1.09875
-1.22347           0.0559459             1.09875
1.37109             1.19903            -1.35558
1.37109             1.19903            -1.35558
1.71512           -0.861443            -3.72175
1.71512           -0.861443            -3.72175
1.71512           -0.861443            -3.72175
4.48643             1.19286             -4.2345
2.51603             2.56385            -2.95544
2.51603             2.56385            -2.95544
2.51603             2.56385            -2.95544
2.51603             2.56385            -2.95544
2.51603             2.56385            -2.95544
-0.246703             3.10391             -1.0417
2.71253              1.5308            -1.56978
2.71253              1.5308            -1.56978
2.71253              1.5308            -1.56978
2.71253              1.5308            -1.56978
1.53216            -1.10668            -1.98791
0.523665            0.756172            -3.33502
0.523665            0.756172            -3.33502
-1.07287            -2.07771            -1.61877
-1.07287            -2.07771            -1.61877
0.166444            0.274858            -1.59437
0.166444            0.274858            -1.59437
0.166444            0.274858            -1.59437
1.46555           -0.204419             -2.0484
1.17543             1.62261            -2.09468
1.17543             1.62261            -2.09468
1.17543             1.62261            -2.09468
2.81617           -0.874403            -4.98741
2.71565            -2.01707            -2.29416
3.35771              -2.197            -1.20968
6.30918            -2.38559            -2.15366
6.30918            -2.38559            -2.15366
6.30918            -2.38559            -2.15366
6.30918            -2.38559            -2.15366
4.16723            0.506538           -0.303813
3.24413            0.297338            -1.33066
3.73599             1.48092            -3.40986
3.73599             1.48092            -3.40986
3.59766             1.57948            -4.88366
5.27942            -1.19068            -3.72402
5.27942            -1.19068            -3.72402
5.11884            -1.79703            -3.51671
3.89773            -0.74697            -1.07616
3.89773            -0.74697            -1.07616
4.97209             1.88895             1.77398
4.97209             1.88895             1.77398
4.97209             1.88895             1.77398
2.26384             1.29281            0.592579
2.26384             1.29281            0.592579
2.26384             1.29281            0.592579
2.26384             1.29281            0.592579
2.91589              4.1491             1.98409
2.91589              4.1491             1.98409
3.07371             5.62515             3.51754
2.42931             5.69033             4.82363
2.42931             5.69033             4.82363
1.94977             3.60534             3.36741
3.76494             4.44514             2.79601
3.76494             4.44514             2.79601
3.72013             3.95877             5.72095
3.72013             3.95877             5.72095
2.93837             3.49017               7.053
4.74181              4.5524             7.69239
4.73743             2.18731             5.02312
4.73743             2.18731             5.02312
6.7385             3.36225             4.83405
6.7385             3.36225             4.83405
6.7385             3.36225             4.83405
6.7385             3.36225             4.83405
6.7385             3.36225             4.83405
6.7385             3.36225             4.83405
6.7385             3.36225             4.83405
4.59856             5.06716             2.91102
2.04354             6.90007             5.75051
-0.571862             4.73224             8.53802
-0.571862             4.73224             8.53802
-0.173231             5.75445             6.82174
-0.173231             5.75445             6.82174
1.75427             5.74924             5.63027
2.25152             4.90142             5.73041
2.25152             4.90142             5.73041
-0.171346             2.05898             3.04511
-0.171346             2.05898             3.04511
-2.0152            0.754926             5.84849
-1.86193           -0.670584             3.12777
-1.86193           -0.670584             3.12777
0.832168             1.43052             5.18368
0.832168             1.43052             5.18368
0.832168             1.43052             5.18368
3.749          -0.0125941             4.48749
3.749          -0.0125941             4.48749
3.66686             -2.5813             5.03828
3.40152            -0.67384             5.85254
1.52734              1.2802             3.18754
1.52734              1.2802             3.18754
0.746792             1.14524               4.345
0.746792             1.14524               4.345
0.0765335            0.219078             3.16906
0.0765335            0.219078             3.16906
0.0765335            0.219078             3.16906
0.0765335            0.219078             3.16906
0.0765335            0.219078             3.16906
0.0765335            0.219078             3.16906
0.0765335            0.219078             3.16906
0.0765335            0.219078             3.16906
1.07802            0.863336             2.73546
2.50805            0.494768             3.34304
2.50805            0.494768             3.34304
2.50805            0.494768             3.34304
2.50805            0.494768             3.34304
2.50805            0.494768             3.34304
2.50805            0.494768             3.34304
0.276586            0.579728             4.34688
1.82407            -2.08428             3.10928
-0.260925            0.870542             5.44975
2.48374            0.473073              5.5866
2.48374            0.473073              5.5866
2.48374            0.473073              5.5866
2.48374            0.473073              5.5866
2.48374            0.473073              5.5866
2.48374            0.473073              5.5866
2.48374            0.473073              5.5866
4.35734            0.641023             4.49041
2.63171              3.3041             2.71806
2.63171              3.3041             2.71806
2.0647             2.98406             4.39108
2.0647             2.98406             4.39108
4.21272             1.02944             1.65363
3.69782             1.65857             3.06787
3.69782             1.65857             3.06787
3.69782             1.65857             3.06787
3.69782             1.65857             3.06787
2.47867              1.5885             5.83224
2.47867              1.5885             5.83224
2.47867              1.5885             5.83224
0.515945              1.5629             8.42612
-2.2149             2.00007             7.88938
0.484536             1.60686             7.82412
2.48246             2.63292             7.10891
0.518398             2.98138             5.94958
0.738897             2.70652              4.0381
0.738897             2.70652              4.0381
0.681423             2.23751             2.30515
0.681423             2.23751             2.30515
0.681423             2.23751             2.30515
0.489505             4.23653             2.79347
-1.94439             1.30655             1.47164
-1.76652            0.267992             3.24643
0.43539           -0.661891             2.83379
0.43539           -0.661891             2.83379
0.43539           -0.661891             2.83379
0.43539           -0.661891             2.83379
0.43539           -0.661891             2.83379
0.43539           -0.661891             2.83379
0.43539           -0.661891             2.83379
-1.99279          -0.0771107             1.63603
0.140665            -2.56023              2.5999
0.0435723            -3.52627             4.12905
-1.39371             -2.1957             6.54762
-1.39371             -2.1957             6.54762
0.259411            0.586342             5.94592
-0.24469           -0.957344             3.42298
-0.24469           -0.957344             3.42298
1.59796            -1.60146             2.48162
1.59796            -1.60146             2.48162
1.59796            -1.60146             2.48162
1.59796            -1.60146             2.48162
1.50414           -0.483256             3.63085
1.50414           -0.483256             3.63085
1.50414           -0.483256             3.63085
2.05461          -0.0972685             2.41034
2.05461          -0.0972685             2.41034
2.05461          -0.0972685             2.41034
1.44783            -3.00386             1.76242
1.44783            -3.00386             1.76242
3.48992            -1.83984             2.98184
3.48992            -1.83984             2.98184
0.943662            -4.11884             3.51592
0.943662            -4.11884             3.51592
0.943662            -4.11884             3.51592
0.943662            -4.11884             3.51592
-0.175854            -3.67842             1.47152
-2.27301            -1.73431           -0.965599
-1.14952            -4.15431             2.01172
-1.14952            -4.15431             2.01172
-1.14952            -4.15431             2.01172
-1.60685            -6.16451             1.90716
-1.60685            -6.16451             1.90716
-1.60685            -6.16451             1.90716
-1.89848            -5.87471             1.76029
-1.89848            -5.87471             1.76029
-0.637763            -8.43008             3.18908
1.30475            -8.01274             2.52719
1.06865            -9.00385              3.2601
2.4714            -6.70893             2.53245
-0.203694            -4.29816             5.09463
-2.70894            -1.87393             4.61714
-5.21059           -0.380886             6.00602
-6.28129           -0.571853             7.26317
-4.48715             1.18594             8.46539
-4.48715             1.18594             8.46539
-4.48715             1.18594             8.46539
-4.48715             1.18594             8.46539
-5.96982            -1.27381             7.30395
-5.18615            -1.14318             4.72258
-5.18615            -1.14318             4.72258
-5.18615            -1.14318             4.72258
-5.9836            -1.48636             3.15775
-5.9836            -1.48636             3.15775
-5.9836            -1.48636             3.15775
-5.9836            -1.48636             3.15775
-3.35154            0.177882              1.4888
-2.26191             2.48193             2.90266
-2.26191             2.48193             2.90266
-2.24275             3.61324             4.20402
0.649384             2.95278             6.03886
-1.17295           0.0558087             5.57225
-0.657863             2.48365             7.25865
-1.55637            0.732583             7.43078
1.1407            -1.72199             5.48856
3.90524            -4.31404             7.69573
6.37439            -3.53982             5.25042
6.37439            -3.53982             5.25042
7.8216            -5.21713             5.53594
6.3871            -6.42013             6.17763
5.01003              -8.221             4.86603
3.72187            -7.63608             6.00118
3.49428            -7.42255             5.07391
3.46957             -7.2185             6.66105
1.64523            -6.11553             5.99088
1.64523            -6.11553             5.99088
4.31894            -3.97933             4.43114
1.70024            -3.67601             3.77148
1.70024            -3.67601             3.77148
1.70024            -3.67601             3.77148
1.70024            -3.67601             3.77148
-1.0246            -4.74875             3.44947
-1.0246            -4.74875             3.44947
-1.0246            -4.74875             3.44947
1.72022             -4.1639             5.18449
-0.917073            -3.14982             4.36495
-0.917073            -3.14982             4.36495
-0.917073            -3.14982             4.36495
-3.25304            -1.24553             2.38696
-2.63343            -1.24048             4.91995
0.108672            0.726077             3.88547
0.108672            0.726077             3.88547
0.108672            0.726077             3.88547
1.3167             1.79493             2.63671
0.530261             2.21039               4.082
-2.03489            0.116273             1.67808
0.253785            -1.51883             1.86742
-1.2484            0.791644             1.27059
-1.2484            0.791644             1.27059
0.711623           -0.863569           -0.950365
0.86955            -1.92811            -2.38007
0.86955            -1.92811            -2.38007
-0.699074           0.0736629            -3.40903
2.07722             1.34774            -4.79242
2.07722             1.34774            -4.79242
-0.813688            -1.08947             -2.4986
-0.813688            -1.08947             -2.4986
-0.222012            0.751544             -4.8148
-1.79636             1.03778            -2.23327
-1.79636             1.03778            -2.23327
-1.79636             1.03778            -2.23327
-1.79636             1.03778            -2.23327
-0.354068           -0.815595            -3.02235
-0.354068           -0.815595            -3.02235
-1.46339             2.09511            -2.02761
-1.46339             2.09511            -2.02761
-0.700247             2.90144            -1.92491
-0.700247             2.90144            -1.92491
0.281574             3.36337            -2.18115
0.281574             3.36337            -2.18115
-2.25819             3.65747            -3.64921
-0.859434             2.47578            -6.23841
-0.859434             2.47578            -6.23841
-1.91694             1.95642            -8.35915
-1.91694             1.95642            -8.35915
-2.51781           -0.543495            -7.99654
-0.539701             2.20208            -6.25857
-0.539701             2.20208            -6.25857
0.596691            -0.56905            -4.73254
1.48058            0.582162            -1.93439
3.28656           -0.353149            -3.24907
5.79858            0.491165            -5.86318
6.07494             -1.3615            -5.01891
4.0311            -3.74477            -2.38532
2.34103            -2.57631            -2.87504
2.34113           -0.183787            -2.95115
2.34113           -0.183787            -2.95115
0.241011           -0.503886           -0.661662
3.11677            0.367713            -2.63325
3.11677            0.367713            -2.63325
3.11677            0.367713            -2.63325
2.02954            -1.20095           -0.889247
1.35052            -1.78161            -1.30039
1.35052            -1.78161            -1.30039
0.811006            -1.48656            -2.57232
0.811006            -1.48656            -2.57232
0.811006            -1.48656            -2.57232
-0.634444           -0.798776           -0.847828
-0.216791            -1.31823            -2.64133
-0.216791            -1.31823            -2.64133
-1.86504          -0.0991308            -4.41237
-0.868632           -0.381976            -6.39179
-0.868632           -0.381976            -6.39179
-0.868632           -0.381976            -6.39179
-0.868632           -0.381976            -6.39179
-0.868632           -0.381976            -6.39179
-0.868632           -0.381976            -6.39179
0.270168             2.02779            -5.53519
0.270168             2.02779            -5.53519
2.6138             2.42382            -4.67601
5.36404             1.18711            -2.53662
5.36404             1.18711            -2.53662
5.36404             1.18711            -2.53662
5.36404             1.18711            -2.53662
5.36404             1.18711            -2.53662
5.36404             1.18711            -2.53662
6.04844              2.1288            -3.75661
6.04844              2.1288            -3.75661
6.04844              2.1288            -3.75661
3.61645           -0.710456            -5.90589
3.61645           -0.710456            -5.90589
3.61645           -0.710456            -5.90589
1.85024            -3.00634            -5.66727
1.79155            -4.99148             -4.6779
1.79155            -4.99148             -4.6779
4.04736            -3.75838            -7.16954
4.1542            -3.31085            -6.65455
4.1542            -3.31085            -6.65455
4.1542            -3.31085            -6.65455
3.93502            -3.71115            -8.74133
3.93502            -3.71115            -8.74133
4.10127            -5.53093            -7.10883
3.5022            -3.38331            -5.14445
0.819271            -1.16359            -5.28881
-0.385985             1.08376            -8.09602
-1.00855             2.60388            -9.49377
-0.525058             1.78164            -8.40992
-0.525058             1.78164            -8.40992
-3.46744              2.4692            -8.22467
-5.70767             4.14473            -6.78393
-5.70767             4.14473            -6.78393
-5.70767             4.14473            -6.78393
-4.90595             2.44703            -4.23558
-4.90595             2.44703            -4.23558
-5.87634               1.337            -3.60191
-5.75737           -0.884676            -6.47178
-5.75737           -0.884676            -6.47178
-4.75451            0.465085            -4.11806
-4.75451            0.465085            -4.11806
-4.86329            0.442981            -6.44689
-4.55434             2.86075            -5.38595
-4.55434             2.86075            -5.38595
-2.58359             3.68439            -7.79728
-0.0251778             3.33241            -4.94776
-1.24523             2.70642            -3.03858
-1.24523             2.70642            -3.03858
-1.25736             1.42819            -3.33147
-1.25736             1.42819            -3.33147
-1.25736             1.42819            -3.33147
-1.25736             1.42819            -3.33147
-1.25736             1.42819            -3.33147
0.129654           -0.832828            -3.98611
0.129654           -0.832828            -3.98611
0.129654           -0.832828            -3.98611
1.51651          -0.0609958            -5.90012
-0.150601             2.15167            -3.64056
1.97506            0.172176            -3.24289
1.97506            0.172176            -3.24289
0.982361             1.22262            -1.83776
0.982361             1.22262            -1.83776
0.633147           -0.476919            -2.36212
0.633147           -0.476919            -2.36212
0.633147           -0.476919            -2.36212
-1.22047           -0.926233            -3.56777
-1.22047           -0.926233            -3.56777
-1.22047           -0.926233            -3.56777
-1.22047           -0.926233            -3.56777
-1.22047           -0.926233            -3.56777
-1.90991             1.12025            -4.04447
-2.46682             1.37785            -5.50891
-1.91699             1.43164            -5.10649
-1.91699             1.43164            -5.10649
-1.91699             1.43164            -5.10649
-2.55732             2.61292            -3.77859
-0.323474             1.49932            -6.54838
1.37836             -1.0052            -4.73305
1.37836             -1.0052            -4.73305
0.833148           -0.500357             -5.7038
2.34643            -2.42699            -4.83978
2.34643            -2.42699            -4.83978
2.34643            -2.42699            -4.83978
2.34643            -2.42699            -4.83978
1.8987            -2.24383            -6.60777
3.93911            0.516858            -5.43124
3.93911            0.516858            -5.43124
2.31032           -0.880085             -4.7707
-0.000831313             1.24015            -3.27071
-0.000831313             1.24015            -3.27071
-0.000831313             1.24015            -3.27071
0.416654             2.41558            -2.25475
0.416654             2.41558            -2.25475
-1.56924             2.04631            -2.85676
-1.26972              1.9014            -4.44437
-2.14605             1.78368            -2.89449
-2.14605             1.78368            -2.89449
0.529268             3.64177             -1.3967
-1.94834             1.11969            -3.83974
-2.05752              1.0582            -3.66573
-1.53759           -0.800391            -2.77598
-1.53759           -0.800391            -2.77598
-1.09335            0.245442           -0.166381
1.59638            0.937815           -0.636735
1.59638            0.937815           -0.636735
0.542993            -1.49684            -1.45089
0.542993            -1.49684            -1.45089
-1.34271            0.691849             1.13066
-1.34271            0.691849             1.13066
-3.39172             1.87092            0.791056
-2.02247            -1.12846            -1.70055
-2.02247            -1.12846            -1.70055
-2.02247            -1.12846            -1.70055
-3.82892           -0.639812            -4.10891
-1.52669          -0.0755053            -5.54958
-0.451744            -1.56635            -6.03606
-0.451744            -1.56635            -6.03606
-0.29779            -2.26804            -4.28726
-0.463055            -4.29384            -2.50039
-0.981061            -2.09853            0.495532
1.95586           -0.731593             1.00364
1.56255            -3.25457             3.38714
1.56255            -3.25457             3.38714
1.56255            -3.25457             3.38714
0.485117            -5.52133             4.32033
0.485117            -5.52133             4.32033
-0.904011            -2.80029             6.56978
-2.27209            -2.06784             3.84336
0.0777805            0.706734             2.29968
0.0777805            0.706734             2.29968
0.0777805            0.706734             2.29968
0.0777805            0.706734             2.29968
0.0777805            0.706734             2.29968
0.0777805            0.706734             2.29968
0.0777805            0.706734             2.29968
0.572835           -0.925069            0.922012
0.572835           -0.925069            0.922012
0.406937            -2.71571            -1.53243
1.45272            -3.30749            -3.88332
1.45272            -3.30749            -3.88332
0.0396814            -4.45482            -4.15785
-1.23656            -1.87508            -5.94123
-0.142494            -2.23198            -4.50006
-0.142494            -2.23198            -4.50006
-0.142494            -2.23198            -4.50006
2.78517           -0.561898            -5.13001
2.78517           -0.561898            -5.13001
3.31431            -1.36096            -4.03012
3.31431            -1.36096            -4.03012
1.4056           -0.423861            -5.94752
1.4056           -0.423861            -5.94752
1.4056           -0.423861            -5.94752
1.4056           -0.423861            -5.94752
1.4056           -0.423861            -5.94752
2.96395               2.307            -3.27303
2.96395               2.307            -3.27303
3.09862             3.48581            -3.30796
1.33429             3.18172            -3.13641
1.33429             3.18172            -3.13641
4.05425             1.65572            -4.08559
1.94908             2.96533            -1.57595
2.74615             0.55991            -4.23264
1.23883             2.17931            -4.33539
0.598472           -0.365316            -4.66286
0.598472           -0.365316            -4.66286
0.598472           -0.365316            -4.66286
0.598472           -0.365316            -4.66286
-0.481226            -1.34021            -4.44384
-0.539385            -4.23114            -2.61111
-1.64074            -2.58709            -1.60257
-1.64074            -2.58709            -1.60257
-1.64074            -2.58709            -1.60257
-2.02736            -1.75924            -1.76967
-2.02736            -1.75924            -1.76967
-2.46279            0.935937            -1.93469
-1.54866           0.0214687            -2.27974
-1.54866           0.0214687            -2.27974
0.185227           -0.825584            -3.02848
0.185227           -0.825584            -3.02848
0.185227           -0.825584            -3.02848
0.287707            0.513548            -1.98517
0.287707            0.513548            -1.98517
0.287707            0.513548            -1.98517
0.287707            0.513548            -1.98517
0.287707            0.513548            -1.98517
0.287707            0.513548            -1.98517
0.287707            0.513548            -1.98517
-0.428179             1.76845            -4.48294
-0.428179             1.76845            -4.48294
-0.428179             1.76845            -4.48294
-0.428179             1.76845            -4.48294
-0.428179             1.76845            -4.48294
-1.56777             0.32838            -3.52085
-1.56777             0.32838            -3.52085
-1.56777             0.32838            -3.52085
-3.50149           -0.489567            -6.18026
-3.50149           -0.489567            -6.18026
-1.29855           -0.417217            -3.65345
1.29186           -0.815774           -0.726528
3.53697           0.0908477            -2.60833
4.35544             2.69159            -3.69205
3.20725             2.32516            -1.28252
3.20725             2.32516            -1.28252
3.20725             2.32516            -1.28252
4.67964             4.34868            -1.48024
4.67964             4.34868            -1.48024
2.14673             5.76101            -1.16961
1.74148              4.8119            -1.41452
3.10273             4.93221            -2.69512
2.16272             5.83112            -3.89043
2.16272             5.83112            -3.89043
2.16272             5.83112            -3.89043
2.16272             5.83112            -3.89043
0.481422             3.70275            -4.48125
0.481422             3.70275            -4.48125
0.481422             3.70275            -4.48125
0.481422             3.70275            -4.48125
0.102954             2.88481            -5.14888
0.102954             2.88481            -5.14888
2.91664               2.836            -5.02572
4.36411             1.25319            -5.46698
3.63766             -0.1814            -6.44029
2.54382            -2.00667             -5.6044
4.02421             0.21163            -7.96054
4.02421             0.21163            -7.96054
4.02421             0.21163            -7.96054
4.02421             0.21163            -7.96054
4.02421             0.21163            -7.96054
5.97196            0.485325            -7.92847
3.40949           -0.135166             -7.2293
4.48989            -3.02973            -6.05382
3.71106            -2.11475            -7.34158
0.832523            -4.82951            -7.12217
-0.278486            -3.30721            -5.05605
-0.278486            -3.30721            -5.05605
-0.278486            -3.30721            -5.05605
-2.59867            -1.70564            -5.55188
-1.41601            -1.59119            -3.94343
-1.38492             -1.6724            -1.41851
0.106063            -3.16806            -1.28198
2.79206            -1.73977            -4.07962
2.79206            -1.73977            -4.07962
1.69419            -4.01872            -4.41689
1.69419            -4.01872            -4.41689
3.75875            -3.27888            -3.58877
1.25124            -5.45176            -4.78869
1.25124            -5.45176            -4.78869
1.25124            -5.45176            -4.78869
1.25124            -5.45176            -4.78869
1.25124            -5.45176            -4.78869
1.25124            -5.45176            -4.78869
2.97266            -3.31911             -5.2202
3.98054            -4.03574            -3.95159
2.18534            -1.94294            -1.90485
-0.0793539           0.0496257            -1.30551
-0.0793539           0.0496257            -1.30551
-0.0793539           0.0496257            -1.30551
-0.0793539           0.0496257            -1.30551
-0.0793539           0.0496257            -1.30551
-0.0793539           0.0496257            -1.30551
-0.0793539           0.0496257            -1.30551
0.262752            -1.62016            -3.82301
-1.60562            -1.63957            -3.35839
-1.60562            -1.63957            -3.35839
-1.60562            -1.63957            -3.35839
0.676396           -0.842858            -3.12101
1.14136           -0.549559            -5.03914
-1.00889             1.61946            -3.36425
-1.57755             1.28144             -4.1774
-0.342455           -0.665587            -5.43004
-0.342455           -0.665587            -5.43004
-0.592738            -1.40342            -5.18562
0.262256           -0.418325            -4.66047
-0.492424          -0.0138063            -4.06336
1.29818             1.25508             -2.2528
-0.23575             1.48971            -2.05464
-0.23575             1.48971            -2.05464
-0.23575             1.48971            -2.05464
-0.23575             1.48971            -2.05464
1.79955           -0.157541            -3.21864
1.79955           -0.157541            -3.21864
-0.242291             1.29625            -2.89916
-0.242291             1.29625            -2.89916
-0.242291             1.29625            -2.89916
-0.242291             1.29625            -2.89916
-0.0242477           -0.649557            -1.35141
-0.0242477           -0.649557            -1.35141
-0.0242477           -0.649557            -1.35141
-2.29394            -2.20732            -3.77648
-0.0183303             0.12508            -1.70452
-0.0183303             0.12508            -1.70452
-0.0183303             0.12508            -1.70452
0.400364           -0.831948            -1.91716
0.400364           -0.831948            -1.91716
0.400364           -0.831948            -1.91716
-1.43394             1.80314            -2.76583
-4.34451             3.74866             -2.9873
-2.27907             5.14917            -3.65993
-2.27907             5.14917            -3.65993
-0.10435             2.25108           -0.686546
0.243467            0.826666            -2.51464
0.243467            0.826666            -2.51464
1.30801           -0.703918            -5.35747
3.19142             1.64471            -4.10646
3.19142             1.64471            -4.10646
3.99428           -0.548842            -2.52572
3.99428           -0.548842            -2.52572
4.95973            -1.73488            -1.75235
4.95973            -1.73488            -1.75235
2.89945            0.561563              -3.722
1.64891            -1.72011             -3.6183
1.38446            -1.53475            -1.54135
3.60708            -2.26197            -2.69807
2.14908            -3.78739            -5.28754
2.14908            -3.78739            -5.28754
2.14908            -3.78739            -5.28754
-0.211783             -3.9212            -3.61542
1.75814            -4.05581            -5.27322
3.50673            -3.18022            -5.37066
3.50673            -3.18022            -5.37066
3.50673            -3.18022            -5.37066
0.761155            -3.45756            -6.92738
-0.534487            -1.98701            -5.72192
-0.6153           -0.138327            -6.42347
2.35954           -0.956908            -4.69708
0.557979            -2.38503            -6.23361
0.557979            -2.38503            -6.23361
0.0590307            0.199882            -4.94792
2.27529             2.41295            -3.75728
2.27529             2.41295            -3.75728
2.27529             2.41295            -3.75728
2.27529             2.41295            -3.75728
2.27529             2.41295            -3.75728
0.18487             1.64238            -6.56408
-1.20222             3.27469            -3.70085
-2.78932             0.51548            -1.54653
-1.7915            0.367718            -3.53053
-0.757991             1.98549            -5.32638
-0.129861            0.064907             -4.0549
1.88852             2.97297            -5.94221
1.88852             2.97297            -5.94221
-0.632371            0.710793            -7.07975
-0.632371            0.710793            -7.07975
-0.0808878             3.52664            -5.39879
-0.0808878             3.52664            -5.39879
-0.0808878             3.52664            -5.39879
-0.0808878             3.52664            -5.39879
-0.0808878             3.52664            -5.39879
-0.0808878             3.52664            -5.39879
-2.66768             3.28971            -4.74007
-1.33323             1.09195            -7.09947
-0.292292            0.821884            -5.23104
1.18658            -1.02204            -5.60938
1.18658            -1.02204            -5.60938
2.00689            -3.41681            -4.00866
-0.239949            -1.44813            -6.55239
-0.239949            -1.44813            -6.55239
-1.13177            -1.32525            -8.35085
-0.388179            -3.47972            -6.12747
-2.26922            -3.04132             -6.4717
-0.460458           -0.462169            -7.65917
-0.460458           -0.462169            -7.65917
1.2311            -3.06611            -7.02174
1.2311            -3.06611            -7.02174
1.61496            -3.59763             -4.3348
1.61496            -3.59763             -4.3348
3.54686            -1.98705            -5.16312
1.21057            -3.72071            -3.69354
1.21057            -3.72071            -3.69354
-0.215517            -4.68486            -1.12564
-1.5077            -2.04695              1.6312
-1.5077            -2.04695              1.6312
-2.45281           -0.369315             2.02706
-2.45281           -0.369315             2.02706
-0.469605            0.239463             3.54011
1.42043           -0.881878             1.80747
1.42043           -0.881878             1.80747
1.42043           -0.881878             1.80747
3.08459            -0.14884             3.48007
2.549              2.3642             1.72138
0.737278             4.64218             2.87248
0.551966             3.52411             2.01084
3.15511             3.41854             4.41103
1.00484             3.74777             2.32143
1.00484             3.74777             2.32143
1.00484             3.74777             2.32143
0.751063             3.10615             4.59642
0.751063             3.10615             4.59642
0.751063             3.10615             4.59642
0.751063             3.10615             4.59642
0.751063             3.10615             4.59642
1.24588             3.69603             2.19168
0.835241             3.71583             4.40819
-0.921036             4.40382             4.02853
-1.15893             2.14696             4.63752
-2.94234            0.724451             5.54408
-2.94234            0.724451             5.54408
-2.94234            0.724451             5.54408
-3.47435             3.09565             3.60245
-3.47435             3.09565             3.60245
-3.47435             3.09565             3.60245
-3.47435             3.09565             3.60245
-1.90828              1.2567             2.90989
-1.75702            0.368658             5.76142
-1.75702            0.368658             5.76142
-1.75702            0.368658             5.76142
-1.75702            0.368658             5.76142
-1.75702            0.368658             5.76142
-1.75702            0.368658             5.76142
0.990519             1.11192             2.83406
0.990519             1.11192             2.83406
2.98821             3.21277             2.37177
0.34318             2.68598           -0.537535
0.34318             2.68598           -0.537535
0.34318             2.68598           -0.537535
1.13748            0.833543            -2.17902
1.13748            0.833543            -2.17902
3.21535            -1.48134            -2.59745
0.699036           -0.217768            -5.56295
-1.04996             2.62717            -5.66531
-1.04996             2.62717            -5.66531
-1.60887          -0.0550059            -5.24588
-1.01157            -1.12268            -3.21236
-1.01157            -1.12268            -3.21236
-1.01157            -1.12268            -3.21236
-1.01157            -1.12268            -3.21236
-1.01157            -1.12268            -3.21236
-1.01157            -1.12268            -3.21236
-1.01157            -1.12268            -3.21236
-1.01157            -1.12268            -3.21236
-1.37835            -2.08434            -4.17793
0.921117           -0.339503            -2.59943
0.921117           -0.339503            -2.59943
-1.14631            0.682933            -3.38766
-1.14631            0.682933            -3.38766
-0.616429            0.745504            -2.09143
-0.616429            0.745504            -2.09143
-0.616429            0.745504            -2.09143
-0.616429            0.745504            -2.09143
-0.616429            0.745504            -2.09143
-0.473185            -1.72405            -3.34114
-3.43812           0.0307482             -4.8135
-3.43812           0.0307482             -4.8135
-3.43812           0.0307482             -4.8135
-3.43812           0.0307482             -4.8135
-3.06958             2.73956            -5.30285
-3.06958             2.73956            -5.30285
-1.83889             3.72059             -3.0029
-1.27781            0.925902            -3.45725
0.320005            0.378794            -1.09141
-1.94268            0.998903           -0.523337
-1.94268            0.998903           -0.523337
0.285884             3.65747             2.45957
0.285884             3.65747             2.45957
0.285884             3.65747             2.45957
0.285884             3.65747             2.45957
2.1743              4.1828             4.77111
2.1743              4.1828             4.77111
2.1743              4.1828             4.77111
2.1743              4.1828             4.77111
-0.673491             4.11432             1.89086
-2.19014             3.41675             2.74122
0.320294             5.12055             4.06204
-2.30458             3.58227             1.94276
-1.24237             2.94409             3.57038
-1.24237             2.94409             3.57038
-1.24237             2.94409             3.57038
-1.24237             2.94409             3.57038
-1.24237             2.94409             3.57038
-1.4733             2.63865             4.72319
-1.4733             2.63865             4.72319
-1.4733             2.63865             4.72319
-1.4733             2.63865             4.72319
-1.4733             2.63865             4.72319
-2.56187               2.028             1.95874
-1.85293             1.07745             2.24706
-1.85293             1.07745             2.24706
-1.38056              1.7977             4.08845
0.214207             1.60671             1.26139
2.35659           -0.199069             3.47803
2.35659           -0.199069             3.47803
2.35659           -0.199069             3.47803
1.13502             1.26816             4.38312
1.13502             1.26816             4.38312
2.62574             1.00051             2.31011
2.62574             1.00051             2.31011
2.62574             1.00051             2.31011
2.62574             1.00051             2.31011
2.62574             1.00051             2.31011
-0.0143724           -0.152838             4.07295
-0.0143724           -0.152838             4.07295
-0.0143724           -0.152838             4.07295
1.39783            -1.10265             5.20674
1.39783            -1.10265             5.20674
-1.21073             1.60286             4.62837
0.978185             1.10967             2.99354
0.978185             1.10967             2.99354
-1.04719             3.08645             3.01575
-1.04719             3.08645             3.01575
-1.04719             3.08645             3.01575
-1.04719             3.08645             3.01575
-1.04719             3.08645             3.01575
0.64249             1.81218             3.37315
0.620168            -1.10119            0.747646
0.620168            -1.10119            0.747646
-0.508748            -3.43501             2.16389
-0.508748            -3.43501             2.16389
-0.508748            -3.43501             2.16389
-0.508748            -3.43501             2.16389
-0.508748            -3.43501             2.16389
-0.508748            -3.43501             2.16389
-0.508748            -3.43501             2.16389
-0.508748            -3.43501             2.16389
-3.39086            -2.21115             4.20537
-3.39086            -2.21115             4.20537
-4.19656            0.664393             5.76784
-4.19656            0.664393             5.76784
-4.19656            0.664393             5.76784
-4.19656            0.664393             5.76784
-4.80476            0.101928             3.97462
-4.09278            0.763275             3.68602
-4.09278            0.763275             3.68602
-4.09278            0.763275             3.68602
-4.09278            0.763275             3.68602
-2.70596             0.37557             1.99029
-2.70596             0.37557             1.99029
-5.35722             2.48288             3.70561
-5.35722             2.48288             3.70561
-5.35722             2.48288             3.70561
-5.35722             2.48288             3.70561
-5.35722             2.48288             3.70561
-4.17949             4.70345             5.90835
-4.17949             4.70345             5.90835
-4.17949             4.70345             5.90835
-2.00523             4.33103             8.56938
-0.980828             3.33175             6.92717
-2.36202             3.08329             6.03389
-2.36202             3.08329             6.03389
-2.82192             2.13047             5.07543
-2.25594              2.7394             6.80351
-2.25594              2.7394             6.80351
-2.25594              2.7394             6.80351
-4.76091             1.09168             4.23832
-4.76091             1.09168             4.23832
-4.76091             1.09168             4.23832
-5.10823              1.8483             5.04304
-4.27325             2.20971             5.20434
-1.36045             4.05803             5.40631
-1.36045             4.05803             5.40631
-0.791145             1.57826             7.32612
-0.27394             1.15317             6.07244
-3.10464            -0.66816             3.12138
-0.30112              2.1886             1.99457
-0.30112              2.1886             1.99457
-0.605558             1.75389             4.20516
-0.132244             1.89014             3.86458
2.33816             3.37546             1.46599
4.4271             3.22597             1.48416
6.5785             2.49533             3.73501
6.5785             2.49533             3.73501
3.95463             3.10912             1.35641
3.95463             3.10912             1.35641
3.95463             3.10912             1.35641
5.75623              4.7869            -1.02631
3.06907             5.61195            -3.36791
3.06907             5.61195            -3.36791
3.06907             5.61195            -3.36791
1.58676             3.08821           -0.665663
-1.37746            0.775634            -2.50077
-1.37746            0.775634            -2.50077
-1.37746            0.775634            -2.50077
0.00872486            0.196376              -3.735
1.30319             1.73765            -3.07249
1.30319             1.73765            -3.07249
-1.65494            -0.04063            -3.44896
-1.65494            -0.04063            -3.44896
1.2084            -1.67487            -4.08901
0.939958            0.384802            -3.84376
1.3922             -2.5828            -5.69044
1.3922             -2.5828            -5.69044
-1.06651           -0.371135            -2.71414
-1.06651           -0.371135            -2.71414
-1.06651           -0.371135            -2.71414
-1.64512            0.964521            -3.33033
-1.64512            0.964521            -3.33033
-1.78126           -0.110602            -2.14389
-0.424905            0.603822            -1.53767
-0.424905            0.603822            -1.53767
-0.424905            0.603822            -1.53767
1.78652             1.02262            -4.45533
1.78652             1.02262            -4.45533
0.650748            0.180681            -4.01733
-0.821377            -1.33964            -5.96945
-0.821377            -1.33964            -5.96945
-1.62398             1.02457            -4.25324
-1.62398             1.02457            -4.25324
-1.62398             1.02457            -4.25324
-0.064306            0.850345            -2.94753
-0.064306            0.850345            -2.94753
-0.064306            0.850345            -2.94753
-0.064306            0.850345            -2.94753
-0.064306            0.850345            -2.94753
0.751843           -0.128602            -2.69353
0.0528157             2.60293            -2.25362
0.0528157             2.60293            -2.25362
0.0528157             2.60293            -2.25362
0.0528157             2.60293            -2.25362
2.51861           0.0875039            -3.35102
2.51861           0.0875039            -3.35102
0.340075           -0.119384            -2.98891
0.340075           -0.119384            -2.98891
0.478713          -0.0331674            -3.30447
-0.311411           -0.217867            -3.86828
-0.311411           -0.217867            -3.86828
-0.311411           -0.217867            -3.86828
1.46981           -0.413259             -4.6255
1.46981           -0.413259             -4.6255
1.46981           -0.413259             -4.6255
1.46981           -0.413259             -4.6255
2.29946             2.41493            -2.82838
2.29946             2.41493            -2.82838
2.29946             2.41493            -2.82838
2.29946             2.41493            -2.82838
2.29946             2.41493            -2.82838
2.29946             2.41493            -2.82838
2.29946             2.41493            -2.82838
2.29946             2.41493            -2.82838
2.29946             2.41493            -2.82838
2.27894             1.30684            -2.33893
2.27894             1.30684            -2.33893
0.796191             3.37035            -1.69318
-1.08177             4.79254            -1.67641
-1.08177             4.79254            -1.67641
-0.935237             3.12184            -1.99271
-0.935237             3.12184            -1.99271
-0.935237             3.12184            -1.99271
-0.935237             3.12184            -1.99271
-0.935237             3.12184            -1.99271
1.1141             3.32036            -3.42456
0.398505             3.53898           -0.985336
0.398505             3.53898           -0.985336
1.90761             3.61277            -3.24171
0.536811             4.03616            -3.73828
0.694727             3.42657            -3.04562
0.694727             3.42657            -3.04562
0.694727             3.42657            -3.04562
0.694727             3.42657            -3.04562
3.31094            0.757731            -3.42588
3.31094            0.757731            -3.42588
3.31094            0.757731            -3.42588
1.90521            -1.69375            -2.58294
-0.806957            -1.10395            -4.18145
0.290934             1.10964            -4.85621
0.290934             1.10964            -4.85621
0.290934             1.10964            -4.85621
-0.0748663            0.559205            -4.21049
0.25375             2.41884            -4.51243
0.25375             2.41884            -4.51243
0.122106           -0.364964            -2.79288
-2.18295            -2.66778            -3.59431
-2.18295            -2.66778            -3.59431
-2.18295            -2.66778            -3.59431
-2.18295            -2.66778            -3.59431
-2.18295            -2.66778            -3.59431
-2.18295            -2.66778            -3.59431
-4.37111            -3.05869            -5.21533
-3.8718            -3.97604            -2.80287
-3.92075            -4.76385            -2.52441
-3.46571            -4.51343            -1.07906
-4.15229            -3.97184            -1.32024
-3.55296            -3.87229             -2.8508
-3.55296            -3.87229             -2.8508
-3.55296            -3.87229             -2.8508
-3.55296            -3.87229             -2.8508
-3.55296            -3.87229             -2.8508
-5.22874            -4.69449            -4.53384
-7.43315            -2.82258            -4.94367
-7.43818            -4.71984            -4.48348
-5.20498            -6.25145            -5.98384
-5.20498            -6.25145            -5.98384
-5.20498            -6.25145            -5.98384
-4.44351            -4.50086            -6.37659
-1.95094            -6.74869            -6.82285
-0.315048            -4.37935            -8.76481
-2.50507            -2.32408            -8.90856
-2.50507            -2.32408            -8.90856
-2.8598            -1.89484            -9.98559
-1.7969            -3.37873            -8.20099
-2.79781            -3.88238            -7.02776
-0.884567            -6.34413            -4.11768
0.243373            -3.74467            -4.85296
0.243373            -3.74467            -4.85296
1.12254            -2.01529            -6.52088
-1.62508              -3.221            -6.31991
-1.62508              -3.221            -6.31991
-0.0222998           -0.814947            -3.65664
-1.27753            -1.64375            -3.50041
0.497401             -2.7875            -4.26462
0.497401             -2.7875            -4.26462
-2.14479            -1.21837            -5.28601
-3.63639            0.239858            -2.78022
-1.66362            -1.29603             -3.1479
-1.66362            -1.29603             -3.1479
-3.89282            -2.11183            -5.45307
-1.68638            -2.25032             -4.3297
-3.83267            -3.20599            -1.69716
-2.13096            -1.42069            -3.47438
0.170114             1.42308            -2.91216
0.170114             1.42308            -2.91216
0.170114             1.42308            -2.91216
1.01253             3.60366            -3.64793
-0.911616             1.94501            -4.48097
-0.911616             1.94501            -4.48097
-0.911616             1.94501            -4.48097
-0.911616             1.94501            -4.48097
1.21702           -0.334864            -6.67842
2.00161            -3.27784            -5.17252
2.00161            -3.27784            -5.17252
2.00161            -3.27784            -5.17252
2.00161            -3.27784            -5.17252
-0.274873            -4.38148            -6.53756
-0.903167            -4.02312            -4.31527
0.0972376            -1.79533             -2.2683
0.0972376            -1.79533             -2.2683
0.0972376            -1.79533             -2.2683
0.0972376            -1.79533             -2.2683
0.0972376            -1.79533             -2.2683
0.0972376            -1.79533             -2.2683
0.0972376            -1.79533             -2.2683
0.0972376            -1.79533             -2.2683
-2.24786           0.0544787            -3.71694
-1.42176             2.40159            -2.06975
-1.42176             2.40159            -2.06975
-1.42176             2.40159            -2.06975
-1.22125             2.58025           -0.946845
-1.22125             2.58025           -0.946845
-1.22125             2.58025           -0.946845
-1.22125             2.58025           -0.946845
-1.22125             2.58025           -0.946845
-1.53056             1.99795             1.86401
-0.23711             1.20085            -1.01621
-1.6238            -1.79527             -1.6764
-1.6238            -1.79527             -1.6764
-0.946233            -1.67557            -3.29705
-0.946233            -1.67557            -3.29705
1.36202           0.0219174            -2.72365
1.36202           0.0219174            -2.72365
1.50108            0.684019            -3.88434
0.12647              1.8673            -4.07773
1.7472              1.4178             -1.8749
1.7472              1.4178             -1.8749
1.7472              1.4178             -1.8749
0.280848             1.70084            -4.66658
0.280848             1.70084            -4.66658
0.956768            0.846863            -2.25101
0.0269122            0.216719           -0.982383
0.0269122            0.216719           -0.982383
0.0269122            0.216719           -0.982383
0.0269122            0.216719           -0.982383
0.0269122            0.216719           -0.982383
0.0269122            0.216719           -0.982383
0.0269122            0.216719           -0.982383
0.0269122            0.216719           -0.982383
0.0269122            0.216719           -0.982383
0.0269122            0.216719           -0.982383
0.0269122            0.216719           -0.982383
0.0269122            0.216719           -0.982383
0.0269122            0.216719           -0.982383
0.0269122            0.216719           -0.982383
-1.38619           -0.380105            -1.96074
-1.38619           -0.380105            -1.96074
-1.38619           -0.380105            -1.96074
-0.295728             0.81825            -1.73327
-0.295728             0.81825            -1.73327
-0.295728             0.81825            -1.73327
-0.295728             0.81825            -1.73327
-1.84013           0.0178806            -1.52537
-1.98455           -0.569363             -4.5145
-2.88169          -0.0696836             -4.4573
-2.88169          -0.0696836             -4.4573
-1.34956            -2.67741            -3.30484
0.456347            -1.02654            -1.95591
-1.54541             1.42916            -2.79979
-1.54541             1.42916            -2.79979
-1.54541             1.42916            -2.79979
1.1681           -0.655771            -1.47114
1.1681           -0.655771            -1.47114
1.1681           -0.655771            -1.47114
1.1681           -0.655771            -1.47114
1.09856             2.27266            -1.19081
1.09856             2.27266            -1.19081
2.28873           -0.379052              1.6797
1.67981             1.74556             2.19139
1.67981             1.74556             2.19139
1.67981             1.74556             2.19139
1.67981             1.74556             2.19139
1.67981             1.74556             2.19139
1.67981             1.74556             2.19139
1.67981             1.74556             2.19139
2.63341            0.955757             1.11553
2.63341            0.955757             1.11553
3.559            0.920948            0.447105
5.59898             2.97419            -1.33347
3.46337             2.70386            -3.69672
3.46337             2.70386            -3.69672
1.99522             1.84743            -1.64659
1.99522             1.84743            -1.64659
1.99522             1.84743            -1.64659
1.99522             1.84743            -1.64659
1.99522             1.84743            -1.64659
4.04782             2.98158            -2.40305
4.04782             2.98158            -2.40305
4.04782             2.98158            -2.40305
4.04782             2.98158            -2.40305
4.04782             2.98158            -2.40305
4.04782             2.98158            -2.40305
4.04782             2.98158            -2.40305
4.46493             1.73268            -3.97943
4.46493             1.73268            -3.97943
4.66526             2.31551            -3.61056
4.66526             2.31551            -3.61056
4.66526             2.31551            -3.61056
4.66526             2.31551            -3.61056
2.6846            0.301342            -3.04702
2.6846            0.301342            -3.04702
3.20501            0.483764            -2.53995
1.2383             2.35656            -2.54655
1.2383             2.35656            -2.54655
1.2383             2.35656            -2.54655
1.2383             2.35656            -2.54655
1.71362            0.123929            -4.53047
0.0152166             1.45325            -6.57106
0.747322             1.49924            -9.21342
0.747322             1.49924            -9.21342
0.747322             1.49924            -9.21342
1.71661            -1.34448            -9.28339
-0.8298             1.36392            -8.85308
-0.8298             1.36392            -8.85308
1.87379             4.26071            -7.54518
1.87379             4.26071            -7.54518
-1.1023             3.79399            -9.18637
-1.1023             3.79399            -9.18637
-3.3252             3.74149            -7.15075
-3.40877            0.776174            -5.62477
-3.40877            0.776174            -5.62477
-2.2603           -0.794854            -6.98476
-5.15027           -0.825057            -5.44005
-5.15027           -0.825057            -5.44005
-4.36542             1.31787            -4.74971
-2.87462             3.36242            -3.86916
-2.87462             3.36242            -3.86916
-1.00643             1.67773            -3.07435
0.799398             1.32702            -4.58629
0.799398             1.32702            -4.58629
0.799398             1.32702            -4.58629
1.76118            0.926321            -3.29225
1.57814             1.90549            -2.17345
1.57814             1.90549            -2.17345
1.57814             1.90549            -2.17345
-1.02086           -0.762792            -2.21622
-0.85173              -1.624            -3.40237
-0.85173              -1.624            -3.40237
-0.85173              -1.624            -3.40237
-2.61054            -2.36443            -1.26956
-2.61054            -2.36443            -1.26956
-2.61054            -2.36443            -1.26956
-1.63714            -1.01719            -2.99381
-1.63714            -1.01719            -2.99381
-1.63714            -1.01719            -2.99381
-0.205626            -1.64342            -2.92601
-0.205626            -1.64342            -2.92601
1.04774            0.590936            -2.83932
2.4235          -0.0634767            -2.55199
2.4235          -0.0634767            -2.55199
2.4235          -0.0634767            -2.55199
2.4235          -0.0634767            -2.55199
2.4235          -0.0634767            -2.55199
2.4235          -0.0634767            -2.55199
-0.347198             2.51022           -0.382421
-2.3006             4.94496             2.55232
-0.835907             2.48362            0.713691
-1.68011             1.68731             2.01822
-1.68011             1.68731             2.01822
-1.68011             1.68731             2.01822
-1.68011             1.68731             2.01822
-1.68011             1.68731             2.01822
1.1465           -0.300355             4.85805
1.1465           -0.300355             4.85805
1.1465           -0.300355             4.85805
1.1465           -0.300355             4.85805
2.39882             -2.8976             3.72929
2.39882             -2.8976             3.72929
1.49739            -5.71811             3.36636
0.0367233            -3.91741             3.74374
0.820607            -3.70303             4.02768
0.435124           -0.936775              5.7346
0.506223             1.66075             3.57615
0.587759           -0.946217             4.45151
0.587759           -0.946217             4.45151
2.1731            0.500025             5.20573
3.64833             2.95109             5.31733
0.882552             2.76129             6.40872
3.561             1.46739             5.85594
2.33612           -0.238039             5.01744
1.04941            -1.26151             5.25737
1.04941            -1.26151             5.25737
3.43387            -1.35249             5.21159
2.35091           -0.944964             4.69749
1.78219            -2.53563             4.46442
1.78219            -2.53563             4.46442
-0.749293            -1.11494             6.42986
2.11282            -1.77549             4.11139
2.09647            0.803272             5.35581
2.09647            0.803272             5.35581
0.724734             3.09564             5.33145
2.64057              4.9073             2.91743
-0.134365             6.74018              3.9564
1.79012             6.61263             2.50954
0.352664              7.2834             4.38559
0.352664              7.2834             4.38559
0.352664              7.2834             4.38559
0.352664              7.2834             4.38559
0.352664              7.2834             4.38559
1.27082              4.8817             1.98682
-1.1716             3.46848             4.12097
-1.1716             3.46848             4.12097
-1.06269             2.75435             2.16146
-1.06269             2.75435             2.16146
-1.06269             2.75435             2.16146
-1.06269             2.75435             2.16146
-4.05916             3.05613             1.40417
-2.19483             1.62573            -0.90573
0.194409             2.30216              1.3756
0.194409             2.30216              1.3756
0.194409             2.30216              1.3756
0.194409             2.30216              1.3756
-1.12755             2.83816              3.0821
-1.12755             2.83816              3.0821
-2.07616             2.74898             4.45642
-2.07616             2.74898             4.45642
-2.07616             2.74898             4.45642
-2.07616             2.74898             4.45642
-3.69547             1.36035             5.91684
-4.05318            -1.24566             5.08933
-4.05318            -1.24566             5.08933
-3.19533            -1.41651              2.4277
-0.44961            -1.05772              4.3276
-1.93135             1.01886             3.85611
-1.93135             1.01886             3.85611
-0.758857             1.26319             4.35185
0.291577           -0.198913             3.83727
0.291577           -0.198913             3.83727
-0.21519            0.760437             2.58609
-0.21519            0.760437             2.58609
-2.56736           -0.607729             2.07362
-2.56736           -0.607729             2.07362
0.307386           -0.313106             4.77351
0.307386           -0.313106             4.77351
0.307386           -0.313106             4.77351
0.677731            0.458963             2.76817
0.677731            0.458963             2.76817
0.0565264             2.57749             1.17236
0.0565264             2.57749             1.17236
0.0565264             2.57749             1.17236
-2.31145            0.675085             2.89673
-1.4502             1.22662             1.85534
-1.4502             1.22662             1.85534
-1.4502             1.22662             1.85534
0.824614            0.532456             3.67303
2.14508           -0.138547             3.67666
2.14508           -0.138547             3.67666
3.61716             -2.9403             3.45233
3.61716             -2.9403             3.45233
3.61716             -2.9403             3.45233
3.61716             -2.9403             3.45233
3.61716             -2.9403             3.45233
5.90156           -0.392425             4.06762
7.55347             -1.1666             3.04089
7.55347             -1.1666             3.04089
5.04744              1.4525             4.68076
5.04744              1.4525             4.68076
5.04744              1.4525             4.68076
4.47267             3.63486             3.47011
4.33313             3.59925             5.51946
6.9796             4.25551             4.53785
6.9796             4.25551             4.53785
6.9796             4.25551             4.53785
4.11615             1.37219             4.86092
4.11615             1.37219             4.86092
4.11615             1.37219             4.86092
1.38288             1.63993             5.92076
-0.402896            0.489737             6.71547
-0.402896            0.489737             6.71547
-3.14728             2.80865             6.12094
-3.14728             2.80865             6.12094
-3.14728             2.80865             6.12094
-3.14728             2.80865             6.12094
-3.14728             2.80865             6.12094
-3.14728             2.80865             6.12094
-3.14728             2.80865             6.12094
-3.14728             2.80865             6.12094
-3.14728             2.80865             6.12094
-2.11655            0.580597             6.41402
-0.219935            -2.12133             6.87745
-2.69573            0.360462             5.61708
-2.69573            0.360462             5.61708
-2.87247            0.712173             3.16133
-2.87247            0.712173             3.16133
-1.15121            0.467827             4.88617
-3.07815           -0.221576             2.82879
-3.07815           -0.221576             2.82879
-3.07815           -0.221576             2.82879
-3.07815           -0.221576             2.82879
-3.07815           -0.221576             2.82879
-3.07815           -0.221576             2.82879
-3.07815           -0.221576             2.82879
-3.07815           -0.221576             2.82879
-3.07815           -0.221576             2.82879
-1.72132            0.242555             2.89932
-1.74293            -1.41907             2.57383
-1.74293            -1.41907             2.57383
-1.74293            -1.41907             2.57383
-0.677434           -0.486779             2.69087
-0.677434           -0.486779             2.69087
-0.677434           -0.486779             2.69087
-2.38518           -0.402863             2.93422
-2.38518           -0.402863             2.93422
-1.96881            -1.16968             5.11841
-1.52382            0.913882             4.92483
-1.52382            0.913882             4.92483
-1.52382            0.913882             4.92483
-1.52382            0.913882             4.92483
0.324594            -1.82786             4.23876
-2.24499             0.24216             2.81999
-2.24499             0.24216             2.81999
-2.27588            -2.68505            0.626515
-2.6586            -5.37952            0.290911
-2.0159            -5.89051            -1.91574
-0.765538            -5.76388            -3.15123
-0.765538            -5.76388            -3.15123
-0.765538            -5.76388            -3.15123
1.53911            -6.76974            -3.63516
1.53911            -6.76974            -3.63516
2.62358            -7.10498            -1.46531
2.62358            -7.10498            -1.46531
3.90049            -7.76999             -3.1178
3.90049            -7.76999             -3.1178
1.84592            -5.37542            -2.30456
3.67113            -3.27085            -3.36797
3.67113            -3.27085            -3.36797
3.67113            -3.27085            -3.36797
2.32239            -3.05254             -3.1842
2.8049            -1.23529            -2.47253
2.8049            -1.23529            -2.47253
2.83091            -1.15605            -4.06206
0.718771            -1.76441            -4.79647
1.82925            -2.86176            -2.80858
1.82925            -2.86176            -2.80858
1.82925            -2.86176            -2.80858
-0.434243          -0.0948105            -3.74544
-0.434243          -0.0948105            -3.74544
-0.434243          -0.0948105            -3.74544
-0.434243          -0.0948105            -3.74544
-0.434243          -0.0948105            -3.74544
-0.394179           -0.327707            -4.15596
-3.31272             1.87375             -3.4583
-4.42645         -0.00724881            -2.84022
-1.76571            -1.21343            -5.29604
-1.52441            -3.66304            -3.75982
0.739419            -3.06464            -3.16433
1.98214            -2.58353            -4.93747
-0.996309           -0.810151            -2.71268
-0.996309           -0.810151            -2.71268
1.78951            -3.34444            -4.92591
3.79884            -1.76974            -2.59595
1.19465            -3.41463            -2.98441
2.19048            -1.66449            -4.35525
2.19048            -1.66449            -4.35525
0.869123           -0.841967            -5.72656
0.869123           -0.841967            -5.72656
0.869123           -0.841967            -5.72656
1.89315          -0.0246966            -7.84593
1.89315          -0.0246966            -7.84593
1.89315          -0.0246966            -7.84593
1.35271            -1.31094            -8.30961
1.7457             1.24329            -7.95256
1.7457             1.24329            -7.95256
1.7457             1.24329            -7.95256
3.8867              4.1304            -7.89596
3.8867              4.1304            -7.89596
1.99438             4.57359            -6.30662
4.03076             5.79879            -7.54565
1.66108             3.59157            -7.22494
1.66108             3.59157            -7.22494
3.87116             2.00962             -6.2468
6.30653            0.434596            -3.54218
6.30653            0.434596            -3.54218
6.30653            0.434596            -3.54218
5.64423            -2.33876            -3.38862
5.64423            -2.33876            -3.38862
5.64423            -2.33876            -3.38862
7.00417            -2.18835            -1.58824
7.00417            -2.18835            -1.58824
4.54579            -3.84481            -3.04204
3.58557            -5.30307            -1.75847
2.50287            -5.22667            -2.92972
2.50287            -5.22667            -2.92972
2.55415             -6.2737            -2.48765
2.55415             -6.2737            -2.48765
2.55415             -6.2737            -2.48765
2.55415             -6.2737            -2.48765
4.7933            -4.41499            -1.59526
3.13332            -6.77111            -3.49166
5.42842             -4.5759            -2.70799
5.42842             -4.5759            -2.70799
5.42842             -4.5759            -2.70799
5.42842             -4.5759            -2.70799
5.42842             -4.5759            -2.70799
6.74444            -2.07145            -4.69168
4.28924            -3.25606             -3.7152
4.25297           -0.286341            -5.59948
2.66463             1.34107            -5.91673
2.66463             1.34107            -5.91673
2.66463             1.34107            -5.91673
2.66463             1.34107            -5.91673
2.29431             3.02585            -3.35012
2.29431             3.02585            -3.35012
-0.362532             2.84694            -3.77155
-0.362532             2.84694            -3.77155
-0.362532             2.84694            -3.77155
-0.362532             2.84694            -3.77155
-0.262487            0.328086            -1.86592
-0.262487            0.328086            -1.86592
-0.262487            0.328086            -1.86592
-2.86766           -0.702448            -3.64896
-2.29565           -0.194045            -4.45021
-4.03498            -2.23915             -4.4332
-4.03498            -2.23915             -4.4332
-1.4691            -2.87053            -3.82541
-1.4691            -2.87053            -3.82541
-1.4691            -2.87053            -3.82541
-1.4691            -2.87053            -3.82541
1.43493            -2.45892            -3.20651
1.43493            -2.45892            -3.20651
-0.247525           -0.187823            -2.50272
-0.247525           -0.187823            -2.50272
-0.247525           -0.187823            -2.50272
-0.247525           -0.187823            -2.50272
-0.247525           -0.187823            -2.50272
-0.247525           -0.187823            -2.50272
-0.247525           -0.187823            -2.50272
-0.247525           -0.187823            -2.50272
-0.247525           -0.187823            -2.50272
-0.247525           -0.187823            -2.50272
-0.247525           -0.187823            -2.50272
-0.247525           -0.187823            -2.50272
-0.558618             1.08416            -4.30223
2.08011           -0.527339            -4.26937
4.03826            -1.86024            -5.36245
4.03826            -1.86024            -5.36245
4.03826            -1.86024            -5.36245
3.19574            -3.61192            -3.21209
3.19574            -3.61192            -3.21209
3.19574            -3.61192            -3.21209
4.38702             -1.0561            -5.85176
4.78781            0.964274            -5.54175
4.78781            0.964274            -5.54175
6.37581             1.00704            -5.27309
5.19006              1.9492            -5.47831
5.19006              1.9492            -5.47831
3.44122             2.39742            -8.40076
3.47928             3.10827            -6.95247
3.47928             3.10827            -6.95247
3.47928             3.10827            -6.95247
3.87294              5.5411            -4.49971
3.87294              5.5411            -4.49971
3.87294              5.5411            -4.49971
1.35315             6.88899             -2.3991
-0.691132             6.59036            -4.76855
-0.184325             5.47163            -5.19101
1.66881             4.77502            -4.62053
1.66881             4.77502            -4.62053
1.66881             4.77502            -4.62053
-0.108805             3.17993            -6.65004
1.36875             5.18421            -4.40627
-1.29291             3.65321            -2.33444
-3.5905             2.24701            -2.70041
-4.41473             0.63977             -3.6812
-1.47977             1.03729            -6.17054
-1.47977             1.03729            -6.17054
-1.47977             1.03729            -6.17054
-1.47977             1.03729            -6.17054
-1.47977             1.03729            -6.17054
-1.47977             1.03729            -6.17054
-2.14852             2.95797            -4.98767
-0.547116             2.53605            -3.10073
-0.547116             2.53605            -3.10073
-0.547116             2.53605            -3.10073
-0.547116             2.53605            -3.10073
-0.199631            0.182338            -2.60322
-0.199631            0.182338            -2.60322
-0.199631            0.182338            -2.60322
-0.199631            0.182338            -2.60322
-1.21699            -1.04232            -2.79345
-1.21699            -1.04232            -2.79345
-1.21699            -1.04232            -2.79345
1.05404            -0.40742            -5.52947
1.05404            -0.40742            -5.52947
3.40064             1.58789            -2.87661
4.57674              1.2006            -5.21272
1.94867             3.55116            -6.67264
2.5862              2.9794            -7.04872
1.0229             2.06813            -7.46482
1.0229             2.06813            -7.46482
1.0229             2.06813            -7.46482
1.0229             2.06813            -7.46482
0.707569             2.04998            -8.55243
0.707569             2.04998            -8.55243
1.39195           -0.213795            -7.56372
1.39195           -0.213795            -7.56372
1.39195           -0.213795            -7.56372
1.66393           -0.442363             -5.4132
1.66393           -0.442363             -5.4132
0.0636241            0.434639            -4.60982
0.0636241            0.434639            -4.60982
-2.24403             1.86393            -1.66318
-2.24403             1.86393            -1.66318
-4.67366             4.15755            -1.71904
-4.67366             4.15755            -1.71904
-4.67366             4.15755            -1.71904
-3.58851             7.14546            -2.43498
-4.6314             7.04592            -3.99671
-3.04986             7.42016            -2.86459
-3.04986             7.42016            -2.86459
-3.04986             7.42016            -2.86459
-1.36794             7.07206            -4.65011
-1.36794             7.07206            -4.65011
1.27097             5.17007            -2.64805
1.27097             5.17007            -2.64805
1.20154             5.41522            -3.10845
1.20154             5.41522            -3.10845
0.869892             3.18515             -5.9875
0.869892             3.18515             -5.9875
0.869892             3.18515             -5.9875
1.89062             2.81836            -5.46088
1.89062             2.81836            -5.46088
1.89062             2.81836            -5.46088
3.37417             1.70227            -6.79298
1.58926             4.06373            -4.61503
1.58926             4.06373            -4.61503
1.58926             4.06373            -4.61503
2.41842             2.61056            -2.19893
2.41842             2.61056            -2.19893
4.00284             0.25461            -3.24876
4.00284             0.25461            -3.24876
3.88412             2.15467            -2.98687
3.88412             2.15467            -2.98687
1.78276             3.25681            -1.46715
-0.921862             3.20547            -2.28197
-0.921862             3.20547            -2.28197
-0.921862             3.20547            -2.28197
-2.82353             1.66502            -4.44213
-2.52519             3.51406            -5.54584
-2.52519             3.51406            -5.54584
-3.98015             5.38977            -3.59862
-2.3456             6.93772            -3.77939
-2.3456             6.93772            -3.77939
-2.35396             7.07074            -4.85486
-3.33695             6.87307            -3.89477
-5.79015             4.66907            -6.11297
-6.7627             3.95793            -3.50768
-4.43977             5.76208            -4.16018
-3.84728             4.99156            -3.16032
-4.2856              5.0629            -5.61467
-4.2856              5.0629            -5.61467
-4.2856              5.0629            -5.61467
-4.2856              5.0629            -5.61467
-4.2856              5.0629            -5.61467
-4.2856              5.0629            -5.61467
-3.74506             5.34873            -6.11609
-3.74506             5.34873            -6.11609
-3.50092             3.75014            -6.29544
-3.70696             3.31002            -5.79704
-5.09143             5.62911            -3.49123
-4.62415             4.18632            -1.56861
-4.62415             4.18632            -1.56861
-3.29657             2.12349             -3.0593
-0.957162             3.69282            -3.65169
-3.33818             5.14593            -4.24873
-3.60379             2.65473            -1.89219
-6.53946              2.3133            -3.58483
-5.34804             2.53725            -1.43804
-4.21873             1.94584            -1.19115
-4.21873             1.94584            -1.19115
-4.21873             1.94584            -1.19115
-4.21873             1.94584            -1.19115
-2.11468             2.14027             -1.0649
-2.11468             2.14027             -1.0649
0.119692           0.0798391           -0.136095
-0.442659            -2.04582           -0.711579
-0.637594            -1.73203            -1.54352
-0.637594            -1.73203            -1.54352
0.479033             1.26681            -1.79268
0.479033             1.26681            -1.79268
0.479033             1.26681            -1.79268
0.479033             1.26681            -1.79268
1.11031             1.88615            -1.25749
1.11031             1.88615            -1.25749
1.11031             1.88615            -1.25749
1.32293             3.99517            -1.11981
1.32293             3.99517            -1.11981
-1.3144             5.87728            -3.92557
0.875384             4.70672            -4.85499
-0.569055             3.08165            -5.48034
-0.569055             3.08165            -5.48034
-0.569055             3.08165            -5.48034
-0.44723             0.82195            -7.29623
1.07995            -2.03719            -4.45663
1.07995            -2.03719            -4.45663
1.07995            -2.03719            -4.45663
0.617526           -0.077208            -5.88097
2.37757             1.42211             -4.0402
2.76053           -0.555103            -3.93293
2.23042            0.446892            -2.22232
3.02835            0.117657            -1.62832
5.8821            -2.27039            -1.55227
5.54187            -3.98906            -2.75553
4.9982            -1.56636            -4.53653
4.9982            -1.56636            -4.53653
3.13987            -2.55995            -4.21145
2.16975            -2.40537            -1.24733
-0.523901            -3.41599            -2.56956
-0.523901            -3.41599            -2.56956
0.773037             -1.5153            -1.04273
-0.529937           -0.533193             -3.8613
-0.529937           -0.533193             -3.8613
-0.529937           -0.533193             -3.8613
-0.529937           -0.533193             -3.8613
-0.993522            -1.75392            -6.54805
1.06081            -1.89077            -6.10041
1.06081            -1.89077            -6.10041
1.06081            -1.89077            -6.10041
0.0328941           0.0818407            -4.56605
1.42691            -2.75992            -1.73514
1.75187            -1.63578            -2.37081
1.75187            -1.63578            -2.37081
1.75187            -1.63578            -2.37081
1.75187            -1.63578            -2.37081
1.75187            -1.63578            -2.37081
1.75187            -1.63578            -2.37081
1.75187            -1.63578            -2.37081
1.75187            -1.63578            -2.37081
1.75187            -1.63578            -2.37081
1.75187            -1.63578            -2.37081
1.70426              -1.383            -1.39708
3.55256           -0.470995            -2.29697
3.55256           -0.470995            -2.29697
3.55256           -0.470995            -2.29697
3.55256           -0.470995            -2.29697
3.55256           -0.470995            -2.29697
3.55256           -0.470995            -2.29697
4.72537            -2.19418             -3.8105
4.72537            -2.19418             -3.8105
4.72537            -2.19418             -3.8105
5.08106             0.43777            -4.39237
3.40825             1.65017            -5.92331
0.714983             1.80443            -3.97876
0.714983             1.80443            -3.97876
2.27813           -0.226167            -1.94031
-0.665942             1.37743            -2.99082
1.14188             1.25838            -1.14276
-1.27046             1.98306            -1.45213
-1.27046             1.98306            -1.45213
-1.27046             1.98306            -1.45213
0.376158           -0.882725            -4.05175
-1.20928            -2.19604            -4.44692
-1.20928            -2.19604            -4.44692
-1.20928            -2.19604            -4.44692
-3.73454            0.226175            -3.30012
-3.73454            0.226175            -3.30012
-4.42889            -1.28718            -2.38252
-5.51046            -1.37429            -3.11364
-5.51046            -1.37429            -3.11364
-5.51046            -1.37429            -3.11364
-5.56337            -2.50768            -1.61734
-3.83562            0.213081            -2.09143
-1.14718          -0.0495348            -2.51492
-1.14718          -0.0495348            -2.51492
-1.14718          -0.0495348            -2.51492
-1.14718          -0.0495348            -2.51492
-1.14718          -0.0495348            -2.51492
0.926728             1.67141            -2.26407
0.926728             1.67141            -2.26407
0.926728             1.67141            -2.26407
0.926102            -0.91295            -1.03513
1.26462             1.53739             1.88274
1.26462             1.53739             1.88274
3.66422           -0.258049             1.85553
3.66422           -0.258049             1.85553
3.66422           -0.258049             1.85553
3.66422           -0.258049             1.85553
3.66422           -0.258049             1.85553
3.66422           -0.258049             1.85553
2.97004             -2.0153              1.4529
0.442897            -1.71235             2.21689
0.442897            -1.71235             2.21689
0.442897            -1.71235             2.21689
-1.74153            -0.84405           -0.458328
-0.56134            -0.83648            -2.28426
-0.510929             1.03872            -2.61059
-0.510929             1.03872            -2.61059
-0.510929             1.03872            -2.61059
1.25973            -1.18908            -3.39611
1.25973            -1.18908            -3.39611
1.25973            -1.18908            -3.39611
3.09637          -0.0460123             -2.7948
3.09637          -0.0460123             -2.7948
3.09637          -0.0460123             -2.7948
3.09637          -0.0460123             -2.7948
1.98325            -2.55541            -4.63917
1.98325            -2.55541            -4.63917
2.03606            -2.74166            -2.63131
-0.567691            -3.60187            -2.64577
-0.267292            -3.46257            -3.14783
-0.267292            -3.46257            -3.14783
-0.267292            -3.46257            -3.14783
-0.267292            -3.46257            -3.14783
-0.267292            -3.46257            -3.14783
-0.267292            -3.46257            -3.14783
0.995996            -2.46471            -4.13383
1.99126            -2.41436            -4.27805
1.99126            -2.41436            -4.27805
1.0323            0.511473            -6.26294
3.04962            -1.91813            -6.16456
3.04962            -1.91813            -6.16456
2.23989             -2.3837             -4.0149
2.23989             -2.3837             -4.0149
-0.0833923           -0.519437            -4.40425
-0.0833923           -0.519437            -4.40425
-1.65248             1.02225            -6.25756
-1.65248             1.02225            -6.25756
-1.65248             1.02225            -6.25756
-0.459777             -1.3942            -3.77905
-0.459777             -1.3942            -3.77905
1.59832            -2.35517            -3.76857
2.16999            -4.84385            -5.76959
4.36111            -3.57085            -3.70594
4.36111            -3.57085            -3.70594
4.36111            -3.57085            -3.70594
4.36111            -3.57085            -3.70594
3.28919             -4.6354            -1.77048
3.28919             -4.6354            -1.77048
3.28919             -4.6354            -1.77048
3.28919             -4.6354            -1.77048
3.63159            -3.56567            -2.96347
3.15114            -1.45704            -4.01887
1.89115            -1.93071            -3.74259
-0.148038            0.620786            -1.36167
-0.148038            0.620786            -1.36167
-2.10971             1.84529            -3.09195
-2.67565          -0.0118475            -3.20911
-1.04015            0.738737            -3.21378
0.802153           -0.105649           -0.945313
0.802153           -0.105649           -0.945313
1.79654            0.613575            -1.88552
1.79654            0.613575            -1.88552
1.79654            0.613575            -1.88552
1.79654            0.613575            -1.88552
1.79654            0.613575            -1.88552
1.79654            0.613575            -1.88552
1.79654            0.613575            -1.88552
0.123036            -2.38361            -2.73079
-1.36251             0.27925            -3.80973
-1.36251             0.27925            -3.80973
0.723893             2.90177            -3.54221
0.931709             2.43371            -2.19493
0.931709             2.43371            -2.19493
-1.1649            0.564681            -2.79577
-1.37107            0.100801            -1.90108
-0.452191           -0.127775             -4.0352
-0.452191           -0.127775             -4.0352
-1.97888           -0.823194            -3.41601
-1.97888           -0.823194            -3.41601
-2.12281             1.23083             -4.1443
-1.44154             1.70729             -5.1191
-0.504269             3.44167            -4.26085
-0.504269             3.44167            -4.26085
-0.504269             3.44167            -4.26085
-0.504269             3.44167            -4.26085
-0.504269             3.44167            -4.26085
2.46805               1.497            -3.76551
2.46805               1.497            -3.76551
2.46805               1.497            -3.76551
2.46805               1.497            -3.76551
2.46805               1.497            -3.76551
2.401             2.18529            -3.15436
2.401             2.18529            -3.15436
0.492693           0.0913454            -1.33256
0.778165             1.35691           -0.430219
-1.35882              2.0198             1.10783
1.13847           -0.146882              -1.453
1.13847           -0.146882              -1.453
1.13847           -0.146882              -1.453
1.13847           -0.146882              -1.453
1.16071            -2.83317            -2.89275
1.16071            -2.83317            -2.89275
1.16071            -2.83317            -2.89275
-0.363209            -3.01045             -2.0641
-0.363209            -3.01045             -2.0641
-2.42659          -0.0373664            -2.52686
-2.42659          -0.0373664            -2.52686
-2.42659          -0.0373664            -2.52686
-2.42659          -0.0373664            -2.52686
-2.52423              1.6182            -3.81047
-1.38635             1.70567            -2.63321
-1.38635             1.70567            -2.63321
-0.59952             1.27027            -3.34483
-0.59952             1.27027            -3.34483
0.24576            -1.11997            -2.34208
0.24576            -1.11997            -2.34208
0.24576            -1.11997            -2.34208
0.24576            -1.11997            -2.34208
0.24576            -1.11997            -2.34208
2.75935            -2.08516            -3.90895
5.33647            -3.43917            -2.05004
5.06453            -2.87412            -1.52445
5.06453            -2.87412            -1.52445
5.06453            -2.87412            -1.52445
5.06453            -2.87412            -1.52445
5.06453            -2.87412            -1.52445
5.06453            -2.87412            -1.52445
2.57445            -1.89431             -3.7275
0.783252             -4.4938            -3.70599
-0.593444             -4.8478            -1.88455
-0.593444             -4.8478            -1.88455
-1.31944            -2.26924            -1.78791
-1.31944            -2.26924            -1.78791
-1.31944            -2.26924            -1.78791
-0.529938            -2.68246            -3.94535
-0.529938            -2.68246            -3.94535
-0.523074            -1.44986            -1.36904
-0.523074            -1.44986            -1.36904
-0.852942            -1.36442            -2.93808
-0.326966            -2.82845            -3.65387
-0.326966            -2.82845            -3.65387
0.991449            -2.88604              -2.318
0.991449            -2.88604              -2.318
0.20698            -0.54507             0.45301
0.20698            -0.54507             0.45301
2.4206             2.42927             3.26183
2.4206             2.42927             3.26183
2.83024             3.22964             1.80509
2.83024             3.22964             1.80509
2.83024             3.22964             1.80509
3.37912             4.38212              4.5149
2.40501             5.58149             6.08343
2.40501             5.58149             6.08343
5.36398             5.26202             3.14325
3.42832             3.70299             0.97938
5.68089            0.781253             1.42183
5.68089            0.781253             1.42183
6.36081             1.47363             1.47464
6.36081             1.47363             1.47464
6.36081             1.47363             1.47464
6.36081             1.47363             1.47464
4.14715             1.28424            -1.42661
7.10522            -1.33389            -4.01275
7.10522            -1.33389            -4.01275
7.10522            -1.33389            -4.01275
7.10522            -1.33389            -4.01275
5.02629            -2.87716             -2.6723
5.02629            -2.87716             -2.6723
5.75439            -2.45079            -2.65133
3.11285            -1.65211            -5.45657
3.11285            -1.65211            -5.45657
0.282675             -4.0892            -2.65683
0.74195            -1.84089            -1.41359
0.203012            -1.92155            -1.71063
1.11965           0.0321456            -1.87846
1.08117           -0.550333            -2.67623
1.08117           -0.550333            -2.67623
-0.0723317            -1.71106            -2.34065
-0.0723317            -1.71106            -2.34065
-1.90267            -3.04174            -2.45753
-1.20009            -2.82695            -2.70158
-1.20009            -2.82695            -2.70158
-1.20009            -2.82695            -2.70158
-0.650209            -1.19438            -3.76985
-0.74206             -1.0468            -1.12886
0.158525           -0.532265            0.997304
-1.44838            -1.98266             3.53282
-1.44838            -1.98266             3.53282
1.28951            -0.36108             4.32229
0.145848            -2.25676             5.71603
0.145848            -2.25676             5.71603
0.145848            -2.25676             5.71603
0.145848            -2.25676             5.71603
3.09807            0.473718             6.56514
2.23734            -2.48888             3.57517
3.38364           -0.777972             2.23765
3.22024            0.449893             1.43009
1.37422            0.114464            0.416184
-0.874329            -1.95967             1.42788
-0.874329            -1.95967             1.42788
0.585741            0.446028             3.50628
-1.60402             1.28575             5.62565
-1.60402             1.28575             5.62565
-3.80487            -1.51641               4.775
-3.80487            -1.51641               4.775
-4.99453            -2.72924             6.75161
-2.28759             -3.6455             7.65367
-3.22829           -0.881527             6.21614
-3.22829           -0.881527             6.21614
-0.274878             1.22356             5.26345
-0.835579              2.3923             4.39959
-0.835579              2.3923             4.39959
-0.835579              2.3923             4.39959
-0.835579              2.3923             4.39959
-1.95979           -0.594587              1.7202
-1.95979           -0.594587              1.7202
-1.95979           -0.594587              1.7202
-1.47307            -1.20957             2.87279
-1.47307            -1.20957             2.87279
-1.47307            -1.20957             2.87279
-1.47307            -1.20957             2.87279
-1.47307            -1.20957             2.87279
-1.47307            -1.20957             2.87279
-2.44595             1.40367             1.86959
-2.80986           -0.860278              4.7894
-2.80986           -0.860278              4.7894
-5.17487            0.202447             3.61732
-5.17487            0.202447             3.61732
-5.17487            0.202447             3.61732
-2.84466             3.16264             1.96211
-1.4319             4.88945             3.03234
-3.65255             3.12897             2.37636
-3.65255             3.12897             2.37636
-0.903677            0.465877             2.93974
-0.903677            0.465877             2.93974
-0.499129             2.60228             4.06179
-0.499129             2.60228             4.06179
-0.499129             2.60228             4.06179
-0.499129             2.60228             4.06179
-0.499129             2.60228             4.06179
-0.499129             2.60228             4.06179
-0.499129             2.60228             4.06179
-0.499129             2.60228             4.06179
-0.499129             2.60228             4.06179
-2.34215           0.0416163              2.5809
-2.34215           0.0416163              2.5809
-1.18546           -0.747254             1.61429
-0.604607            0.702308           -0.605299
-3.28239           -0.615051            -3.17674
-3.28239           -0.615051            -3.17674
-2.47699            0.689749            -3.96473
-2.47699            0.689749            -3.96473
0.18355            -1.85246            -2.79029
0.603389            -1.12403            -2.46326
-0.0389331             1.29598            -2.18865
0.489466             3.15314            -1.40293
-0.319894             2.51611           -0.598774
-0.319894             2.51611           -0.598774
-1.23068              1.5955            -2.06076
-1.23068              1.5955            -2.06076
-2.92643             1.10591             -3.3896
-2.92643             1.10591             -3.3896
-2.92643             1.10591             -3.3896
-2.92643             1.10591             -3.3896
-2.92643             1.10591             -3.3896
-3.12926            -1.14566             -2.3856
-3.12926            -1.14566             -2.3856
-3.12926            -1.14566             -2.3856
-3.12926            -1.14566             -2.3856
-3.12926            -1.14566             -2.3856
-3.12926            -1.14566             -2.3856
-3.12926            -1.14566             -2.3856
-2.81831             1.06435            -2.70868
-2.32066            0.533769            -3.67112
-1.15669            -2.32131            -5.55679
-1.80025            -2.03558            -6.77323
-3.12131            -4.02435              -5.468
-3.12131            -4.02435              -5.468
-3.62534             -2.0434             -4.1001
-3.62534             -2.0434             -4.1001
-6.52539           -0.801669            -6.60559
-4.01159            -1.18268            -7.57505
-6.24499            -1.66577            -10.1319
-6.24499            -1.66577            -10.1319
-6.24499            -1.66577            -10.1319
-6.24499            -1.66577            -10.1319
-6.24499            -1.66577            -10.1319
-4.36894            -2.89543             -10.597
-4.36894            -2.89543             -10.597
-2.35406            -3.39033            -8.53638
-3.06036            -6.12464            -6.53765
-3.06036            -6.12464            -6.53765
-3.06036            -6.12464            -6.53765
-3.06036            -6.12464            -6.53765
-3.40813              -5.694            -4.24599
-3.40813              -5.694            -4.24599
-3.40813              -5.694            -4.24599
-1.74106            -4.56144            -5.95597
0.0373669            -5.83085            -6.91131
-1.64157            -5.63655            -6.19365
-1.64157            -5.63655            -6.19365
-0.891016            -5.25783            -7.25589
1.66302            -4.79431            -6.40195
1.66302            -4.79431            -6.40195
2.61957            -7.05848            -3.69559
5.20908             -4.3271            -5.76698
4.33405            -1.44156             -5.8338
4.33405            -1.44156             -5.8338
4.33405            -1.44156             -5.8338
4.33405            -1.44156             -5.8338
3.17642            -3.63619            -4.24336
3.17642            -3.63619            -4.24336
3.17642            -3.63619            -4.24336
5.18159           -0.746529            -6.46571
3.6736             1.08191            -5.87893
3.6736             1.08191            -5.87893
3.6736             1.08191            -5.87893
1.59881             2.42203            -6.82344
1.59881             2.42203            -6.82344
1.59881             2.42203            -6.82344
1.91217             1.67327            -5.05993
1.91217             1.67327            -5.05993
0.767736            -1.32036            -2.88279
0.767736            -1.32036            -2.88279
0.767736            -1.32036            -2.88279
0.767736            -1.32036            -2.88279
0.767736            -1.32036            -2.88279
-0.992096           -0.668397            -3.64922
1.36871              1.7672            -1.66573
1.36871              1.7672            -1.66573
1.36871              1.7672            -1.66573
-0.465252            -1.01116           -0.940893
-1.64483            -2.28881            0.781217
-0.747001            -4.37464             2.37972
-0.747001            -4.37464             2.37972
-1.8975            -2.04773             5.34051
-1.24651            0.171254             6.61987
1.2577           -0.796483             4.40408
1.2577           -0.796483             4.40408
-1.44048            -2.24822             1.84029
-3.98136            -2.33677             3.19141
-3.98136            -2.33677             3.19141
-3.98136            -2.33677             3.19141
-2.29147            -1.55603              2.5526
-2.57095            0.341336             5.09012
-2.57095            0.341336             5.09012
-2.57095            0.341336             5.09012
-1.62795             1.24997             2.33691
-1.62795             1.24997             2.33691
-1.62795             1.24997             2.33691
-1.29669            0.921529             3.20106
0.372514           -0.753549             3.80658
1.14437           -0.602264             4.19305
1.14437           -0.602264             4.19305
-1.50299           -0.197352             4.18989
-1.50299           -0.197352             4.18989
-2.76946            -2.07522             4.62978
-2.76946            -2.07522             4.62978
-1.99399           -0.429865             2.23243
0.698754             2.45439             4.71718
0.262924             3.82074             2.42106
-0.912834             4.48963             3.26305
-2.95557             1.82436             1.93807
-2.95557             1.82436             1.93807
-3.91736             1.44899             4.52863
-3.91736             1.44899             4.52863
-2.1584             3.97127             5.77959
0.439156             3.65368             3.24363
0.439156             3.65368             3.24363
0.439156             3.65368             3.24363
-1.00174             3.50903              4.4207
-1.00174             3.50903              4.4207
-1.00174             3.50903              4.4207
-0.297937              1.8372             3.81849
-0.297937              1.8372             3.81849
-0.297937              1.8372             3.81849
-0.297937              1.8372             3.81849
2.17845            0.615211             1.86952
0.559068            -1.18397             3.72302
3.12171            -1.26479             4.75419
3.12171            -1.26479             4.75419
2.57059             0.66423             2.84934
1.9989             1.88426             3.23339
0.669895             3.15175             2.85416
0.302667             2.54374             3.11538
-0.22457             1.52912             1.06874
-1.38034             3.36999            -1.85685
-1.38034             3.36999            -1.85685
-1.38034             3.36999            -1.85685
-1.05659             3.77499            -2.60959
-1.05659             3.77499            -2.60959
-1.05659             3.77499            -2.60959
-0.120923             2.61301            -4.71243
-0.120923             2.61301            -4.71243
-2.1399           -0.336634            -4.58421
-2.1399           -0.336634            -4.58421
-2.1399           -0.336634            -4.58421
-2.1399           -0.336634            -4.58421
-2.1399           -0.336634            -4.58421
-2.1399           -0.336634            -4.58421
-1.41245             1.00867            -5.07332
-3.62973            -1.00829            -6.30551
-2.421             1.64365            -3.93754
-2.421             1.64365            -3.93754
-2.421             1.64365            -3.93754
-2.421             1.64365            -3.93754
-0.595282           -0.442264            -3.16562
-0.595282           -0.442264            -3.16562
-0.595282           -0.442264            -3.16562
-0.817184            -2.54202            -5.77115
1.02856            -2.59658            -6.42851
0.891631           -0.216786            -5.92751
-1.55967             -2.4467             -5.6679
-1.55967             -2.4467             -5.6679
0.0176677            -1.75287            -6.98021
0.0176677            -1.75287            -6.98021
0.0176677            -1.75287            -6.98021
0.0176677            -1.75287            -6.98021
0.0176677            -1.75287            -6.98021
0.0351494            0.244475            -7.29101
0.132908             2.08762            -5.76501
0.132908             2.08762            -5.76501
0.132908             2.08762            -5.76501
-0.0647264             1.07628            -4.82683
-0.0647264             1.07628            -4.82683
-0.0647264             1.07628            -4.82683
-0.0647264             1.07628            -4.82683
1.85151            0.782971            -1.96768
0.10019           -0.794661            -1.66897
0.10019           -0.794661            -1.66897
0.10019           -0.794661            -1.66897
0.10019           -0.794661            -1.66897
1.22144             1.04585            -3.01111
1.22144             1.04585            -3.01111
1.22144             1.04585            -3.01111
1.87356            -1.48177            -4.15439
1.87356            -1.48177            -4.15439
1.87356            -1.48177            -4.15439
1.25439              0.6478            -3.68572
3.98071            -1.56209             -3.6896
4.44501           -0.295753            -5.45599
4.44501           -0.295753            -5.45599
4.44501           -0.295753            -5.45599
4.60535             2.22327            -2.81464
4.60535             2.22327            -2.81464
4.60535             2.22327            -2.81464
4.60535             2.22327            -2.81464
4.60535             2.22327            -2.81464
4.64883             1.72795            -3.16524
2.28926             3.35466             -5.2063
2.28926             3.35466             -5.2063
2.28926             3.35466             -5.2063
1.38697             3.18106            -5.53916
1.38697             3.18106            -5.53916
0.935079             1.86193            -5.49768
1.77982            0.160696            -6.82052
-0.655463              1.2191            -4.95963
-2.31651             1.19526            -3.60288
-1.11541            -1.00431            -1.67229
-1.11541            -1.00431            -1.67229
-1.11541            -1.00431            -1.67229
0.16693             1.77655            -3.67006
0.139703            -1.10102            -3.25633
0.139703            -1.10102            -3.25633
0.139703            -1.10102            -3.25633
0.705716            -3.61984             -4.2213
-1.62067            -3.44562            -1.29077
-4.02663            -2.49736             1.64502
-4.02663            -2.49736             1.64502
-5.57773           -0.660342               2.479
-5.57773           -0.660342               2.479
-7.09928           -0.859542             4.12021
-6.81121            -2.30309              3.7885
-6.81121            -2.30309              3.7885
-6.81121            -2.30309              3.7885
-8.71031            -2.53976             4.07911
-8.71031            -2.53976             4.07911
-6.70829             -3.3987             1.57916
-4.74741            -5.38465             2.27333
-2.71322            -5.32069             5.09816
-0.301116            -4.34629             6.09991
-0.301116            -4.34629             6.09991
-0.301116            -4.34629             6.09991
2.39747            -5.24518             3.49472
2.39747            -5.24518             3.49472
2.39747            -5.24518             3.49472
0.163153            -7.40315             2.05966
-1.93348            -5.67391             3.44599
-3.37376            -3.80938             5.28947
-3.37376            -3.80938             5.28947
-3.37376            -3.80938             5.28947
-3.37376            -3.80938             5.28947
-1.23554            -4.32747             5.11881
-1.23554            -4.32747             5.11881
-2.79792            -4.13089              5.6188
-3.20529            -3.78367             6.62314
-0.595682            -2.19103             4.89842
0.0708586            -3.17072             4.52414
-2.62806            -3.08098             1.79858
-2.62806            -3.08098             1.79858
-2.62806            -3.08098             1.79858
-1.89163            -1.01184            -1.11111
-3.48912           -0.283384            -2.20502
-3.48912           -0.283384            -2.20502
-3.48912           -0.283384            -2.20502
-3.48912           -0.283384            -2.20502
-3.48912           -0.283384            -2.20502
-3.48912           -0.283384            -2.20502
-3.48912           -0.283384            -2.20502
-2.63897            -2.29534            -5.01452
0.188061            -3.12331            -5.50898
2.36638            -4.01827            -4.16804
-0.279558            -3.72145            -4.81059
-0.279558            -3.72145            -4.81059
-0.279558            -3.72145            -4.81059
0.490401            -2.88369            -3.07578
1.11479          -0.0166252            -5.41608
1.11479          -0.0166252            -5.41608
1.11479          -0.0166252            -5.41608
2.00591              1.4439            -3.49524
2.00591              1.4439            -3.49524
2.00591              1.4439            -3.49524
0.648837           0.0472375            -4.12724
2.83855              3.0324            -5.35795
0.192063             2.10937            -6.13843
-1.56717             3.06034            -5.13286
-1.56717             3.06034            -5.13286
0.87462             1.79213            -3.18565
1.53012             3.30696            -4.94635
-0.2087             2.34398            -5.67701
-0.2087             2.34398            -5.67701
-0.2087             2.34398            -5.67701
2.14927            -0.46267            -4.33321
3.46779            -1.98277            -5.93405
1.43509            -2.43861            -6.61201
1.43509            -2.43861            -6.61201
2.60092            -2.99356            -7.37205
2.60092            -2.99356            -7.37205
2.60092            -2.99356            -7.37205
2.11689             -4.6687            -5.93748
2.11689             -4.6687            -5.93748
2.11689             -4.6687            -5.93748
0.329874            -5.92811            -4.16232
-0.605289             -5.8944             -3.0695
1.16367            -4.47976            -4.58471
1.16367            -4.47976            -4.58471
-0.557584            -4.11512            -5.41285
-2.88915             -2.6511            -7.01723
-5.13791            -3.11914            -6.85004
-3.31623            -1.72439            -5.95252
-5.69912          -0.0475096            -3.77584
-6.17993            -1.87419            -6.45925
-5.38914           -0.330292            -8.22732
-5.38914           -0.330292            -8.22732
-5.38914           -0.330292            -8.22732
-5.21628             2.10375            -5.97886
-6.26251              3.5664            -6.22674
-4.73899             1.49778            -8.71161
-1.99671             2.89544            -7.26664
0.353193            0.354569            -5.67775
2.23309            0.441783            -5.18045
0.703698            -1.26391             -5.1115
-0.24611           -0.445237            -6.47718
-1.75177            -1.61074            -6.01927
-3.98819             1.25988            -6.26962
-3.98819             1.25988            -6.26962
-2.93202             4.20604            -8.35047
-3.2622             1.25671            -11.1122
-3.2622             1.25671            -11.1122
-3.2622             1.25671            -11.1122
-3.2622             1.25671            -11.1122
-0.543811             3.41822            -8.81771
-0.543811             3.41822            -8.81771
-0.543811             3.41822            -8.81771
2.27641             1.31407             -6.0519
0.991436           -0.597942            -4.76283
0.206294            0.240952            -3.33078
0.206294            0.240952            -3.33078
0.206294            0.240952            -3.33078
0.346085           -0.495886            -3.45834
1.14551            0.479742            -2.87377
1.14551            0.479742            -2.87377
1.14551            0.479742            -2.87377
2.55276           -0.649561           -0.828074
1.73458            0.373955            -2.89487
1.73458            0.373955            -2.89487
1.73458            0.373955            -2.89487
1.73458            0.373955            -2.89487
1.28446           -0.453882            -2.93163
1.28446           -0.453882            -2.93163
1.28446           -0.453882            -2.93163
1.28446           -0.453882            -2.93163
1.28446           -0.453882            -2.93163
1.28446           -0.453882            -2.93163
1.28446           -0.453882            -2.93163
-1.37029            -1.20888            -3.46551
-1.37029            -1.20888            -3.46551
0.413581            -3.05978            -1.92908
0.413581            -3.05978            -1.92908
-0.302345            -2.75304            -1.41846
-0.302345            -2.75304            -1.41846
-0.302345            -2.75304            -1.41846
-0.302345            -2.75304            -1.41846
-0.105595            -2.71964            -1.30834
-1.14921           -0.446066            -2.85779
-1.14921           -0.446066            -2.85779
0.427949            -1.65661            -2.81165
-1.73623             1.00735            -3.78229
-1.73623             1.00735            -3.78229
-1.73623             1.00735            -3.78229
-1.73623             1.00735            -3.78229
-1.73623             1.00735            -3.78229
-1.54387           -0.118389            -4.70377
-1.93835            0.998663            -2.30942
-1.93835            0.998663            -2.30942
-1.93835            0.998663            -2.30942
-1.93835            0.998663            -2.30942
-1.93835            0.998663            -2.30942
0.132283             3.33321            -2.99617
0.132283             3.33321            -2.99617
0.132283             3.33321            -2.99617
1.01388            0.883523           -0.692555
1.01388            0.883523           -0.692555
1.01388            0.883523           -0.692555
-0.722101             2.20704            -2.43218
-0.722101             2.20704            -2.43218
-0.722101             2.20704            -2.43218
-2.6691             3.22051            -3.46506
-2.6691             3.22051            -3.46506
-1.59359             2.83508            -5.19169
-1.59359             2.83508            -5.19169
-3.46903             4.57676            -3.74707
-1.54576             3.95771            -4.58207
1.00532             1.53988             -6.1178
-1.78874             1.82555            -5.29514
-1.78874             1.82555            -5.29514
-0.44288           0.0365924            -5.89082
1.6411             1.89081            -3.04186
-0.6671             2.55244            -2.94986
-0.178995             2.12026            -5.19157
1.59019           -0.607309            -6.25579
-0.09053             1.61489            -7.18594
2.1255           -0.222257            -6.77245
4.19597            -1.75217             -4.8281
4.93716            0.351445            -6.43541
2.77615            -1.36289            -7.73158
2.59054             1.53249            -8.61439
5.0786             3.90009            -6.61229
5.0786             3.90009            -6.61229
6.25156             3.08921            -9.13737
5.0051             3.78413            -8.19278
5.0051             3.78413            -8.19278
5.0051             3.78413            -8.19278
5.0051             3.78413            -8.19278
5.0051             3.78413            -8.19278
5.0051             3.78413            -8.19278
5.0051             3.78413            -8.19278
3.07952             4.09623            -10.5616
3.07952             4.09623            -10.5616
0.805366             5.18527            -9.44696
0.805366             5.18527            -9.44696
-1.32245             4.71337            -9.18108
-3.08262             1.87329            -9.52537
-1.02551             4.39824             -7.1527
-1.02551             4.39824             -7.1527
-1.02551             4.39824             -7.1527
-1.51384              3.7842            -6.68496
-0.596221             1.30601            -5.76396
-0.596221             1.30601            -5.76396
-0.407841             3.22336            -6.80862
-0.43489            0.728536            -5.42135
-0.964044            0.961546             -6.4782
-0.964044            0.961546             -6.4782
0.275713             -1.2003            -3.93163
-1.35225            -1.26524            -6.48158
-1.35225            -1.26524            -6.48158
-1.62073            -2.66862            -4.04855
-1.30105             -3.8661            -5.31585
-1.30105             -3.8661            -5.31585
-1.30105             -3.8661            -5.31585
-1.30105             -3.8661            -5.31585
-1.30105             -3.8661            -5.31585
-2.6947            -3.16532            -5.70059
-3.99528             -2.9445            -4.97029
-1.2399           -0.265709            -7.28121
1.57519             1.97678            -7.45242
2.89355             3.10588            -5.25505
0.0838017             2.38641            -4.97108
0.0838017             2.38641            -4.97108
0.0838017             2.38641            -4.97108
1.89788            0.926685            -3.75924
1.89788            0.926685            -3.75924
1.46447           -0.400805            -1.82125
1.46447           -0.400805            -1.82125
1.18641            -1.95935            -1.42201
2.61985            -1.18252            -2.69439
2.61985            -1.18252            -2.69439
3.69395            0.702273            -2.54501
3.69395            0.702273            -2.54501
0.921558             3.25456            -2.70793
1.22433            0.790632            -5.47906
-1.51356              1.3303            -4.84138
-0.440428             4.03351            -7.00355
-0.519758             4.02992            -9.93849
-2.65186             5.02801             -10.815
-2.65186             5.02801             -10.815
-4.6083             2.92866            -11.5077
-4.6083             2.92866            -11.5077
-5.49901             2.42195            -11.3822
-2.64257             4.67066            -13.8636
-3.05027              2.2695            -16.0343
-3.05027              2.2695            -16.0343
-5.09173             2.84496             -13.852
-4.40595             5.28386            -11.8001
-6.91839             5.99587             -10.367
-6.91839             5.99587             -10.367
-6.48482             8.30103            -7.98377
-5.72411             8.14003            -7.46171
-7.47115             8.08891            -8.55461
-7.47115             8.08891            -8.55461
-8.10275             7.05243            -9.62265
-6.34092             6.42459            -8.40192
-4.60456             8.14951             -6.5822
-2.53962             5.78541            -5.97705
-3.31538             4.10226            -3.28215
-3.31538             4.10226            -3.28215
-3.31538             4.10226            -3.28215
-3.31538             4.10226            -3.28215
-3.06121             6.36461            -3.75855
-3.06121             6.36461            -3.75855
-3.06121             6.36461            -3.75855
-3.25738             4.36612            -3.22637
-3.25738             4.36612            -3.22637
-5.04822             5.21312             -3.9618
-5.04822             5.21312             -3.9618
-3.26213              3.3986            -2.86649
-3.26213              3.3986            -2.86649
-0.447091             4.23252            -2.72271
-0.265164             1.44447            -2.12712
-0.265164             1.44447            -2.12712
-0.265164             1.44447            -2.12712
1.19111           -0.417897            0.494942
1.19111           -0.417897            0.494942
1.19111           -0.417897            0.494942
1.19111           -0.417897            0.494942
0.10899             1.53902             2.55628
0.504713              1.5481             1.05291
0.504713              1.5481             1.05291
0.504713              1.5481             1.05291
-1.13822             -1.0768            0.863309
-1.13822             -1.0768            0.863309
-1.13822             -1.0768            0.863309
-1.16472            -1.09642              1.0877
-1.16472            -1.09642              1.0877
-1.16472            -1.09642              1.0877
-1.16472            -1.09642              1.0877
-1.16472            -1.09642              1.0877
-1.16472            -1.09642              1.0877
-1.16472            -1.09642              1.0877
-1.16472            -1.09642              1.0877
1.82029           -0.717518             3.98455
1.82029           -0.717518             3.98455
1.82029           -0.717518             3.98455
-0.292413            0.790436             2.70952
-0.292413            0.790436             2.70952
-0.961366            0.888892             3.14475
-0.961366            0.888892             3.14475
1.009         -0.00933814             3.26123
-1.53324            -1.00388             3.33959
-1.53324            -1.00388             3.33959
-1.53324            -1.00388             3.33959
0.882095             1.90708             2.41158
1.54954             0.72578             3.51708
1.54954             0.72578             3.51708
1.54954             0.72578             3.51708
1.54954             0.72578             3.51708
1.54954             0.72578             3.51708
1.54954             0.72578             3.51708
0.646704             1.14398             6.17627
0.646704             1.14398             6.17627
1.09885            0.637948             6.13373
1.09885            0.637948             6.13373
-1.41308            -2.03835             4.02914
-0.310187            -1.88744             1.53999
-2.5906             -1.5141            0.566451
-2.72167             1.29217               3.553
-1.84444             2.58351             3.97226
-1.84444             2.58351             3.97226
-1.84444             2.58351             3.97226
-1.84444             2.58351             3.97226
-1.45416             4.15045             6.14089
-1.57349             1.32908             5.23972
-0.25741             2.34655             7.20016
-0.25741             2.34655             7.20016
-2.80763             4.46737             5.18496
-2.80763             4.46737             5.18496
-2.80763             4.46737             5.18496
-2.80763             4.46737             5.18496
-2.3454             3.96024             5.57792
-2.3454             3.96024             5.57792
-2.3454             3.96024             5.57792
-2.3454             3.96024             5.57792
-2.3454             3.96024             5.57792
-2.3454             3.96024             5.57792
-3.74875             2.72665             6.66366
-2.90603            0.534434              6.9061
-2.90603            0.534434              6.9061
0.0313956            -1.88391             6.38892
-0.999118            0.569878              4.8068
-3.15468           -0.415538             2.69722
-2.76197            -1.29978             3.14499
-3.88781            0.850575             5.64707
-2.6094             1.46153             4.01464
-2.6094             1.46153             4.01464
-2.6094             1.46153             4.01464
-2.54821             2.77606             3.57218
-2.54821             2.77606             3.57218
-1.47181            0.295572             4.06424
-1.47181            0.295572             4.06424
-1.47181            0.295572             4.06424
-1.47181            0.295572             4.06424
-1.47181            0.295572             4.06424
-1.47181            0.295572             4.06424
-1.47181            0.295572             4.06424
-1.47181            0.295572             4.06424
-2.14853             0.12156             2.25225
-2.14853             0.12156             2.25225
-2.14853             0.12156             2.25225
-2.14853             0.12156             2.25225
0.709902            0.996033             4.96022
3.26828            -0.17286             4.25267
2.36289            -1.79585              1.4725
2.01353            -2.07241             4.34097
2.01353            -2.07241             4.34097
1.16463           -0.270711             5.94622
1.16463           -0.270711             5.94622
1.16463           -0.270711             5.94622
0.151786            -2.65095             4.17314
0.151786            -2.65095             4.17314
0.151786            -2.65095             4.17314
0.151786            -2.65095             4.17314
2.71381           -0.720135             3.31816
1.97367           -0.921413              2.6125
1.97367           -0.921413              2.6125
-0.778723            -2.31572             4.07846
-0.778723            -2.31572             4.07846
-0.778723            -2.31572             4.07846
-3.08204            -1.71447             5.62184
-5.47354           -0.520371             3.89905
-5.47354           -0.520371             3.89905
-6.11957            0.403763             2.34606
-6.11957            0.403763             2.34606
-4.49851             3.15098             5.06662
-5.15816             1.96913             5.37298
-4.32523            0.678307             6.70384
-1.84799           -0.218212             6.95818
-1.84799           -0.218212             6.95818
-3.28074            -3.15924              4.7907
-3.28074            -3.15924              4.7907
-3.28074            -3.15924              4.7907
-6.0391             -2.8445              3.7358
-6.0391             -2.8445              3.7358
-5.02244            -3.31871             5.56228
-5.02244            -3.31871             5.56228
-5.02244            -3.31871             5.56228
-5.02244            -3.31871             5.56228
-3.73874            -1.57653             3.91183
-3.53139            -2.75855             6.02569
-2.7053           -0.922447             4.17502
-4.38522          -0.0206606             2.99086
-4.38522          -0.0206606             2.99086
-4.38522          -0.0206606             2.99086
-4.38522          -0.0206606             2.99086
-4.38522          -0.0206606             2.99086
-4.38522          -0.0206606             2.99086
-4.38522          -0.0206606             2.99086
-2.07824            0.157454             4.49485
-2.07824            0.157454             4.49485
-2.07824            0.157454             4.49485
-4.21345            -2.69261             2.58104
-4.21345            -2.69261             2.58104
-3.15334            -1.65115             2.29671
-1.42308            -3.87287             3.92806
-2.01012            -1.25537               2.971
-0.856925            -3.53205             3.86743
-0.856925            -3.53205             3.86743
-0.856925            -3.53205             3.86743
-0.856925            -3.53205             3.86743
-0.856925            -3.53205             3.86743
-0.856925            -3.53205             3.86743
-2.28941            -4.04089             4.32358
-2.28941            -4.04089             4.32358
-2.28941            -4.04089             4.32358
-2.28941            -4.04089             4.32358
-2.28941            -4.04089             4.32358
-2.28941            -4.04089             4.32358
-2.69142             -1.5641             5.43515
-3.70052            -4.26808             5.32082
-5.6948            -6.79746             3.92323
-4.27701            -4.39363             3.68083
-2.37643            -3.02863             1.09127
-2.37643            -3.02863             1.09127
-1.17202            -1.55344             3.66817
-1.90206             1.24959             1.93696
-0.129995             1.89745             3.17199
1.27082             2.02886             3.04446
2.69487              0.7988             3.30256
2.0644           -0.750056             2.93387
2.0644           -0.750056             2.93387
2.0644           -0.750056             2.93387
2.0644           -0.750056             2.93387
-0.475471             1.48661             4.31016
-2.96528            0.885943             4.13223
-4.05281             2.12597             3.91301
-2.4171             3.62884             2.17377
-2.4171             3.62884             2.17377
-2.4171             3.62884             2.17377
-2.4171             3.62884             2.17377
-2.4171             3.62884             2.17377
-2.32189              3.1295             5.02663
-2.32189              3.1295             5.02663
-3.75982             1.67755             3.84312
-3.75982             1.67755             3.84312
-1.07496           -0.900329             6.64172
-2.1562            -1.97425             6.61289
-3.50902            0.211482             4.16202
-3.50902            0.211482             4.16202
-2.37205            -1.64693             2.90032
-2.37205            -1.64693             2.90032
-4.93326            -1.27601             2.22756
-2.14229            -3.86057             2.19021
-2.14229            -3.86057             2.19021
-2.14229            -3.86057             2.19021
-3.7182            -2.50064             3.68651
-1.47867            -1.41235             6.30914
-1.47867            -1.41235             6.30914
-0.067534            -3.69597             6.61156
0.140122           -0.971966              4.8811
0.140122           -0.971966              4.8811
1.47159            0.969934             4.67588
1.65103            0.610584             5.26548
1.65103            0.610584             5.26548
1.65103            0.610584             5.26548
3.47288           0.0305977             2.63032
3.47288           0.0305977             2.63032
4.34306            0.879343               3.488
4.34306            0.879343               3.488
5.10793             2.03402              5.4275
5.10793             2.03402              5.4275
6.56824             3.20675             4.36464
6.56824             3.20675             4.36464
6.39656             1.39652              7.2345
6.26544            -1.34813             7.30275
6.26544            -1.34813             7.30275
6.66417            -4.19501             6.64791
5.73828            -6.59858             3.84521
5.67209            -5.60011             6.34411
5.67209            -5.60011             6.34411
5.67209            -5.60011             6.34411
5.67209            -5.60011             6.34411
5.82309            -3.94014              3.9763
5.83833            -3.08641             1.44761
5.83833            -3.08641             1.44761
5.83833            -3.08641             1.44761
4.26407            -5.55284             1.73217
2.63789            -6.44275             2.17742
2.63789            -6.44275             2.17742
2.63789            -6.44275             2.17742
2.63789            -6.44275             2.17742
-0.125145            -5.83171             2.85453
1.05974            -7.02684             3.67243
1.30875             -5.5167              2.9176
1.30875             -5.5167              2.9176
3.21289            -4.01273             1.60889
3.21289            -4.01273             1.60889
3.21289            -4.01273             1.60889
3.21289            -4.01273             1.60889
1.10597            -2.62994             4.49072
1.10597            -2.62994             4.49072
-0.697127            -1.05068             4.85191
1.54732            -1.68165             2.64541
0.826712            -4.46348             5.61625
-0.448736            -3.80659             4.57005
-0.448736            -3.80659             4.57005
-2.69032            -3.98605              1.9117
-0.292446            -3.00371             2.00831
-0.292446            -3.00371             2.00831
-0.611157            -1.34563             1.61563
-0.611157            -1.34563             1.61563
-0.611157            -1.34563             1.61563
-0.611157            -1.34563             1.61563
-0.611157            -1.34563             1.61563
-0.611157            -1.34563             1.61563
-0.611157            -1.34563             1.61563
-0.611157            -1.34563             1.61563
-0.611157            -1.34563             1.61563
-0.611157            -1.34563             1.61563
1.10906            -2.17952            0.618247
1.10906            -2.17952            0.618247
0.978149            -4.07621             2.83607
0.978149            -4.07621             2.83607
0.978149            -4.07621             2.83607
0.978149            -4.07621             2.83607
-0.995648             -1.3113              5.4887
-0.995648             -1.3113              5.4887
-1.22839            -4.01399             5.44669
-3.03231            -3.56418             4.50139
-4.70539            -5.17097              3.0882
-4.57951            -3.31924            0.947664
-4.57951            -3.31924            0.947664
-3.70489            -4.45724            -1.41111
-1.44124            -1.92268            -3.69086
1.16877            0.978954            -2.41352
1.16877            0.978954            -2.41352
1.16877            0.978954            -2.41352
1.16877            0.978954            -2.41352
0.536822             1.22016           -0.506372
1.02824            0.143124            -2.74922
1.02824            0.143124            -2.74922
-1.14499           -0.100431            -3.57903
-1.14499           -0.100431            -3.57903
-1.14499           -0.100431            -3.57903
-1.9477             1.38993           -0.698949
-1.9477             1.38993           -0.698949
-0.467039             0.08873            0.256659
-2.46342            0.754616            -1.89764
0.211194            -2.02976            -4.43466
0.211194            -2.02976            -4.43466
-1.18518           -0.416094            -2.05046
-1.18518           -0.416094            -2.05046
-1.18518           -0.416094            -2.05046
-1.45586            0.147806            -3.44798
-0.476929            -1.30084            -2.26737
2.31305           -0.568705             -4.2292
2.68546            -3.43138             -3.1632
2.98836            -1.27785            -2.96031
0.779326            -2.78676            -4.12065
0.779326            -2.78676            -4.12065
0.443729            -4.47641            -3.10403
0.443729            -4.47641            -3.10403
0.443729            -4.47641            -3.10403
0.213828            -2.58377           -0.521577
2.9508            -4.57727            -1.50414
2.9508            -4.57727            -1.50414
2.9508            -4.57727            -1.50414
2.9508            -4.57727            -1.50414
0.988764            -3.96093             -2.0307
1.33863            -2.80686            -2.16188
1.33863            -2.80686            -2.16188
1.33863            -2.80686            -2.16188
3.51642            -5.03557            -1.77472
1.71443            -2.67067            -4.71679
1.71443            -2.67067            -4.71679
0.517294              -3.098            -4.76601
0.517294              -3.098            -4.76601
0.517294              -3.098            -4.76601
0.517294              -3.098            -4.76601
0.517294              -3.098            -4.76601
0.517294              -3.098            -4.76601
1.95635             -1.9199            -2.25646
-0.0513514             -3.7314            -3.98962
-0.0513514             -3.7314            -3.98962
-2.56672            -1.65808            -6.05275
-2.56672            -1.65808            -6.05275
-1.55548            -2.93907            -3.28727
-2.67836           -0.945631             -5.6259
-2.67836           -0.945631             -5.6259
-5.48181           -0.792586            -4.81937
-4.12101           -0.421322            -2.60431
-4.12101           -0.421322            -2.60431
-2.40061           -0.870594            -1.60927
-2.40061           -0.870594            -1.60927
-2.42873             1.67319            -2.59198
-1.33317              4.1911            -5.56662
-1.14818             2.92972            -5.27243
-0.415805             4.43063            -6.53043
-2.46621             5.03489            -4.42057
-2.46621             5.03489            -4.42057
-2.46621             5.03489            -4.42057
-0.266116             3.23975            -4.60314
0.287559             1.84491            -2.40696
0.287559             1.84491            -2.40696
0.287559             1.84491            -2.40696
1.79008             1.06959            -4.22361
3.44485              1.2293            -3.56813
1.65238             3.92233            -5.15804
1.65238             3.92233            -5.15804
1.65238             3.92233            -5.15804
1.65238             3.92233            -5.15804
1.65238             3.92233            -5.15804
1.65238             3.92233            -5.15804
1.14295             3.38606            -3.23288
-0.0727581             2.12784            -3.87024
-0.0727581             2.12784            -3.87024
0.722144           -0.373695            -4.58804
0.722144           -0.373695            -4.58804
0.722144           -0.373695            -4.58804
0.722144           -0.373695            -4.58804
-1.59839            0.779941            -4.27659
-0.356322            -1.91656            -4.50779
0.127706              -3.451            -3.94276
0.127706              -3.451            -3.94276
0.127706              -3.451            -3.94276
-2.24187           -0.787729             -5.0418
-2.24187           -0.787729             -5.0418
-2.24187           -0.787729             -5.0418
-3.01269            -3.72769            -2.72549
-3.01269            -3.72769            -2.72549
-4.74161            -2.48052            -5.04483
-2.39104            -1.68548            -6.83115
-2.39104            -1.68548            -6.83115
-2.43745            -1.52172            -5.81576
-2.43745            -1.52172            -5.81576
-2.9043            0.726734            -7.38765
-4.26136              3.6053            -5.96006
-4.26136              3.6053            -5.96006
-4.26136              3.6053            -5.96006
-4.26136              3.6053            -5.96006
-2.96251             4.81586            -6.49653
-1.93472              2.2669            -8.88663
0.293252             4.00057            -9.95612
0.293252             4.00057            -9.95612
0.293252             4.00057            -9.95612
2.1766             5.83562            -9.80431
-0.0221282             3.50641            -7.97283
-2.65753             2.73692            -7.12022
-1.64012             2.76752             -7.6134
-0.196119             2.43785             -5.6916
-0.196119             2.43785             -5.6916
-0.196119             2.43785             -5.6916
-0.308985             2.61295            -4.43933
-0.308985             2.61295            -4.43933
-0.598424          -0.0594278            -3.06259
-0.598424          -0.0594278            -3.06259
-0.598424          -0.0594278            -3.06259
-0.598424          -0.0594278            -3.06259
-0.598424          -0.0594278            -3.06259
-0.598424          -0.0594278            -3.06259
-0.598424          -0.0594278            -3.06259
-0.598424          -0.0594278            -3.06259
-1.59703            0.656062            -3.90677
0.732474            0.519855            -2.33288
0.732474            0.519855            -2.33288
0.630488            0.945741            -5.33188
0.630488            0.945741            -5.33188
1.3027             2.46442              -3.477
-1.4653              4.1519            -2.31743
-1.4653              4.1519            -2.31743
-1.69684             2.44926              -3.277
-2.83627             1.43197            -4.80621
-2.83627             1.43197            -4.80621
-2.83627             1.43197            -4.80621
-2.83627             1.43197            -4.80621
-2.7681           0.0444294            -3.16624
-3.95144            -1.12869            -2.90414
-1.60301            -3.71343            -4.24464
0.100966            -4.38376            -5.04719
-2.1427            -2.46209            -4.14598
-2.1427            -2.46209            -4.14598
-2.1427            -2.46209            -4.14598
-2.1427            -2.46209            -4.14598
-2.1427            -2.46209            -4.14598
-4.16498            -1.05497            -3.80059
-1.75718            0.520223            -6.57984
-1.59155             1.20906            -3.81102
-1.1559           -0.170413            -3.75471
-0.497715             1.57155            -1.09741
0.437586             2.71917            -2.17706
0.437586             2.71917            -2.17706
0.437586             2.71917            -2.17706
3.27547             1.30045            -1.90571
3.27547             1.30045            -1.90571
1.72365             3.44983            -1.24345
1.42385             5.13414             -2.3494
0.462807             4.88536            -4.80423
1.06247             4.42785            -5.45682
1.06247             4.42785            -5.45682
1.06247             4.42785            -5.45682
1.06247             4.42785            -5.45682
1.06247             4.42785            -5.45682
-0.0268841             1.63245            -5.90413
-0.0268841             1.63245            -5.90413
0.959131             2.69606            -3.74568
0.959131             2.69606            -3.74568
-0.332111            0.637907            -1.97828
-0.332111            0.637907            -1.97828
-0.332111            0.637907            -1.97828
-0.935984           -0.662756            -1.27233
-0.935984           -0.662756            -1.27233
-0.935984           -0.662756            -1.27233
-0.935984           -0.662756            -1.27233
-0.935984           -0.662756            -1.27233
-0.935984           -0.662756            -1.27233
-0.935984           -0.662756            -1.27233
-0.935984           -0.662756            -1.27233
0.682048            0.348093            -1.00672
2.01865             1.23689             1.95735
2.01865             1.23689             1.95735
2.01865             1.23689             1.95735
2.01865             1.23689             1.95735
-0.577864             0.19693             3.48788
-0.577864             0.19693             3.48788
1.60053            -2.19098             3.75647
1.91342            -2.52371              1.7111
-0.547701            -1.45941           -0.663479
-1.18998            -3.46583             2.15473
-1.18998            -3.46583             2.15473
-2.22462            -1.25035             4.61884
-2.52065          -0.0440827             1.67128
-2.52065          -0.0440827             1.67128
-2.52065          -0.0440827             1.67128
-2.52065          -0.0440827             1.67128
0.196896             -2.4297             -1.1143
0.196896             -2.4297             -1.1143
2.02149            -1.71802             1.79833
2.02149            -1.71802             1.79833
2.02149            -1.71802             1.79833
2.02149            -1.71802             1.79833
2.02149            -1.71802             1.79833
2.10963            0.510604             4.05327
2.8206            -1.37265             6.96226
4.13586            -1.86217             8.20072
4.13586            -1.86217             8.20072
6.42021            -1.73978             5.83517
6.42021            -1.73978             5.83517
3.79244            -3.56474             3.66665
2.098            -6.18479               5.251
1.10238            -7.61554             3.14522
1.10238            -7.61554             3.14522
0.0383304            -5.74225             5.90162
0.0383304            -5.74225             5.90162
0.0383304            -5.74225             5.90162
-2.55003            -8.73692             6.97308
-2.48668            -7.09562              4.7854
-2.48668            -7.09562              4.7854
-3.6818            -6.39589              2.9618
-2.62329            -5.21839             5.16852
-0.037343            -2.57219             2.91386
-0.037343            -2.57219             2.91386
-0.037343            -2.57219             2.91386
2.84338           -0.308597             5.80002
3.30946            0.642328             2.98235
3.30946            0.642328             2.98235
2.81332             1.63376             2.63763
2.81332             1.63376             2.63763
1.73895            0.149175             5.46104
1.95108              3.1287             2.68866
1.95108              3.1287             2.68866
-0.131491             1.81649            0.553608
-0.873865          -0.0771046             2.28915
0.738292             1.46408             2.27174
0.738292             1.46408             2.27174
-1.41612            -0.80042             2.46087
-1.41612            -0.80042             2.46087
-1.41612            -0.80042             2.46087
0.609648            -1.74817             3.80559
0.609648            -1.74817             3.80559
0.609648            -1.74817             3.80559
0.609648            -1.74817             3.80559
1.7814            -2.23165             1.36695
-0.171082            -1.16098           -0.949631
0.867471            0.546021            0.958828
0.00554122              -1.001             1.37271
0.00554122              -1.001             1.37271
-1.14581           -0.147013            -1.24878
-1.14581           -0.147013            -1.24878
-1.14581           -0.147013            -1.24878
-1.14581           -0.147013            -1.24878
-1.14581           -0.147013            -1.24878
-1.14581           -0.147013            -1.24878
-1.07446            -1.89634            -3.04825
-1.07446            -1.89634            -3.04825
-3.67378            -1.74174            -4.51116
-3.67378            -1.74174            -4.51116
-3.67378            -1.74174            -4.51116
-3.52214          0.00274434            -2.78911
-3.52214          0.00274434            -2.78911
-3.52214          0.00274434            -2.78911
-1.70364               2.551            -2.85737
-3.20079             1.73662           -0.760748
-2.22408            0.970583              1.2447
-2.79858             3.61459             3.14126
-0.482232             2.39244              5.9546
-0.482232             2.39244              5.9546
-0.482232             2.39244              5.9546
-0.482232             2.39244              5.9546
2.48459             2.22528             4.47168
1.35455          -0.0521877             1.69741
1.35455          -0.0521877             1.69741
1.86479            0.448006             4.63855
2.61449           -0.793394             2.42433
1.76099            -1.12438             1.01985
1.76099            -1.12438             1.01985
-0.358148             1.52754            -1.37546
-0.358148             1.52754            -1.37546
-0.473067            0.827611            -2.43413
-0.473067            0.827611            -2.43413
-0.473067            0.827611            -2.43413
-1.17774            0.690772            -1.98551
0.352877             2.04218             -2.9031
0.770184            0.207555            -2.36518
0.770184            0.207555            -2.36518
-1.4069             1.73567            -4.72925
-1.4069             1.73567            -4.72925
-1.4069             1.73567            -4.72925
-1.4069             1.73567            -4.72925
-2.95094           -0.643525            -1.98217
-2.95094           -0.643525            -1.98217
-1.51733            0.265552            -4.00226
-1.51733            0.265552            -4.00226
-1.51733            0.265552            -4.00226
1.46739           -0.145716            -4.37196
1.46739           -0.145716            -4.37196
1.46739           -0.145716            -4.37196
1.46739           -0.145716            -4.37196
-0.206166            0.766315            -3.63126
-0.206166            0.766315            -3.63126
-0.206166            0.766315            -3.63126
-0.206166            0.766315            -3.63126
-0.206166            0.766315            -3.63126
-0.206166            0.766315            -3.63126
-0.206166            0.766315            -3.63126
-0.206166            0.766315            -3.63126
-0.816114              2.8471            -3.09996
1.72969             2.59755            -4.42892
1.47065           -0.159554            -4.31668
-0.584982         -0.00745087            -4.31943
-0.584982         -0.00745087            -4.31943
-3.54426            0.774555            -2.68204
-3.54426            0.774555            -2.68204
-3.54426            0.774555            -2.68204
-1.53734             2.02459            -3.83762
-1.53734             2.02459            -3.83762
-3.02658            0.450831            -2.18557
-3.02658            0.450831            -2.18557
-1.83747           -0.681572             -1.5857
-1.9933             1.82595            -4.22578
-1.9933             1.82595            -4.22578
-1.9933             1.82595            -4.22578
-1.9933             1.82595            -4.22578
-0.62785             1.42731            -6.64888
-0.62785             1.42731            -6.64888
0.832756           -0.155133            -3.80626
0.832756           -0.155133            -3.80626
0.832756           -0.155133            -3.80626
0.832756           -0.155133            -3.80626
0.832756           -0.155133            -3.80626
0.832756           -0.155133            -3.80626
-2.00193              1.6601            -2.78035
-2.94019             3.01784             -3.6006
-0.45447             2.13507            -6.12605
-0.45447             2.13507            -6.12605
-3.1575             3.54468            -6.13744
-5.33817             1.72065            -4.97506
-4.41716             -0.2852            -5.68627
-1.80262           -0.623721            -5.58047
-1.80262           -0.623721            -5.58047
-3.28425           -0.691794            -3.15486
-2.86472           -0.632922            -5.81727
-0.96412             2.05842            -4.33389
-0.96412             2.05842            -4.33389
-0.96412             2.05842            -4.33389
1.17183           -0.891927            -1.67554
1.17183           -0.891927            -1.67554
1.17183           -0.891927            -1.67554
1.17183           -0.891927            -1.67554
1.17183           -0.891927            -1.67554
1.17183           -0.891927            -1.67554
1.17183           -0.891927            -1.67554
1.17183           -0.891927            -1.67554
1.78867             1.12732            -3.30006
0.589347            0.322868            -1.18859
0.589347            0.322868            -1.18859
0.839112            0.777697              -4.087
0.839112            0.777697              -4.087
0.839112            0.777697              -4.087
0.839112            0.777697              -4.087
2.99239           0.0947759            -3.23598
2.99239           0.0947759            -3.23598
2.99239           0.0947759            -3.23598
2.99239           0.0947759            -3.23598
2.99239           0.0947759            -3.23598
2.99239           0.0947759            -3.23598
2.99239           0.0947759            -3.23598
2.99239           0.0947759            -3.23598
2.99239           0.0947759            -3.23598
2.99239           0.0947759            -3.23598
0.150711             2.61416            -3.17301
0.150711             2.61416            -3.17301
0.728436              2.4525            -4.08161
1.22316             2.49245            -2.83933
1.22316             2.49245            -2.83933
1.22316             2.49245            -2.83933
-1.15775             1.44328            -5.23351
-1.34553             3.67662            -7.21291
-1.34553             3.67662            -7.21291
1.43217             1.48886            -6.75669
0.873309            0.825704            -7.21301
-0.337088            0.484366            -5.99749
-0.337088            0.484366            -5.99749
-2.36365            -1.61887            -4.89541
-2.36365            -1.61887            -4.89541
-2.36365            -1.61887            -4.89541
-2.36365            -1.61887            -4.89541
0.377564            -1.84713            -3.20691
0.377564            -1.84713            -3.20691
0.377564            -1.84713            -3.20691
0.377564            -1.84713            -3.20691
0.377564            -1.84713            -3.20691
0.63886            -1.22334            -3.01419
0.63886            -1.22334            -3.01419
1.11934           -0.949369            -4.52175
1.11934           -0.949369            -4.52175
1.11934           -0.949369            -4.52175
-0.448973            0.208625            -2.43368
-0.664637            -0.30465            -3.15759
0.59465             1.62239            -3.40717
2.05316           0.0213135            -6.01079
2.05316           0.0213135            -6.01079
2.05316           0.0213135            -6.01079
-0.0361784            0.134694            -3.22773
-0.442248            0.148755            -4.97138
-2.31564            0.341857            -4.57759
-2.31564            0.341857            -4.57759
-2.31564            0.341857            -4.57759
-4.96744             0.36477            -3.85603
-2.73986            -2.47011            -6.11092
-1.56529            -1.74284            -5.13392
-1.56529            -1.74284            -5.13392
-1.56529            -1.74284            -5.13392
-1.73031            -2.89877            -2.38395
-1.7501           -0.772271            -1.57133
-1.7501           -0.772271            -1.57133
0.171955          -0.0672239             1.40965
-1.00425           -0.463035             2.75207
-0.149097            0.486166             2.05578
1.87136            0.494384             4.41202
1.87136            0.494384             4.41202
1.87136            0.494384             4.41202
0.642819             1.46741             3.37316
0.642819             1.46741             3.37316
0.642819             1.46741             3.37316
0.642819             1.46741             3.37316
3.61225            0.527314             3.33773
2.67702            0.331074             2.46825
2.67702            0.331074             2.46825
2.67702            0.331074             2.46825
1.29208             1.37673             4.92084
1.29208             1.37673             4.92084
1.29208             1.37673             4.92084
-1.61845            -1.43224             3.12578
-4.19678           0.0683443             4.48092
-4.19678           0.0683443             4.48092
-2.63198            -1.63429              4.9759
-1.57888           -0.672671             3.79932
-1.57888           -0.672671             3.79932
-1.57888           -0.672671             3.79932
-1.007            -1.14416             4.58082
-1.007            -1.14416             4.58082
0.384217            -3.28031             3.17981
0.384217            -3.28031             3.17981
-0.537491             -6.0286             2.52166
-0.0869762             -3.1662             2.04327
-0.0869762             -3.1662             2.04327
-0.0869762             -3.1662             2.04327
-1.74889            -1.59534            0.727553
-3.44238            -4.54632             3.09262
-3.44238            -4.54632             3.09262
-5.79537             -2.5983             3.97437
-5.79537             -2.5983             3.97437
-5.88392           -0.235674             3.96263
-4.98234            -2.45543             4.74234
-2.2631            -2.22574             2.35022
-3.30017            -4.81691             3.76172
-1.67676            -3.35317             1.59985
-1.67676            -3.35317             1.59985
-1.67676            -3.35317             1.59985
-1.88802            -5.27507              1.5421
-1.88802            -5.27507              1.5421
-1.88802            -5.27507              1.5421
0.274365            -3.64508             1.38143
0.274365            -3.64508             1.38143
0.274365            -3.64508             1.38143
0.274365            -3.64508             1.38143
0.178437            -6.58438              3.7571
-0.827709            -6.52546             5.30935
-2.83202            -6.54882             4.92307
-2.83202            -6.54882             4.92307
-2.83202            -6.54882             4.92307
-2.83202            -6.54882             4.92307
-5.0231            -6.01138             4.28298
-5.70204            -7.71982              3.5698
-3.55669            -8.83477             6.50404
-3.55669            -8.83477             6.50404
-1.79182            -9.92123             8.10096
-1.79182            -9.92123             8.10096
0.32079            -7.43603               7.316
0.32079            -7.43603               7.316
-1.3449            -7.32851             6.50328
-1.3449            -7.32851             6.50328
-1.3449            -7.32851             6.50328
-1.3449            -7.32851             6.50328
-3.99345            -6.20231             7.64868
-3.99345            -6.20231             7.64868
-5.47252            -4.43114             6.33466
-5.47252            -4.43114             6.33466
-5.47252            -4.43114             6.33466
-5.26843            -4.59935             9.29261
-7.63433            -3.36403             7.78666
-7.63433            -3.36403             7.78666
-7.63433            -3.36403             7.78666
-7.63433            -3.36403             7.78666
-7.63433            -3.36403             7.78666
-7.24891            -2.66276             7.62134
-7.24891            -2.66276             7.62134
-7.24891            -2.66276             7.62134
-6.8766            0.110901             10.4403
-4.00983            0.446268             7.92648
-6.43394             2.60038             5.34969
-6.60807           -0.232779             2.98009
-6.60807           -0.232779             2.98009
-6.60807           -0.232779             2.98009
-6.60807           -0.232779             2.98009
-5.7792            -1.39744             4.73555
-5.25807            -2.77023             4.96936
-5.25807            -2.77023             4.96936
-3.14702            -4.80232             2.39496
-4.6677            -2.32049             5.27422
-2.6615            -2.49375             5.38656
-2.82484            -2.34837             5.67068
-5.71326            -2.49115             5.50092
-4.21936            -2.29287             5.56968
-2.21778            -1.18817             6.17558
-0.583523            -1.90492             6.21022
1.80589            -4.10775             8.57528
-1.12252             -1.5455             10.6872
-3.20131           -0.792943             10.3267
-3.20131           -0.792943             10.3267
-3.20131           -0.792943             10.3267
-5.253             1.50953             7.80854
-5.253             1.50953             7.80854
-4.28274             4.02649             5.35723
-5.82183             1.66812              5.2404
-3.77427             4.33625             2.91431
-3.77427             4.33625             2.91431
-3.77427             4.33625             2.91431
-3.77427             4.33625             2.91431
-0.872093             2.75915             1.08661
-2.71734             1.71889              3.9904
-2.71734             1.71889              3.9904
-2.71734             1.71889              3.9904
-2.71734             1.71889              3.9904
-2.71734             1.71889              3.9904
-2.71734             1.71889              3.9904
-1.2045             2.48334             1.51704
-1.2045             2.48334             1.51704
-1.2045             2.48334             1.51704
-1.62807             2.60613             2.60248
-1.62807             2.60613             2.60248
-3.8327             2.14615             3.44981
-1.29076             2.00689             3.94283
-1.29076             2.00689             3.94283
-3.57491           -0.600625             2.01272
-3.57491           -0.600625             2.01272
-0.685871             2.29198             1.88611
-1.48972            0.536908           -0.767645
-0.316987           -0.350392            0.389434
-2.05773            0.417342            -1.57702
-2.05773            0.417342            -1.57702
-2.09491             2.13238            -3.62624
-1.86872            0.709743            -5.08725
-1.86872            0.709743            -5.08725
-1.86872            0.709743            -5.08725
-1.86872            0.709743            -5.08725
0.01798            -1.80484            -3.31369
1.42446           -0.203764            -2.68696
-0.599242             1.60607            -1.87162
-0.599242             1.60607            -1.87162
-0.599242             1.60607            -1.87162
-1.54926             4.12172            -4.43208
-1.54926             4.12172            -4.43208
-1.54926             4.12172            -4.43208
-2.51141             2.32493            -6.47211
-2.06851             4.18306            -5.33534
-3.92185             3.89672            -8.18817
-3.92185             3.89672            -8.18817
-4.16021            0.949659            -5.96491
-1.21865             2.76104            -4.32144
-0.949989             2.96009            -5.28891
-1.46269             1.49372            -3.57817
-1.46269             1.49372            -3.57817
-0.101419             3.45332            -6.03934
-0.101419             3.45332            -6.03934
-0.101419             3.45332            -6.03934
2.46154             0.68927            -7.17547
2.27153             3.12088            -5.80288
2.27153             3.12088            -5.80288
-0.0965059             1.58383             -7.0865
-1.93751             2.67419             -6.2807
-1.93751             2.67419             -6.2807
-0.706536             5.13898            -3.57153
-0.706536             5.13898            -3.57153
2.00784             5.32125            -3.94787
0.858427             3.87688            -1.91665
-1.32448             1.22308             -1.5162
-1.32448             1.22308             -1.5162
1.20548           -0.137157            -3.38053
1.20548           -0.137157            -3.38053
0.0294817          -0.0264246            -5.06019
0.0294817          -0.0264246            -5.06019
-2.28557             1.26523            -4.20006
-1.75414             2.38262            -6.16949
-0.742419             1.07274            -8.90163
-0.742419             1.07274            -8.90163
-1.70207             2.51836            -6.56626
-1.70207             2.51836            -6.56626
1.13278              4.9628            -5.52904
1.13278              4.9628            -5.52904
2.98225             2.36532            -7.70185
2.98225             2.36532            -7.70185
2.98225             2.36532            -7.70185
1.58945             3.22407            -5.00752
0.0839036             2.44564            -3.06308
0.0839036             2.44564            -3.06308
0.0839036             2.44564            -3.06308
0.0839036             2.44564            -3.06308
0.366867             1.14532            -1.24145
1.47093            0.577642             1.16824
0.530936            0.640886             1.86667
0.530936            0.640886             1.86667
0.530936            0.640886             1.86667
0.530936            0.640886             1.86667
0.530936            0.640886             1.86667
0.530936            0.640886             1.86667
1.02543          0.00747753            0.959555
0.137977           -0.872888            -1.02395
0.137977           -0.872888            -1.02395
0.137977           -0.872888            -1.02395
0.137977           -0.872888            -1.02395
0.16911           -0.828988           -0.410696
0.540967           -0.238685            -3.20421
0.540967           -0.238685            -3.20421
0.540967           -0.238685            -3.20421
0.540967           -0.238685            -3.20421
0.540967           -0.238685            -3.20421
0.540967           -0.238685            -3.20421
0.540967           -0.238685            -3.20421
0.540967           -0.238685            -3.20421
0.636458             1.62567            -4.87308
0.636458             1.62567            -4.87308
0.636458             1.62567            -4.87308
2.18913             1.33203            -5.62835
0.738397            -1.12587            -8.16087
1.36542             1.11609            -6.17485
-1.28198           0.0927551            -4.75814
0.808514            -1.93534            -2.73142
0.808514            -1.93534            -2.73142
2.86254           -0.282923            -1.56233
0.53442             1.47625            -4.23085
0.53442             1.47625            -4.23085
0.755478           -0.919285            -1.94553
0.755478           -0.919285            -1.94553
0.755478           -0.919285            -1.94553
0.755478           -0.919285            -1.94553
-0.357889            -3.04929           -0.770313
-0.357889            -3.04929           -0.770313
-2.65255            -2.32004             1.06363
-1.51249            0.110792            0.429409
-2.27504             2.37139             1.67421
-1.53182            0.571622             3.59771
-1.53182            0.571622             3.59771
-0.0355835           -0.356314             1.46233
-0.0355835           -0.356314             1.46233
0.971346             1.83619             2.61129
0.971346             1.83619             2.61129
0.971346             1.83619             2.61129
0.971346             1.83619             2.61129
0.971346             1.83619             2.61129
0.971346             1.83619             2.61129
0.971346             1.83619             2.61129
0.132781             4.60346             1.54609
-2.80622              6.0086             3.60454
-1.66772             6.39083             6.29041
-0.232561              4.4614             3.53057
-0.232561              4.4614             3.53057
-1.00761              3.4504             3.92162
-0.68347             4.60602             6.91341
-0.68347             4.60602             6.91341
1.28284              4.0731             8.27226
0.850013             4.66786             6.72929
1.31857             6.50129             5.51602
3.12647             3.67325             3.75946
1.61659            0.795278              4.6084
1.61659            0.795278              4.6084
1.61659            0.795278              4.6084
1.61659            0.795278              4.6084
1.61659            0.795278              4.6084
1.61659            0.795278              4.6084
1.61659            0.795278              4.6084
1.61659            0.795278              4.6084
1.61659            0.795278              4.6084
1.61659            0.795278              4.6084
1.50546            -0.28169             3.32425
1.50546            -0.28169             3.32425
1.50546            -0.28169             3.32425
1.50546            -0.28169             3.32425
1.50546            -0.28169             3.32425
1.50546            -0.28169             3.32425
0.942868            0.854328             3.29755
-0.295235           0.0628132             1.66009
-0.295235           0.0628132             1.66009
-0.295235           0.0628132             1.66009
-0.295235           0.0628132             1.66009
-0.295235           0.0628132             1.66009
0.249482             2.64486             3.20742
-0.287459             2.70691             3.24861
1.01472              1.4811             2.99217
1.01472              1.4811             2.99217
1.01472              1.4811             2.99217
-1.07658             2.39813             2.43037
0.734351            0.386219             4.50088
0.734351            0.386219             4.50088
1.48173            0.481742             1.68874
2.1597            -2.02725             1.95945
2.1597            -2.02725             1.95945
2.1597            -2.02725             1.95945
0.782199            -4.64177             2.92609
-1.73689            -1.74805             1.83585
0.415827             1.16794            0.504766
1.74305            0.153194             2.38797
0.670153           0.0154005             3.34754
0.670153           0.0154005             3.34754
-0.0867224             2.32921             1.96175
-2.4647             1.80316             4.33946
-2.21778             1.24854               5.484
-2.21778             1.24854               5.484
-3.47316            0.598948             4.08096
-1.01233             2.26839             4.57237
0.155158             2.03234             4.62769
-2.51529           -0.461151             4.30253
-2.51529           -0.461151             4.30253
-3.20911            0.244548              2.7668
-2.42537            -2.45985             1.75101
-2.42537            -2.45985             1.75101
-2.05322            -5.04846             2.87441
-2.05322            -5.04846             2.87441
-0.7099            -3.46724              1.2554
-0.7099            -3.46724              1.2554
-0.7099            -3.46724              1.2554
-0.7099            -3.46724              1.2554
-0.7099            -3.46724              1.2554
1.96897            -4.02258            0.721529
1.96897            -4.02258            0.721529
1.96897            -4.02258            0.721529
-0.0276863            -3.56088             1.12479
-0.0276863            -3.56088             1.12479
1.16378            -2.72653             1.15992
0.76223           -0.111846           -0.733426
0.76223           -0.111846           -0.733426
3.07718           -0.437608             1.78932
3.07718           -0.437608             1.78932
5.01013            0.663247             3.62176
4.54215             3.05003             4.26833
4.54215             3.05003             4.26833
1.70994             1.38192             2.45658
1.70994             1.38192             2.45658
1.70994             1.38192             2.45658
0.78225           -0.052194             4.32922
2.12652            0.505664             3.73774
2.12652            0.505664             3.73774
1.01413            -1.92125             2.66026
-1.24187            -1.82069             5.43627
-0.64581            -2.47731             5.47683
-2.58071            -1.47802              3.6791
-3.0192           -0.838238             2.69255
-4.52905           -0.317784             2.39568
-4.52905           -0.317784             2.39568
-4.52905           -0.317784             2.39568
-4.1707             2.41709             1.65691
-6.4569             2.88161             1.51583
-8.7681             1.81484             3.12117
-7.19768            0.821031              2.0288
-7.77501            -1.09212             1.06966
-7.07066            -1.79241              2.3212
-7.07066            -1.79241              2.3212
-7.07066            -1.79241              2.3212
-7.07066            -1.79241              2.3212
-4.1954            -2.68173             1.77838
-4.1954            -2.68173             1.77838
-3.89122            -1.41488             3.71013
-3.89122            -1.41488             3.71013
-3.89122            -1.41488             3.71013
-3.89122            -1.41488             3.71013
-1.61907           -0.533982             6.53465
-1.61907           -0.533982             6.53465
-1.59728             2.01472             5.56487
-0.304278             2.67536             3.48335
-0.304278             2.67536             3.48335
1.08403             1.68744             2.78179
1.08403             1.68744             2.78179
1.08403             1.68744             2.78179
1.08403             1.68744             2.78179
1.08403             1.68744             2.78179
0.0112086             2.90822             4.09888
0.489572            0.812304              1.3339
0.489572            0.812304              1.3339
0.489572            0.812304              1.3339
1.96074           -0.756506             3.30567
1.30318             2.10468              5.8988
-0.609625           -0.260159             3.06657
-0.609625           -0.260159             3.06657
-0.609625           -0.260159             3.06657
-0.609625           -0.260159             3.06657
2.14453             2.32239             4.29598
-0.064957             3.01226               6.285
-1.6121            0.575017             4.53155
-1.6121            0.575017             4.53155
-0.770559             2.42543             5.22809
-3.21382             3.41402             4.96586
-3.58039             3.40543             4.21801
-0.850289             4.65107             5.74122
-0.850289             4.65107             5.74122
-0.850289             4.65107             5.74122
-0.570389             4.59199             2.97147
-3.12996             6.87826             4.99708
-3.12996             6.87826             4.99708
-2.41639             5.11771             5.29715
-2.41639             5.11771             5.29715
-3.52607             8.08353             4.16904
-3.52607             8.08353             4.16904
-3.52607             8.08353             4.16904
-1.59067             7.38355              4.5631
-1.59067             7.38355              4.5631
-1.59067             7.38355              4.5631
-2.36974             6.26272             5.53864
-2.36974             6.26272             5.53864
-2.36974             6.26272             5.53864
-2.36974             6.26272             5.53864
0.172481             3.87328             3.82164
-2.05812             1.65932             1.31761
-1.38932             2.48698             4.00817
-0.360185             3.47916             1.19592
2.59351             3.57108            -1.67897
2.59351             3.57108            -1.67897
2.59351             3.57108            -1.67897
-0.24869             1.82168            -2.07022
-0.220879           -0.969619            -1.57289
-0.220879           -0.969619            -1.57289
-0.220879           -0.969619            -1.57289
-0.220879           -0.969619            -1.57289
-0.220879           -0.969619            -1.57289
1.41142             1.06692            -2.74856
-0.0691781             0.96618            -2.75526
-0.0691781             0.96618            -2.75526
-0.0691781             0.96618            -2.75526
0.248336             1.24516            -4.08003
0.248336             1.24516            -4.08003
-0.885952            0.131201             -4.0133
-0.885952            0.131201             -4.0133
-1.47722             1.29606            -1.72606
-1.47722             1.29606            -1.72606
-1.47722             1.29606            -1.72606
-1.47722             1.29606            -1.72606
-1.47722             1.29606            -1.72606
-1.47722             1.29606            -1.72606
0.02292           -0.767441            0.806231
2.59989           0.0941953            0.690806
1.14535             1.02931             3.33308
1.83015           -0.136494             1.60657
1.83015           -0.136494             1.60657
1.83015           -0.136494             1.60657
0.342781           0.0228864            0.478888
-1.14124           -0.837437             3.29612
-1.14124           -0.837437             3.29612
-1.14124           -0.837437             3.29612
-1.14124           -0.837437             3.29612
0.934736            -2.75895             1.64194
0.934736            -2.75895             1.64194
-1.077            -2.47416             1.51399
-1.68982           -0.524014            -0.76854
-1.68982           -0.524014            -0.76854
-1.68982           -0.524014            -0.76854
-1.68982           -0.524014            -0.76854
-1.68982           -0.524014            -0.76854
0.317382            0.544434            -2.11169
2.00175             1.37838            -5.06411
2.18133             1.65549            -2.38628
2.18133             1.65549            -2.38628
2.18133             1.65549            -2.38628
2.18133             1.65549            -2.38628
3.28069           -0.329082           -0.999934
2.45386            0.137364            -3.65479
2.45386            0.137364            -3.65479
2.45386            0.137364            -3.65479
0.731915             1.13413            -3.30115
0.590178            -1.45437            -2.75449
0.590178            -1.45437            -2.75449
0.590178            -1.45437            -2.75449
0.590178            -1.45437            -2.75449
0.590178            -1.45437            -2.75449
0.590178            -1.45437            -2.75449
0.590178            -1.45437            -2.75449
0.590178            -1.45437            -2.75449
0.590178            -1.45437            -2.75449
0.590178            -1.45437            -2.75449
0.757497             -1.5497            -2.27427
1.32517            0.560825            -4.51446
1.23766             1.71061            -2.48856
1.23766             1.71061            -2.48856
-1.27274             1.19912            -1.01544
-3.30113           -0.854854            -3.03179
-2.60699            0.536316            -2.56134
-2.60699            0.536316            -2.56134
-2.60699            0.536316            -2.56134
-2.60699            0.536316            -2.56134
-0.384484            0.147986            -2.87109
-0.384484            0.147986            -2.87109
-0.384484            0.147986            -2.87109
-0.384484            0.147986            -2.87109
-0.384484            0.147986            -2.87109
0.270456            -1.87919             -2.3251
-0.250022            -3.20397             -2.3352
-2.09768           -0.244437            -4.04553
-2.09768           -0.244437            -4.04553
-2.09768           -0.244437            -4.04553
-2.09768           -0.244437            -4.04553
-0.834965             -3.2085            -5.76011
-0.270272           -0.924136            -4.04326
-0.270272           -0.924136            -4.04326
-0.270272           -0.924136            -4.04326
-2.44025            0.706969             -4.1065
-2.44025            0.706969             -4.1065
-0.755147             3.44278            -2.43821
2.14624             1.06845            -4.66973
0.464438             2.38855            -4.46922
1.24137           -0.593751            -4.54392
1.24137           -0.593751            -4.54392
1.24137           -0.593751            -4.54392
1.24137           -0.593751            -4.54392
4.08562             1.01727            -4.74921
4.08562             1.01727            -4.74921
4.08562             1.01727            -4.74921
4.08562             1.01727            -4.74921
1.57179            0.364886            -5.83399
2.88898             2.05847            -8.10377
2.88898             2.05847            -8.10377
4.76977             2.40282             -6.0415
4.76977             2.40282             -6.0415
4.76977             2.40282             -6.0415
3.29925            0.401503              -5.827
3.57799              2.4254            -6.01961
2.2304             1.87483            -7.54601
3.8373             2.92956            -6.02055
1.06652             5.32644            -4.89999
2.35528             4.16997            -7.08685
2.35528             4.16997            -7.08685
1.56843             2.66652            -6.25975
3.65704            -0.19715            -5.00898
3.65704            -0.19715            -5.00898
3.65704            -0.19715            -5.00898
0.722085             2.19433            -5.20691
0.722085             2.19433            -5.20691
0.722085             2.19433            -5.20691
3.19029           -0.505098            -4.91208
3.19029           -0.505098            -4.91208
0.712381            -2.42482             -7.3405
-0.237305           -0.839386            -6.68609
-0.237305           -0.839386            -6.68609
1.33027             -3.6164            -3.70312
1.33027             -3.6164            -3.70312
-0.781061            -4.40249            -2.21037
-0.781061            -4.40249            -2.21037
-0.781061            -4.40249            -2.21037
-0.781061            -4.40249            -2.21037
-3.38774            -2.72398            -5.04486
-1.99208            -1.74675            -3.84883
-1.99208            -1.74675            -3.84883
-1.03128            -3.61394            -3.46696
-1.53301            -3.92939            -3.70049
-1.53301            -3.92939            -3.70049
-1.53301            -3.92939            -3.70049
-1.53301            -3.92939            -3.70049
-0.1868            -3.22771           -0.787492
1.65894            -5.81382            -2.90895
1.65894            -5.81382            -2.90895
1.65894            -5.81382            -2.90895
1.65894            -5.81382            -2.90895
1.27422            -4.53726              -4.622
1.27422            -4.53726              -4.622
2.99925            -3.63778            -4.89864
2.99925            -3.63778            -4.89864
1.21377            -0.99973            -4.03984
1.21377            -0.99973            -4.03984
1.21377            -0.99973            -4.03984
1.21377            -0.99973            -4.03984
1.21377            -0.99973            -4.03984
1.21377            -0.99973            -4.03984
-1.02455            -1.12223            -4.55405
-2.92422            -1.24192            -3.93159
-2.62031            -2.37286            -4.98972
-1.58978             -1.8122            -3.98114
0.491715             -1.8563            -2.43275
0.491715             -1.8563            -2.43275
0.491715             -1.8563            -2.43275
1.36275            0.388978           -0.808297
1.25645             2.47045            -2.57614
-0.210336           -0.101107            -4.88129
0.391333             2.84985            -4.40701
-0.621822             1.96625            -5.10982
-0.621822             1.96625            -5.10982
0.291678           -0.730137            -3.54116
0.291678           -0.730137            -3.54116
0.291678           -0.730137            -3.54116
1.92038            -3.56342            -4.41584
1.92038            -3.56342            -4.41584
0.151071            -1.32385            -1.70854
0.151071            -1.32385            -1.70854
0.151071            -1.32385            -1.70854
-0.280322             1.28708            -2.76272
-0.280322             1.28708            -2.76272
-0.280322             1.28708            -2.76272
-0.280322             1.28708            -2.76272
-0.345924          -0.0878491            -3.98129
-0.780556             1.18558            -1.55988
0.480437             1.56843            -2.61759
-0.813467             1.98608            -1.64917
-0.813467             1.98608            -1.64917
-0.813467             1.98608            -1.64917
0.0729592           -0.327479            -4.11602
1.25299             1.25948            -5.03733
1.5447             1.01226            -3.33271
1.5447             1.01226            -3.33271
1.5447             1.01226            -3.33271
0.791507              1.9703            -1.51309
0.791507              1.9703            -1.51309
0.791507              1.9703            -1.51309
0.791507              1.9703            -1.51309
-0.516836            0.958791            0.795217
-0.128636            -1.29213            -1.52469
-0.128636            -1.29213            -1.52469
-1.45523           -0.984978            -3.24785
-1.45523           -0.984978            -3.24785
-1.45523           -0.984978            -3.24785
-1.45523           -0.984978            -3.24785
-1.45523           -0.984978            -3.24785
-1.45523           -0.984978            -3.24785
0.840536            -3.88292            -1.90675
0.840536            -3.88292            -1.90675
1.56567            -1.63071            -2.83789
-0.103823           -0.891925            -3.46848
1.76888             -3.2681             -5.4293
1.51883            -4.68674            -8.02636
-0.241299            -5.15437            -9.64591
1.72063            -4.49152            -10.3228
0.31471            -4.04316             -10.142
0.31471            -4.04316             -10.142
0.31471            -4.04316             -10.142
1.33881            -1.33237            -9.43981
1.33881            -1.33237            -9.43981
-0.396799            -0.67537            -9.66196
-0.396799            -0.67537            -9.66196
-3.33402            0.941496            -6.98742
-1.94534          -0.0816453            -7.20566
-1.80456           -0.971957            -5.28598
-2.2044           -0.700435            -4.94808
-2.2044           -0.700435            -4.94808
-2.2044           -0.700435            -4.94808
-2.2044           -0.700435            -4.94808
-2.2044           -0.700435            -4.94808
-3.59756             1.21434            -6.73025
-5.63337              2.7483            -4.88958
-6.07788             2.24135            -4.60154
-3.97461             2.80801            -6.30377
-3.97461             2.80801            -6.30377
-2.59089             2.02195            -5.39936
-3.76595             3.24393            -4.10855
-4.76405             5.08876            -6.94683
-4.01899             3.47256             -4.1168
-2.69237             2.31535            -2.43394
-2.69237             2.31535            -2.43394
-2.69237             2.31535            -2.43394
-2.69237             2.31535            -2.43394
-2.69237             2.31535            -2.43394
-0.582228             4.01521            -2.83988
-0.582228             4.01521            -2.83988
-0.582228             4.01521            -2.83988
-0.582228             4.01521            -2.83988
-0.582228             4.01521            -2.83988
1.4098             2.93175            -3.15522
-1.15367            0.812709             -2.6461
-1.15367            0.812709             -2.6461
-1.15367            0.812709             -2.6461
-1.15367            0.812709             -2.6461
-0.806675             1.48172            -2.12326
-2.80052            0.435968            -1.49223
-3.35442             3.23549            -3.32505
-3.35442             3.23549            -3.32505
-1.61563              4.8236             -3.8098
-0.250744             2.15762            -2.26498
-2.84604             1.44393            -1.95274
-2.84604             1.44393            -1.95274
-2.84604             1.44393            -1.95274
-2.84604             1.44393            -1.95274
-3.35774             3.99396            -4.40287
-0.947359             2.75948            -5.96024
-2.54933             2.85485            -3.10985
-2.554             3.37096            -1.77967
-2.554             3.37096            -1.77967
-2.554             3.37096            -1.77967
-2.554             3.37096            -1.77967
-2.554             3.37096            -1.77967
-3.81262             2.29098            -2.70389
-5.91599             1.38292            -5.21988
-5.91599             1.38292            -5.21988
-6.53061             1.20424            -2.36225
-7.64076           0.0480297            -4.62378
-4.72635             0.80538            -5.96872
-4.09718             1.83003            -6.08604
-4.326            0.579869            -7.97744
-2.70929             1.89084            -5.30697
-2.79113           -0.487758            -3.93102
-3.90707            -1.74736             -4.0563
-0.942903            -1.25519            -2.55106
-0.942903            -1.25519            -2.55106
-0.942903            -1.25519            -2.55106
1.45082            -1.05812            -2.71137
-0.00060383            -1.91085             -3.8092
0.633217            -1.99128            -2.49853
0.633217            -1.99128            -2.49853
-1.49436            0.699093            -4.95293
-4.26454            -1.96036              -5.075
-1.93382            -1.53458            -5.89357
0.387854            -3.25659            -3.66444
1.64991             -2.3681            -4.70785
1.64991             -2.3681            -4.70785
1.64991             -2.3681            -4.70785
1.64991             -2.3681            -4.70785
1.49293             -1.2038             -5.0552
0.279785            0.648433             -5.8968
0.279785            0.648433             -5.8968
1.6537             2.01582            -5.03753
4.24994            0.552957            -3.43615
4.24994            0.552957            -3.43615
4.24994            0.552957            -3.43615
4.24994            0.552957            -3.43615
4.24994            0.552957            -3.43615
3.48101            0.583844            -4.10134
2.73213            0.805432            -1.87551
2.73213            0.805432            -1.87551
2.73213            0.805432            -1.87551
2.72543             1.24989            0.421996
3.18414           -0.672705            -2.27322
3.06768            -2.31554            -4.45419
3.41901           -0.110158            -2.04978
1.21198            -2.83911           -0.960518
1.72705           -0.940784            -2.55531
-0.595614            -3.31814            -2.24869
-0.595614            -3.31814            -2.24869
-0.595614            -3.31814            -2.24869
-0.595614            -3.31814            -2.24869
-0.595614            -3.31814            -2.24869
-0.595614            -3.31814            -2.24869
-0.595614            -3.31814            -2.24869
-0.649203            -1.33538             -1.0381
-0.649203            -1.33538             -1.0381
-2.11105            0.399315            0.828949
-2.11105            0.399315            0.828949
-0.35031            -1.43541            -1.30661
-1.04078             1.09837            -4.15651
0.101505             2.38313            -1.31925
1.63369             5.07712             1.64593
1.63369             5.07712             1.64593
-1.33816             6.78761              3.8784
-1.27854             5.56148             4.17567
-3.43713             3.20193             6.55495
-6.18532             2.14849              5.8091
-4.88687             2.87276             6.40106
-5.03111             4.15196             5.55911
-5.03111             4.15196             5.55911
-5.03111             4.15196             5.55911
-6.80301             2.38652             7.65574
-5.78945             2.54735             8.48912
-5.78945             2.54735             8.48912
-5.78945             2.54735             8.48912
-5.78945             2.54735             8.48912
-6.98377             3.99973             10.0828
-6.98377             3.99973             10.0828
-6.98377             3.99973             10.0828
-4.98503              4.5682             8.53331
-2.74189             5.08251              9.6573
-0.799927             4.25052             7.59484
-0.0913465             1.82632             5.00748
-0.0913465             1.82632             5.00748
-0.0913465             1.82632             5.00748
1.31814             2.78029             3.62312
3.90386             1.99896             2.31885
2.95569             2.24723            0.866899
2.95569             2.24723            0.866899
2.95569             2.24723            0.866899
4.81754              1.5093             2.37645
4.81754              1.5093             2.37645
4.81754              1.5093             2.37645
2.50141             3.62429             4.70342
0.793726             1.58603             6.10984
0.723161             1.00296             6.64763
0.723161             1.00296             6.64763
-0.590042              2.9769             4.69672
-0.137614             3.71259             1.95222
-0.137614             3.71259             1.95222
-0.137614             3.71259             1.95222
-1.79401            0.817942            0.644512
-1.95509            -1.41186            -1.11122
-2.43206            0.426161            -3.60299
-1.35631             1.89809            -2.94455
0.379326            0.106803            -4.19013
2.43457             2.70227            -4.78407
0.764942             4.72888            -6.80638
-0.110497             5.26053            -5.68164
-0.110497             5.26053            -5.68164
-2.35175              7.9609            -8.14312
-0.0762485             10.0487            -9.55317
-1.3408             11.7166            -8.84308
-1.3408             11.7166            -8.84308
-1.3408             11.7166            -8.84308
0.58093             12.7829            -7.23112
-1.15017             11.7963            -4.33865
-3.99793             11.8026            -2.61222
-3.99793             11.8026            -2.61222
-3.99793             11.8026            -2.61222
-3.99793             11.8026            -2.61222
-3.99793             11.8026            -2.61222
-3.99793             11.8026            -2.61222
-3.99793             11.8026            -2.61222
-6.36836             9.33305            -2.90007
-8.03157             6.84719            -4.43319
-5.10437             8.44544            -5.54366
-7.79773             5.74571            -7.19618
-8.5803             4.97569            -7.09346
-8.5803             4.97569            -7.09346
-10.5192              3.8644            -6.87788
-9.96494             4.09694            -6.99865
-9.96494             4.09694            -6.99865
-9.96494             4.09694            -6.99865
-8.50626             6.96687            -4.97868
-5.62947             9.10458            -6.38246
-5.62947             9.10458            -6.38246
-2.65258             10.8331            -5.56664
-5.29958             8.12465            -7.89526
-3.79095             10.6111            -9.42302
-3.29285             7.74775            -10.9079
-3.29285             7.74775            -10.9079
-3.29285             7.74775            -10.9079
-5.33953             6.08824            -10.5244
-5.33953             6.08824            -10.5244
-5.33953             6.08824            -10.5244
-5.33953             6.08824            -10.5244
-5.33953             6.08824            -10.5244
-6.68644              3.3252            -11.5157
-6.68644              3.3252            -11.5157
-6.68644              3.3252            -11.5157
-6.18635             2.97283            -9.24081
-6.18635             2.97283            -9.24081
-6.18635             2.97283            -9.24081
-6.18635             2.97283            -9.24081
-6.18635             2.97283            -9.24081
-3.53443             4.21179            -9.13189
-3.53443             4.21179            -9.13189
-2.79829             2.10611            -8.90745
-1.5261            0.222003            -7.31497
-1.5261            0.222003            -7.31497
-2.42133            -2.13437            -5.13051
-3.75239            -4.34867            -3.55798
-1.20984            -2.01552            -4.38969
-1.20984            -2.01552            -4.38969
-1.28725           -0.807055             -3.4287
1.27326           -0.357779           -0.924048
1.27326           -0.357779           -0.924048
0.764328            0.876648             1.04286
-1.04386          -0.0935224            0.793484
-1.04386          -0.0935224            0.793484
-3.70395            0.347753             3.51305
-2.64758            -1.26842             1.51457
-3.8983          -0.0927019             3.01689
-4.31842             2.01812              2.1353
-4.12985             1.53022             2.69621
-1.9555             2.50997             1.51267
-3.75189            0.967266           -0.681118
-6.44104            -1.20498             2.07263
-6.44104            -1.20498             2.07263
-6.44104            -1.20498             2.07263
-4.76692            -2.39992             4.80711
-4.76692            -2.39992             4.80711
-5.3693            -2.86759             4.16085
-5.2931            -2.75204             4.78835
-4.73885            -3.77861             2.85465
-3.11361             -4.9565             4.36737
-0.613428            -6.67056             3.90523
-0.613428            -6.67056             3.90523
-3.21855            -5.94615             4.35594
-2.99548            -5.11402             3.27325
-2.99548            -5.11402             3.27325
-2.99548            -5.11402             3.27325
-2.99548            -5.11402             3.27325
-1.40853             -4.4259              1.2648
-1.40853             -4.4259              1.2648
-1.77037            -2.31245              1.3032
-1.77037            -2.31245              1.3032
-4.25001            -2.02236             1.99518
-4.34548            -3.17691             1.91532
-4.2948            -1.89987             1.71447
-4.2948            -1.89987             1.71447
-4.15471             -3.6107             1.49753
-4.67962            -1.72114             3.66409
-2.5206            -3.36367             4.69711
-4.08009           -0.820843              5.1705
-4.08009           -0.820843              5.1705
-2.72822            -1.79477              4.5481
-2.72822            -1.79477              4.5481
-2.72822            -1.79477              4.5481
-3.86123            -3.74784             2.75979
-3.86123            -3.74784             2.75979
-3.63594            -1.70367            0.892432
-3.63594            -1.70367            0.892432
-3.01479           -0.708718             3.24045
-5.62781             1.79199             2.54086
-3.9955             1.54819             5.10601
-3.9955             1.54819             5.10601
-2.42362             2.72464             4.42687
-2.42362             2.72464             4.42687
-2.02279             3.90773              2.1908
-2.02279             3.90773              2.1908
0.369517             4.35783             1.14453
0.369517             4.35783             1.14453
0.735758             1.66259             2.83981
0.735758             1.66259             2.83981
0.735758             1.66259             2.83981
0.735758             1.66259             2.83981
0.735758             1.66259             2.83981
-0.809237           -0.595973             4.02789
-0.809237           -0.595973             4.02789
-0.809237           -0.595973             4.02789
-0.88303            -2.43579             3.70405
-0.8264            -1.38632             1.69552
-0.8264            -1.38632             1.69552
-2.88106            0.545922             4.29697
-2.88106            0.545922             4.29697
-2.88106            0.545922             4.29697
-2.25422            0.527768             5.32703
0.0469718            -1.03297             5.33665
0.0469718            -1.03297             5.33665
-0.691062            -1.49036             3.66258
1.48471             0.14059             1.26932
1.48471             0.14059             1.26932
2.63215            0.607507             3.42757
2.63215            0.607507             3.42757
1.02743            -1.08515              1.1466
1.02743            -1.08515              1.1466
1.02743            -1.08515              1.1466
1.02743            -1.08515              1.1466
-0.494635           -0.378029             3.25129
-1.07269            -1.11687             1.99082
-1.07269            -1.11687             1.99082
-1.07269            -1.11687             1.99082
-1.07269            -1.11687             1.99082
-1.07269            -1.11687             1.99082
1.69788            0.566542             2.23925
1.17316           -0.298283             3.37078
1.37177            0.643757             4.30572
2.4249            0.525739             3.03412
4.0223             -0.4761             5.49075
4.45274            0.387747             5.63713
5.52299             2.89995             6.09748
2.9561             5.52285             3.30249
2.9561             5.52285             3.30249
0.531883             3.63675            0.861252
0.531883             3.63675            0.861252
-0.718631               4.181             1.49925
-0.718631               4.181             1.49925
-0.718631               4.181             1.49925
-0.18416             5.22241             1.53627
-0.18416             5.22241             1.53627
1.02845             6.10188             3.22635
-1.59589             7.92569             4.38936
0.136822             8.99611             3.85833
2.22833             7.90999             1.77842
3.95124             9.32542             2.27078
6.64749             7.00104              2.3043
5.71723             8.32111             1.48134
2.82527             6.73181             2.08725
2.82527             6.73181             2.08725
2.82527             6.73181             2.08725
2.82527             6.73181             2.08725
3.96746             6.47776               4.582
5.7777             4.63056              7.2036
5.7777             4.63056              7.2036
5.7777             4.63056              7.2036
5.7777             4.63056              7.2036
5.7777             4.63056              7.2036
5.7777             4.63056              7.2036
3.78194             3.57818             5.26229
3.78194             3.57818             5.26229
2.66585             2.37936             5.30107
2.66585             2.37936             5.30107
2.69358              1.4646             4.49696
2.69358              1.4646             4.49696
2.69358              1.4646             4.49696
2.69358              1.4646             4.49696
2.86837             3.05567             4.33654
2.86837             3.05567             4.33654
3.57873             3.37905             3.60409
3.57873             3.37905             3.60409
3.33391             1.03923             5.14321
2.33431            0.606547             3.69038
1.37186           -0.835912             1.89559
0.0460101            -3.80471             2.27833
0.0460101            -3.80471             2.27833
-1.41264            -1.09464           -0.363811
0.800029           -0.335073             -2.4832
0.800029           -0.335073             -2.4832
1.07221            -1.91181            -5.13202
0.853042            -3.87096             -6.9592
0.595264            -2.39648            -4.31765
0.595264            -2.39648            -4.31765
0.595264            -2.39648            -4.31765
-1.0648            -1.58778            -1.89903
1.62286            0.081688           -0.913427
1.62286            0.081688           -0.913427
0.592904            -1.90092             1.99665
0.592904            -1.90092             1.99665
0.592904            -1.90092             1.99665
0.198411            -2.83243             2.91082
-0.777766            -2.78528             2.92417
-1.56883             -1.7518             4.95014
-1.56883             -1.7518             4.95014
0.771088            -1.25936             7.55517
-0.383597            -3.69806             7.72757
-0.383597            -3.69806             7.72757
-0.383597            -3.69806             7.72757
-0.383597            -3.69806             7.72757
-2.74421            -1.02659             5.64378
-2.90194             1.59694             4.54114
-0.74936            0.254039             6.64229
-2.83678             -1.0182             5.20952
-2.83678             -1.0182             5.20952
-3.51871            0.442671             3.27538
-3.51871            0.442671             3.27538
-2.72191             -1.5066             5.14592
-0.633197           -0.281978             3.42374
-0.633197           -0.281978             3.42374
-0.633197           -0.281978             3.42374
-0.633197           -0.281978             3.42374
-0.633197           -0.281978             3.42374
-0.633197           -0.281978             3.42374
-0.610472            -3.06446             4.96599
-0.610472            -3.06446             4.96599
-0.610472            -3.06446             4.96599
-2.69067            -2.44633              3.9373
-1.40671            -1.07192             1.44846
-0.532609            -1.08024            -1.46157
-0.532609            -1.08024            -1.46157
-0.532609            -1.08024            -1.46157
-0.532609            -1.08024            -1.46157
-1.31823            -3.70848            -2.02373
-1.31823            -3.70848            -2.02373
-1.31823            -3.70848            -2.02373
-1.75113            -3.16887            -1.15824
0.706584            -2.72135            -3.57494
1.05172            -4.05775            -6.31787
1.8599            -2.73852            -7.59703
2.40536           0.0171584            -4.83752
0.765916            -2.56055            -1.98864
0.765916            -2.56055            -1.98864
0.765916            -2.56055            -1.98864
2.91017            -1.79292            -3.68719
2.91017            -1.79292            -3.68719
0.418624             1.01617           -0.846518
0.418624             1.01617           -0.846518
1.11186            -1.60863            -2.42943
0.634518           -0.424831            -5.40407
0.634518           -0.424831            -5.40407
-0.10309           -0.940761            -3.72324
-0.10309           -0.940761            -3.72324
-2.21834             1.15326             -5.0901
0.389999              1.2206            -2.34383
-0.314989             3.86436            -3.04507
-1.63661             2.19189            -3.46584
-1.63661             2.19189            -3.46584
-1.63661             2.19189            -3.46584
-1.63661             2.19189            -3.46584
-0.859881                 1.3            -2.82191
-0.859881                 1.3            -2.82191
0.658644           -0.247932           -0.182106
-0.163228             0.42863             2.04366
-0.163228             0.42863             2.04366
-0.163228             0.42863             2.04366
1.10842            -0.22728             3.54724
-0.759419            -1.22714            0.556043
-0.0326042          -0.0971817           -0.565717
-0.0326042          -0.0971817           -0.565717
-0.0326042          -0.0971817           -0.565717
-0.0326042          -0.0971817           -0.565717
-0.267092             1.89118            -1.61885
-2.10722            0.614476            -2.53143
-2.10722            0.614476            -2.53143
-2.10722            0.614476            -2.53143
-2.10722            0.614476            -2.53143
-2.10722            0.614476            -2.53143
-0.331377            0.322927           -0.620478
-0.953063            0.993643           -0.617741
-3.64113             2.36382             2.09531
-3.64113             2.36382             2.09531
-3.64113             2.36382             2.09531
-4.11524             2.69666             4.33004
-1.79226             4.53976             2.85541
-1.81836             2.07844             4.32553
-1.81836             2.07844             4.32553
-0.406437            0.668842             3.65694
1.10473           -0.160588             2.71945
1.84407            -1.75984             2.63018
3.63797            0.274154             4.31057
2.84861            0.127543             3.84257
2.13364            0.274599             5.53422
1.95271            0.359275              4.6636
1.95271            0.359275              4.6636
0.839486             3.08884             6.22019
2.92168             1.36409             6.26918
3.42356             2.43384             5.97497
0.799546             4.79743              6.1991
0.799546             4.79743              6.1991
-1.81896             2.41736             9.02568
0.75493           -0.370486              6.8585
0.75493           -0.370486              6.8585
2.94158            -2.81349              6.0232
2.94158            -2.81349              6.0232
3.10161            -3.36844             6.43344
1.27831            -5.51385             5.95575
1.27831            -5.51385             5.95575
1.27831            -5.51385             5.95575
-1.29638            -5.17989             4.87878
-4.10168            -3.46768             3.38051
-6.85272            -3.98509             2.30028
-5.38369            -2.23629             3.64866
-3.75356           -0.921745             5.25907
-3.75356           -0.921745             5.25907
-3.75356           -0.921745             5.25907
-3.73124             0.15298             3.98359
-3.73124             0.15298             3.98359
-3.73124             0.15298             3.98359
-3.73124             0.15298             3.98359
-3.73124             0.15298             3.98359
-3.53061            -2.57915             6.59744
-3.53061            -2.57915             6.59744
-3.53061            -2.57915             6.59744
-3.53061            -2.57915             6.59744
-5.02855            -5.54328             7.26253
-5.34489            -4.16348             5.19785
-5.692            -2.10819             4.56269
-5.692            -2.10819             4.56269
-3.82016           -0.263238              4.7067
-2.72975           -0.654116              7.3391
-2.72975           -0.654116              7.3391
-4.57318            -2.46703             9.23824
-2.16841            -2.52352             8.86908
-3.71006           -0.445211             8.39665
-3.71006           -0.445211             8.39665
-2.44833           -0.218283             6.44482
-1.14045           -0.772063             5.05943
-1.14045           -0.772063             5.05943
-1.14045           -0.772063             5.05943
-0.282595             0.98571             2.08179
-0.282595             0.98571             2.08179
-0.282595             0.98571             2.08179
-0.282595             0.98571             2.08179
-0.282595             0.98571             2.08179
-0.282595             0.98571             2.08179
1.85091             3.69243             3.69638
1.85091             3.69243             3.69638
-0.56125              1.0494             2.20717
-0.56125              1.0494             2.20717
-0.56125              1.0494             2.20717
-0.56125              1.0494             2.20717
-0.56125              1.0494             2.20717
-0.56125              1.0494             2.20717
-0.56125              1.0494             2.20717
-0.56125              1.0494             2.20717
0.482586           -0.944625             4.84499
0.482586           -0.944625             4.84499
0.482586           -0.944625             4.84499
0.482586           -0.944625             4.84499
0.482586           -0.944625             4.84499
0.482586           -0.944625             4.84499
0.482586           -0.944625             4.84499
1.14622             1.92675             4.30592
1.14622             1.92675             4.30592
1.82999           -0.719697             4.82323
1.82999           -0.719697             4.82323
1.82999           -0.719697             4.82323
1.82999           -0.719697             4.82323
0.268959            -3.29524             1.83636
0.750122           -0.618293              3.0626
0.251154            0.316408             5.72801
0.251154            0.316408             5.72801
-1.47726          -0.0627172             2.78714
-1.47726          -0.0627172             2.78714
-1.47726          -0.0627172             2.78714
-1.47726          -0.0627172             2.78714
-1.47726          -0.0627172             2.78714
-1.47726          -0.0627172             2.78714
-1.47726          -0.0627172             2.78714
-1.47726          -0.0627172             2.78714
-1.47726          -0.0627172             2.78714
-1.47726          -0.0627172             2.78714
-1.47726          -0.0627172             2.78714
-1.47726          -0.0627172             2.78714
0.194367              2.2823              3.6313
0.194367              2.2823              3.6313
0.194367              2.2823              3.6313
0.437934           -0.453172             4.36974
0.437934           -0.453172             4.36974
0.437934           -0.453172             4.36974
0.186825            -2.93158             2.84573
-1.90729            -3.72357            0.658174
0.269798            -4.12733             2.36874
-0.433614            -1.61168             5.32558
-0.433614            -1.61168             5.32558
-0.433614            -1.61168             5.32558
-0.433614            -1.61168             5.32558
1.0107            -1.14098             5.24379
-0.327739            0.344089             3.16152
0.896117             2.72071             4.46984
1.16681             1.26087             5.83066
0.451913            0.718417             5.40322
0.451913            0.718417             5.40322
0.451913            0.718417             5.40322
3.21932             1.76943             3.51715
2.86587           -0.956866             4.02958
0.281597            0.741497             2.90726
0.281597            0.741497             2.90726
0.281597            0.741497             2.90726
0.281597            0.741497             2.90726
0.232744            -1.31912             1.95665
0.232744            -1.31912             1.95665
0.232744            -1.31912             1.95665
0.232744            -1.31912             1.95665
0.940055           0.0492578             3.79137
0.202366             1.13098             1.48827
0.202366             1.13098             1.48827
0.202366             1.13098             1.48827
0.202366             1.13098             1.48827
1.64307            0.879388             4.38082
1.64307            0.879388             4.38082
1.64307            0.879388             4.38082
0.575792            -1.38741             3.56647
0.575792            -1.38741             3.56647
0.575792            -1.38741             3.56647
0.575792            -1.38741             3.56647
0.575792            -1.38741             3.56647
0.250007            -2.30435             2.68668
0.250007            -2.30435             2.68668
0.250007            -2.30435             2.68668
0.402899            -4.20554             2.96688
0.402899            -4.20554             2.96688
1.06195            -1.59017             3.87178
1.06195            -1.59017             3.87178
0.135448            0.489944             4.84431
0.135448            0.489944             4.84431
0.158793            0.870413              4.2903
0.158793            0.870413              4.2903
-2.60865           -0.621191             5.19547
-2.74765          -0.0849853             2.53102
-2.74765          -0.0849853             2.53102
-2.74765          -0.0849853             2.53102
-2.74765          -0.0849853             2.53102
-2.80199            -1.53403             4.74766
-2.80199            -1.53403             4.74766
-2.80199            -1.53403             4.74766
-1.639           0.0137182             2.04442
-1.639           0.0137182             2.04442
-1.639           0.0137182             2.04442
-1.639           0.0137182             2.04442
-1.639           0.0137182             2.04442
-1.639           0.0137182             2.04442
-0.578678           -0.466502             4.36905
-2.37933            0.445095             5.24222
-2.37933            0.445095             5.24222
-4.03976             -1.1586             2.93538
-2.50873           -0.866302             4.31776
-2.50873           -0.866302             4.31776
-2.50873           -0.866302             4.31776
-2.50873           -0.866302             4.31776
-2.37857             1.24291             3.93745
-2.37857             1.24291             3.93745
-2.37857             1.24291             3.93745
-2.37857             1.24291             3.93745
-2.37857             1.24291             3.93745
-4.99864             1.98672             3.46129
-5.1181             3.55509             2.23298
-5.1181             3.55509             2.23298
-2.84349             5.02647             2.85693
-2.84349             5.02647             2.85693
-2.84349             5.02647             2.85693
-3.2962             3.28348             3.06373
-3.2962             3.28348             3.06373
-3.2962             3.28348             3.06373
-3.05881             2.49559             6.00222
-3.05881             2.49559             6.00222
-4.73212            0.361596             4.41992
-3.8639             1.34454             1.55786
-3.93445            -0.82722             1.28769
-1.47119             1.79783           -0.386574
-1.47119             1.79783           -0.386574
0.076096            0.714036            -2.96835
0.076096            0.714036            -2.96835
0.076096            0.714036            -2.96835
1.5392           -0.722719               -4.11
1.5392           -0.722719               -4.11
0.412            -1.36655            -3.80244
0.412            -1.36655            -3.80244
0.630851            -2.76268             -4.5299
0.630851            -2.76268             -4.5299
0.630851            -2.76268             -4.5299
0.630851            -2.76268             -4.5299
-0.626046            -2.80224            -2.31903
-0.626046            -2.80224            -2.31903
-0.626046            -2.80224            -2.31903
-0.626046            -2.80224            -2.31903
2.05428            -1.47065            -4.20922
2.05428            -1.47065            -4.20922
1.02513            -1.64142              -2.799
1.02513            -1.64142              -2.799
1.02513            -1.64142              -2.799
1.02513            -1.64142              -2.799
-0.753228            0.631819             -1.7061
-0.753228            0.631819             -1.7061
-0.753228            0.631819             -1.7061
0.442824           -0.636407           -0.776124
-0.0710433          -0.0328753            -2.35226
-0.0710433          -0.0328753            -2.35226
-0.0710433          -0.0328753            -2.35226
-0.0710433          -0.0328753            -2.35226
-0.0710433          -0.0328753            -2.35226
-0.0710433          -0.0328753            -2.35226
-0.0710433          -0.0328753            -2.35226
-1.36681            -2.94112            -3.02559
-1.36681            -2.94112            -3.02559
-1.36681            -2.94112            -3.02559
-1.17043           -0.908005            -3.59213
-1.51171            -1.97215            -5.44182
-2.97244            -3.22293            -2.98378
-2.97244            -3.22293            -2.98378
-3.342           -0.902806            -1.54014
-2.84144            -1.66756            -2.15925
-1.65677            -1.92983           -0.668067
-0.646072            0.888224            -1.59112
-0.839845              2.0082            -2.54947
-2.35906             2.74063            -3.52886
-2.35906             2.74063            -3.52886
-2.35906             2.74063            -3.52886
-2.08711             5.11789             -4.2594
-2.08711             5.11789             -4.2594
-2.08711             5.11789             -4.2594
-2.08711             5.11789             -4.2594
0.70396             5.95889            -1.50539
0.70396             5.95889            -1.50539
-1.12319             4.78762            -3.17121
-1.12319             4.78762            -3.17121
-1.12319             4.78762            -3.17121
-0.582776             2.14801            -3.83201
-0.582776             2.14801            -3.83201
-2.45154            0.535435            -4.63707
-2.45154            0.535435            -4.63707
-1.95357             3.49972            -2.83687
-0.501283             2.36239            -4.13042
-2.06772            0.360224            -3.19583
0.160982            0.091342            -1.90856
0.160982            0.091342            -1.90856
0.160982            0.091342            -1.90856
0.160982            0.091342            -1.90856
0.160982            0.091342            -1.90856
0.160982            0.091342            -1.90856
0.160982            0.091342            -1.90856
0.160982            0.091342            -1.90856
0.160982            0.091342            -1.90856
0.160982            0.091342            -1.90856
0.160982            0.091342            -1.90856
0.160982            0.091342            -1.90856
0.160982            0.091342            -1.90856
-0.538595           -0.444842            -2.92203
-0.538595           -0.444842            -2.92203
0.132439           -0.450449             -2.0185
0.132439           -0.450449             -2.0185
0.125321           -0.312444            -3.37097
0.125321           -0.312444            -3.37097
0.477433            0.573741            -1.40578
0.734508             2.88087           -0.811533
-0.866466              3.3025            -3.53291
-2.51405             1.27564           -0.864886
-3.52425            0.432843            -3.47381
-2.88619            0.954252            -4.25231
-0.583508            0.415599            -4.55205
-0.583508            0.415599            -4.55205
-0.583508            0.415599            -4.55205
2.02033           0.0755719            -1.56007
-0.976723           -0.189704            -1.28046
-0.976723           -0.189704            -1.28046
-0.296266             2.71446            -3.74257
-0.451457             2.33152            -4.55709
-0.451457             2.33152            -4.55709
-0.451457             2.33152            -4.55709
-1.92867             4.72588            -4.92102
-0.274779             3.97967            -5.94607
-0.274779             3.97967            -5.94607
1.65491             4.19624            -8.12674
1.21295             1.83664             -7.0513
-1.22735             3.56316            -5.35521
-1.6489             4.88367            -4.74925
-1.6489             4.88367            -4.74925
0.302058             3.80058            -6.75785
3.04531             3.75301            -5.75222
1.13634             1.32926            -4.37847
1.13634             1.32926            -4.37847
1.13634             1.32926            -4.37847
3.1698           -0.520935            -3.23512
3.1698           -0.520935            -3.23512
0.420648             -2.6764            -4.81748
-0.764413            -2.59826            -3.91379
0.536953           -0.472122             -2.6663
0.99319            -1.35843            -1.59001
-0.614813            0.452763            -1.33932
-0.324461            0.469894            -2.36561
-0.783343            0.149672            -4.11184
-2.57149             1.15014            -3.63182
-2.57149             1.15014            -3.63182
-2.57149             1.15014            -3.63182
-2.57149             1.15014            -3.63182
0.251532            0.866511             -1.0971
1.40665             2.66151            -2.64587
2.37359           -0.138745            -5.23137
2.37359           -0.138745            -5.23137
2.37359           -0.138745            -5.23137
2.37359           -0.138745            -5.23137
3.41064             2.41715            -5.48024
3.41064             2.41715            -5.48024
3.81232            0.566108            -3.23892
3.81232            0.566108            -3.23892
1.5995            -1.80467            -1.86965
1.5995            -1.80467            -1.86965
1.5995            -1.80467            -1.86965
-0.686649            0.946308            -3.22836
1.47574              1.9306            -5.46645
1.47574              1.9306            -5.46645
3.2756             1.40588            -6.09827
3.2756             1.40588            -6.09827
2.93484            -1.00041            -6.45618
2.93484            -1.00041            -6.45618
2.93484            -1.00041            -6.45618
2.93484            -1.00041            -6.45618
2.46191            -3.01684            -4.59594
2.46191            -3.01684            -4.59594
2.46191            -3.01684            -4.59594
1.65947           -0.689201            -6.53921
1.65947           -0.689201            -6.53921
-1.11743            -0.79036            -4.08228
0.245043            -1.51259            -2.91354
0.245043            -1.51259            -2.91354
0.245043            -1.51259            -2.91354
0.245043            -1.51259            -2.91354
1.9897             -1.1869            -4.16338
1.9897             -1.1869            -4.16338
1.9897             -1.1869            -4.16338
2.14613            -1.40266            -4.40375
2.71262            0.261711            -5.45794
2.71262            0.261711            -5.45794
2.71262            0.261711            -5.45794
2.71262            0.261711            -5.45794
2.71262            0.261711            -5.45794
1.65774            -2.39512            -4.06618
-0.980636           -0.653839            -4.35849
0.914609            -2.81389             -3.3815
-0.0732673            -3.12496            -3.36604
-2.05974            -1.16853            -6.28389
0.646995            0.662141            -5.94059
1.14994             1.77651            -6.91286
1.14994             1.77651            -6.91286
1.14994             1.77651            -6.91286
1.14994             1.77651            -6.91286
1.14994             1.77651            -6.91286
1.47078            -1.04146            -6.24902
1.47078            -1.04146            -6.24902
-0.315559             1.32203            -6.52267
1.69334           -0.501902            -5.57307
1.69334           -0.501902            -5.57307
1.69334           -0.501902            -5.57307
1.69334           -0.501902            -5.57307
2.24076             1.67135             -7.4344
2.24076             1.67135             -7.4344
1.90887             3.76107            -6.85896
0.798989             4.27042            -6.91469
0.798989             4.27042            -6.91469
-0.968327             6.68298            -5.77652
-0.3414             5.96661            -3.65414
-1.41964             3.95794            -2.79776
-2.52596              3.0162            -2.05842
-2.52596              3.0162            -2.05842
-3.31636             2.62084            -2.31386
-3.31636             2.62084            -2.31386
-0.883801             1.09601           -0.266389
-3.12727            0.120899            0.895389
-2.68488            0.379632            0.592607
-1.8665            -1.07238             1.56643
-3.26295            0.158954             4.46648
-3.26295            0.158954             4.46648
-3.60954            -1.59919             4.20125
-3.60954            -1.59919             4.20125
-3.60954            -1.59919             4.20125
-2.98164            0.279339             4.24394
-2.98164            0.279339             4.24394
-2.98164            0.279339             4.24394
-2.98164            0.279339             4.24394
-2.98164            0.279339             4.24394
-2.98164            0.279339             4.24394
-3.20636            0.510872             3.73918
-2.10922             1.55267             3.51195
-1.96948            0.527894             4.18616
-1.94069             1.50282              2.4271
-1.61685           -0.351443             1.32637
-1.61685           -0.351443             1.32637
-0.986504             1.22962             2.79945
0.68203           -0.175928             2.27308
0.68203           -0.175928             2.27308
0.68203           -0.175928             2.27308
0.68203           -0.175928             2.27308
0.68203           -0.175928             2.27308
0.68203           -0.175928             2.27308
0.68203           -0.175928             2.27308
3.1475              2.1218             3.99439
3.02602            0.424838             5.25444
1.85097            0.738217             5.25989
-1.03349           -0.621178             3.92278
-1.03349           -0.621178             3.92278
0.914855            0.267695              3.2075
1.64756           -0.881302             2.90169
-0.408199             1.21628             1.09794
-1.24492             2.10707             2.87821
-3.7291             3.96673             1.76348
-3.14966             3.52724           -0.452126
-0.75665             1.82084              2.0759
-0.75665             1.82084              2.0759
-0.75665             1.82084              2.0759
-0.75665             1.82084              2.0759
-0.75665             1.82084              2.0759
-0.75665             1.82084              2.0759
-0.75665             1.82084              2.0759
-2.90449             1.35514             2.40063
-1.50512             1.16187             4.41279
-1.50512             1.16187             4.41279
-1.50512             1.16187             4.41279
0.904013             2.66251             4.90273
-2.00157             2.60139             7.09501
-2.00157             2.60139             7.09501
-2.00157             2.60139             7.09501
-2.03951            0.740042              7.7172
-2.03951            0.740042              7.7172
-2.03951            0.740042              7.7172
-3.10486             2.72174             6.13472
-2.82681             4.27539             5.83394
-1.99561             6.08822             4.48951
-1.95337             3.27311             3.64183
-2.3512             1.33962             4.98157
-2.3512             1.33962             4.98157
-3.5527           -0.661857             3.54149
-3.5527           -0.661857             3.54149
-3.5527           -0.661857             3.54149
-3.5527           -0.661857             3.54149
-3.5527           -0.661857             3.54149
-3.5527           -0.661857             3.54149
-3.5527           -0.661857             3.54149
-3.5527           -0.661857             3.54149
-2.83508           -0.812605              3.3079
-2.83508           -0.812605              3.3079
-2.83508           -0.812605              3.3079
-2.33674            0.918008             3.56045
-2.33674            0.918008             3.56045
-2.33674            0.918008             3.56045
-2.33674            0.918008             3.56045
-2.33674            0.918008             3.56045
-2.33674            0.918008             3.56045
-2.33674            0.918008             3.56045
-0.313299             0.86803            0.590438
-1.79944            0.194786             1.14651
-1.79944            0.194786             1.14651
-1.79944            0.194786             1.14651
-0.659745             1.78327             1.59198
-0.659745             1.78327             1.59198
-1.87657            0.451321             3.14453
-1.87657            0.451321             3.14453
-1.87657            0.451321             3.14453
0.590228            0.649174             5.59695
-1.45772             2.85018             6.30827
-1.45772             2.85018             6.30827
-2.49035             2.63782             5.71633
-2.49035             2.63782             5.71633
-2.49035             2.63782             5.71633
-1.62475             3.23613             5.49183
-1.82261             1.10193             3.81408
-1.82261             1.10193             3.81408
-1.65783             2.89183             4.27056
-1.65783             2.89183             4.27056
-1.65783             2.89183             4.27056
-1.65783             2.89183             4.27056
-0.957728             1.40229             2.72518
-2.32712             1.97187             3.82677
-2.32712             1.97187             3.82677
-2.32712             1.97187             3.82677
-2.32712             1.97187             3.82677
-2.32712             1.97187             3.82677
-3.09047             2.51659             5.68638
-3.09047             2.51659             5.68638
-3.07862             1.51366             4.48403
-3.07862             1.51366             4.48403
-0.11815             2.90577             3.84322
-1.86467             4.42376             2.70269
-3.78637             2.06427             4.00222
-2.70072             0.76899             5.52025
-1.95508            0.827202             3.55782
-1.95508            0.827202             3.55782
-0.77788            0.403088             5.99769
0.716023            -2.12808             6.65289
0.716023            -2.12808             6.65289
0.716023            -2.12808             6.65289
0.716023            -2.12808             6.65289
0.716023            -2.12808             6.65289
0.495471            0.813295                4.17
2.22076             3.30043             4.76485
2.22076             3.30043             4.76485
2.22076             3.30043             4.76485
3.77084             2.21819             5.11338
3.77084             2.21819             5.11338
3.77084             2.21819             5.11338
3.77084             2.21819             5.11338
3.77084             2.21819             5.11338
2.43435           -0.359893             2.50303
2.43435           -0.359893             2.50303
2.43435           -0.359893             2.50303
2.43435           -0.359893             2.50303
2.43435           -0.359893             2.50303
2.43435           -0.359893             2.50303
0.827565            -1.68541             2.61182
0.827565            -1.68541             2.61182
0.827565            -1.68541             2.61182
0.827565            -1.68541             2.61182
0.827565            -1.68541             2.61182
0.827565            -1.68541             2.61182
0.827565            -1.68541             2.61182
0.827565            -1.68541             2.61182
1.7058          -0.0361245             2.23748
1.7058          -0.0361245             2.23748
1.7058          -0.0361245             2.23748
1.7058          -0.0361245             2.23748
1.7058          -0.0361245             2.23748
1.7058          -0.0361245             2.23748
1.7058          -0.0361245             2.23748
1.7058          -0.0361245             2.23748
1.7058          -0.0361245             2.23748
1.7058          -0.0361245             2.23748
0.456958            0.617659             1.87178
0.456958            0.617659             1.87178
0.588102             1.60355             3.42249
-1.19587            0.178081             3.21982
-2.56875             2.45043             3.10178
-2.56875             2.45043             3.10178
-2.56875             2.45043             3.10178
-1.26772          -0.0225899             2.62074
-1.32998             1.25917             1.59782
-1.51515             1.54943            0.623523
-1.51515             1.54943            0.623523
-0.0761057            0.374658            0.895388
-0.0761057            0.374658            0.895388
-0.0761057            0.374658            0.895388
-0.0761057            0.374658            0.895388
-0.176674            -1.18486             1.56183
-1.57003            0.810034             1.17655
-2.34246             2.41238            -1.01802
-2.34246             2.41238            -1.01802
-1.66777             1.03974             1.66792
0.713417             3.47344             4.24076
0.713417             3.47344             4.24076
-2.13613             1.72359             2.97048
-2.13613             1.72359             2.97048
-2.24523             1.51188              2.1386
-0.852698           -0.236726             3.24017
-1.23387          -0.0684561             3.74536
0.356963             -2.6063             4.92602
0.77376            0.160224             3.46454
0.77376            0.160224             3.46454
-0.0122374            0.500792             5.91309
-2.91127            0.872296             4.06753
-4.44714           0.0762434             3.40559
-4.44714           0.0762434             3.40559
-4.44714           0.0762434             3.40559
-3.12556           -0.442131              4.5472
-3.12556           -0.442131              4.5472
-3.12556           -0.442131              4.5472
-3.12556           -0.442131              4.5472
-3.2132             1.77445             4.00119
-3.2132             1.77445             4.00119
-0.688952           -0.805485              2.1612
-0.688952           -0.805485              2.1612
-0.688952           -0.805485              2.1612
0.315173            0.547262             1.31158
0.315173            0.547262             1.31158
0.315173            0.547262             1.31158
0.315173            0.547262             1.31158
0.315173            0.547262             1.31158
1.24083           -0.156041            -1.22784
1.24083           -0.156041            -1.22784
1.24083           -0.156041            -1.22784
1.24083           -0.156041            -1.22784
1.24083           -0.156041            -1.22784
1.24083           -0.156041            -1.22784
1.24083           -0.156041            -1.22784
0.909217            -1.55321            -1.87553
0.909217            -1.55321            -1.87553
-0.895404            -4.01011            -4.59136
1.07523            -6.02029            -3.01187
2.58333            -6.22994           -0.858921
-0.364138            -5.04352            -2.55105
-0.364138            -5.04352            -2.55105
-0.364138            -5.04352            -2.55105
-0.364138            -5.04352            -2.55105
-0.364138            -5.04352            -2.55105
2.58484            -2.66313            -2.73408
2.58484            -2.66313            -2.73408
2.06949            -3.37546            -3.30831
0.24318            -5.01482            -4.64457
1.69            -4.79271            -2.50058
2.07343            -4.58138            -3.89694
2.07343            -4.58138            -3.89694
2.07343            -4.58138            -3.89694
1.61993            -4.09551            -5.58949
-1.25108            -5.87597            -6.44746
-0.0323774            -6.53248            -6.90921
0.688957            -8.52691            -4.84129
-0.442267            -6.17164            -4.85144
-0.442267            -6.17164            -4.85144
-1.75312            -4.21484            -3.13545
-1.75312            -4.21484            -3.13545
-1.75312            -4.21484            -3.13545
-1.75312            -4.21484            -3.13545
-0.0673193             -6.4724            -5.02821
-0.0673193             -6.4724            -5.02821
-0.0673193             -6.4724            -5.02821
-0.0673193             -6.4724            -5.02821
-0.0673193             -6.4724            -5.02821
-0.0673193             -6.4724            -5.02821
2.48942            -4.57827            -7.28743
0.0818053             -7.0718            -4.78618
0.0818053             -7.0718            -4.78618
-1.75741            -4.80476            -4.50683
-4.31786            -2.53926            -1.88807
-4.66676            -0.86764            -4.78393
-2.81694             -3.6214            -4.18572
-3.60143            -4.84084            -4.10096
-3.42193            -3.07147            -3.45704
-3.42193            -3.07147            -3.45704
-1.49555           -0.269586            -4.08699
0.727074            -1.98239            -2.02327
-1.60311            -1.76976            -2.96734
-1.60311            -1.76976            -2.96734
0.385631            -2.36307            -3.09331
1.91589            0.416443            -6.09261
4.3486             1.49967            -5.46564
3.54686             1.54707            -3.09214
2.67023             4.53712            -1.47706
0.141597             3.20055            -3.38312
0.141597             3.20055            -3.38312
0.141597             3.20055            -3.38312
1.33582             3.49247            -3.40637
-0.523333             1.92364            -4.77379
-1.38826             2.10504            -5.16345
-0.204077            0.713123            -5.27293
-0.204077            0.713123            -5.27293
1.28612          -0.0248797            -2.79022
1.28612          -0.0248797            -2.79022
0.263241           -0.058906           -0.893646
-0.392439           0.0882503            -3.87676
-0.392439           0.0882503            -3.87676
-1.21718           -0.603037            -4.58475
-0.476597            -2.31915            -3.58362
-0.476597            -2.31915            -3.58362
-2.57654           -0.236244            -4.15574
0.258188            -1.64838            -1.73211
1.25229            0.439347             -2.3101
1.25229            0.439347             -2.3101
1.25229            0.439347             -2.3101
1.25229            0.439347             -2.3101
1.25229            0.439347             -2.3101
1.25229            0.439347             -2.3101
1.25229            0.439347             -2.3101
-1.69396             0.83505            -3.37791
-2.41739           -0.742714            -4.91866
-2.41739           -0.742714            -4.91866
-2.41739           -0.742714            -4.91866
-2.41739           -0.742714            -4.91866
-2.17888            -2.46777             -2.8144
-2.17888            -2.46777             -2.8144
-2.17888            -2.46777             -2.8144
-2.17888            -2.46777             -2.8144
-1.65463            -4.94217            -5.32066
-1.59928            -4.03103             -4.0995
-4.38644            -1.73015            -6.56524
-3.70823            0.211194            -7.67289
-3.70823            0.211194            -7.67289
-2.91794           -0.938594            -8.60709
-0.295523            0.305262            -6.66038
-1.98657            -1.82256            -5.79175
-1.98657            -1.82256            -5.79175
-0.421567            -0.12991            -3.47004
-1.72754            -0.18362           -0.629751
-1.72754            -0.18362           -0.629751
1.22391               0.669            0.767604
1.22391               0.669            0.767604
0.32901             -1.3924            0.573151
-0.0606414            -2.55093             -1.9298
-0.0606414            -2.55093             -1.9298
0.85687            -2.07809            0.378429
0.241432            0.796797            0.301524
2.4179              1.3571           -0.841573
2.4179              1.3571           -0.841573
2.98225            0.239436            0.844542
3.47999             0.80968            -1.64796
1.27314           -0.333516            -2.30754
1.27314           -0.333516            -2.30754
1.27314           -0.333516            -2.30754
1.27314           -0.333516            -2.30754
2.21355            -1.94659            -4.66391
-0.370374            -0.30388            -5.42481
-0.370374            -0.30388            -5.42481
-0.514371            -1.15915             -4.1903
-1.30708            0.689182            -4.97496
-1.30708            0.689182            -4.97496
-3.66409             2.72425             -6.0334
-3.66409             2.72425             -6.0334
-2.9941             1.54232            -4.28232
-2.9941             1.54232            -4.28232
-2.9941             1.54232            -4.28232
-2.9941             1.54232            -4.28232
-2.29901             -1.4072             -2.3952
-2.29901             -1.4072             -2.3952
-2.29901             -1.4072             -2.3952
-2.29901             -1.4072             -2.3952
-2.29901             -1.4072             -2.3952
-2.29901             -1.4072             -2.3952
-0.715673             1.15551            -2.02321
-0.715673             1.15551            -2.02321
-0.715673             1.15551            -2.02321
-0.715673             1.15551            -2.02321
-1.31812             1.11293            -2.41377
-1.31812             1.11293            -2.41377
-1.31812             1.11293            -2.41377
-1.31812             1.11293            -2.41377
-1.31812             1.11293            -2.41377
-1.31812             1.11293            -2.41377
-1.28011          -0.0644866            -2.66554
-1.28011          -0.0644866            -2.66554
-1.28011          -0.0644866            -2.66554
-1.28011          -0.0644866            -2.66554
-1.28011          -0.0644866            -2.66554
-1.28011          -0.0644866            -2.66554
-0.724746           -0.235659             -3.6623
-3.54693             1.41343            -2.63659
-3.86503            -1.50728            -2.99133
-3.86503            -1.50728            -2.99133
-0.970655             -4.4799             -5.2478
-1.29526            -3.99646            -5.47287
-0.772425             -1.8362            -7.36974
-0.772425             -1.8362            -7.36974
-0.772425             -1.8362            -7.36974
1.92214            -1.06418             -5.1908
1.92214            -1.06418             -5.1908
1.92214            -1.06418             -5.1908
3.75382           -0.465611            -5.06324
1.32039             1.70061            -3.56613
-1.63298            -0.95272            -4.27787
-1.63298            -0.95272            -4.27787
-0.811154            -1.38935            -2.40152
-0.811154            -1.38935            -2.40152
-0.811154            -1.38935            -2.40152
-0.811154            -1.38935            -2.40152
-0.811154            -1.38935            -2.40152
-0.811154            -1.38935            -2.40152
-0.811154            -1.38935            -2.40152
-0.811154            -1.38935            -2.40152
0.61137             -1.9362            -1.90677
-1.24303            -4.28544            -3.13256
-0.192896            -4.57032             -1.9332
-0.115387             -3.7894            -1.09408
-0.860269            -1.62243             1.53165
-0.860269            -1.62243             1.53165
-0.860269            -1.62243             1.53165
-0.860269            -1.62243             1.53165
-0.860269            -1.62243             1.53165
-0.860269            -1.62243             1.53165
-0.860269            -1.62243             1.53165
-2.30683           -0.285901              4.2984
0.12493              1.9333             5.91435
0.12493              1.9333             5.91435
1.76365               1.337              3.2208
1.76365               1.337              3.2208
1.76365               1.337              3.2208
1.76365               1.337              3.2208
-0.362819             1.59445              3.0305
-0.362819             1.59445              3.0305
-0.224059            -1.17906             0.55763
-0.224059            -1.17906             0.55763
-1.41617            -3.62128            -2.15596
-1.41617            -3.62128            -2.15596
0.707111             -1.2006             -2.0009
0.707111             -1.2006             -2.0009
-0.0869362            0.675911            -2.61596
1.72474            -1.21181            -3.97452
2.64343            0.267188            -3.70375
-0.0621141             2.48562            -4.42207
-0.0621141             2.48562            -4.42207
2.3879             0.66316            -6.30552
0.958793            -1.38051            -6.20304
0.958793            -1.38051            -6.20304
0.958793            -1.38051            -6.20304
0.00902253            0.143138            -3.71775
0.00902253            0.143138            -3.71775
0.00902253            0.143138            -3.71775
-0.110123           -0.623671            -1.24041
-0.110123           -0.623671            -1.24041
-0.110123           -0.623671            -1.24041
-0.110123           -0.623671            -1.24041
-0.110123           -0.623671            -1.24041
-0.110123           -0.623671            -1.24041
-0.110123           -0.623671            -1.24041
1.10544           -0.437121            -4.01384
1.10544           -0.437121            -4.01384
2.04964             1.55396             -4.0456
1.98886             2.90905             -2.8644
1.98886             2.90905             -2.8644
0.331908             0.83373            -1.21217
-0.944132             1.19778            -1.68541
-0.944132             1.19778            -1.68541
-0.0660805             1.44987            -2.07355
-0.0660805             1.44987            -2.07355
-0.0660805             1.44987            -2.07355
-0.0660805             1.44987            -2.07355
2.85423            -1.12772             -4.7217
2.85423            -1.12772             -4.7217
-0.110902          -0.0487082            -5.59186
-0.110902          -0.0487082            -5.59186
-0.188633             1.84598            -4.59188
1.28045           -0.994413            -4.26058
1.28045           -0.994413            -4.26058
1.28045           -0.994413            -4.26058
1.36057           -0.676252            -2.01977
1.36057           -0.676252            -2.01977
1.36057           -0.676252            -2.01977
1.36057           -0.676252            -2.01977
-1.2313             1.44827            -3.86333
-0.655169            -1.12112             -4.0489
-0.655169            -1.12112             -4.0489
-0.281277             1.70421            -3.23909
-0.281277             1.70421            -3.23909
1.40108           0.0220896            -3.79168
1.40108           0.0220896            -3.79168
1.40108           0.0220896            -3.79168
1.6953            -1.32159            -1.81829
1.6953            -1.32159            -1.81829
1.6953            -1.32159            -1.81829
1.6953            -1.32159            -1.81829
1.6953            -1.32159            -1.81829
2.53415            -2.05336            -4.35984
0.88407           -0.239747            -2.30526
2.04273           -0.646229            -2.19605
2.04273           -0.646229            -2.19605
2.04273           -0.646229            -2.19605
2.04273           -0.646229            -2.19605
0.333645           -0.886086            -2.91108
0.333645           -0.886086            -2.91108
0.333645           -0.886086            -2.91108
1.47568             1.12662            -4.26274
1.47568             1.12662            -4.26274
1.47568             1.12662            -4.26274
1.47568             1.12662            -4.26274
1.47568             1.12662            -4.26274
0.260603             1.77909            -4.55909
0.260603             1.77909            -4.55909
-0.821677           -0.123786            -3.45472
0.218059             0.21987            -4.57975
0.218059             0.21987            -4.57975
0.218059             0.21987            -4.57975
0.218059             0.21987            -4.57975
-0.11649            -1.59631             -3.1191
0.44063           -0.347421            -4.04711
0.44063           -0.347421            -4.04711
0.44063           -0.347421            -4.04711
-1.82001             1.79228            -2.86313
-1.82001             1.79228            -2.86313
-1.82001             1.79228            -2.86313
-1.60054            0.796529            -1.66654
-1.60054            0.796529            -1.66654
-1.60054            0.796529            -1.66654
-1.60054            0.796529            -1.66654
-1.60054            0.796529            -1.66654
0.535523            0.776567            -1.56899
0.535523            0.776567            -1.56899
0.535523            0.776567            -1.56899
0.479106            -1.67404           -0.918913
2.65111             1.17618             1.77603
2.65111             1.17618             1.77603
2.65111             1.17618             1.77603
2.65111             1.17618             1.77603
2.65111             1.17618             1.77603
2.65111             1.17618             1.77603
2.65111             1.17618             1.77603
0.592809             3.54025              3.1167
0.592809             3.54025              3.1167
-0.714015            0.811503             4.25597
-0.714015            0.811503             4.25597
-0.714015            0.811503             4.25597
2.13961             1.92128             4.17075
-0.104566             2.40688             5.81358
2.04429            0.338377             4.98709
2.04429            0.338377             4.98709
2.04429            0.338377             4.98709
0.268523            -2.03747              6.0195
-1.36277            0.165332             7.65934
-2.35271            -2.82569             5.98568
-3.25807            -1.09059             5.72559
-3.75562           -0.566442             5.57239
-3.75562           -0.566442             5.57239
-1.2292            -3.30404              3.3652
-1.2292            -3.30404              3.3652
-1.2292            -3.30404              3.3652
-1.2292            -3.30404              3.3652
-1.2292            -3.30404              3.3652
1.71397           -0.881918             4.64665
1.71397           -0.881918             4.64665
3.14977             1.05067             4.18863
0.566498             1.41573             1.92889
0.566498             1.41573             1.92889
0.566498             1.41573             1.92889
0.566498             1.41573             1.92889
0.566498             1.41573             1.92889
0.566498             1.41573             1.92889
2.8346            0.567762             4.41003
2.09101           -0.345345             3.50977
2.09101           -0.345345             3.50977
2.09101           -0.345345             3.50977
1.06188             1.90336             6.47315
1.06188             1.90336             6.47315
3.29801             2.96498             5.90858
4.96682            0.433323              5.9262
2.97721             2.23889             3.36079
0.426541             1.19314             5.64034
0.426541             1.19314             5.64034
0.426541             1.19314             5.64034
0.426541             1.19314             5.64034
0.426541             1.19314             5.64034
0.162225           -0.787283             6.05146
0.162225           -0.787283             6.05146
0.162225           -0.787283             6.05146
-0.480367             1.83326             5.84256
-2.40054             1.77835             8.13832
-1.39217           -0.399706              9.6861
-1.39217           -0.399706              9.6861
-0.478478            0.260621              8.5151
-0.478478            0.260621              8.5151
-0.571216             2.18373             6.18517
-2.23077             1.00811             3.63405
-2.23077             1.00811             3.63405
-2.84064           -0.890291             2.86907
-2.31492             1.93331              2.0651
0.00584912              3.1998             2.85082
2.36546             2.06784             4.54628
2.36546             2.06784             4.54628
2.8624           -0.787184              5.4484
2.04885            -2.94433             4.62944
2.04885            -2.94433             4.62944
4.01488           -0.163551             3.15309
4.68709             1.41685             2.05488
3.78758             2.71223             4.21601
3.78758             2.71223             4.21601
3.78758             2.71223             4.21601
2.57826             3.28766             5.04511
2.57826             3.28766             5.04511
0.348392             4.78926             5.01679
0.348392             4.78926             5.01679
0.348392             4.78926             5.01679
0.634509             4.17423             7.05133
0.634509             4.17423             7.05133
0.615091              2.5812             8.27068
1.80406            0.615429             7.99608
1.80406            0.615429             7.99608
-0.545538             3.32277             5.84865
2.37934             3.67108             3.21928
2.37934             3.67108             3.21928
0.430488            0.920546             4.20967
0.430488            0.920546             4.20967
1.5153            0.223404             5.54708
-0.990527            -2.04495             2.76242
-0.990527            -2.04495             2.76242
-0.990527            -2.04495             2.76242
-0.990527            -2.04495             2.76242
-0.182084            -4.74318             1.46531
-0.182084            -4.74318             1.46531
-2.37127            -6.82602              3.9351
-2.37127            -6.82602              3.9351
-3.80064            -5.37196             3.32349
-3.80064            -5.37196             3.32349
-3.80064            -5.37196             3.32349
-2.43976            -4.99935             5.50661
-0.4751            -5.93497             5.26422
-1.18599            -6.85803             3.85364
-4.07746            -5.33752             1.89579
-2.20387            -2.40673            0.468837
-2.16491            -2.28046            0.232864
-1.95064           -0.565081             2.90219
-1.95064           -0.565081             2.90219
-1.95064           -0.565081             2.90219
-1.95064           -0.565081             2.90219
-1.95064           -0.565081             2.90219
-1.95064           -0.565081             2.90219
-1.95064           -0.565081             2.90219
-2.6351             -1.9769             4.25835
-2.6351             -1.9769             4.25835
-3.48707            -1.92088             5.49366
-2.98056            0.626829             4.80712
-2.98056            0.626829             4.80712
-2.98056            0.626829             4.80712
-0.8744            0.413602             2.61484
-0.8744            0.413602             2.61484
-0.8744            0.413602             2.61484
-0.8744            0.413602             2.61484
-0.8744            0.413602             2.61484
-0.8744            0.413602             2.61484
-1.62164            0.287664             1.79849
-0.733435             1.29338              4.7952
0.803009             1.16483             3.31789
0.803009             1.16483             3.31789
-0.137027            0.527224             5.94178
-2.23085           -0.989052              5.3208
-2.23085           -0.989052              5.3208
-2.33937            -0.94036             4.17017
-2.33937            -0.94036             4.17017
-4.11431             1.83381             5.51222
-4.11431             1.83381             5.51222
-4.11431             1.83381             5.51222
-1.35938             2.69523             6.99657
-1.35938             2.69523             6.99657
1.37607             4.87846             6.88446
-1.41065             3.99828             7.95352
-1.41065             3.99828             7.95352
-3.03711             5.34839             5.71039
-3.03711             5.34839             5.71039
-1.94913             6.84655             3.10616
-0.768251             4.87499             4.51001
-0.768251             4.87499             4.51001
-0.768251             4.87499             4.51001
-0.768251             4.87499             4.51001
-1.88309             2.83528             7.10014
-1.88309             2.83528             7.10014
-1.45295             5.31268              5.3379
-1.45295             5.31268              5.3379
-2.98513              7.9986             3.22792
-2.98513              7.9986             3.22792
-2.98513              7.9986             3.22792
-2.98513              7.9986             3.22792
-2.98513              7.9986             3.22792
-2.36371             8.44437             5.83988
-3.89615             9.41802             7.79702
-3.89615             9.41802             7.79702
-3.89615             9.41802             7.79702
-3.89615             9.41802             7.79702
-3.89615             9.41802             7.79702
-3.89615             9.41802             7.79702
-3.89615             9.41802             7.79702
-2.06167             9.27654              5.7612
-0.0380697             7.07395             6.37359
-0.0380697             7.07395             6.37359
-0.828139             6.03932             9.22674
-0.828139             6.03932             9.22674
-0.828139             6.03932             9.22674
-0.828139             6.03932             9.22674
-0.541603             5.98591             10.9198
-0.541603             5.98591             10.9198
0.0385449              8.2841             12.3657
0.803567              5.8477             13.6433
3.76594             3.33743             12.0447
1.5523             2.51786             9.14925
3.22937              1.3468             6.37713
3.29478            0.943709             4.78586
5.23155           -0.299354             3.64335
5.23155           -0.299354             3.64335
4.01652             1.83936             4.68867
3.19575             3.44397             3.81877
0.311821             6.07493             3.46848
0.129935             5.20221             2.40631
0.129935             5.20221             2.40631
-0.322638             4.99066             3.43104
-0.322638             4.99066             3.43104
-0.185635             5.97456             2.45927
-3.06219             6.41062             3.32723
-3.06219             6.41062             3.32723
-2.00763             3.70085             4.67144
-2.00763             3.70085             4.67144
-3.89881             2.55293             5.66667
-5.97158             5.27904             5.11911
-5.97158             5.27904             5.11911
-5.9509             5.05528             6.24324
-7.76283             3.68427                5.61
-7.76283             3.68427                5.61
-8.10534             2.20236             7.41779
-9.09523           -0.678151             10.3047
-6.66084            -2.45532             9.80028
-6.71282           -0.694074             6.96702
-6.71282           -0.694074             6.96702
-4.49554           -0.346739             7.40531
-6.2003            0.737912             4.88846
-5.51161             3.39511             4.83737
-6.80794             3.28026             3.45606
-5.273             5.06959             5.25295
-5.273             5.06959             5.25295
-5.273             5.06959             5.25295
-3.34228             3.85457             7.33621
-3.72199             3.08177             8.48922
-3.72199             3.08177             8.48922
-2.86428             5.15079             5.85467
-2.86428             5.15079             5.85467
-2.16754             2.31925             4.47281
-2.16754             2.31925             4.47281
-2.29784           -0.627437             4.34888
-0.723842           -0.311656             6.12892
-0.723842           -0.311656             6.12892
-1.25529            -2.60334             3.29721
0.515239            -3.32234             2.87289
0.661476            -1.99032             2.49993
0.661476            -1.99032             2.49993
-1.83809           -0.256697             2.00255
-1.3476             1.27183              1.3809
-1.3476             1.27183              1.3809
-1.3476             1.27183              1.3809
-1.3476             1.27183              1.3809
-1.3476             1.27183              1.3809
-0.152542             2.16533             1.62287
-0.152542             2.16533             1.62287
-0.152542             2.16533             1.62287
-0.152542             2.16533             1.62287
-0.367683            -0.58622             4.33566
-0.367683            -0.58622             4.33566
-2.42581            -1.61374             4.22366
-2.42581            -1.61374             4.22366
-1.6832            0.778005             2.95135
-1.6832            0.778005             2.95135
-2.00403             2.20389              1.5474
-0.346429           -0.717761           -0.823318
-0.346429           -0.717761           -0.823318
1.03945            -1.49066           -0.798661
1.03945            -1.49066           -0.798661
-0.563876              -1.847             1.40912
-0.563876              -1.847             1.40912
-0.563876              -1.847             1.40912
-0.563876              -1.847             1.40912
-2.02692            0.386901             3.92409
-0.0455729            0.199626             3.81567
-0.0455729            0.199626             3.81567
-0.407803            0.318785             1.88294
-0.407803            0.318785             1.88294
-0.407803            0.318785             1.88294
-0.407803            0.318785             1.88294
-0.407803            0.318785             1.88294
-0.407803            0.318785             1.88294
-2.01939           -0.449393             2.74091
-2.01939           -0.449393             2.74091
-2.01939           -0.449393             2.74091
-0.404785             0.40269              2.6242
-0.404785             0.40269              2.6242
-0.404785             0.40269              2.6242
-0.404785             0.40269              2.6242
-0.404785             0.40269              2.6242
-0.404785             0.40269              2.6242
-0.404785             0.40269              2.6242
-0.404785             0.40269              2.6242
-0.404785             0.40269              2.6242
-0.404785             0.40269              2.6242
-0.404785             0.40269              2.6242
-1.15697             0.43424             1.30012
-1.15697             0.43424             1.30012
-1.15697             0.43424             1.30012
-1.15697             0.43424             1.30012
-0.909878             1.08602            -1.38313
1.44792           -0.562778            -1.89531
1.44792           -0.562778            -1.89531
1.44792           -0.562778            -1.89531
1.91808           -0.724192            -2.50154
1.0049            0.616843           -0.966207
1.0049            0.616843           -0.966207
1.0049            0.616843           -0.966207
2.0873            0.623142              1.9475
3.57921             1.69585             1.72386
4.2314             1.86448             2.08055
4.2314             1.86448             2.08055
4.2314             1.86448             2.08055
1.30313           -0.256535             3.75164
1.30313           -0.256535             3.75164
0.790079             1.81406              3.1834
2.16081            0.547282             2.01839
2.57763             1.37656             2.12044
2.57763             1.37656             2.12044
2.57763             1.37656             2.12044
2.57763             1.37656             2.12044
0.33749           -0.314716             3.34751
0.33749           -0.314716             3.34751
0.33749           -0.314716             3.34751
-2.27357             2.14343             4.10616
-2.27357             2.14343             4.10616
-2.27357             2.14343             4.10616
-4.91948             2.11069              3.7405
-4.91948             2.11069              3.7405
-4.91948             2.11069              3.7405
-3.58536            -0.69452              2.5896
-1.6936             1.58302             2.80229
-1.6936             1.58302             2.80229
0.469797             1.42781             5.06227
1.04968              1.8185             4.55607
1.90524           -0.896689              5.8798
3.09848             1.14329              4.6874
1.29041            -0.96951             6.97321
1.29041            -0.96951             6.97321
4.27099            -1.42697             4.63085
4.61322            0.552016             5.68183
5.5172            -1.50347             4.24051
5.5172            -1.50347             4.24051
5.06264             -1.7035             1.70764
5.06264             -1.7035             1.70764
5.06264             -1.7035             1.70764
5.06264             -1.7035             1.70764
5.06264             -1.7035             1.70764
5.06264             -1.7035             1.70764
5.60495            0.995674             2.96542
4.8774            0.627126             5.59067
4.8774            0.627126             5.59067
6.23343             1.29162             4.17553
8.35767            -1.66616             6.99865
8.35767            -1.66616             6.99865
9.24444           -0.263622             4.48955
8.31301             1.47969             3.91104
7.10483             3.64773              5.5518
6.36269            0.673277              3.0306
4.14402             2.88391              3.0049
2.46272             5.12865             3.83179
0.17404             6.22035             1.20462
0.17404             6.22035             1.20462
-1.24716             5.02607             3.03984
-2.19573             3.57482             5.32677
-4.69673              3.6058             5.33269
-3.81644             4.21935             7.01091
-3.82416             2.85741             6.85523
-2.56895             4.82339             5.44867
-2.21328             5.89582             6.49387
-1.76658             4.40082             7.07078
-1.76658             4.40082             7.07078
-1.51871             1.99669             8.34263
-2.5443            0.470102             5.50674
-2.5443            0.470102             5.50674
-0.472231             1.78896             3.64928
-1.11393             2.11498             1.61837
-1.11393             2.11498             1.61837
-1.11393             2.11498             1.61837
-3.80093             1.36093             2.42779
-3.80093             1.36093             2.42779
-3.80093             1.36093             2.42779
-4.0064            -1.07224             5.35549
-4.0064            -1.07224             5.35549
-2.204            -2.03007              4.2686
0.402199            -1.43261             6.04763
0.402199            -1.43261             6.04763
0.402199            -1.43261             6.04763
-1.65428            -3.11386             5.78844
-1.48801            -3.78194             4.38604
-2.12584            -2.17476             5.27205
-2.12584            -2.17476             5.27205
-2.18375           -0.155786             4.81369
-2.18375           -0.155786             4.81369
-3.27822             1.12993             3.92842
-2.23447           -0.465359               4.697
-0.124506            -2.16066             4.22837
0.937744            0.161062             2.56068
-0.141144            -1.46297             1.91514
-0.141144            -1.46297             1.91514
1.55575            0.829024             3.46052
-0.490432              1.5662             4.70795
-0.490432              1.5662             4.70795
0.246627             3.48345             3.75373
0.246627             3.48345             3.75373
0.246627             3.48345             3.75373
1.39274             2.18728             1.25497
3.78596            0.371346             2.59908
2.41431             3.26571             5.59901
2.41431             3.26571             5.59901
4.92291             4.17204             7.33335
4.92291             4.17204             7.33335
4.92291             4.17204             7.33335
4.92291             4.17204             7.33335
2.96334             2.14567             7.09398
1.74018             2.73432             7.77204
1.74018             2.73432             7.77204
1.74018             2.73432             7.77204
1.59896             1.75647             7.81967
2.72195               3.759              7.7831
2.72195               3.759              7.7831
5.65318             2.10249             6.69852
3.50963             2.32568             8.73669
0.5313             4.99184             8.47449
1.16112             6.04713             5.64179
1.53177             5.96718              3.3585
1.53177             5.96718              3.3585
1.53177             5.96718              3.3585
4.35914             4.17842             2.85134
2.08156               5.855              1.9409
1.08431             6.96705             3.84026
-0.799204             6.15688             1.74294
-0.799204             6.15688             1.74294
-0.799204             6.15688             1.74294
-0.799204             6.15688             1.74294
0.698859             6.20221             1.99455
1.54854             3.52341            0.450388
-0.0352925             2.12559             2.10468
-0.0352925             2.12559             2.10468
-2.16588             2.03326             3.34872
-2.16588             2.03326             3.34872
0.7475             1.89993             3.77063
-0.736388             0.05491             3.43822
-0.336375            0.915272             3.69159
-2.51196             1.39002             4.29719
-2.51196             1.39002             4.29719
-2.51196             1.39002             4.29719
-2.51196             1.39002             4.29719
-1.83798              3.1756             4.18085
-1.66297             2.27388             6.79287
-1.66297             2.27388             6.79287
-1.66297             2.27388             6.79287
-1.66297             2.27388             6.79287
-1.31535            0.067191             8.52844
-1.31535            0.067191             8.52844
-1.31535            0.067191             8.52844
0.32775            0.222905             8.81533
-1.23616             0.30886             8.86092
-0.613007           -0.329846              8.6563
-0.613007           -0.329846              8.6563
-3.40929            -1.95073              5.9948
-4.16219            0.135267              5.1019
-4.16219            0.135267              5.1019
-4.1909             -2.2243             3.99931
-2.04645            -1.14934             2.45655
-2.04645            -1.14934             2.45655
-1.75912           -0.847124             1.92313
-1.75912           -0.847124             1.92313
-3.66515            -3.67956             2.48657
-3.66515            -3.67956             2.48657
-3.66515            -3.67956             2.48657
-3.66515            -3.67956             2.48657
-3.16829            -1.29404             4.00587
-2.89152           -0.356834             2.48591
-2.89152           -0.356834             2.48591
-1.32037            0.469409             4.06546
0.72309            -2.35092              5.5855
3.61394            -2.55543             6.37061
2.46441            -2.65415             4.86653
-0.0969007            -3.35193             7.33196
2.59259            -1.12916             6.25693
3.70908            -2.85272             4.66728
3.0526            -5.36351             3.01167
0.688794            -3.76021             4.21378
3.18326            -2.22823             4.00489
3.18326            -2.22823             4.00489
3.18326            -2.22823             4.00489
0.327411            -2.52509             4.98476
0.327411            -2.52509             4.98476
0.327411            -2.52509             4.98476
-1.76576            -2.58323             5.45123
-1.76576            -2.58323             5.45123
-1.76576            -2.58323             5.45123
0.610054           -0.976297             5.40427
0.610054           -0.976297             5.40427
0.610054           -0.976297             5.40427
0.610054           -0.976297             5.40427
0.610054           -0.976297             5.40427
0.000549836             -3.1629             3.29296
2.68715            -1.65707             4.98459
1.30973           -0.369295             3.44053
1.30973           -0.369295             3.44053
0.399506             1.74574             2.63715
0.399506             1.74574             2.63715
0.399506             1.74574             2.63715
0.399506             1.74574             2.63715
0.399506             1.74574             2.63715
2.88421             1.33786              3.9582
2.88421             1.33786              3.9582
2.88421             1.33786              3.9582
2.88421             1.33786              3.9582
1.75951            0.786416             3.90055
1.75951            0.786416             3.90055
1.75951            0.786416             3.90055
-1.19122           -0.447739             3.62899
-1.19122           -0.447739             3.62899
-0.676504            -1.91636             1.16152
-0.676504            -1.91636             1.16152
-2.21133            -1.10149             2.65116
-2.53706            0.846639             2.65764
-2.53706            0.846639             2.65764
-0.47251           -0.528733             4.12881
-0.47251           -0.528733             4.12881
1.32176             1.62522              4.1989
1.32176             1.62522              4.1989
1.32176             1.62522              4.1989
-0.235396           -0.150434              6.9586
-0.235396           -0.150434              6.9586
-1.14788            0.471815             5.69047
0.527664           -0.155913             4.76049
2.93129             1.60386             5.74821
2.93129             1.60386             5.74821
0.0158549           -0.846867             4.03065
0.0158549           -0.846867             4.03065
0.0158549           -0.846867             4.03065
-1.62624              1.8711             3.42333
-1.62624              1.8711             3.42333
-4.60693           -0.774878             1.20998
-4.60693           -0.774878             1.20998
-4.77442            -1.76633              1.3223
-4.77442            -1.76633              1.3223
-4.77442            -1.76633              1.3223
-4.32235            -2.41999             -1.2616
-4.32235            -2.41999             -1.2616
-4.32235            -2.41999             -1.2616
-4.32235            -2.41999             -1.2616
-1.68095            -1.91225            -1.06055
-1.68095            -1.91225            -1.06055
0.238843            -2.90097           -0.761459
0.199543            -0.13392            -2.24679
0.199543            -0.13392            -2.24679
0.199543            -0.13392            -2.24679
-0.501288            -2.01495            -1.90986
-0.501288            -2.01495            -1.90986
-0.501288            -2.01495            -1.90986
1.25424            -1.49108            -3.03555
1.25424            -1.49108            -3.03555
1.25424            -1.49108            -3.03555
1.29943           0.0758859            -2.71288
1.29943           0.0758859            -2.71288
1.29943           0.0758859            -2.71288
1.29943           0.0758859            -2.71288
1.29943           0.0758859            -2.71288
1.29943           0.0758859            -2.71288
1.02964             1.05975            -3.51688
0.615765           0.0397677            -2.42192
0.615765           0.0397677            -2.42192
0.615765           0.0397677            -2.42192
0.615765           0.0397677            -2.42192
0.615765           0.0397677            -2.42192
0.615765           0.0397677            -2.42192
0.615765           0.0397677            -2.42192
1.19618              -1.752             -1.7665
-1.58717            -1.95497            -3.27897
-1.58717            -1.95497            -3.27897
-1.58717            -1.95497            -3.27897
-0.414073             1.03082            -6.01932
1.57941            -0.88438            -5.24287
1.57941            -0.88438            -5.24287
1.57941            -0.88438            -5.24287
1.57941            -0.88438            -5.24287
3.29839             1.32771            -4.92382
3.29839             1.32771            -4.92382
1.06814            0.395813            -6.72446
0.934271             2.41008            -5.57535
2.5379             1.31935             -4.9308
2.5379             1.31935             -4.9308
2.45215            -1.24929            -3.68597
2.45215            -1.24929            -3.68597
2.45215            -1.24929            -3.68597
0.843654            -1.52449            -3.11219
0.843654            -1.52449            -3.11219
0.843654            -1.52449            -3.11219
0.843654            -1.52449            -3.11219
1.80813            -3.22255            -3.83046
0.463932            -4.37472            -2.09415
-1.30318            -2.03366            -1.20392
-1.30318            -2.03366            -1.20392
-2.59628            0.909247            -2.69504
-2.59628            0.909247            -2.69504
-2.59628            0.909247            -2.69504
-2.59628            0.909247            -2.69504
-2.59628            0.909247            -2.69504
-0.38591          -0.0109865           -0.707729
0.428463            -2.64865             -1.8546
0.428463            -2.64865             -1.8546
2.74614            -1.42879            -2.35272
1.16205            0.346981           -0.942265
2.28274            -1.87664             1.21517
0.163439            -3.24607             4.15653
0.163439            -3.24607             4.15653
-2.83299           -0.930274             3.96643
-0.477072             1.52744             2.75694
-0.477072             1.52744             2.75694
-0.477072             1.52744             2.75694
-0.477072             1.52744             2.75694
-0.455602           -0.291432             1.37099
-0.455602           -0.291432             1.37099
-0.455602           -0.291432             1.37099
-0.455602           -0.291432             1.37099
-0.455602           -0.291432             1.37099
-0.455602           -0.291432             1.37099
1.6702            0.733878             3.20935
1.6702            0.733878             3.20935
-0.477359           -0.592921             1.82263
0.636579           -0.485198             1.09966
0.636579           -0.485198             1.09966
0.636579           -0.485198             1.09966
0.636579           -0.485198             1.09966
-1.93997             2.16784            -0.96946
-1.93997             2.16784            -0.96946
-1.93997             2.16784            -0.96946
-1.93997             2.16784            -0.96946
-1.46351             3.97221            -3.32084
-1.46351             3.97221            -3.32084
-0.801466             1.44251            -5.53579
0.284909              2.6989            -6.30889
0.284909              2.6989            -6.30889
0.284909              2.6989            -6.30889
3.27415             5.52136            -6.34031
3.84911             4.12665            -6.86382
3.02932             5.06783            -9.03405
3.02932             5.06783            -9.03405
1.78366             2.90331            -9.65411
2.95763             4.34366             -7.4008
2.95763             4.34366             -7.4008
2.95763             4.34366             -7.4008
2.67776              5.5846            -6.72871
2.67776              5.5846            -6.72871
2.67776              5.5846            -6.72871
2.47649              7.0155            -4.48231
2.47649              7.0155            -4.48231
2.47649              7.0155            -4.48231
0.872232             6.13156             -2.2149
2.00623             5.07168            -4.72787
1.0622             3.22037            -3.86279
1.0622             3.22037            -3.86279
0.677387             4.27013            -5.44894
0.677387             4.27013            -5.44894
0.677387             4.27013            -5.44894
1.91636              3.5828            -6.20704
1.19554             5.20494            -4.86712
1.19554             5.20494            -4.86712
1.19554             5.20494            -4.86712
1.19554             5.20494            -4.86712
1.19554             5.20494            -4.86712
-1.18818             4.80433            -2.70689
-1.18818             4.80433            -2.70689
-2.45832              2.8954            -1.06601
-2.45832              2.8954            -1.06601
-2.45832              2.8954            -1.06601
-1.50484             0.86982            0.666075
-1.50484             0.86982            0.666075
1.38577              2.0626              2.3898
2.19318           -0.044409             4.45109
1.04004             2.29043             1.65496
1.04004             2.29043             1.65496
2.9114          -0.0798341             3.94514
1.99813             1.56447             2.08838
1.99813             1.56447             2.08838
-0.66554             2.13684             2.83669
-0.66554             2.13684             2.83669
-0.0337183             2.15452             5.70118
-0.0337183             2.15452             5.70118
-0.0337183             2.15452             5.70118
1.16578            0.698733             5.17426
1.38643             1.99713             4.63302
1.38643             1.99713             4.63302
1.67285             1.77797             5.93824
1.83699             1.19248             4.61025
1.83699             1.19248             4.61025
-0.115967             1.48406             3.08459
-0.115967             1.48406             3.08459
-0.115967             1.48406             3.08459
-0.115967             1.48406             3.08459
-0.115967             1.48406             3.08459
-0.115967             1.48406             3.08459
-1.21601             1.35837             4.26939
-1.24959            0.968778             3.89189
-1.24959            0.968778             3.89189
1.23227           -0.902347             1.74983
1.23227           -0.902347             1.74983
1.23227           -0.902347             1.74983
1.23227           -0.902347             1.74983
1.23227           -0.902347             1.74983
-0.540721            0.478587             2.68778
-0.540721            0.478587             2.68778
-1.2497            0.673304             2.55134
-2.11317            0.808862             4.39283
-2.11317            0.808862             4.39283
-2.11317            0.808862             4.39283
-0.729418             1.82155             2.92634
-0.729418             1.82155             2.92634
0.710354             0.62328              3.2674
-2.02503            -1.45332             2.04768
-0.0254841           0.0469047              3.9326
-0.0254841           0.0469047              3.9326
-0.0254841           0.0469047              3.9326
-0.632666            -1.05159             1.33084
-0.632666            -1.05159             1.33084
-0.632666            -1.05159             1.33084
1.99313           -0.802705             2.14633
1.99313           -0.802705             2.14633
1.99313           -0.802705             2.14633
0.957283             1.45429             2.55414
0.957283             1.45429             2.55414
-0.599735           -0.683744            0.492586
-0.599735           -0.683744            0.492586
-2.90783             2.12045            -1.50976
-2.90783             2.12045            -1.50976
-2.90783             2.12045            -1.50976
-2.90783             2.12045            -1.50976
-2.5343             2.90846            -2.77866
-3.0575            0.888808              -1.374
-0.451666            -1.18832             0.82676
-0.451666            -1.18832             0.82676
0.230992            0.934675              1.1888
-1.13468             3.40408             3.64029
-0.986939            0.626277             4.82696
-0.986939            0.626277             4.82696
1.7567            0.615829             4.29073
1.7567            0.615829             4.29073
1.7567            0.615829             4.29073
-0.31012             0.26562             1.49389
-0.31012             0.26562             1.49389
-1.21283            0.951778             1.57043
-1.21283            0.951778             1.57043
-1.21283            0.951778             1.57043
1.21578           -0.902154             2.71139
1.21578           -0.902154             2.71139
1.31589            -3.62118             2.65037
1.31589            -3.62118             2.65037
1.31589            -3.62118             2.65037
1.31589            -3.62118             2.65037
-0.689181            -2.86792             2.18747
-0.689181            -2.86792             2.18747
-0.689181            -2.86792             2.18747
-1.2475            -1.31238             3.64847
-1.2475            -1.31238             3.64847
-1.2475            -1.31238             3.64847
1.2745           0.0772737             4.08345
0.861887            0.319345             1.95267
0.861887            0.319345             1.95267
0.571181           -0.947703            0.905965
0.571181           -0.947703            0.905965
0.571181           -0.947703            0.905965
2.58042           0.0226821             3.57626
2.58042           0.0226821             3.57626
2.95989           -0.480737             4.28643
2.95989           -0.480737             4.28643
2.95989           -0.480737             4.28643
0.750835            -1.47511             3.99893
0.750835            -1.47511             3.99893
0.635044            -1.26579             3.08606
0.635044            -1.26579             3.08606
0.342085            0.854919             3.14368
1.04683            0.885208             1.50768
0.470284           -0.649427             3.84697
1.52282            -1.84864             5.22365
1.61329             -1.2947             4.46648
3.03192            -2.60366             1.84896
2.58312            -1.69164             3.45812
0.947925          -0.0688041             4.77054
0.947925          -0.0688041             4.77054
3.68124             1.63241             4.07244
3.68124             1.63241             4.07244
3.68124             1.63241             4.07244
4.36387             2.72132             1.48746
4.36387             2.72132             1.48746
1.66632             5.55313             3.60642
3.91931             3.69854             3.07329
3.91931             3.69854             3.07329
1.24643             1.27053             1.37973
-0.125792            0.623484            -1.25586
-0.125792            0.623484            -1.25586
-0.125792            0.623484            -1.25586
-2.54551            0.505834            -1.90466
-3.63583            -1.39244            -2.74085
-2.01977            -4.10697            -3.09631
-2.01977            -4.10697            -3.09631
-2.01977            -4.10697            -3.09631
0.364972            -3.28659            -4.38389
0.364972            -3.28659            -4.38389
3.33805            -1.85675            -2.57069
3.33805            -1.85675            -2.57069
