# total attempts: 10000
30.0247              29.921             29.8975
30.0247              29.921             29.8975
30.0247              29.921             29.8975
30.0327             30.1117             29.9307
29.9893             29.5657             29.1922
30.8434             29.9676             27.9361
30.0654             30.2129             28.8575
30.0654             30.2129             28.8575
30.0654             30.2129             28.8575
30.0087             30.5766             28.7496
29.8214             31.4357             29.2678
29.8214             31.4357             29.2678
29.0215             31.7074             30.3019
29.6863             31.0731             30.4043
29.6863             31.0731             30.4043
29.6863             31.0731             30.4043
29.6863             31.0731             30.4043
29.3912             30.0891             31.6329
29.3912             30.0891             31.6329
29.3912             30.0891             31.6329
29.3912             30.0891             31.6329
28.5419             30.0625             31.8114
28.5419             30.0625             31.8114
27.0497             29.0852             31.8409
26.2307             28.0935             31.9561
26.4519             27.7846             31.9081
27.5335             27.4697             31.1267
28.3477             26.3226             30.7243
28.3477             26.3226             30.7243
28.3477             26.3226             30.7243
27.969             26.5071             30.6363
28.0213             26.4179             30.1286
27.1838              27.382             30.9288
26.666             27.6404             31.1484
26.5458             27.4345             31.3567
26.8143               26.49             32.6079
24.8964             26.7055             33.3105
25.2579             25.3671             32.9879
24.605              25.297             32.6659
24.6721             24.4621             32.4232
25.1141             23.3055             31.5655
24.0107             22.3971             31.9237
24.111             21.8574             31.3373
24.111             21.8574             31.3373
23.3328             22.5528             30.4063
22.0501             22.4967             30.3108
22.0501             22.4967             30.3108
21.2509             22.8567             30.6276
21.1559             22.6281             29.5467
21.1559             22.6281             29.5467
21.1559             22.6281             29.5467
21.2915             22.6221             28.1869
21.2305             22.4621             29.3716
20.018             22.5328             27.7122
20.018             22.5328             27.7122
19.4823             24.3675             27.0159
18.3709             23.8365             27.8124
18.3709             23.8365             27.8124
18.3709             23.8365             27.8124
18.3067               23.06             27.9474
18.3067               23.06             27.9474
18.3067               23.06             27.9474
18.3067               23.06             27.9474
17.6576             23.7925             26.5345
18.6533             21.8255             23.9508
18.6533             21.8255             23.9508
19.0069             22.4736             22.9334
18.8566             22.1769             21.9038
19.3766              20.883             22.3033
20.5714             20.7834             21.7472
20.259             20.1837             21.0114
20.5995             20.0163             20.6591
20.5995             20.0163             20.6591
20.1886             19.3195             21.4729
20.3855             18.5192             20.4254
20.3855             18.5192             20.4254
20.3855             18.5192             20.4254
20.4295              18.393             19.6236
19.7537             18.8972              20.218
19.0582             19.0179              19.534
18.0659             19.3003             19.6028
17.4598             19.1492             19.9917
17.4598             19.1492             19.9917
17.4598             19.1492             19.9917
17.4598             19.1492             19.9917
17.6882             19.2395             19.6461
17.082             18.4991             19.4215
16.2979             18.8128             19.3112
17.1415             20.0429             19.6659
17.1415             20.0429             19.6659
16.578             19.3318             18.4758
16.6104             18.8777             17.6179
16.6104             18.8777             17.6179
16.4504             18.5307             17.5346
16.3558             18.4041             17.8605
17.2921             18.1936              17.537
17.8807               18.29             16.8567
17.8338             17.2886             17.6054
18.1998              17.588              17.286
18.1998              17.588              17.286
17.5083             16.7277             18.2902
16.5127             17.9285             17.9192
16.5127             17.9285             17.9192
16.5127             17.9285             17.9192
16.5127             17.9285             17.9192
16.7758             17.3336             17.8825
16.7758             17.3336             17.8825
16.0545             17.3828             17.5943
16.0545             17.3828             17.5943
17.0281             17.4311             18.8039
16.8736             17.7147             18.2936
16.8736             17.7147             18.2936
16.8736             17.7147             18.2936
15.6805             17.2215             18.8307
15.6805             17.2215             18.8307
15.6941             18.1352             18.1192
14.622             18.1529              18.397
14.8879             17.2078             19.0124
14.0428             17.7093             18.2549
11.7145             18.8796             17.4222
13.0573             19.0171              16.633
13.0573             19.0171              16.633
13.9391             18.1499             16.7208
13.841             17.0044             16.9181
12.6382             17.3806             16.2079
13.1321             16.5677             15.9991
12.746             15.9884             16.5504
10.9371             14.9126             15.4214
10.9371             14.9126             15.4214
10.9371             14.9126             15.4214
12.2541             14.8721               15.64
11.5893             13.1781             15.4532
10.7968             13.8284             14.4839
10.7968             13.8284             14.4839
10.7968             13.8284             14.4839
9.57665             12.6012             14.1842
9.00284             12.3483             13.8205
9.00284             12.3483             13.8205
8.24768             12.0353             13.9265
8.24768             12.0353             13.9265
7.54978             12.1964             14.3959
6.96365             13.4436             12.9902
6.96365             13.4436             12.9902
6.96365             13.4436             12.9902
7.26846             12.8214             12.3818
7.26846             12.8214             12.3818
7.27916              11.636             13.5615
7.92401             11.3144             12.2694
7.2414             11.4417             11.9487
7.55634             11.9997             11.1911
8.25285             11.9199             10.6381
7.65182             11.7129             10.5287
7.65182             11.7129             10.5287
6.51401             10.9674             9.37847
5.74612             11.1582             8.85205
5.74612             11.1582             8.85205
5.26306             11.2117             8.31572
5.26306             11.2117             8.31572
5.26306             11.2117             8.31572
5.26306             11.2117             8.31572
5.26306             11.2117             8.31572
4.89589             9.87808             9.01843
4.89589             9.87808             9.01843
4.89589             9.87808             9.01843
4.53394             10.2507             8.47999
5.2933             9.45773             7.66646
5.56775             9.30968             7.32598
5.56775             9.30968             7.32598
5.72591             8.28695             7.04398
5.72591             8.28695             7.04398
5.98959             7.06633              6.4141
6.28058             6.99911             5.45622
6.35691             6.54508             5.00232
4.73329             7.97123             4.14062
3.79366             8.21826             3.12992
3.79366             8.21826             3.12992
3.12006             7.14345             3.99411
3.12006             7.14345             3.99411
2.90363             6.43489             3.20324
2.90363             6.43489             3.20324
2.90363             6.43489             3.20324
2.90363             6.43489             3.20324
3.4536             5.94439             2.02903
3.4536             5.94439             2.02903
3.4536             5.94439             2.02903
3.4536             5.94439             2.02903
4.48175             4.95126             2.99846
3.27674             4.02724             1.88853
3.27674             4.02724             1.88853
3.27674             4.02724             1.88853
3.27674             4.02724             1.88853
3.27674             4.02724             1.88853
2.38214             4.68945            0.989881
2.38329               4.494             1.66576
2.1803             4.53332             1.32588
2.06025             3.47498          -0.0658151
1.48884             2.27306             1.12086
0.994915             1.99617             1.30359
0.994915             1.99617             1.30359
0.994915             1.99617             1.30359
0.994915             1.99617             1.30359
0.994915             1.99617             1.30359
0.994915             1.99617             1.30359
-0.752198             2.51675            0.635116
-0.631677             1.92764             1.27112
-0.773174             1.62988            0.612915
-0.773174             1.62988            0.612915
-1.70124             1.15617         -0.00380114
-2.06529            0.720124             1.63369
-1.28781             1.17593             1.32862
-1.28781             1.17593             1.32862
-1.40419             1.30136            0.714307
-0.334299            0.559062             1.59928
-0.733268            0.249231             1.48148
-0.188662          -0.0850219            0.300209
-0.780215            0.647725            0.325998
-0.780215            0.647725            0.325998
-0.428513            0.526356             0.45145
-0.221977            0.426068            0.395853
-0.221977            0.426068            0.395853
0.278025           -0.292662             -0.3515
0.278025           -0.292662             -0.3515
0.278025           -0.292662             -0.3515
0.278025           -0.292662             -0.3515
0.811105             -1.0586           -0.148437
0.372701           -0.220116           -0.708523
0.372701           -0.220116           -0.708523
-0.263193           -0.033349           -0.149354
0.945507            -0.27157           -0.421835
-0.156273           -0.539379           -0.962571
-0.156273           -0.539379           -0.962571
-0.492507            0.333419             0.28206
-0.492507            0.333419             0.28206
-0.142461           -0.574554           -0.282944
-0.142461           -0.574554           -0.282944
-0.142461           -0.574554           -0.282944
-0.142461           -0.574554           -0.282944
-0.575912            0.131439           -0.151743
-0.575912            0.131439           -0.151743
-0.153211            0.056946           -0.779764
-0.153211            0.056946           -0.779764
-0.153211            0.056946           -0.779764
0.926934          -0.0843287           -0.337151
1.36556            -1.59032           -0.671278
1.64565            -1.74104           -0.662667
1.64565            -1.74104           -0.662667
0.851423            -1.38407           -0.286745
1.57009            -1.35508           0.0636046
1.38671            -1.83409          -0.0290391
1.38671            -1.83409          -0.0290391
0.24249           -0.783368           -0.926629
0.24249           -0.783368           -0.926629
0.24249           -0.783368           -0.926629
0.853964           -0.198204           -0.923902
-0.0433694            0.688532            0.606736
-0.0433694            0.688532            0.606736
-0.0433694            0.688532            0.606736
-0.701721            0.353876            0.449383
-0.790382           -0.310555            0.378948
-0.790382           -0.310555            0.378948
-0.790382           -0.310555            0.378948
-0.36681            0.262584          -0.0506182
-0.36681            0.262584          -0.0506182
-0.36681            0.262584          -0.0506182
-0.36681            0.262584          -0.0506182
-0.178245           -0.409358           -0.237982
0.731615           -0.028817              0.3426
0.966784          -0.0520448             1.12799
0.966784          -0.0520448             1.12799
0.966784          -0.0520448             1.12799
0.349268          -0.0204144            0.817441
0.349268          -0.0204144            0.817441
0.886053           -0.212098           -0.262122
0.886053           -0.212098           -0.262122
0.242111           -0.253001            0.208595
0.266397            0.190758            0.222448
0.266397            0.190758            0.222448
0.266397            0.190758            0.222448
0.266397            0.190758            0.222448
0.266397            0.190758            0.222448
0.266397            0.190758            0.222448
0.266397            0.190758            0.222448
0.266397            0.190758            0.222448
0.266397            0.190758            0.222448
0.266397            0.190758            0.222448
0.266397            0.190758            0.222448
0.266397            0.190758            0.222448
-0.336655           -0.139536           -0.549691
-0.336655           -0.139536           -0.549691
-0.336655           -0.139536           -0.549691
-0.336655           -0.139536           -0.549691
-0.336655           -0.139536           -0.549691
-0.336655           -0.139536           -0.549691
0.414471           -0.125535            -1.09286
0.414471           -0.125535            -1.09286
0.414471           -0.125535            -1.09286
-0.957377           -0.347783           -0.398169
-0.957377           -0.347783           -0.398169
-0.957377           -0.347783           -0.398169
-0.0199143          -0.0166813            -1.18762
-0.0199143          -0.0166813            -1.18762
0.825231             0.33892           -0.887664
0.825231             0.33892           -0.887664
0.825231             0.33892           -0.887664
0.0449519           -0.229597           -0.426887
-0.0219578           0.0710267             0.14907
-0.0219578           0.0710267             0.14907
-0.0219578           0.0710267             0.14907
-0.0219578           0.0710267             0.14907
-0.0219578           0.0710267             0.14907
-0.0219578           0.0710267             0.14907
-0.0219578           0.0710267             0.14907
-0.0219578           0.0710267             0.14907
0.432801           -0.174884            0.126147
-0.521594             0.58378           -0.284704
-0.91381            0.636223           -0.826268
-0.91381            0.636223           -0.826268
-0.91381            0.636223           -0.826268
-0.91381            0.636223           -0.826268
-1.13934            0.329265         -0.00273066
-1.13934            0.329265         -0.00273066
-1.39677            0.205121            -1.08994
-1.39677            0.205121            -1.08994
-1.19656            0.291723           -0.573254
-0.630313             0.96415           -0.759984
0.352967           -0.549672           -0.674189
0.352967           -0.549672           -0.674189
-0.58876            0.733987           -0.458034
-0.58876            0.733987           -0.458034
0.362819            0.183905           -0.270951
0.362819            0.183905           -0.270951
-0.709132            0.435277            -1.10523
-0.709132            0.435277            -1.10523
-1.06571           -0.127779            -1.32912
-1.12732           -0.600295           -0.419967
-1.12732           -0.600295           -0.419967
-1.12732           -0.600295           -0.419967
-2.77932             1.23316            -1.00642
-2.77932             1.23316            -1.00642
-2.06857             2.20591            -1.15767
-2.06857             2.20591            -1.15767
-1.57374             1.93827           -0.934461
-0.725091             2.27581            -1.37136
-0.922797             2.16798           -0.911083
-0.54584             1.06777           -0.981795
0.0901187             1.41732           -0.282112
0.557157            0.847993           -0.440019
0.623604            0.124187            -1.28902
-0.194312            0.573404            -1.24435
-0.194312            0.573404            -1.24435
-0.815069             1.22659           -0.203448
-1.42855            0.922609             0.42125
-0.690721             -1.1305            0.795497
-0.246345           -0.531036             1.14714
-0.246345           -0.531036             1.14714
-0.246345           -0.531036             1.14714
-0.246345           -0.531036             1.14714
-0.0937822            -1.43521             0.21664
-0.0937822            -1.43521             0.21664
-0.0937822            -1.43521             0.21664
0.657386           -0.337595            -1.17166
-0.553391            0.529775            -1.09298
-0.0624371            0.318007           -0.375757
0.631609            0.394675            -1.03697
0.631609            0.394675            -1.03697
0.631609            0.394675            -1.03697
0.631609            0.394675            -1.03697
0.0706049            0.130689           -0.561809
-0.000525854            0.301699           -0.499919
0.862883             1.08366            0.105974
1.02244            0.827824            0.690341
1.02244            0.827824            0.690341
1.02244            0.827824            0.690341
1.02244            0.827824            0.690341
1.02244            0.827824            0.690341
1.02244            0.827824            0.690341
1.02244            0.827824            0.690341
1.02244            0.827824            0.690341
1.3855            0.483433            0.833621
1.3855            0.483433            0.833621
1.053            0.127828           -0.375881
1.053            0.127828           -0.375881
1.053            0.127828           -0.375881
0.930115            0.508342            0.122132
0.534591            0.320092           -0.632934
0.534591            0.320092           -0.632934
0.534591            0.320092           -0.632934
0.534591            0.320092           -0.632934
0.534591            0.320092           -0.632934
0.534591            0.320092           -0.632934
0.427796            0.599456           -0.215099
0.427796            0.599456           -0.215099
0.506504            0.356806            0.545523
0.506504            0.356806            0.545523
0.152817           0.0993753             0.79797
0.152817           0.0993753             0.79797
0.145522            -1.00899              1.1971
-0.536713            -1.91475             2.74764
-1.72416           -0.921045             1.77145
-2.30609           -0.973874             1.79936
-2.7051            -1.65853             1.14354
-3.8711           -0.763549           -0.505725
-3.8711           -0.763549           -0.505725
-2.55772            -1.49977           -0.806342
-2.55772            -1.49977           -0.806342
-2.31261            -2.64548           -0.777086
-0.905535            -2.51434            -1.68748
-1.76601            -1.68238            0.137541
-1.76601            -1.68238            0.137541
-1.76601            -1.68238            0.137541
-1.38093             -1.5568            0.607031
-1.38093             -1.5568            0.607031
-1.77495            -1.69016             0.52232
-1.77495            -1.69016             0.52232
-1.77495            -1.69016             0.52232
-1.83499            -1.15004            0.374032
-0.875915           -0.581682            -0.79939
-0.875915           -0.581682            -0.79939
-0.875915           -0.581682            -0.79939
-0.875915           -0.581682            -0.79939
-0.233835            0.139364           -0.634676
-0.233835            0.139364           -0.634676
-0.233835            0.139364           -0.634676
-0.233835            0.139364           -0.634676
-0.233835            0.139364           -0.634676
-0.376952            0.548076            0.462503
-0.376952            0.548076            0.462503
-0.376952            0.548076            0.462503
-1.01307             1.00102            -0.67788
-0.98375            0.686169           -0.509612
-0.338017            0.977715           -0.953183
-0.235836             1.07863            -1.40161
-0.235836             1.07863            -1.40161
-0.235836             1.07863            -1.40161
-0.235836             1.07863            -1.40161
-0.342751            0.860742           -0.985403
-0.342751            0.860742           -0.985403
-0.342751            0.860742           -0.985403
-0.390831            0.829725            -0.83097
-0.347396            0.812672           -0.072624
-0.347396            0.812672           -0.072624
-0.54772             0.88962            0.313046
-0.495803            0.625384          -0.0399919
-0.495803            0.625384          -0.0399919
-0.937319            0.435145            0.417391
-1.75065             1.28771           -0.577917
-1.75065             1.28771           -0.577917
-1.0299             1.79612            -1.09229
-1.0299             1.79612            -1.09229
-1.0299             1.79612            -1.09229
-0.956442             1.83444            -1.23469
0.224646             0.59746            -1.40417
0.605044             1.52654           -0.769333
0.915227             1.11216            0.662668
0.915227             1.11216            0.662668
0.915227             1.11216            0.662668
1.05727           0.0377098            0.699452
1.05727           0.0377098            0.699452
0.7728            0.316619            0.460628
0.314088             0.50744            0.696647
0.314088             0.50744            0.696647
-0.328407            -1.25632             0.88966
-0.328407            -1.25632             0.88966
-0.591247            -2.20745              1.0637
-1.31572            -1.43273             0.60436
-1.21478           -0.999733            0.885063
-1.21478           -0.999733            0.885063
-0.614281           -0.376389            0.489743
0.0296637           -0.147286             1.02365
0.043709            -1.14123            0.409935
0.043709            -1.14123            0.409935
0.705824            -0.67173          -0.0338827
0.705824            -0.67173          -0.0338827
0.433299           -0.884066           0.0531817
0.433299           -0.884066           0.0531817
0.433299           -0.884066           0.0531817
0.433299           -0.884066           0.0531817
0.433299           -0.884066           0.0531817
0.433299           -0.884066           0.0531817
0.433299           -0.884066           0.0531817
-0.529028            0.530838            0.027727
-0.825638          -0.0745506           -0.198231
-0.825638          -0.0745506           -0.198231
-0.825638          -0.0745506           -0.198231
-0.825638          -0.0745506           -0.198231
-0.825638          -0.0745506           -0.198231
-0.543723          0.00455997            -0.37307
-0.543723          0.00455997            -0.37307
-0.543723          0.00455997            -0.37307
-0.543723          0.00455997            -0.37307
-0.543723          0.00455997            -0.37307
0.509301            0.386495           -0.468675
0.604098             0.17461           -0.973077
0.604098             0.17461           -0.973077
0.604098             0.17461           -0.973077
1.32039            0.980695            -1.63341
0.18651             1.05894            -2.09797
-0.22301            0.467532            -2.31031
0.681914              1.5582            -1.77777
0.681914              1.5582            -1.77777
1.39833             2.02527            -1.49759
2.06324             1.34501          -0.0561051
2.06324             1.34501          -0.0561051
2.06324             1.34501          -0.0561051
1.81208            0.732228            0.128457
1.46433            0.807261             0.51966
1.46433            0.807261             0.51966
1.46433            0.807261             0.51966
2.09635            0.668709            0.214644
2.09635            0.668709            0.214644
1.15098             1.67302        -0.000666717
1.15098             1.67302        -0.000666717
1.15098             1.67302        -0.000666717
0.720537            0.885906            0.118091
0.603503            0.712631            0.189428
0.74591            0.237164           -0.230612
0.369256            0.521764          0.00864924
0.571292           -0.252604            0.176441
0.571292           -0.252604            0.176441
-0.137936            0.500797           -0.129525
-0.93785           0.0521868             1.30487
-0.971838           -0.434618            0.714301
0.534787           -0.527899           -0.544496
0.534787           -0.527899           -0.544496
0.534787           -0.527899           -0.544496
0.534787           -0.527899           -0.544496
0.534787           -0.527899           -0.544496
0.534787           -0.527899           -0.544496
0.534787           -0.527899           -0.544496
0.534787           -0.527899           -0.544496
0.603517            0.497981           -0.429318
-0.817344            0.746539             1.06458
-0.228209             1.27394             1.18128
-0.228209             1.27394             1.18128
0.0587533           -0.540816          -0.0395559
0.0587533           -0.540816          -0.0395559
0.0587533           -0.540816          -0.0395559
0.0587533           -0.540816          -0.0395559
0.0587533           -0.540816          -0.0395559
0.0587533           -0.540816          -0.0395559
0.464982           -0.301582            -1.03348
0.464982           -0.301582            -1.03348
1.11715           -0.764369           0.0996406
1.73586          -0.0301073           -0.334614
1.73586          -0.0301073           -0.334614
1.73586          -0.0301073           -0.334614
1.73586          -0.0301073           -0.334614
1.11098           -0.937278            0.290143
1.11098           -0.937278            0.290143
1.11098           -0.937278            0.290143
1.30093           -0.804026            0.672407
0.54171            0.147027          -0.0713222
0.54171            0.147027          -0.0713222
-0.0189834             1.30817            -0.35831
-0.0189834             1.30817            -0.35831
-0.0189834             1.30817            -0.35831
0.129065            0.844555            0.770338
0.129065            0.844555            0.770338
0.665128            0.756265             1.10681
0.298936            0.978263              1.1047
0.531913             1.01602            0.689624
0.531913             1.01602            0.689624
0.531913             1.01602            0.689624
0.531913             1.01602            0.689624
0.236984            0.503835           -0.877227
0.236984            0.503835           -0.877227
0.504867            0.387911           -0.849527
0.504867            0.387911           -0.849527
0.0781149            0.588803            -0.79395
-0.355623            0.273076           -0.583043
-0.355623            0.273076           -0.583043
-0.355623            0.273076           -0.583043
-0.355623            0.273076           -0.583043
-0.355623            0.273076           -0.583043
-1.11682          -0.0020516           -0.175757
-1.11682          -0.0020516           -0.175757
-1.11682          -0.0020516           -0.175757
-1.11682          -0.0020516           -0.175757
-2.27354           -0.514539           -0.211115
-2.0299            -1.01027           -0.307133
-2.0299            -1.01027           -0.307133
-2.0299            -1.01027           -0.307133
-2.60413           -0.239981            0.633572
-2.60413           -0.239981            0.633572
-2.4523           -0.346558            0.957652
-2.16352            -1.25957           -0.159535
-2.16352            -1.25957           -0.159535
-1.95349           -0.663753           -0.152571
-1.95349           -0.663753           -0.152571
-1.80364            0.248101            0.114446
-1.34431            -1.22362           -0.131504
-2.59452           -0.298629            0.286823
-2.74198           -0.100384            0.130134
-2.74198           -0.100384            0.130134
-2.45444          -0.0419859              1.5378
-2.45444          -0.0419859              1.5378
-1.87898           -0.264419             1.81173
-0.779813            0.338298             2.14917
-0.0293582          -0.0203738             2.01564
-0.467181            0.904948             1.74545
-0.703094            0.711911             1.19253
0.424967             0.34078            0.440208
0.424967             0.34078            0.440208
0.424967             0.34078            0.440208
0.424967             0.34078            0.440208
0.424967             0.34078            0.440208
0.424967             0.34078            0.440208
0.424967             0.34078            0.440208
0.588199            0.152367          -0.0353903
0.588199            0.152367          -0.0353903
0.588199            0.152367          -0.0353903
0.588199            0.152367          -0.0353903
0.588199            0.152367          -0.0353903
0.588199            0.152367          -0.0353903
-0.486112             1.55527             0.19777
0.958017            0.769135           -0.801018
0.958017            0.769135           -0.801018
0.489694            -0.56938           -0.771257
0.489694            -0.56938           -0.771257
0.489694            -0.56938           -0.771257
0.210025           -0.310956           -0.716654
-0.814085           -0.861851           -0.346648
-1.04755           -0.113846             1.00846
-0.52434           -0.230394             1.47839
-0.52434           -0.230394             1.47839
-0.52434           -0.230394             1.47839
-0.52434           -0.230394             1.47839
-0.52434           -0.230394             1.47839
0.580568           -0.579353          -0.0721875
0.580568           -0.579353          -0.0721875
1.04704            0.402311           -0.805554
1.04704            0.402311           -0.805554
1.35728           -0.179883            -1.08442
1.06209            0.253605           -0.400643
1.06209            0.253605           -0.400643
0.832953           -0.764063             -0.2628
0.832953           -0.764063             -0.2628
0.832953           -0.764063             -0.2628
-0.157629            -1.18883           -0.267633
-0.157629            -1.18883           -0.267633
-0.496743            -1.42575           -0.356374
-0.496743            -1.42575           -0.356374
-1.20622           -0.892132           -0.531661
-0.0325633            -1.27479           -0.408033
-0.0325633            -1.27479           -0.408033
-0.810454           -0.786239           -0.482914
-0.810454           -0.786239           -0.482914
-1.60966           0.0867235           -0.108646
-0.851554           -0.863903            0.594804
1.12485           -0.245976            0.242666
-0.0160085           -0.652033           -0.524899
-0.174916           -0.418798           -0.886171
-0.174916           -0.418798           -0.886171
-0.875545           -0.212025            -1.26683
-0.734258           -0.230353           -0.200801
-0.65391           -0.512296            0.828797
-0.65391           -0.512296            0.828797
-0.00632475           -0.366087            0.843115
-0.00632475           -0.366087            0.843115
0.557708           -0.306869             1.76099
0.557708           -0.306869             1.76099
0.557708           -0.306869             1.76099
0.557708           -0.306869             1.76099
0.547449           -0.652255             1.63835
0.52465           -0.293822             2.96923
1.57204             1.23233             2.92181
1.57204             1.23233             2.92181
0.895947             2.60628             2.47803
1.30461             2.70928             2.28679
0.992348              3.2782             2.47341
0.557945             3.43386             2.30323
0.0834284             3.29321             3.10476
-0.445082             3.27736             2.18539
-1.05886              3.4204             3.36021
-1.22138              2.4179             3.09752
-0.742368             1.80729             3.51439
-0.243603             1.54457             2.53456
-0.0591377             1.27036             1.57466
-0.951349            0.385766           0.0209314
0.387369           -0.101277            0.940639
0.387369           -0.101277            0.940639
0.387369           -0.101277            0.940639
0.387369           -0.101277            0.940639
-0.0491329            0.976831             1.61096
-0.0491329            0.976831             1.61096
-0.0491329            0.976831             1.61096
-0.0491329            0.976831             1.61096
-0.0491329            0.976831             1.61096
0.692608             0.93352             1.47152
-0.419464            0.300312             1.90465
-0.227143           -0.244839             0.91238
-0.227143           -0.244839             0.91238
-0.227143           -0.244839             0.91238
-0.28179           -0.373213            0.842819
-0.28179           -0.373213            0.842819
-0.771499           -0.161868            0.857585
-0.771499           -0.161868            0.857585
-0.771499           -0.161868            0.857585
-0.712937           -0.521701             1.22086
-0.712937           -0.521701             1.22086
-0.712937           -0.521701             1.22086
-0.712937           -0.521701             1.22086
-0.712937           -0.521701             1.22086
-0.719205           -0.713589             1.45677
-0.719205           -0.713589             1.45677
1.36259           -0.913982            0.710312
1.36259           -0.913982            0.710312
1.01707            -1.51475            -0.31459
0.776265            -1.29111            -1.17484
0.776265            -1.29111            -1.17484
0.776265            -1.29111            -1.17484
0.776265            -1.29111            -1.17484
1.16693            -1.53446           -0.143699
0.853662            -1.30488            0.335748
0.853662            -1.30488            0.335748
0.853662            -1.30488            0.335748
1.65046            -1.67728            0.275258
1.65046            -1.67728            0.275258
1.65046            -1.67728            0.275258
1.65046            -1.67728            0.275258
1.65046            -1.67728            0.275258
1.65046            -1.67728            0.275258
1.0319             -0.5299            -2.03418
1.6155           -0.441817           -0.202101
1.6155           -0.441817           -0.202101
0.140605            0.738912           -0.433606
0.96203            0.807813            0.222845
0.514375            0.486472            0.455069
1.44815            0.484112            0.663173
1.44815            0.484112            0.663173
1.44815            0.484112            0.663173
0.221561              1.0026            0.364485
0.221561              1.0026            0.364485
-0.52805             0.67629            0.620946
-0.52805             0.67629            0.620946
0.252825           -0.265126            0.777508
0.252825           -0.265126            0.777508
-0.317367            0.235795          -0.0352616
-0.317367            0.235795          -0.0352616
-0.317367            0.235795          -0.0352616
-0.317367            0.235795          -0.0352616
0.356838            0.181004           -0.525457
0.356838            0.181004           -0.525457
-1.12873            0.672325             -0.5395
-1.12873            0.672325             -0.5395
-2.41525            0.867163            -1.12043
-2.6108           -0.227243            0.719299
-2.6108           -0.227243            0.719299
-2.6108           -0.227243            0.719299
-1.96692           -0.264498            0.584783
-1.96692           -0.264498            0.584783
-1.96692           -0.264498            0.584783
-1.65118            0.353163            0.124412
-1.47848            -0.59599           -0.871803
-1.47848            -0.59599           -0.871803
-1.19888           -0.443574             -2.2329
-1.49559            -1.32592           -0.209243
-1.49559            -1.32592           -0.209243
0.0736321           -0.592275           -0.948303
-0.922992            0.174391            -1.75737
-1.69342            0.987692              -1.775
-1.71334             1.65049            -1.21072
-1.71334             1.65049            -1.21072
-1.71334             1.65049            -1.21072
-1.88509              1.7492           -0.433751
-2.34312             2.43711           -0.545111
-2.53712             2.87175           -0.262154
-2.53712             2.87175           -0.262154
-2.53712             2.87175           -0.262154
-2.53712             2.87175           -0.262154
-1.87805              2.9761          -0.0497654
-1.62882             2.39562           -0.275032
-1.62882             2.39562           -0.275032
-1.62882             2.39562           -0.275032
-1.36403             2.66304             -1.3353
-1.01531             2.89113           -0.832974
-1.52833             3.28232           -0.581638
-1.52833             3.28232           -0.581638
-1.52833             3.28232           -0.581638
-1.04718             3.28836           -0.125165
0.0703091             3.11976            -2.00112
0.0703091             3.11976            -2.00112
0.0703091             3.11976            -2.00112
0.0703091             3.11976            -2.00112
0.901224             2.17236            -3.42121
1.37702             2.86183            -2.74268
0.487114             2.40402            -2.28589
0.487114             2.40402            -2.28589
0.487114             2.40402            -2.28589
0.697666             1.18509            -3.04789
0.697666             1.18509            -3.04789
-0.219048             1.40334            -2.33194
0.320991              1.5931            -1.93448
0.320991              1.5931            -1.93448
0.320991              1.5931            -1.93448
0.320991              1.5931            -1.93448
-0.310772             1.58373             -2.4484
0.588597            0.414273           -0.918779
0.709179           -0.470353           -0.608324
0.709179           -0.470353           -0.608324
0.709179           -0.470353           -0.608324
1.5999           -0.516526           -0.420996
1.09577           0.0841879           -0.547123
1.09577           0.0841879           -0.547123
0.80512            0.773752           -0.461148
0.964413             1.26153           -0.876513
0.964413             1.26153           -0.876513
0.964413             1.26153           -0.876513
0.505072             1.67961           -0.296196
1.62918            0.544771            0.642357
1.62918            0.544771            0.642357
1.22778            0.458063            -0.34405
1.08558              1.0653            0.230951
1.08558              1.0653            0.230951
1.8282             1.13643            0.110306
-0.0263225            0.933932           -0.801075
-0.540057            0.562639            -1.40521
-0.553787           -0.663107           -0.302299
-0.553787           -0.663107           -0.302299
-0.553787           -0.663107           -0.302299
-0.553787           -0.663107           -0.302299
-0.553787           -0.663107           -0.302299
-0.734707            -1.03238           -0.736942
-1.44981            0.304905            0.777654
-1.44981            0.304905            0.777654
-1.44981            0.304905            0.777654
-1.44981            0.304905            0.777654
-1.44981            0.304905            0.777654
-1.44981            0.304905            0.777654
-1.01874            0.725302             1.36626
-1.01874            0.725302             1.36626
-1.01874            0.725302             1.36626
-1.34126            0.705596             1.71957
-1.34126            0.705596             1.71957
-1.34126            0.705596             1.71957
-1.34126            0.705596             1.71957
-1.34126            0.705596             1.71957
0.102387            0.136744               1.887
0.102387            0.136744               1.887
0.102387            0.136744               1.887
0.102387            0.136744               1.887
0.102387            0.136744               1.887
-0.148757           -0.781951             1.11961
0.326531            -1.82788             2.38477
0.326531            -1.82788             2.38477
0.485662            -1.37579              2.5197
0.633907            -1.29904             2.16077
0.633907            -1.29904             2.16077
0.585801            -1.76784             2.07431
0.585801            -1.76784             2.07431
0.699282            -1.33537            0.885585
0.699282            -1.33537            0.885585
0.699282            -1.33537            0.885585
0.969428           -0.281122             1.18049
1.14885           -0.948953           -0.119246
1.95274           -0.969309           -0.415624
1.95274           -0.969309           -0.415624
1.95274           -0.969309           -0.415624
1.89953           -0.734758           -0.984671
1.89953           -0.734758           -0.984671
1.89953           -0.734758           -0.984671
2.24634           -0.340547            -1.13878
1.55328           -0.619904            -1.55909
1.94804            0.128711            -1.45891
1.07026           -0.128907            -2.20233
1.07026           -0.128907            -2.20233
0.567063           -0.139822            -2.99598
0.567063           -0.139822            -2.99598
-0.0895446           -0.562129            -2.68044
-0.938291           -0.306759            -2.12931
-0.938291           -0.306759            -2.12931
-0.757439           -0.504958            -2.22853
-0.757439           -0.504958            -2.22853
-0.875893           -0.353728           -0.969134
-0.875893           -0.353728           -0.969134
-0.875893           -0.353728           -0.969134
-0.875893           -0.353728           -0.969134
-0.875893           -0.353728           -0.969134
-0.875893           -0.353728           -0.969134
-0.344138           -0.511611             1.06539
-0.344138           -0.511611             1.06539
-0.344138           -0.511611             1.06539
-0.477493           -0.608584             1.55866
-0.477493           -0.608584             1.55866
-0.477493           -0.608584             1.55866
1.15905           -0.147736            0.717237
1.15905           -0.147736            0.717237
1.15905           -0.147736            0.717237
1.15905           -0.147736            0.717237
1.15905           -0.147736            0.717237
1.15905           -0.147736            0.717237
1.15905           -0.147736            0.717237
1.15905           -0.147736            0.717237
0.523174            0.469446             0.81275
-0.572673             1.23578            0.946514
-0.164294             2.13821            0.713763
-0.164294             2.13821            0.713763
-0.164294             2.13821            0.713763
-0.164294             2.13821            0.713763
-1.38149             1.72698            0.166252
-1.60037             2.34447            0.713765
-0.43981             2.55232            0.695167
-0.321049              1.5977              1.8356
-0.786332             1.37964              1.4993
-0.786332             1.37964              1.4993
-1.10966           -0.182182              1.7555
-1.12109            -0.70919             1.64819
-0.360898           -0.850251            0.743528
-0.360898           -0.850251            0.743528
-0.762709           -0.849952             1.53739
-0.328869            0.123312             1.25591
-0.328869            0.123312             1.25591
-1.09005        -0.000388176            0.786415
-1.09005        -0.000388176            0.786415
0.143872            0.130335           -0.401073
0.143872            0.130335           -0.401073
0.143872            0.130335           -0.401073
0.143872            0.130335           -0.401073
0.143872            0.130335           -0.401073
0.143872            0.130335           -0.401073
-1.09829             -1.4626           -0.809015
-1.09829             -1.4626           -0.809015
-1.09829             -1.4626           -0.809015
-0.620539           -0.655939           0.0747479
-0.620539           -0.655939           0.0747479
-0.620539           -0.655939           0.0747479
0.537237           -0.252355            0.145495
0.434804            0.432609             0.11243
0.434804            0.432609             0.11243
0.803062            0.412571            0.989918
-0.21438           -0.775721            0.739466
-0.21438           -0.775721            0.739466
-0.412994           -0.803519            0.318977
0.34089            0.245077             1.14537
0.439928            0.427478            0.547061
-0.580577           -0.368655             1.10562
-0.631651           -0.189004            0.804357
0.680355            0.348722           0.0753881
0.680355            0.348722           0.0753881
0.680355            0.348722           0.0753881
0.680355            0.348722           0.0753881
0.906011           -0.192951            0.532078
0.906011           -0.192951            0.532078
1.35747            -1.11504            0.523076
0.98269            -1.88349            0.988522
0.98269            -1.88349            0.988522
1.94178            -1.09438             1.15023
1.94178            -1.09438             1.15023
1.01442            -1.25122             1.53174
1.01442            -1.25122             1.53174
1.01442            -1.25122             1.53174
1.01442            -1.25122             1.53174
1.01442            -1.25122             1.53174
1.01442            -1.25122             1.53174
0.875747           -0.853542             1.06048
0.505599            0.337785             1.24425
0.831154           -0.181644             1.37944
0.831154           -0.181644             1.37944
0.831154           -0.181644             1.37944
0.831154           -0.181644             1.37944
0.116665           -0.916912             1.52999
0.116665           -0.916912             1.52999
0.508992           -0.983247            0.453694
0.508992           -0.983247            0.453694
0.185388           -0.102049           -0.136771
0.185388           -0.102049           -0.136771
0.185388           -0.102049           -0.136771
0.185388           -0.102049           -0.136771
0.185388           -0.102049           -0.136771
0.897733           -0.400084             1.10441
0.897733           -0.400084             1.10441
0.897733           -0.400084             1.10441
0.897733           -0.400084             1.10441
0.897733           -0.400084             1.10441
1.71            -0.63296            0.653616
1.71            -0.63296            0.653616
1.71            -0.63296            0.653616
0.796661           -0.913156             1.89252
1.76611            -1.87527             1.75758
1.76611            -1.87527             1.75758
1.43452           -0.971708               2.175
1.38001          -0.0701847             2.09891
1.38001          -0.0701847             2.09891
1.35382           -0.746192             2.42866
1.35382           -0.746192             2.42866
1.70241           -0.372561             2.60673
1.70241           -0.372561             2.60673
1.70241           -0.372561             2.60673
1.70241           -0.372561             2.60673
1.70241           -0.372561             2.60673
1.70241           -0.372561             2.60673
0.966725            -0.25285             2.06565
0.966725            -0.25285             2.06565
0.966725            -0.25285             2.06565
1.69059           -0.538272            0.746041
1.69059           -0.538272            0.746041
1.69059           -0.538272            0.746041
1.36288            -0.88097            0.028942
1.36288            -0.88097            0.028942
1.36288            -0.88097            0.028942
1.06075           -0.778096           -0.178191
1.06075           -0.778096           -0.178191
1.06075           -0.778096           -0.178191
1.76742            -1.14584            0.181643
1.76742            -1.14584            0.181643
1.76742            -1.14584            0.181643
0.927427             -1.2585           -0.138385
-0.612129             -1.2406           -0.168677
0.228736            -1.15685           -0.732618
-0.2181           -0.936719           -0.232092
-0.169515           -0.737036            0.155938
-0.0545451           -0.724719           -0.573427
-0.0545451           -0.724719           -0.573427
0.249152            0.205913           -0.105933
0.249152            0.205913           -0.105933
0.249152            0.205913           -0.105933
0.249152            0.205913           -0.105933
0.249152            0.205913           -0.105933
0.249152            0.205913           -0.105933
0.0314672            0.239295            0.979077
0.0314672            0.239295            0.979077
0.0314672            0.239295            0.979077
0.0314672            0.239295            0.979077
0.945708            0.030129            0.631447
0.945708            0.030129            0.631447
1.20541            0.601925             1.29138
1.42426            0.963503            0.479091
1.42426            0.963503            0.479091
0.405194          -0.0463157             1.29582
0.405194          -0.0463157             1.29582
0.405194          -0.0463157             1.29582
0.405194          -0.0463157             1.29582
0.405194          -0.0463157             1.29582
0.405194          -0.0463157             1.29582
0.405194          -0.0463157             1.29582
0.394941             -0.4765            0.511656
0.394941             -0.4765            0.511656
0.394941             -0.4765            0.511656
0.394941             -0.4765            0.511656
0.123749          -0.0448254           -0.308956
0.123749          -0.0448254           -0.308956
0.123749          -0.0448254           -0.308956
0.21107          -0.0340502           -0.534585
-1.27296           0.0507964            -1.27237
-0.200276           -0.306679            -1.16369
-0.200276           -0.306679            -1.16369
-0.200276           -0.306679            -1.16369
-0.153376            0.937792           -0.147749
-0.153376            0.937792           -0.147749
-0.153376            0.937792           -0.147749
-1.13834         -0.00940166            0.438399
-0.509206          -0.0291059            0.760134
-0.509206          -0.0291059            0.760134
-1.26514            0.412395            0.440977
-0.122306            -1.07613            0.110708
-0.280099           -0.967257            0.065386
-0.280099           -0.967257            0.065386
-0.280099           -0.967257            0.065386
0.230368           -0.147975           -0.307487
0.230368           -0.147975           -0.307487
0.230368           -0.147975           -0.307487
0.230368           -0.147975           -0.307487
0.230368           -0.147975           -0.307487
0.230368           -0.147975           -0.307487
0.230368           -0.147975           -0.307487
0.230368           -0.147975           -0.307487
0.230368           -0.147975           -0.307487
-1.10778           -0.246366           -0.362968
-0.241048           -0.194823           -0.955215
-0.529608           -0.624613            0.139734
-0.529608           -0.624613            0.139734
-0.529608           -0.624613            0.139734
-0.529608           -0.624613            0.139734
-0.529608           -0.624613            0.139734
-0.529608           -0.624613            0.139734
-0.113204           -0.884688            0.128408
-0.113204           -0.884688            0.128408
-0.237823            -1.91301            0.482178
0.626482             -1.6508            0.954839
0.626482             -1.6508            0.954839
0.626482             -1.6508            0.954839
-0.494395           -0.840509            0.508412
0.124183           -0.354997           -0.578046
-0.734663           -0.535371           -0.825142
-0.325561            -1.15487           -0.331658
0.0680419           -0.451945             1.14108
0.0680419           -0.451945             1.14108
0.0680419           -0.451945             1.14108
0.303318            0.299716            0.845107
0.303318            0.299716            0.845107
0.303318            0.299716            0.845107
0.303318            0.299716            0.845107
0.303318            0.299716            0.845107
0.84715             1.99352            0.558989
0.84715             1.99352            0.558989
0.321396             1.77906            0.340911
-0.465107             1.67001            0.592659
-0.465107             1.67001            0.592659
-0.64448             2.12445            0.199327
-1.18829             2.10774            -0.53323
-1.18829             2.10774            -0.53323
-1.08718             1.10568           -0.579455
-1.26913            0.803435           -0.244212
-1.26482             1.01616            0.232093
-1.7338             1.05812           -0.539685
-1.7338             1.05812           -0.539685
-1.7338             1.05812           -0.539685
-1.59129            0.784707           -0.964275
-1.59129            0.784707           -0.964275
-1.74296            -0.40495           -0.270878
-1.74296            -0.40495           -0.270878
-0.997793            0.734486           -0.512806
-0.401778           0.0535608            -1.09284
-0.401778           0.0535608            -1.09284
0.690778           -0.228814            -1.36082
0.32925           -0.763612            -1.08555
-0.186907           -0.247579           -0.280348
-0.186907           -0.247579           -0.280348
-0.186907           -0.247579           -0.280348
-0.016431            0.189671           -0.150506
0.640045           -0.986824           -0.692556
0.430739            -0.66587            -1.54508
0.274046          -0.0227909            -1.12868
0.274046          -0.0227909            -1.12868
0.274046          -0.0227909            -1.12868
0.274046          -0.0227909            -1.12868
0.274046          -0.0227909            -1.12868
-0.0254          -0.0929596            -0.21563
-0.0254          -0.0929596            -0.21563
-0.0254          -0.0929596            -0.21563
-0.0943512             1.00519           -0.485816
0.513951             1.84024            -0.77377
0.319874             1.02646             1.06907
0.159276           0.0162554            0.442239
0.159276           0.0162554            0.442239
-0.0598242            -1.46488            0.394186
0.166984            -2.15152            0.664438
0.166984            -2.15152            0.664438
0.166984            -2.15152            0.664438
-0.238301            -2.32983            0.261501
-0.238301            -2.32983            0.261501
-0.238301            -2.32983            0.261501
-0.698172            -2.90502            0.516767
-1.2981             -2.5112            0.675698
-0.936792            -2.60911             0.91292
-0.936792            -2.60911             0.91292
-0.936792            -2.60911             0.91292
-0.544103            -1.25945             2.13773
-0.882839            -1.19493             1.11984
-0.882839            -1.19493             1.11984
-0.136175            -0.39853             0.61994
-0.136175            -0.39853             0.61994
-0.136175            -0.39853             0.61994
-0.136175            -0.39853             0.61994
-0.136175            -0.39853             0.61994
-0.159572            0.546589           -0.318415
-0.257719            0.689053            0.740298
-0.496674            0.306373            0.901782
-0.496674            0.306373            0.901782
-0.496674            0.306373            0.901782
-0.496674            0.306373            0.901782
0.873039            0.682861            0.131911
0.873039            0.682861            0.131911
0.873039            0.682861            0.131911
-0.490536          0.00234835           -0.887827
-0.490536          0.00234835           -0.887827
0.220504            0.208112           -0.939099
0.713296            0.531163           -0.396755
0.74981            0.402913           -0.210758
0.74981            0.402913           -0.210758
-0.10984           -0.232623           0.0763879
-0.10984           -0.232623           0.0763879
0.594346            -0.10345           -0.153124
0.594346            -0.10345           -0.153124
0.689896            0.590717            0.148195
0.689896            0.590717            0.148195
0.689896            0.590717            0.148195
0.689896            0.590717            0.148195
0.250311            0.347616           -0.069929
0.250311            0.347616           -0.069929
0.250311            0.347616           -0.069929
0.250311            0.347616           -0.069929
0.250311            0.347616           -0.069929
-0.228457            0.279084           -0.143073
-0.228457            0.279084           -0.143073
-0.110635            0.141577           -0.790631
-0.0422074            0.983431            -1.65748
-0.0422074            0.983431            -1.65748
-0.0422074            0.983431            -1.65748
-1.48586            0.729285            -1.36762
-1.48586            0.729285            -1.36762
-1.48586            0.729285            -1.36762
-0.547637              1.8459            -1.43851
-0.547637              1.8459            -1.43851
0.806428             2.25467           -0.472498
0.806428             2.25467           -0.472498
0.30952             2.04345           0.0562805
0.30952             2.04345           0.0562805
-1.02424             1.36999           -0.234336
-1.75527             1.45151           -0.713759
-1.76315             1.50949           -0.250794
-1.76315             1.50949           -0.250794
-1.76315             1.50949           -0.250794
-1.76315             1.50949           -0.250794
-1.76315             1.50949           -0.250794
-1.76315             1.50949           -0.250794
-1.88664             1.67402           -0.942097
-1.88664             1.67402           -0.942097
-1.88664             1.67402           -0.942097
-1.88664             1.67402           -0.942097
-1.88664             1.67402           -0.942097
-0.724302             2.16642            0.199118
0.0911134             1.58165           -0.198822
-0.610633            0.512044            0.728193
-0.610633            0.512044            0.728193
-0.0896654           -0.657059            0.449204
-0.0896654           -0.657059            0.449204
-0.0896654           -0.657059            0.449204
0.307155           -0.845882            -1.03163
-0.714455            -1.28925            -1.53103
-0.714455            -1.28925            -1.53103
-0.352869           -0.731056            0.324172
-1.10825           -0.424664           0.0510425
-0.780394           -0.548825            0.229274
-0.780394           -0.548825            0.229274
-0.481421           -0.506445            0.634293
0.395653           -0.301647            0.651967
0.395653           -0.301647            0.651967
0.395653           -0.301647            0.651967
-0.235445            0.194202           -0.519835
0.849058           -0.371903           -0.876047
0.849058           -0.371903           -0.876047
0.849058           -0.371903           -0.876047
0.849058           -0.371903           -0.876047
0.849058           -0.371903           -0.876047
0.849058           -0.371903           -0.876047
0.95079             1.07485          -0.0912803
0.95079             1.07485          -0.0912803
0.95079             1.07485          -0.0912803
1.43874             1.71614            0.125745
2.07208            0.641668            0.462059
2.07208            0.641668            0.462059
2.3001            0.975912            0.952794
2.42575             1.02355            0.234413
1.67392            0.804886          -0.0353273
0.796913           0.0801207            0.172363
0.796913           0.0801207            0.172363
0.908172           -0.730342           -0.166823
-0.808973           -0.369452           -0.856046
-0.808973           -0.369452           -0.856046
-0.0411052            -1.30362            -1.27031
-0.0411052            -1.30362            -1.27031
0.334066            -1.62729             -1.3783
0.334066            -1.62729             -1.3783
0.399303            -1.07082            -1.64331
0.399303            -1.07082            -1.64331
0.440825            -1.62897           -0.914504
0.440825            -1.62897           -0.914504
0.165341            -2.00645            -1.81803
0.752301            -2.11487            -1.85918
1.09207            -1.37016            -1.86169
0.459512            -1.97162            -1.92984
0.800992             -2.0756            -2.13794
1.53882            -2.18618            -2.26693
0.966401            -1.52937            -2.72671
0.966401            -1.52937            -2.72671
0.966401            -1.52937            -2.72671
0.966401            -1.52937            -2.72671
0.872            -1.07097             -2.0647
0.872            -1.07097             -2.0647
1.71929           0.0519273            -1.40909
0.54213            0.653017            -1.31464
0.54213            0.653017            -1.31464
1.12906            0.861432            -0.88366
1.12906            0.861432            -0.88366
1.12906            0.861432            -0.88366
1.12906            0.861432            -0.88366
1.12906            0.861432            -0.88366
-0.0427698             1.57023           -0.254417
-0.879485             0.75886           -0.186977
-2.55804            0.665149           -0.750764
-1.99863             1.15354           -0.616274
-1.99863             1.15354           -0.616274
-1.478              1.5295            -1.04887
-1.60616              1.3221           -0.841709
-1.60616              1.3221           -0.841709
-0.773945             2.11345            -1.57399
-0.24819             1.06705            -1.04334
0.476213           -0.107289           -0.690156
0.476213           -0.107289           -0.690156
0.476213           -0.107289           -0.690156
-0.132344            -1.30415           -0.141238
0.425946            -1.38791            0.235398
0.425946            -1.38791            0.235398
0.647002            -1.53304             -0.1402
0.647002            -1.53304             -0.1402
-0.123097            -1.36294           -0.520426
-1.11768            -1.14991           -0.434008
-1.11768            -1.14991           -0.434008
-1.45052           -0.718013            -1.41867
-1.47022            0.511943            -1.24395
-1.06579           -0.250855            -1.20288
-1.10724           -0.445642           -0.784085
-0.539497            0.962978          -0.0457625
-0.198011             1.25343           -0.385812
-0.198011             1.25343           -0.385812
-0.198011             1.25343           -0.385812
-0.226373             1.32171            0.879787
0.346337             1.23437             1.37411
0.0900054            0.630111            0.826036
0.726315            0.306826           0.0108772
0.726315            0.306826           0.0108772
0.726315            0.306826           0.0108772
0.249222          -0.0479976           -0.459524
-0.353835            -1.32731            -1.31472
0.310209            -1.32678            -1.13668
0.310209            -1.32678            -1.13668
0.310209            -1.32678            -1.13668
0.310209            -1.32678            -1.13668
0.812674           -0.803875           -0.728361
0.857027             -1.2002           -0.980851
0.164713           -0.505325           -0.706764
0.164713           -0.505325           -0.706764
0.164713           -0.505325           -0.706764
-0.173634           -0.799726           -0.959902
-0.173634           -0.799726           -0.959902
-1.32916            -1.22998           -0.816447
-1.07783           -0.274965            -0.17078
-0.776771           -0.239789            -1.25417
-0.776771           -0.239789            -1.25417
0.204258          -0.0879827           -0.219033
0.204258          -0.0879827           -0.219033
0.204258          -0.0879827           -0.219033
0.204258          -0.0879827           -0.219033
0.204258          -0.0879827           -0.219033
0.204258          -0.0879827           -0.219033
0.204258          -0.0879827           -0.219033
0.204258          -0.0879827           -0.219033
0.204258          -0.0879827           -0.219033
0.204258          -0.0879827           -0.219033
0.204258          -0.0879827           -0.219033
0.204258          -0.0879827           -0.219033
0.488687             0.28359           -0.236337
0.52528            0.715769            0.242434
0.445028             1.09226            0.198223
0.445028             1.09226            0.198223
0.445028             1.09226            0.198223
0.983132             1.13744          -0.0217236
0.983132             1.13744          -0.0217236
0.42589             1.51284            0.864534
0.170754             2.33383             1.49482
0.271796             1.75922             1.74618
0.430906             1.23575             1.12677
0.430906             1.23575             1.12677
0.357049            0.922809              1.4388
0.357049            0.922809              1.4388
0.357049            0.922809              1.4388
0.275923             1.00619             0.75395
0.78579            0.216533              1.0897
1.48937            0.151532              1.5143
1.48937            0.151532              1.5143
1.48937            0.151532              1.5143
1.48937            0.151532              1.5143
0.486375            -1.33439            0.930736
0.486375            -1.33439            0.930736
0.486375            -1.33439            0.930736
0.486375            -1.33439            0.930736
-0.0655021           -0.219956             1.62029
-0.0655021           -0.219956             1.62029
0.325075           -0.651886             1.07582
0.457163           0.0467685            0.423101
0.457163           0.0467685            0.423101
0.457163           0.0467685            0.423101
0.457163           0.0467685            0.423101
0.0944154           -0.319886           -0.618502
-0.792991           -0.442974           -0.551956
-0.0667455            0.235282            0.146362
-0.0667455            0.235282            0.146362
-0.0667455            0.235282            0.146362
-0.0667455            0.235282            0.146362
-0.0667455            0.235282            0.146362
-0.0667455            0.235282            0.146362
-0.0667455            0.235282            0.146362
0.248578             1.03619           -0.445425
0.337151             1.50755           -0.120336
1.25551             1.98727            0.229273
1.25551             1.98727            0.229273
0.841043            0.930681           -0.711393
0.841043            0.930681           -0.711393
0.841043            0.930681           -0.711393
-0.114777            0.693227           -0.131913
-0.114777            0.693227           -0.131913
-0.114777            0.693227           -0.131913
-0.710912             1.74375            0.752248
0.582752             1.39858             1.41761
0.582752             1.39858             1.41761
1.04168             1.30198             1.65353
0.63882            0.450474             1.28322
0.63882            0.450474             1.28322
0.63882            0.450474             1.28322
0.63882            0.450474             1.28322
1.67071            0.779693             1.36919
2.01256             0.84823             1.35246
0.94992             1.13961             1.73269
0.175674             1.58983             1.58851
0.41376            0.856557             1.57338
-0.552534          -0.0650863             1.26025
-0.552534          -0.0650863             1.26025
-0.552534          -0.0650863             1.26025
-0.00722998           -0.704708             1.41689
-0.00722998           -0.704708             1.41689
-0.00722998           -0.704708             1.41689
-0.464849            -1.10011            0.459009
-0.186592            -1.45627             1.17536
-0.25903             -1.9013             1.35479
0.37495           -0.835739            0.452433
0.37495           -0.835739            0.452433
0.13835           -0.615478           -0.315211
0.13835           -0.615478           -0.315211
0.099738           -0.200034           -0.872041
0.099738           -0.200034           -0.872041
0.099738           -0.200034           -0.872041
-0.534697            0.613128            -1.16017
0.651781            0.648198            -1.71897
0.766218            0.979853            -2.62756
0.766218            0.979853            -2.62756
0.766218            0.979853            -2.62756
0.879439           -0.237072            -2.29541
1.30621           -0.496804            -1.58344
1.30621           -0.496804            -1.58344
0.0520915            0.287458            -1.47915
0.0520915            0.287458            -1.47915
-0.825127            0.830262             -0.5658
-0.665578            0.156403           -0.166529
-0.198551            0.124163            0.314272
-0.198551            0.124163            0.314272
-0.433662            0.775006            0.175777
0.241908           -0.339467           -0.812734
0.466274           -0.224243           -0.611651
0.466274           -0.224243           -0.611651
0.466274           -0.224243           -0.611651
0.466274           -0.224243           -0.611651
0.466274           -0.224243           -0.611651
-0.439622           -0.128359             -0.3268
-0.472332            0.170042           -0.243438
-0.472332            0.170042           -0.243438
-0.950552            0.176204            0.268991
-0.950552            0.176204            0.268991
-0.950552            0.176204            0.268991
-0.950552            0.176204            0.268991
-0.170202           -0.403459             1.52855
-0.170202           -0.403459             1.52855
-0.170202           -0.403459             1.52855
-0.140199            -1.72103            0.405181
0.626063            -1.64497            0.514954
0.282527            -1.84317            0.680317
0.282527            -1.84317            0.680317
0.282527            -1.84317            0.680317
0.0511863            -1.58426             1.19977
0.286489            -1.48028             1.44321
-0.244984            -1.91598              1.3091
-0.138204            -1.53848              2.5703
1.02765            -1.78432             1.38943
1.02765            -1.78432             1.38943
0.774343            -2.20743             1.26517
0.774343            -2.20743             1.26517
1.02143            -1.75623             1.00843
1.02143            -1.75623             1.00843
1.51532            -2.33959           -0.548149
1.02643            -1.28225             -1.1015
1.02643            -1.28225             -1.1015
1.02643            -1.28225             -1.1015
1.02643            -1.28225             -1.1015
1.02643            -1.28225             -1.1015
0.994201           -0.887726            -1.35626
-0.0818495           0.0258434            -1.48368
0.891616            0.639909            0.525639
0.891616            0.639909            0.525639
0.891616            0.639909            0.525639
1.54672           -0.148176            0.766499
1.54672           -0.148176            0.766499
1.60956            -0.71621          -0.0664547
1.60956            -0.71621          -0.0664547
2.98945          -0.0983603            0.259794
1.83505             1.45654             1.69087
1.74163             1.84683             1.55332
1.57513             1.78354            0.725119
1.57513             1.78354            0.725119
1.57513             1.78354            0.725119
2.1161             0.55879           -0.213971
1.3629            0.986466            -0.19594
1.3629            0.986466            -0.19594
1.78679            0.414822            0.819085
1.78679            0.414822            0.819085
1.78679            0.414822            0.819085
1.78679            0.414822            0.819085
1.78679            0.414822            0.819085
1.78679            0.414822            0.819085
0.707001            0.782096             1.21644
0.707001            0.782096             1.21644
0.731418            0.315147            0.855334
0.847251            -1.02041           -0.772146
0.847251            -1.02041           -0.772146
-0.229319            -1.21015           -0.617771
0.619853             -1.2489           -0.310369
0.619853             -1.2489           -0.310369
1.58144            -2.46512            0.083095
1.58144            -2.46512            0.083095
1.58144            -2.46512            0.083095
2.33962            -2.06254            0.143961
1.91326            -2.15341            0.428961
2.14843             -2.2115           0.0410264
2.14843             -2.2115           0.0410264
2.12243             -2.5016           -0.314899
2.38465             -2.2284           -0.357093
2.38465             -2.2284           -0.357093
2.46349            -1.62136             0.11771
1.50862            -1.98414            0.537432
1.31039            -1.44979            0.812024
1.61038            -1.45291           -0.287516
1.43404            -1.28576           -0.684679
1.43404            -1.28576           -0.684679
1.43404            -1.28576           -0.684679
1.43404            -1.28576           -0.684679
1.65964            -1.82943             -1.2773
1.35675            -2.13152            -1.07909
1.35675            -2.13152            -1.07909
1.18603            -2.07115            -2.13133
1.52913            -2.60888            -1.36132
1.52913            -2.60888            -1.36132
0.796663            -1.37678            0.413496
0.796663            -1.37678            0.413496
2.41489            -1.28262           -0.280856
1.97476            -1.00787          -0.0831744
2.41681            0.194054            0.514864
2.41681            0.194054            0.514864
2.45862            0.531247             1.06814
1.62586            0.951906              1.9319
0.890123             1.11922              1.5842
0.890123             1.11922              1.5842
0.890123             1.11922              1.5842
0.0889829             0.66375             1.65455
0.827964            0.468475            0.190042
0.827964            0.468475            0.190042
0.564146           0.0796428          -0.0136707
0.564146           0.0796428          -0.0136707
0.564146           0.0796428          -0.0136707
0.564146           0.0796428          -0.0136707
0.887741            -0.11752            0.129059
0.0934018            0.734553            -0.27324
0.0934018            0.734553            -0.27324
0.462687            0.562845           -0.797882
-0.103621            0.743416            -1.19525
0.56883           -0.247426             -1.1307
0.56883           -0.247426             -1.1307
0.314246            -1.15379           -0.189903
0.0322526           -0.614983            0.619952
0.0322526           -0.614983            0.619952
0.0322526           -0.614983            0.619952
0.0322526           -0.614983            0.619952
1.26565           -0.794918            0.717168
0.853061           -0.482633             0.45101
0.853061           -0.482633             0.45101
0.853061           -0.482633             0.45101
0.427839            0.257989           -0.319163
-0.76528           0.0529825            -1.36663
0.349155            0.647802             -1.4705
-0.393586           0.0325083             -1.4648
-0.393586           0.0325083             -1.4648
-0.707002           -0.300463           -0.690974
-0.904851           -0.870809             0.47501
-1.34371           -0.850761           -0.235165
-1.49156           -0.483925           -0.486118
-1.5302           0.0645392           -0.867043
-0.719018            0.336305            -1.60679
-1.63849           -0.103831           -0.932562
-2.23308            -0.71028            -1.20551
-2.57772           -0.286028           -0.209388
-2.17391           -0.439331            0.131412
-1.36513            -0.40291           -0.160346
-0.562642            -0.70351           -0.746759
-0.562642            -0.70351           -0.746759
0.325534           -0.920951           -0.258452
-0.359151           -0.669063          -0.0510578
-0.422342           -0.424391           -0.183523
-0.422342           -0.424391           -0.183523
-0.422342           -0.424391           -0.183523
-0.422342           -0.424391           -0.183523
-0.422342           -0.424391           -0.183523
0.451771            0.452892         -0.00654086
0.451771            0.452892         -0.00654086
0.451771            0.452892         -0.00654086
0.451771            0.452892         -0.00654086
0.451771            0.452892         -0.00654086
0.451771            0.452892         -0.00654086
0.451771            0.452892         -0.00654086
0.451771            0.452892         -0.00654086
0.451771            0.452892         -0.00654086
0.451771            0.452892         -0.00654086
1.43119            0.174616           -0.147737
1.09188          -0.0457395           -0.550258
1.09188          -0.0457395           -0.550258
1.09188          -0.0457395           -0.550258
1.09188          -0.0457395           -0.550258
1.09188          -0.0457395           -0.550258
1.09188          -0.0457395           -0.550258
1.6496           -0.193629           -0.944927
2.67232            0.158264           -0.315331
2.79751           -0.649893           -0.225361
1.85348            0.247944            0.888991
1.85348            0.247944            0.888991
1.85348            0.247944            0.888991
1.85348            0.247944            0.888991
1.74369           -0.112914             1.04183
1.74369           -0.112914             1.04183
1.74369           -0.112914             1.04183
1.74369           -0.112914             1.04183
1.56646            0.260863             2.82634
1.56646            0.260863             2.82634
0.674587           -0.306704             2.32862
0.962423            -1.19709             2.47682
0.962423            -1.19709             2.47682
0.962423            -1.19709             2.47682
0.111036           -0.771643             2.44184
0.111036           -0.771643             2.44184
0.369696          -0.0865814             2.07646
0.369696          -0.0865814             2.07646
0.369696          -0.0865814             2.07646
0.268851           -0.865008             2.04003
-0.391868           -0.612226             1.30589
-0.0557185            -1.56135             1.11111
1.33984             -1.2641            0.841415
0.86976            -1.06281            0.805979
0.86976            -1.06281            0.805979
0.424311          0.00222543             0.97414
0.424311          0.00222543             0.97414
0.658344            0.912371          -0.0211791
0.658344            0.912371          -0.0211791
0.753842             1.03355           -0.234529
0.467108            0.987045           -0.539405
0.467108            0.987045           -0.539405
0.467108            0.987045           -0.539405
0.373832             1.77945          -0.0777406
-0.0849487             1.34595           -0.239618
0.0575643            0.422241            -1.44627
0.0575643            0.422241            -1.44627
0.389372           0.0395588           -0.796996
-0.194768            0.615496            -1.11162
-0.194768            0.615496            -1.11162
-0.194768            0.615496            -1.11162
0.232203            0.302132           -0.708407
0.232203            0.302132           -0.708407
-0.318599            -0.89121           -0.192313
-0.269862             0.37421           -0.736748
-0.269862             0.37421           -0.736748
-0.269862             0.37421           -0.736748
-0.269862             0.37421           -0.736748
-0.269862             0.37421           -0.736748
-0.269862             0.37421           -0.736748
-0.269862             0.37421           -0.736748
-0.269862             0.37421           -0.736748
-0.269862             0.37421           -0.736748
-0.269862             0.37421           -0.736748
-0.269862             0.37421           -0.736748
0.418503            -0.34327           -0.612742
0.418503            -0.34327           -0.612742
0.450304           -0.260514           -0.413716
-0.248295           0.0131476             -1.4698
-0.248295           0.0131476             -1.4698
0.280327            0.441407            -1.50992
-0.387045           -0.128061            -1.31202
0.144058            -1.10039             -1.1388
0.144058            -1.10039             -1.1388
0.144058            -1.10039             -1.1388
0.144058            -1.10039             -1.1388
0.336599           -0.825089            -1.09418
1.39422            -1.93617            -1.07552
1.39422            -1.93617            -1.07552
1.39422            -1.93617            -1.07552
0.614831            -1.98542           -0.683771
0.241848            -1.85545           -0.816319
-0.327685             -1.5238           -0.956767
-0.254511           -0.661525           -0.499037
-0.254511           -0.661525           -0.499037
-0.254511           -0.661525           -0.499037
-0.254511           -0.661525           -0.499037
-0.254511           -0.661525           -0.499037
-0.254511           -0.661525           -0.499037
-0.254511           -0.661525           -0.499037
-0.254511           -0.661525           -0.499037
-0.923914            0.530337           -0.482461
-0.923914            0.530337           -0.482461
-0.923914            0.530337           -0.482461
-0.923914            0.530337           -0.482461
-0.923914            0.530337           -0.482461
-0.923914            0.530337           -0.482461
-2.43279            0.962218           -0.303459
-2.43279            0.962218           -0.303459
-3.32622             1.33762           -0.919091
-2.48878             2.61545             -1.1875
-1.84903             1.26912            -2.83191
-1.9658            0.551685            -2.55476
-2.21717            0.310385            -2.33868
-1.91141             1.00165            -2.36602
-1.91141             1.00165            -2.36602
-0.32012             0.92627            -2.86639
-0.0517667            0.126965            -2.76501
-0.0517667            0.126965            -2.76501
0.717783            0.808843            -2.26113
-0.0623479             1.39768            -1.94783
-0.475542            0.559264            -2.03875
-0.475542            0.559264            -2.03875
-0.475542            0.559264            -2.03875
-0.475542            0.559264            -2.03875
-0.475542            0.559264            -2.03875
-0.515087           -0.139703            -1.05867
-0.336502            -0.81233            -1.09882
-0.37938           -0.823554            -1.23435
-0.080051           -0.631732           -0.937559
-0.080051           -0.631732           -0.937559
-0.591869            0.802259          -0.0226246
-0.591869            0.802259          -0.0226246
-0.591869            0.802259          -0.0226246
-0.977082            0.406177           -0.543109
-0.977082            0.406177           -0.543109
-0.279311            0.866115           -0.806229
-0.782392            0.999008           -0.406628
-2.50257             1.29184             0.57863
-2.79463             1.20195             1.35768
-2.26733             1.62211              1.3842
-2.87525            0.270549            0.656226
-2.49215           -0.785494            0.844817
-2.26191            -1.00563           -0.194854
-2.26191            -1.00563           -0.194854
-2.26191            -1.00563           -0.194854
-2.26191            -1.00563           -0.194854
-2.07061            -1.23962           -0.544476
-2.07061            -1.23962           -0.544476
-1.807            -1.42462           0.0302862
-1.807            -1.42462           0.0302862
-1.807            -1.42462           0.0302862
-1.807            -1.42462           0.0302862
-1.807            -1.42462           0.0302862
-1.46963            -1.19884            0.716538
-1.46963            -1.19884            0.716538
-1.98805           -0.744437            -1.14776
-0.981428            -1.14964           -0.375894
-0.641239           -0.555994            -1.00888
-1.01896           -0.793087              0.1476
-1.01896           -0.793087              0.1476
-1.01896           -0.793087              0.1476
-1.01896           -0.793087              0.1476
-1.1499           -0.402576           -0.114016
-0.851046           -0.056472            0.410006
-0.851046           -0.056472            0.410006
-0.909812           0.0174515            0.493512
-0.259912           -0.264228             1.26235
-1.04161           -0.191381             1.94804
-1.02032           0.0402696              1.3074
-0.770129           -0.303955             1.40738
-1.21378            0.197566             1.87738
-0.876585           -0.401282            0.305463
-0.876585           -0.401282            0.305463
-1.21782           -0.433643            -0.21554
-1.21782           -0.433643            -0.21554
-1.21782           -0.433643            -0.21554
-1.22351           -0.166549           0.0925191
-1.30548            0.343545            0.305137
-1.292           -0.681038           -0.655062
-0.893919            0.944221           -0.925821
0.527005            0.629255           -0.819508
-0.127815            0.664731           -0.823691
0.231681           -0.064148           -0.453511
0.231681           -0.064148           -0.453511
0.231681           -0.064148           -0.453511
0.231681           -0.064148           -0.453511
-0.931733             1.12833            0.237139
0.312399             1.74067           -0.622593
-0.0855403              1.6185           -0.603933
-0.0729463             1.82312           -0.268306
-1.71946            0.933548            -0.61117
-2.33519             1.13312           -0.138065
-2.33519             1.13312           -0.138065
-2.33519             1.13312           -0.138065
-2.06675             1.73802            0.710458
-1.50952              2.2092             1.30101
-1.50952              2.2092             1.30101
-1.04235             1.50202             1.60375
-1.04235             1.50202             1.60375
-0.619415             1.27368            0.492808
-0.339398             1.45104           -0.366067
-0.339398             1.45104           -0.366067
-0.0808606             1.18092           -0.462944
-0.0808606             1.18092           -0.462944
-0.0808606             1.18092           -0.462944
-0.122482           -0.790012           -0.312707
-0.122482           -0.790012           -0.312707
-0.468353           -0.985533           -0.684119
-0.468353           -0.985533           -0.684119
-0.468353           -0.985533           -0.684119
0.460485            -1.36049             0.15598
0.460485            -1.36049             0.15598
1.37042            -1.24504            0.588195
1.37042            -1.24504            0.588195
1.37042            -1.24504            0.588195
1.37042            -1.24504            0.588195
1.54637            -1.90573             1.04969
1.54637            -1.90573             1.04969
1.5367            -1.85373           -0.567554
1.5367            -1.85373           -0.567554
2.17934            -2.65471          -0.0458734
1.35071            -3.40196           -0.639148
1.35071            -3.40196           -0.639148
1.35071            -3.40196           -0.639148
1.19126            -3.43542           -0.383859
1.19126            -3.43542           -0.383859
1.40076            -3.26796           -0.915512
1.40076            -3.26796           -0.915512
1.40076            -3.26796           -0.915512
1.57804            -3.25582            -1.84246
1.69642            -2.92121            -1.05418
1.16215            -3.00645            -1.09728
1.16215            -3.00645            -1.09728
0.314251            -2.04028           -0.303803
-0.172651            -1.62299            -1.34241
0.0585305            -1.74055            -0.48224
-0.618112            -1.03873           -0.307746
-0.618112            -1.03873           -0.307746
-0.618112            -1.03873           -0.307746
-0.618112            -1.03873           -0.307746
-0.618112            -1.03873           -0.307746
-0.618112            -1.03873           -0.307746
-0.979644           -0.882335           -0.491623
-1.65453           -0.667007           -0.842042
-1.93198           -0.524676           -0.857085
-1.13282            -1.27099           -0.838826
-1.77364            -0.25475            -1.03314
0.240879            -1.21334          -0.0588042
-0.140697           0.0870081            0.614554
-0.140697           0.0870081            0.614554
-0.140697           0.0870081            0.614554
-0.140697           0.0870081            0.614554
-0.140697           0.0870081            0.614554
-0.140697           0.0870081            0.614554
-0.140697           0.0870081            0.614554
0.439046           -0.530615           -0.201212
0.3572            0.343064            0.125766
0.293839          -0.0562925            0.244987
0.293839          -0.0562925            0.244987
0.293839          -0.0562925            0.244987
-0.204835           -0.748989             0.72293
-0.297884           0.0466319           -0.807241
0.236114           -0.152472           -0.176323
0.236114           -0.152472           -0.176323
0.236114           -0.152472           -0.176323
0.244389             1.10697            -0.25226
0.244389             1.10697            -0.25226
0.244389             1.10697            -0.25226
0.244389             1.10697            -0.25226
-0.0762698             1.70339           -0.705447
1.16458             1.02139           -0.710776
1.80228            0.980077           -0.383494
0.785466            0.497718           -0.570421
0.934437            0.631649            0.655777
0.934437            0.631649            0.655777
0.934437            0.631649            0.655777
0.523451          -0.0129613            0.177713
0.523451          -0.0129613            0.177713
0.262389           -0.213273           0.0981483
0.262389           -0.213273           0.0981483
0.262389           -0.213273           0.0981483
-0.502995           0.0811385           -0.705289
-0.866878            0.243482            0.676941
-1.32078           -0.516102            0.681101
-0.467444           -0.319232            0.367567
-0.192772           -0.276917            0.192918
-0.192772           -0.276917            0.192918
-0.192772           -0.276917            0.192918
-0.192772           -0.276917            0.192918
-0.192772           -0.276917            0.192918
0.3456          -0.0847645            0.865197
0.512314             1.28172            0.880946
0.77492             1.12177            0.125841
0.41848            0.131322          -0.0547306
0.41848            0.131322          -0.0547306
0.41848            0.131322          -0.0547306
-0.578542            0.573619            -0.34659
-0.646047            0.657518            -1.44389
-0.0295234            0.861656            -1.64991
-1.07348            0.945659            -2.00844
-0.370325            0.956474            -2.62977
1.2008           -0.319701            -3.24063
1.60477           0.0362844            -2.42385
0.603087           -0.484656            -2.14426
0.603087           -0.484656            -2.14426
0.753808          -0.0879179            -2.93771
0.0217286           0.0775969            -1.86255
-0.486679            0.072372            -1.91318
-0.486679            0.072372            -1.91318
-0.486679            0.072372            -1.91318
-0.452821            0.940486            -2.25706
-1.2447            0.450328           -0.280442
-1.2447            0.450328           -0.280442
-1.2447            0.450328           -0.280442
-1.2447            0.450328           -0.280442
-0.987541            0.796651            -1.01974
-0.914744           -0.791013           -0.271267
0.170096           -0.482418           -0.407466
0.170096           -0.482418           -0.407466
0.170096           -0.482418           -0.407466
0.170096           -0.482418           -0.407466
0.170096           -0.482418           -0.407466
0.170096           -0.482418           -0.407466
-0.25408          0.00219783           -0.203292
-0.25408          0.00219783           -0.203292
-0.25408          0.00219783           -0.203292
-0.25408          0.00219783           -0.203292
-0.25408          0.00219783           -0.203292
-0.25408          0.00219783           -0.203292
-0.25408          0.00219783           -0.203292
-0.25408          0.00219783           -0.203292
-0.25408          0.00219783           -0.203292
-0.25408          0.00219783           -0.203292
-0.25408          0.00219783           -0.203292
-0.25408          0.00219783           -0.203292
0.612631           -0.291714            0.819974
0.612631           -0.291714            0.819974
1.00243           0.0420298            0.251923
1.00243           0.0420298            0.251923
1.00243           0.0420298            0.251923
1.00243           0.0420298            0.251923
1.00243           0.0420298            0.251923
1.00243           0.0420298            0.251923
1.00243           0.0420298            0.251923
1.00243           0.0420298            0.251923
0.98765            0.271149            0.601534
0.98765            0.271149            0.601534
1.44824          -0.0298409            0.918599
1.44824          -0.0298409            0.918599
0.396619            0.517706             2.10486
0.396619            0.517706             2.10486
0.251415           -0.941072             2.02508
0.304631           -0.457616             1.77852
0.198272            -1.21156             1.62667
0.132467            -1.02304              1.4977
0.132467            -1.02304              1.4977
0.132467            -1.02304              1.4977
1.66675            -0.20685             1.65081
1.75174            0.117945             2.58908
0.214562             1.11708             2.26382
-0.500189             1.70088             1.60946
0.105972              1.6126             1.10719
-0.0738788            0.851194             1.99767
-0.480252             1.06796              1.8663
-0.480252             1.06796              1.8663
-1.00515           -0.107242             2.61302
-1.55746           -0.317474              1.9926
-1.55746           -0.317474              1.9926
-2.02324            -0.86474             2.18353
-2.80552           -0.134935             1.61003
-2.6605            0.645711           0.0360864
-1.58832             1.62715            -0.46898
-2.40803            0.915109            0.199537
-2.12972              1.1487            0.475352
-1.37115            0.340881             -1.0792
-1.45228           -0.631887            -1.73724
-1.45228           -0.631887            -1.73724
-1.49757               -0.51           -0.685809
-1.49757               -0.51           -0.685809
-0.0053033           -0.841083            -1.32758
-0.0053033           -0.841083            -1.32758
-0.0053033           -0.841083            -1.32758
-0.0053033           -0.841083            -1.32758
-0.0053033           -0.841083            -1.32758
0.871281           -0.653216            -1.20187
1.28599           -0.593786           -0.678853
1.28599           -0.593786           -0.678853
0.994579          -0.0329329            0.364081
0.994579          -0.0329329            0.364081
0.994579          -0.0329329            0.364081
1.35384            0.291774            0.115462
0.875422            0.978452             0.76808
-0.147248            0.974755            0.646484
0.0338306            0.764592             1.22881
1.12943            0.918601            0.202808
1.12943            0.918601            0.202808
0.256648             1.40663            0.486082
-0.211447             1.74582          -0.0876561
-0.643426             1.68041           -0.966819
-0.643426             1.68041           -0.966819
0.302942            0.992961           -0.753737
0.302942            0.992961           -0.753737
0.302942            0.992961           -0.753737
0.302942            0.992961           -0.753737
0.302942            0.992961           -0.753737
-0.311567             1.09712           -0.335321
-0.311567             1.09712           -0.335321
-0.311567             1.09712           -0.335321
-1.26021            0.934886            0.338728
-1.26021            0.934886            0.338728
-1.25345            0.393041            0.234554
-1.54331             0.43189            0.577556
0.467873            0.953298             1.00374
0.467873            0.953298             1.00374
0.467873            0.953298             1.00374
0.467873            0.953298             1.00374
0.0309692           -0.388945            0.535451
-0.238647            0.474486            0.652716
-0.238647            0.474486            0.652716
-0.645734            0.987485           -0.404077
-0.645734            0.987485           -0.404077
-0.731267           -0.478862           -0.442152
-0.776453           -0.046805            0.157591
-0.776453           -0.046805            0.157591
-0.776453           -0.046805            0.157591
-0.490983           -0.214378           -0.288119
-0.490983           -0.214378           -0.288119
-0.490983           -0.214378           -0.288119
-0.490983           -0.214378           -0.288119
-0.486944           -0.571629            0.326637
0.217692           -0.788694            0.695908
0.217692           -0.788694            0.695908
0.316546             -1.5109            0.971051
0.704322            -1.54667            0.803077
0.704322            -1.54667            0.803077
0.704322            -1.54667            0.803077
1.75604           -0.289533             1.68565
1.75604           -0.289533             1.68565
1.28646           -0.742367            0.980762
1.28646           -0.742367            0.980762
1.28646           -0.742367            0.980762
1.75534            -0.39917            0.695752
1.75534            -0.39917            0.695752
2.23013           0.0511832          -0.0667742
1.99546            0.360691             1.48585
1.18221           -0.606235             1.11771
1.18221           -0.606235             1.11771
1.07784           -0.264047            0.831463
1.02897          -0.0122888            0.868521
1.02897          -0.0122888            0.868521
1.01573           -0.637928            0.910855
1.82379            0.100074           -0.595975
1.82379            0.100074           -0.595975
1.82379            0.100074           -0.595975
1.79618            0.285367            0.233762
1.79618            0.285367            0.233762
0.908779            -1.31108           0.0291639
0.908779            -1.31108           0.0291639
0.908779            -1.31108           0.0291639
-0.0483603            -1.23463           -0.841059
-0.0483603            -1.23463           -0.841059
-0.0483603            -1.23463           -0.841059
-0.0483603            -1.23463           -0.841059
-0.0483603            -1.23463           -0.841059
-0.225263            -1.44562           -0.813903
-0.225263            -1.44562           -0.813903
-0.225263            -1.44562           -0.813903
-0.7026           -0.641703           -0.130171
-0.3903           -0.302284            -1.75136
0.317373           0.0279694            -1.41605
0.384236           -0.395048            -2.04617
-0.760757            0.250876            -1.43258
-1.38737            0.448432              -1.753
-0.738388            0.269739            -2.50029
-1.81116            -0.53707            -2.25576
-0.608388           -0.438914            -3.19041
-0.445378           -0.305956            -2.78432
-0.445378           -0.305956            -2.78432
-1.01073           -0.192643            -2.81737
-1.01073           -0.192643            -2.81737
-1.01073           -0.192643            -2.81737
-1.176          -0.0116092            -1.95428
0.0435554            0.746784            -1.51452
0.169898             1.64536            -1.66729
0.169898             1.64536            -1.66729
-0.272277             1.81585           -0.911955
-0.272277             1.81585           -0.911955
-0.238637             1.71272           -0.599412
-1.22781             1.68941           -0.409409
-1.22781             1.68941           -0.409409
-0.682936            0.392671           -0.959361
-0.221128           -0.999606            0.953654
-0.995355           -0.670039            0.887847
-0.576078           -0.943921             1.68957
0.485414            0.102913            0.462176
0.0805185            0.013263           -0.027848
0.0805185            0.013263           -0.027848
0.0805185            0.013263           -0.027848
0.0805185            0.013263           -0.027848
0.0805185            0.013263           -0.027848
0.581402            -1.23987           -0.342495
1.11281           -0.877834            0.693416
1.76884            -1.24908            -0.41877
1.65801            -1.06959           -0.756388
0.392981           -0.506755            -1.27619
0.285255             0.73264            -1.65278
0.285255             0.73264            -1.65278
-0.501998            0.486739            -2.53501
-0.501998            0.486739            -2.53501
-0.501998            0.486739            -2.53501
-0.501998            0.486739            -2.53501
-0.197816           -0.659293            -2.34751
-1.51927            -1.03679            -2.19826
-1.51927            -1.03679            -2.19826
-1.97632            -2.29832           -0.827232
-1.97632            -2.29832           -0.827232
-2.25971            -3.15809           -0.457944
-2.25971            -3.15809           -0.457944
-2.25971            -3.15809           -0.457944
-2.25971            -3.15809           -0.457944
-1.94726            -3.19162           -0.260673
-1.94726            -3.19162           -0.260673
-1.89119            -2.86041            0.561065
-2.20268            -2.22432             1.40192
-2.20268            -2.22432             1.40192
-2.20268            -2.22432             1.40192
-1.73526            -1.58214             1.04826
-0.847025            -1.91791             1.56065
-0.847025            -1.91791             1.56065
-1.39252            -2.19042             1.63303
-1.39252            -2.19042             1.63303
-1.24485              -1.573             1.02222
-1.83876           -0.109753            0.287175
-1.25713             1.07664            0.965224
-1.44013            0.554643            0.969658
-1.44013            0.554643            0.969658
-1.27738             1.24382            0.225065
-1.27738             1.24382            0.225065
-1.27738             1.24382            0.225065
-1.27738             1.24382            0.225065
-1.27738             1.24382            0.225065
-1.19464             1.10671            -0.42782
-1.11656             1.09303            -1.35844
-0.302114             1.45696            -1.13499
-0.302114             1.45696            -1.13499
-0.00719149            0.709844           -0.481341
-0.249903             1.06575            0.417489
-0.588066             1.38852            0.224282
-0.767177              2.4146           -0.916469
-0.532843             1.58264           -0.940112
0.865434              1.0832            0.045583
0.865434              1.0832            0.045583
1.47859            0.881424            0.354643
1.47859            0.881424            0.354643
1.47859            0.881424            0.354643
1.49982           -0.132065            0.164459
1.36236            0.271322            0.266365
0.599962            0.301333            -0.29023
0.908033            0.348695           -0.939525
0.908033            0.348695           -0.939525
1.22914            -1.30038            -1.43569
1.22914            -1.30038            -1.43569
0.721988           -0.993731            -2.22763
1.43785            -1.38385            -2.25394
2.01349           -0.757006            -2.76542
0.934251           -0.174196            -2.32123
0.934251           -0.174196            -2.32123
1.46952            0.441541            -2.01491
-0.345229            0.827909            -2.21963
-0.51551             1.07105            -1.90028
-0.861101             1.02883            -2.13651
-0.861101             1.02883            -2.13651
-0.312855              1.8304            -1.73568
-0.312855              1.8304            -1.73568
-0.312855              1.8304            -1.73568
0.230326             1.79519            -1.31454
-0.388126             1.47548           -0.266581
0.568201             1.52739           -0.421479
0.568201             1.52739           -0.421479
0.513391             1.76349            0.745023
0.214172             2.27885            0.345159
-0.58493             1.34984             1.53924
-0.607047             0.52054             1.57431
-0.607047             0.52054             1.57431
-0.607047             0.52054             1.57431
-0.845032            0.884446            0.796021
-0.845032            0.884446            0.796021
-1.2652           -0.521218           0.0948033
-1.2652           -0.521218           0.0948033
-1.32186           -0.994471           -0.156531
-1.32186           -0.994471           -0.156531
-1.40057             -1.2721             1.28137
-0.98094            -1.00015             1.03738
-0.327508            0.158607           0.0304736
-0.327508            0.158607           0.0304736
-0.327508            0.158607           0.0304736
-0.327508            0.158607           0.0304736
-0.65104            0.858431           -0.476236
-0.65104            0.858431           -0.476236
0.0752006            -0.50387            0.169005
0.0752006            -0.50387            0.169005
0.0752006            -0.50387            0.169005
0.124898            0.641266           -0.900835
0.124898            0.641266           -0.900835
0.124898            0.641266           -0.900835
0.23058             1.21713            -1.56451
-1.6881              1.5796            -0.61275
-0.655885            0.386448            0.239805
-0.720389            0.184591           -0.170629
-0.720389            0.184591           -0.170629
-0.720389            0.184591           -0.170629
-0.720389            0.184591           -0.170629
-0.720389            0.184591           -0.170629
-1.17079            0.585981          0.00494902
-0.391212             1.29166            0.502958
-0.391212             1.29166            0.502958
-0.391212             1.29166            0.502958
-0.505239             1.62454            0.119165
-0.85301             0.62884            0.196312
-0.101425            0.623707            0.772064
-0.101425            0.623707            0.772064
0.142385            0.270528             0.70915
0.142385            0.270528             0.70915
0.142385            0.270528             0.70915
0.142385            0.270528             0.70915
0.142385            0.270528             0.70915
-0.685016           -0.640161             1.08303
0.50922            0.487902             1.29843
0.50922            0.487902             1.29843
0.65095            0.636563            0.950016
0.718816           0.0268626            0.457879
-0.425883           -0.344014            0.718711
0.244309           -0.661853          -0.0840393
0.244309           -0.661853          -0.0840393
0.244309           -0.661853          -0.0840393
0.754206           -0.402187           0.0883933
0.754206           -0.402187           0.0883933
0.754206           -0.402187           0.0883933
0.445531           -0.238861            0.262894
0.445531           -0.238861            0.262894
0.245875            -1.14412            0.406769
0.245875            -1.14412            0.406769
0.245875            -1.14412            0.406769
0.0779557            0.301435           -0.461907
0.896201            0.168108            0.450591
0.896201            0.168108            0.450591
1.02398            0.553116            0.358779
0.373334           -0.157971            -1.02021
0.373334           -0.157971            -1.02021
-0.0768743           -0.117687           -0.821594
-0.0768743           -0.117687           -0.821594
0.119613             0.34051            -1.44154
1.23325            0.784469            0.742002
0.724093            0.787063            0.493378
0.887729             1.04485            0.199243
0.887729             1.04485            0.199243
0.887729             1.04485            0.199243
0.598939            0.248975           -0.191052
0.244918           -0.613282           0.0412081
0.244918           -0.613282           0.0412081
0.244918           -0.613282           0.0412081
0.244918           -0.613282           0.0412081
0.875223           -0.916365            0.536903
0.875223           -0.916365            0.536903
0.875223           -0.916365            0.536903
1.44545            -1.16948            0.779111
1.44545            -1.16948            0.779111
1.44545            -1.16948            0.779111
0.0289327             -2.5063          -0.0473589
0.0289327             -2.5063          -0.0473589
0.0289327             -2.5063          -0.0473589
0.470359            -2.21744          -0.0172699
0.470359            -2.21744          -0.0172699
0.464501            -2.60413            0.453093
0.464501            -2.60413            0.453093
0.464501            -2.60413            0.453093
0.450035           -0.954902            0.882103
-0.148661            -0.96358             1.08714
0.229453           -0.929808            0.536984
0.229453           -0.929808            0.536984
0.229453           -0.929808            0.536984
0.229453           -0.929808            0.536984
0.526683            -0.36705            0.288702
0.526683            -0.36705            0.288702
1.00843            0.361138           -0.419835
0.1442           -0.483501           -0.470243
-0.211599           -0.228023           -0.986601
-0.211599           -0.228023           -0.986601
-0.211599           -0.228023           -0.986601
-0.211599           -0.228023           -0.986601
-0.211599           -0.228023           -0.986601
-0.211599           -0.228023           -0.986601
-0.211599           -0.228023           -0.986601
-0.745027           -0.803956            0.358511
0.681146            0.162231            0.407169
0.681146            0.162231            0.407169
0.681146            0.162231            0.407169
0.681146            0.162231            0.407169
0.681146            0.162231            0.407169
0.681146            0.162231            0.407169
0.681146            0.162231            0.407169
0.210801           -0.541873          -0.0471919
0.210801           -0.541873          -0.0471919
-0.0854052           -0.781682            0.202652
-0.0854052           -0.781682            0.202652
-0.286477           0.0555377           -0.166649
-0.286477           0.0555377           -0.166649
-0.286477           0.0555377           -0.166649
-0.286477           0.0555377           -0.166649
-0.247119            0.139301          -0.0805832
0.0647483          0.00391332            0.531937
-0.291502            0.038187           0.0681773
-0.291502            0.038187           0.0681773
-0.291502            0.038187           0.0681773
-0.291502            0.038187           0.0681773
-0.291502            0.038187           0.0681773
-0.316305           0.0883642         -0.00496733
-0.316305           0.0883642         -0.00496733
-0.316305           0.0883642         -0.00496733
-0.316305           0.0883642         -0.00496733
-0.316305           0.0883642         -0.00496733
-0.508448            0.491944           -0.269628
0.777781            0.806542           -0.883145
-0.0487143            0.574258           -0.360829
1.11572          -0.0538898            -0.31734
1.11572          -0.0538898            -0.31734
1.5659             0.13359            -1.20311
1.5659             0.13359            -1.20311
0.858483           -0.626304            -1.83868
1.13976            -1.51045            -2.31647
1.16478            -1.38938            -1.71281
0.0302699            -1.23563            -1.48533
0.0302699            -1.23563            -1.48533
-0.101276           -0.494814            0.703397
-0.101276           -0.494814            0.703397
0.132424           0.0681396            0.803976
0.338892            0.243875            0.676134
0.338892            0.243875            0.676134
-0.378389            0.854396            0.396113
-0.378389            0.854396            0.396113
-0.214676           -0.411563             1.44536
-0.214676           -0.411563             1.44536
-0.214676           -0.411563             1.44536
-0.214676           -0.411563             1.44536
0.550549           -0.845134             1.15789
0.595017          -0.0662583             0.16567
0.595017          -0.0662583             0.16567
0.67827           -0.770566           -0.134343
0.67827           -0.770566           -0.134343
0.67827           -0.770566           -0.134343
0.67827           -0.770566           -0.134343
0.731334            -1.31392           -0.387872
0.731334            -1.31392           -0.387872
0.731334            -1.31392           -0.387872
0.0085741           -0.821129           -0.444734
0.0085741           -0.821129           -0.444734
0.139898            0.112273            0.239055
-1.17677           -0.278859            0.294359
-1.17677           -0.278859            0.294359
-1.17677           -0.278859            0.294359
-0.249867           -0.805494            0.716186
-0.249867           -0.805494            0.716186
-0.249867           -0.805494            0.716186
-0.249867           -0.805494            0.716186
-0.249867           -0.805494            0.716186
0.308313            0.242275             1.39532
-0.13564            0.150613              2.0671
-0.13564            0.150613              2.0671
-0.352723           -0.477091             1.79896
-0.352723           -0.477091             1.79896
-0.0985998            0.322361             2.08295
0.634638           -0.476538             1.40728
-0.0978358           -0.907899            0.782282
0.246898           -0.550522            0.882578
0.246898           -0.550522            0.882578
0.246898           -0.550522            0.882578
0.322781           -0.571838            0.454574
0.322781           -0.571838            0.454574
-0.162561           -0.035174           -0.100911
-0.162561           -0.035174           -0.100911
-0.162561           -0.035174           -0.100911
0.484376           -0.350088            0.169396
-0.431954           -0.807643           -0.739733
-0.431954           -0.807643           -0.739733
0.830846            -1.46222            -0.24882
1.19749            -1.18079           -0.662416
1.19749            -1.18079           -0.662416
1.19749            -1.18079           -0.662416
0.0692192           -0.685398            -1.49566
1.13116            -1.81164             -1.7746
1.42392           -0.975726            -0.99519
1.92905           -0.222665           -0.256336
1.40724           -0.376203           -0.751459
0.44892            0.141222             -1.0035
0.665524           -0.685458           -0.774754
-0.241944            -1.17728            -1.26749
0.644361            -1.75973            -1.26844
0.644361            -1.75973            -1.26844
0.33599            0.172509           -0.550046
-0.631827           -0.275149           -0.285816
-0.331955            0.235429           -0.292648
-0.331955            0.235429           -0.292648
-0.331955            0.235429           -0.292648
-0.331955            0.235429           -0.292648
-0.331955            0.235429           -0.292648
-0.476704           0.0535221           -0.504688
-0.476704           0.0535221           -0.504688
-0.476704           0.0535221           -0.504688
-0.476704           0.0535221           -0.504688
-0.353011            0.725288          -0.0879502
-0.353011            0.725288          -0.0879502
0.542201          -0.0877892            0.335592
0.542201          -0.0877892            0.335592
0.320884           -0.228028           -0.541124
0.320884           -0.228028           -0.541124
0.320884           -0.228028           -0.541124
1.58561          -0.0470195            0.332902
1.58561          -0.0470195            0.332902
1.58561          -0.0470195            0.332902
1.07979           -0.073893           -0.162336
1.07979           -0.073893           -0.162336
0.265405           -0.764163          -0.0778801
0.265405           -0.764163          -0.0778801
0.265405           -0.764163          -0.0778801
0.109519            0.748248           0.0246241
0.295377            0.085785           -0.349786
0.195952            -0.71432           -0.117647
0.195952            -0.71432           -0.117647
0.314981           -0.843352           0.0123125
0.314981           -0.843352           0.0123125
0.314981           -0.843352           0.0123125
0.314981           -0.843352           0.0123125
0.314981           -0.843352           0.0123125
-0.337614           -0.534445            0.181862
-0.337614           -0.534445            0.181862
-0.214723            0.576152              0.9716
-0.49345            0.172395             1.02678
-0.49345            0.172395             1.02678
-0.636211           -0.126322             1.56678
-0.390286             1.17088             1.35671
0.63573             1.20782             2.21221
1.16564            0.499599             2.37342
0.0409216             1.05401             2.81888
0.0409216             1.05401             2.81888
-0.0534479             2.23444             2.16135
-0.0534479             2.23444             2.16135
-0.0534479             2.23444             2.16135
-0.338988             2.54983             1.76247
-1.46079             1.97404            0.734562
-0.991931             1.81326           -0.396762
-0.991931             1.81326           -0.396762
-1.16618             1.44654            0.717365
-1.16618             1.44654            0.717365
-0.905793             2.43324            0.498108
-0.905793             2.43324            0.498108
-1.68661            0.833191          -0.0109446
-1.68661            0.833191          -0.0109446
-1.68661            0.833191          -0.0109446
-1.68661            0.833191          -0.0109446
-1.68661            0.833191          -0.0109446
-2.37887            0.609228           -0.461085
-1.36992            0.790955           -0.494555
-1.12866            0.106514           -0.260187
-1.12866            0.106514           -0.260187
-1.12866            0.106514           -0.260187
-0.790848             0.28446           -0.502516
-1.08803             0.89684            -1.79539
-0.485386           0.0635319            -2.14676
-0.485386           0.0635319            -2.14676
-1.08796            0.447435            -1.75843
-1.08796            0.447435            -1.75843
-1.08796            0.447435            -1.75843
-0.531374           -0.619591            -1.45678
-0.531374           -0.619591            -1.45678
-0.113405            -1.41308           -0.191286
-0.113405            -1.41308           -0.191286
-0.113405            -1.41308           -0.191286
-0.113405            -1.41308           -0.191286
0.466307           -0.402619           -0.520998
0.466307           -0.402619           -0.520998
0.0946712            -1.21516          -0.0601801
0.0946712            -1.21516          -0.0601801
-0.371678           -0.522671            0.108949
-0.371678           -0.522671            0.108949
-0.371678           -0.522671            0.108949
-0.544666           -0.601002            0.906507
-0.544666           -0.601002            0.906507
-0.544666           -0.601002            0.906507
-0.544666           -0.601002            0.906507
-1.37915           -0.209307            0.471927
-1.37915           -0.209307            0.471927
-1.37915           -0.209307            0.471927
-1.37915           -0.209307            0.471927
-0.507638            0.305304             1.27121
-1.00642           -0.373721             1.46989
-1.00642           -0.373721             1.46989
-0.618253            0.298987            0.975296
-0.618253            0.298987            0.975296
-0.915908         -0.00511925            0.385778
-1.34533            0.107551           -0.453933
-1.34533            0.107551           -0.453933
-1.34533            0.107551           -0.453933
-1.50755            0.715968           -0.285928
-1.31673            0.953321            0.743801
-0.979611              0.7139            0.206168
-0.950722           -0.603802            0.493383
-0.950722           -0.603802            0.493383
-0.950722           -0.603802            0.493383
-0.950722           -0.603802            0.493383
-0.950722           -0.603802            0.493383
-1.15843           -0.154828             1.12619
-0.0188445           0.0805312            0.749193
-1.10403           -0.442344             0.75513
-0.973897           -0.872438            0.429231
-0.463649           -0.569333           -0.914844
-0.463649           -0.569333           -0.914844
-0.463649           -0.569333           -0.914844
-0.919086           -0.345317           -0.657371
-0.919086           -0.345317           -0.657371
-0.919086           -0.345317           -0.657371
-0.919086           -0.345317           -0.657371
-1.60842           -0.300507           -0.139703
-0.69814           -0.303668            0.166741
-0.443074            -1.16187           -0.620512
-0.443074            -1.16187           -0.620512
-0.443074            -1.16187           -0.620512
0.24659           -0.610667            -1.21425
-0.204948           0.0155841            0.144318
-0.204948           0.0155841            0.144318
-0.204948           0.0155841            0.144318
0.0293717           -0.118373           -0.382093
0.0293717           -0.118373           -0.382093
0.0293717           -0.118373           -0.382093
0.0293717           -0.118373           -0.382093
0.0293717           -0.118373           -0.382093
0.0293717           -0.118373           -0.382093
0.588676           -0.171319           -0.691339
0.588676           -0.171319           -0.691339
0.588676           -0.171319           -0.691339
0.588676           -0.171319           -0.691339
0.130756            0.844908           -0.294799
0.130756            0.844908           -0.294799
-1.08704           -0.108972            -1.19425
-0.972533            -1.03167           -0.877067
-0.549225            -1.28343           -0.286172
-0.332728           -0.232463           -0.484392
-0.332728           -0.232463           -0.484392
-0.332728           -0.232463           -0.484392
-0.332728           -0.232463           -0.484392
-0.332728           -0.232463           -0.484392
-0.332728           -0.232463           -0.484392
-0.332728           -0.232463           -0.484392
-0.332728           -0.232463           -0.484392
-0.332728           -0.232463           -0.484392
-0.332728           -0.232463           -0.484392
-0.332728           -0.232463           -0.484392
0.381873           -0.539592           -0.416283
-0.745095           -0.218857           -0.345535
-0.0789794            0.588245           -0.822302
-0.00641611           -0.850932            -1.23486
-0.545889            -1.51372            -1.68858
-0.545889            -1.51372            -1.68858
-0.545889            -1.51372            -1.68858
-1.5987            -1.89993            -1.15873
-1.5987            -1.89993            -1.15873
-1.5987            -1.89993            -1.15873
-1.80994            -2.25597           -0.917747
-1.80994            -2.25597           -0.917747
-2.00969            -2.07071           -0.774284
-1.57869            -1.76081            -1.02419
-1.30429           -0.474465            -1.14393
-1.30429           -0.474465            -1.14393
-1.9227           -0.429545           -0.940113
-1.9227           -0.429545           -0.940113
-1.96323            0.609352            0.191409
-0.761548            0.940533            0.509965
-0.761548            0.940533            0.509965
-0.761548            0.940533            0.509965
-0.761548            0.940533            0.509965
-0.926605             1.59755          -0.0744764
-0.926605             1.59755          -0.0744764
-0.106171             2.51297           -0.278122
-0.106171             2.51297           -0.278122
-0.313129             2.10802           -0.834175
-0.343602             1.04046           -0.886378
0.594963             1.48318           -0.966846
0.594963             1.48318           -0.966846
0.594963             1.48318           -0.966846
0.594963             1.48318           -0.966846
-1.37884            0.574234           -0.860034
-0.979303            0.524131            -1.14101
-0.979303            0.524131            -1.14101
-0.979303            0.524131            -1.14101
-0.979303            0.524131            -1.14101
-0.506104           -0.417364           -0.707199
-0.506104           -0.417364           -0.707199
-0.746472           -0.272395            0.199029
-0.746472           -0.272395            0.199029
0.464454            0.703698            0.238075
0.464454            0.703698            0.238075
0.454256            0.139664            0.780279
0.589364           0.0948832             0.23139
0.233269           -0.268511            0.521381
0.938335           -0.946543            0.907928
0.938335           -0.946543            0.907928
0.426316            -1.12916            0.829702
-0.224063           -0.696947           0.0947145
-0.224063           -0.696947           0.0947145
-0.400193           -0.507423            0.884529
-1.547           -0.530567            0.853003
-0.703515             0.62229             1.92365
-0.703515             0.62229             1.92365
-0.99739           -0.751325            0.487717
-0.532728            -0.51564           -0.289222
-0.532728            -0.51564           -0.289222
-0.532728            -0.51564           -0.289222
-0.532728            -0.51564           -0.289222
-0.532728            -0.51564           -0.289222
-0.532728            -0.51564           -0.289222
-0.532728            -0.51564           -0.289222
-0.532728            -0.51564           -0.289222
-1.1653           -0.408186            -0.76238
-0.286369            0.359227           -0.947148
-0.286369            0.359227           -0.947148
-0.913532           0.0713863           -0.283325
-0.935311            0.898497           0.0501608
-0.516799            0.078007            0.146781
-0.516799            0.078007            0.146781
-0.516799            0.078007            0.146781
-0.516799            0.078007            0.146781
-0.516799            0.078007            0.146781
-0.516799            0.078007            0.146781
-0.516799            0.078007            0.146781
-0.91073              1.4154            0.733574
-0.91073              1.4154            0.733574
-0.91073              1.4154            0.733574
-0.91073              1.4154            0.733574
-0.91073              1.4154            0.733574
-0.91073              1.4154            0.733574
-0.91073              1.4154            0.733574
-1.72269             2.41167            0.476113
-1.7073             2.12931             2.06482
-1.7073             2.12931             2.06482
-1.09186              2.2699             2.19913
-1.09186              2.2699             2.19913
-0.102625             2.81916             1.98759
-0.156898             2.44272              2.2968
-0.129214             0.81835             2.70691
-0.129214             0.81835             2.70691
0.577265             1.62762              2.2257
0.325689            0.965911             1.64806
-0.716868             1.74909            0.804894
-0.927091             1.80356             0.50742
-0.927091             1.80356             0.50742
-0.927091             1.80356             0.50742
-0.491462              2.4148             1.36288
-0.491462              2.4148             1.36288
-0.491462              2.4148             1.36288
-0.491462              2.4148             1.36288
-0.491462              2.4148             1.36288
-1.29              0.5693             2.17409
-1.56465           -0.108065             2.97545
-1.56465           -0.108065             2.97545
-0.951984            0.717211             2.22431
-0.951984            0.717211             2.22431
-1.57716            0.385076             1.53223
-1.57716            0.385076             1.53223
-0.77884             1.60486             1.31879
-0.77884             1.60486             1.31879
-1.41059             1.42303            0.498319
-1.00479             1.63362            0.835684
-0.681413              1.7216            0.431608
-0.0288852             1.64147             1.04573
0.541378            0.825871            0.473715
0.0533672            -0.36802            0.871713
0.0533672            -0.36802            0.871713
0.498442            0.217468             0.78478
-1.26739            0.354938            0.972885
-0.594167           0.0565592              1.3354
-0.594167           0.0565592              1.3354
0.905428           -0.333536            0.907529
0.905428           -0.333536            0.907529
0.905428           -0.333536            0.907529
1.01551            0.499072           0.0942974
0.499922            0.341295            0.124691
0.499922            0.341295            0.124691
0.115751            -0.34936            0.717947
0.115751            -0.34936            0.717947
0.115751            -0.34936            0.717947
-0.274117           -0.607402            0.974922
0.265948          -0.0499186           0.0762619
0.265948          -0.0499186           0.0762619
-0.13613            0.547344           -0.403309
-1.10356            0.504267           -0.651838
-0.966583             1.11496             0.56456
-0.966583             1.11496             0.56456
-0.131585             1.82173            0.341484
0.217462            0.848257            0.949223
-1.15022          -0.0937184             1.02136
-1.14584            0.720415            0.686925
-1.14584            0.720415            0.686925
-1.03638            0.249936           -0.976313
-1.03638            0.249936           -0.976313
-1.23617            0.585394            -1.39424
-1.23617            0.585394            -1.39424
-1.27601             1.20059            -1.23142
-1.27601             1.20059            -1.23142
-1.27601             1.20059            -1.23142
-0.828731            0.991548           -0.654101
-0.828731            0.991548           -0.654101
-0.332685           -0.123165           -0.221799
-0.332685           -0.123165           -0.221799
-0.332685           -0.123165           -0.221799
-0.311274           0.0759552           -0.747363
1.063            0.125905            -1.58861
0.736419             1.04442            -1.32253
0.736419             1.04442            -1.32253
1.71959             1.12501           -0.716976
1.71959             1.12501           -0.716976
1.71959             1.12501           -0.716976
1.71959             1.12501           -0.716976
1.71959             1.12501           -0.716976
0.733286              1.1212           -0.881296
-0.447305            0.439252            -1.05088
-0.44468           -0.024947            -0.69526
0.590544          -0.0141481           -0.882284
0.590544          -0.0141481           -0.882284
0.590544          -0.0141481           -0.882284
0.590544          -0.0141481           -0.882284
0.734319            0.192167          -0.0544559
0.734319            0.192167          -0.0544559
0.734319            0.192167          -0.0544559
0.079665            -0.43509           -0.922104
0.444781           -0.377761          -0.0930613
0.444781           -0.377761          -0.0930613
0.444781           -0.377761          -0.0930613
0.444781           -0.377761          -0.0930613
0.444781           -0.377761          -0.0930613
0.444781           -0.377761          -0.0930613
0.444781           -0.377761          -0.0930613
0.444781           -0.377761          -0.0930613
0.444781           -0.377761          -0.0930613
0.444781           -0.377761          -0.0930613
0.554553           -0.282444            0.176919
0.554553           -0.282444            0.176919
1.0217           0.0586225            0.447999
1.0217           0.0586225            0.447999
0.0614914            0.176825            0.881153
-0.250771           -0.357036            0.849278
-0.250771           -0.357036            0.849278
-0.250771           -0.357036            0.849278
-0.250771           -0.357036            0.849278
-0.632419             0.29678            0.374373
-0.632419             0.29678            0.374373
-0.632419             0.29678            0.374373
-0.632419             0.29678            0.374373
-0.618918           -0.710796           -0.254556
-0.618918           -0.710796           -0.254556
-0.618918           -0.710796           -0.254556
-0.752341           -0.547584           -0.551275
0.23133           -0.220265           -0.791925
0.23133           -0.220265           -0.791925
0.23133           -0.220265           -0.791925
0.10548             0.79689           -0.123054
0.667921           0.0903805            0.967663
-0.713617            -1.63065            0.407975
-0.713617            -1.63065            0.407975
-1.14028              -2.198            0.648661
-0.519948            -1.40596             0.43544
0.0236156              -1.358            0.687347
-0.417775           -0.362326           -0.618447
-0.417775           -0.362326           -0.618447
0.495988            -1.69463           -0.290168
-0.245702            -1.55868           -0.388128
-0.448294            -1.49943           -0.294163
-0.448294            -1.49943           -0.294163
-0.448294            -1.49943           -0.294163
0.557394            -1.32169            -1.14553
-0.512564            -2.81839          -0.0905862
-0.12142            -2.00804             0.36143
-0.12142            -2.00804             0.36143
0.91983            -1.88761             1.18583
0.91983            -1.88761             1.18583
1.42283          -0.0507929             1.31301
1.42283          -0.0507929             1.31301
1.34315           -0.260234             1.36442
0.917558            -1.45177             1.06196
0.45028            -1.16771            0.262775
0.739294            -0.47673            0.720009
-0.0935203           -0.449016            0.573611
-0.0935203           -0.449016            0.573611
-0.0935203           -0.449016            0.573611
-0.0935203           -0.449016            0.573611
-0.0935203           -0.449016            0.573611
-0.0935203           -0.449016            0.573611
-0.0935203           -0.449016            0.573611
-0.0935203           -0.449016            0.573611
-0.0279146           -0.134667            0.227243
-0.0279146           -0.134667            0.227243
-0.0279146           -0.134667            0.227243
-0.0279146           -0.134667            0.227243
0.198541          -0.0554478            0.113769
0.198541          -0.0554478            0.113769
0.198541          -0.0554478            0.113769
0.198541          -0.0554478            0.113769
0.198541          -0.0554478            0.113769
0.198541          -0.0554478            0.113769
0.198541          -0.0554478            0.113769
0.198541          -0.0554478            0.113769
0.198541          -0.0554478            0.113769
0.198541          -0.0554478            0.113769
0.198541          -0.0554478            0.113769
0.198541          -0.0554478            0.113769
0.198541          -0.0554478            0.113769
0.198541          -0.0554478            0.113769
-0.2777            0.176286          -0.0242862
-0.2777            0.176286          -0.0242862
-0.2777            0.176286          -0.0242862
-0.2777            0.176286          -0.0242862
-0.228392            0.643568            0.138301
-0.228392            0.643568            0.138301
-0.228392            0.643568            0.138301
-0.228392            0.643568            0.138301
-0.228392            0.643568            0.138301
0.41137            0.104289           -0.638449
0.41137            0.104289           -0.638449
-0.10529            0.897668           -0.187898
-0.10529            0.897668           -0.187898
-0.10529            0.897668           -0.187898
-0.297015            0.674052            -1.33785
-1.18747            0.281439            -1.45867
-1.18747            0.281439            -1.45867
-1.63735            0.667014            -2.99582
-0.653089            0.417994            -2.84359
-0.739751           -0.388697            -2.94363
-1.57393           -0.772724            -3.16971
-0.0717534           -0.724975            -2.88039
0.0295161           -0.978657            -2.31484
0.0295161           -0.978657            -2.31484
0.0295161           -0.978657            -2.31484
0.106661            0.914094            -1.94434
0.288353             1.07945            -2.00586
0.87111             1.28172            -1.87017
1.023            0.654567            -1.51374
1.05945            0.704911            -1.16065
1.85708          -0.0468424           -0.516462
1.85708          -0.0468424           -0.516462
1.85708          -0.0468424           -0.516462
1.85708          -0.0468424           -0.516462
1.85708          -0.0468424           -0.516462
1.85708          -0.0468424           -0.516462
1.85708          -0.0468424           -0.516462
1.79038             0.64481           -0.675273
1.79038             0.64481           -0.675273
2.01412            0.195348           -0.376351
2.009            0.214372           -0.626209
2.009            0.214372           -0.626209
2.83213            0.528673          -0.0933482
1.33937             1.24483            0.541196
1.33937             1.24483            0.541196
0.609941             1.21319            0.153966
0.609941             1.21319            0.153966
0.266863            0.510202            0.102132
0.489234             1.12759            0.178237
1.26031             1.38061            0.103132
0.275992             1.06564           -0.290921
0.275992             1.06564           -0.290921
0.802295            0.973558           -0.666613
0.802295            0.973558           -0.666613
1.33768            0.796747           -0.551988
0.521324             1.20597          -0.0749945
0.521324             1.20597          -0.0749945
0.55303             1.06564              0.1628
0.479745            0.521092             0.40532
0.479745            0.521092             0.40532
-1.18875            -0.38882            0.682331
-1.18875            -0.38882            0.682331
-1.18875            -0.38882            0.682331
-2.61237            0.358009           -0.116151
-2.0188          -0.0908786           -0.752987
-0.883363            -1.11611           -0.773199
-1.39638            -0.46633            -1.85477
-1.39638            -0.46633            -1.85477
-1.39638            -0.46633            -1.85477
-1.39638            -0.46633            -1.85477
-1.39638            -0.46633            -1.85477
-1.39638            -0.46633            -1.85477
-2.5025           -0.365197            -1.10285
-2.5025           -0.365197            -1.10285
-2.5025           -0.365197            -1.10285
-2.5025           -0.365197            -1.10285
-1.98369            0.362884           -0.713556
-1.98369            0.362884           -0.713556
-1.98369            0.362884           -0.713556
-2.36421             1.37482           -0.475217
-2.75837            0.941192           -0.409207
-1.91921             1.16377           -0.761772
-1.67139             1.69743            -1.18335
-1.67139             1.69743            -1.18335
-2.37123            0.982144           -0.422692
-2.37123            0.982144           -0.422692
-2.37123            0.982144           -0.422692
-1.7669           -0.060107            -0.77187
-1.2249            0.438549            -0.15705
-0.413298            0.361543            0.209237
-0.413298            0.361543            0.209237
-0.413298            0.361543            0.209237
-0.413298            0.361543            0.209237
-0.413298            0.361543            0.209237
-0.413298            0.361543            0.209237
-0.413298            0.361543            0.209237
-0.413298            0.361543            0.209237
-0.413298            0.361543            0.209237
-0.413298            0.361543            0.209237
-0.413298            0.361543            0.209237
-0.413298            0.361543            0.209237
-0.413298            0.361543            0.209237
-0.413298            0.361543            0.209237
-0.413298            0.361543            0.209237
-0.413298            0.361543            0.209237
-0.413298            0.361543            0.209237
-0.413298            0.361543            0.209237
-0.363518           -0.310655            0.632288
-0.363518           -0.310655            0.632288
-0.331945          -0.0177508           -0.485631
-0.331945          -0.0177508           -0.485631
-0.788458           -0.996672            0.445296
-0.788458           -0.996672            0.445296
-0.788458           -0.996672            0.445296
-0.103462            -1.31242            0.352047
-0.416551           -0.481464            0.187503
-0.416551           -0.481464            0.187503
-0.416551           -0.481464            0.187503
-0.416551           -0.481464            0.187503
-0.416551           -0.481464            0.187503
-0.323766           -0.910221            0.881173
0.140064          -0.0454122            0.447844
-1.56083           -0.202874            0.367025
-1.70506             1.05202           0.0426739
-1.70506             1.05202           0.0426739
-1.70506             1.05202           0.0426739
-1.70506             1.05202           0.0426739
-0.408906             1.47014            -1.28477
-0.579953             1.03205            -1.84885
-0.579953             1.03205            -1.84885
-0.317654            0.171727            -2.07614
0.592377           0.0953157             -1.5398
0.314296            0.416817            -1.09122
0.314296            0.416817            -1.09122
0.135699            0.240792            -1.21766
-0.18338            0.261235           -0.290678
-0.18338            0.261235           -0.290678
-0.18338            0.261235           -0.290678
-0.18338            0.261235           -0.290678
-0.18338            0.261235           -0.290678
1.24776             1.11929           -0.514489
1.24776             1.11929           -0.514489
1.36071            0.643709           -0.878922
1.36071            0.643709           -0.878922
1.36071            0.643709           -0.878922
1.36071            0.643709           -0.878922
1.36071            0.643709           -0.878922
0.484602            0.287879           -0.984899
0.412366             1.01094            -1.73384
0.412366             1.01094            -1.73384
-0.456007             1.42174           -0.914233
-0.866831             1.25376            -1.36089
-0.866831             1.25376            -1.36089
-0.866831             1.25376            -1.36089
-1.38038             1.22932            -1.69483
-1.38038             1.22932            -1.69483
-1.38038             1.22932            -1.69483
-1.91294            0.932997            -1.52554
-1.93803           -0.410764            -3.11226
-1.14264            0.210943            -3.23562
-1.14264            0.210943            -3.23562
-0.0392045            0.744593            -3.86569
-0.0392045            0.744593            -3.86569
-0.0392045            0.744593            -3.86569
-0.0392045            0.744593            -3.86569
1.13563            0.494444            -3.58783
1.13563            0.494444            -3.58783
1.13563            0.494444            -3.58783
1.13563            0.494444            -3.58783
1.13563            0.494444            -3.58783
1.4331              1.2485            -2.51674
1.4331              1.2485            -2.51674
0.295096            0.948947            -2.30205
0.295096            0.948947            -2.30205
0.295096            0.948947            -2.30205
0.071917            0.195294            -1.86868
0.207481            0.170713               -2.19
0.207481            0.170713               -2.19
0.454021            0.561403            -1.86473
-0.261557            0.379513            -2.00521
-1.07389            0.334892            -1.25897
-0.845567            -1.22532            -1.54274
0.535993            0.143788            -2.05631
0.450076            0.474591           -0.392232
0.450076            0.474591           -0.392232
0.450076            0.474591           -0.392232
0.259106           -0.619928           -0.245104
0.259106           -0.619928           -0.245104
0.259106           -0.619928           -0.245104
0.259106           -0.619928           -0.245104
0.259106           -0.619928           -0.245104
0.259106           -0.619928           -0.245104
0.259106           -0.619928           -0.245104
0.259106           -0.619928           -0.245104
0.259106           -0.619928           -0.245104
0.259106           -0.619928           -0.245104
0.404799            0.461564           0.0119304
0.593384           -0.170048            0.340592
-0.582787           -0.616862           -0.551374
-0.582787           -0.616862           -0.551374
-0.582787           -0.616862           -0.551374
-0.582787           -0.616862           -0.551374
0.719108            0.170043           -0.768722
0.719108            0.170043           -0.768722
0.719108            0.170043           -0.768722
0.719108            0.170043           -0.768722
0.721109           -0.525065           -0.566415
0.721109           -0.525065           -0.566415
0.0503462           -0.394381            -2.21224
0.0503462           -0.394381            -2.21224
-0.161435           -0.158137            -2.62441
0.544815           -0.959047            -1.81683
0.544815           -0.959047            -1.81683
0.191453            -1.00835            -1.68881
-0.182159            -1.74221            -1.97914
-0.182159            -1.74221            -1.97914
-0.49151            -1.26642            -2.20206
-0.527625            -1.53485            -2.06699
-0.527625            -1.53485            -2.06699
-1.02983            -1.72508            -1.73007
-1.02983            -1.72508            -1.73007
-0.173882            -2.82636            0.452456
-0.173882            -2.82636            0.452456
-0.173882            -2.82636            0.452456
-0.173882            -2.82636            0.452456
-0.173882            -2.82636            0.452456
1.13928            -2.15996            0.329413
1.88044              -2.064             1.20338
1.71251            -2.29166             1.08896
1.60927            -2.54055             1.93952
1.60927            -2.54055             1.93952
1.60927            -2.54055             1.93952
2.13379            -2.86019             1.90188
1.22492            -3.39313             3.14879
1.22492            -3.39313             3.14879
1.22492            -3.39313             3.14879
1.22492            -3.39313             3.14879
1.88937            -3.00517             2.26326
1.70693            -3.34636             1.97354
1.70693            -3.34636             1.97354
2.27311            -2.67597             0.91043
2.27311            -2.67597             0.91043
3.16834            -1.34629            0.385138
3.16834            -1.34629            0.385138
3.25146           -0.965245             0.63828
2.314            -1.50969            0.321616
2.32648           -0.789863           -0.502286
1.29715           -0.715132           -0.484317
1.29715           -0.715132           -0.484317
1.57544           -0.603882            0.953117
1.57544           -0.603882            0.953117
1.35984           -0.747357             1.03097
1.52423            0.269732             1.11877
0.7914            0.600036             1.53667
0.999588           -0.385447             1.93289
0.455554           -0.553028            0.340875
0.78769           -0.808359           -0.186769
0.78769           -0.808359           -0.186769
0.78769           -0.808359           -0.186769
0.78769           -0.808359           -0.186769
0.0399184           -0.678918            0.731643
0.0399184           -0.678918            0.731643
0.0399184           -0.678918            0.731643
0.0399184           -0.678918            0.731643
-0.0946418           -0.395748            0.388246
0.317903             0.29618            0.362418
0.188012           0.0682263           0.0588861
0.188012           0.0682263           0.0588861
0.188012           0.0682263           0.0588861
0.188012           0.0682263           0.0588861
0.188012           0.0682263           0.0588861
0.188012           0.0682263           0.0588861
0.188012           0.0682263           0.0588861
0.188012           0.0682263           0.0588861
0.188012           0.0682263           0.0588861
-1.02974            0.378931          -0.0826166
-1.02974            0.378931          -0.0826166
-1.02974            0.378931          -0.0826166
-1.02974            0.378931          -0.0826166
-0.680625            0.710052          -0.0594237
-0.680625            0.710052          -0.0594237
-0.97153             1.85942            -0.84262
-0.776119               1.464            -1.50699
-0.776119               1.464            -1.50699
0.351174            0.859563            -1.31046
-0.0798413            0.942053           -0.993252
-0.0798413            0.942053           -0.993252
-0.340622            0.400296           -0.611642
0.243469            0.354659           -0.162834
0.243469            0.354659           -0.162834
0.243469            0.354659           -0.162834
0.243469            0.354659           -0.162834
0.243469            0.354659           -0.162834
0.243469            0.354659           -0.162834
-0.283711           -0.790451           -0.356259
0.146847            -1.33429           0.0829584
0.556868           -0.541018           -0.616332
-0.416288           -0.726587           -0.431871
-0.580289          -0.0618178           -0.328745
-0.580289          -0.0618178           -0.328745
-0.0774169           0.0448574            -0.27339
-0.0774169           0.0448574            -0.27339
-0.0774169           0.0448574            -0.27339
-0.0774169           0.0448574            -0.27339
-0.0774169           0.0448574            -0.27339
-0.0774169           0.0448574            -0.27339
-0.0774169           0.0448574            -0.27339
-0.0774169           0.0448574            -0.27339
0.209821           -0.565453           0.0547413
-0.499654            -1.12379             0.44914
-0.510125           -0.125251             1.29683
0.564241           -0.671852             1.26236
0.564241           -0.671852             1.26236
0.117284           -0.447188            0.619117
-1.06023           -0.125386            0.552474
-0.560676             0.52998            0.246719
-0.560676             0.52998            0.246719
0.628357             1.01159           -0.599371
1.35751           -0.154141            0.147685
1.35751           -0.154141            0.147685
1.35751           -0.154141            0.147685
0.525571            0.435055           -0.196696
0.0945719           -0.481027            -1.40862
0.367073            0.160161           -0.909497
1.69232           0.0806244           -0.293637
1.69232           0.0806244           -0.293637
1.74323           -0.548361          -0.0257935
0.841436            -1.19814           -0.316317
0.841436            -1.19814           -0.316317
1.32628           -0.520947            0.425974
2.42733            -1.01924             1.07155
2.42733            -1.01924             1.07155
2.42733            -1.01924             1.07155
2.78879            -1.04671            0.710683
1.75127           -0.135683           -0.838045
1.75304             1.23593            0.250116
0.909565             2.36936           0.0196307
0.965252             1.19218            -1.10166
0.965252             1.19218            -1.10166
-0.254716             1.62826           -0.131395
-0.254716             1.62826           -0.131395
-0.97948            0.799151           -0.970619
-0.97948            0.799151           -0.970619
-0.97948            0.799151           -0.970619
-0.97948            0.799151           -0.970619
-1.0422            0.287205            -1.45734
-0.956533             1.32197            -0.67496
-0.956533             1.32197            -0.67496
-0.482319            0.799776             -1.0603
-0.482319            0.799776             -1.0603
-0.482319            0.799776             -1.0603
0.280215            0.626876           -0.524766
0.280215            0.626876           -0.524766
0.484427           -0.442289           -0.504568
0.123804           -0.103652            -0.23827
0.123804           -0.103652            -0.23827
0.123804           -0.103652            -0.23827
0.123804           -0.103652            -0.23827
0.123804           -0.103652            -0.23827
0.123804           -0.103652            -0.23827
0.123804           -0.103652            -0.23827
0.123804           -0.103652            -0.23827
0.123804           -0.103652            -0.23827
0.123804           -0.103652            -0.23827
0.123804           -0.103652            -0.23827
0.123804           -0.103652            -0.23827
0.123804           -0.103652            -0.23827
0.123804           -0.103652            -0.23827
0.123804           -0.103652            -0.23827
0.370533           -0.206806             0.17937
0.370533           -0.206806             0.17937
0.370533           -0.206806             0.17937
0.370533           -0.206806             0.17937
0.370533           -0.206806             0.17937
-0.146038            -0.55359           -0.617581
0.385166           -0.638888            0.524142
0.385166           -0.638888            0.524142
-0.128839           -0.499378            0.301106
-0.128839           -0.499378            0.301106
-0.128839           -0.499378            0.301106
-0.128839           -0.499378            0.301106
-0.185688            -1.00693            0.260978
-0.769718           -0.919279         -0.00601832
-0.636238           -0.269968            0.386812
-0.636238           -0.269968            0.386812
-0.636238           -0.269968            0.386812
-0.398242            0.166218            0.849786
-0.783086            -0.71594            0.188229
0.855484            0.177454            0.372492
0.322532            0.648144           -0.390093
0.326424            0.401673           -0.892349
0.326424            0.401673           -0.892349
0.326424            0.401673           -0.892349
0.326424            0.401673           -0.892349
-0.155844             1.14683           -0.634135
-0.155844             1.14683           -0.634135
0.271203            0.473422           -0.402218
0.271203            0.473422           -0.402218
-0.304579           -0.426091           0.0230556
-0.304579           -0.426091           0.0230556
-0.304579           -0.426091           0.0230556
-0.304579           -0.426091           0.0230556
-0.0742618             -0.5627           -0.825346
0.19231           -0.837606            -0.44871
0.19231           -0.837606            -0.44871
-0.364834            0.337063             -0.5936
-0.364834            0.337063             -0.5936
-0.817123           0.0325615           -0.163497
-0.817123           0.0325615           -0.163497
-0.35313           -0.261124           -0.495401
0.536526           -0.124012           -0.457593
0.536526           -0.124012           -0.457593
0.536526           -0.124012           -0.457593
0.536526           -0.124012           -0.457593
-0.140235           -0.937769            0.186065
0.0816438           -0.792055           0.0792296
0.0816438           -0.792055           0.0792296
0.0588851           -0.272103           -0.507349
-0.566034           0.0403042            -1.07963
-0.566034           0.0403042            -1.07963
-1.16172           -0.516025           -0.477965
-1.16172           -0.516025           -0.477965
-1.16172           -0.516025           -0.477965
-1.16172           -0.516025           -0.477965
-1.16172           -0.516025           -0.477965
-1.16172           -0.516025           -0.477965
-1.16172           -0.516025           -0.477965
-1.16172           -0.516025           -0.477965
-0.671758            0.113241              -1.337
-0.671758            0.113241              -1.337
-0.671758            0.113241              -1.337
-0.671758            0.113241              -1.337
-0.671758            0.113241              -1.337
-1.07938            0.110659            -1.58605
-1.19208            0.406779            -1.24384
-1.32164            0.571242           -0.674553
-1.58951            0.161317            0.247547
-0.896282            0.384503           -0.705306
-0.896282            0.384503           -0.705306
-0.896282            0.384503           -0.705306
-0.466745             1.08154            -1.17937
-0.466745             1.08154            -1.17937
-0.0388285            0.909379            -1.55998
-0.828387              1.2846            -1.60927
-1.3445           -0.402593            -1.51438
-0.646793           -0.494146            -2.61134
-0.646793           -0.494146            -2.61134
0.0425743            -1.30017            -1.90631
0.724434           -0.904148            -0.72667
-0.0479356            0.384346            -1.46786
0.446373            0.450006            -1.66873
-0.809858             1.12288            -1.56289
-0.353705             1.52427           -0.192904
-0.673046             1.32857           -0.482611
-0.673046             1.32857           -0.482611
-1.35651            0.989694           -0.324041
-1.35651            0.989694           -0.324041
-1.35651            0.989694           -0.324041
-1.91424             1.28119            0.125993
-2.03205            0.617825            0.921869
-2.21859           -0.546997            0.564944
-2.21859           -0.546997            0.564944
-0.620182           -0.435071            0.919435
-0.340657           -0.558127            0.435532
-0.340657           -0.558127            0.435532
0.0169544            0.723305           -0.374466
-0.24921            0.866434            0.277734
-0.24921            0.866434            0.277734
-0.24921            0.866434            0.277734
-0.691929            0.853611            0.807903
-0.691929            0.853611            0.807903
-0.140793           -0.841638            0.615533
-0.265848            -1.90153            0.529377
-0.265848            -1.90153            0.529377
-0.265848            -1.90153            0.529377
-0.686056            -1.55473             0.43259
0.813567            -1.08731           0.0427598
-0.0945584           -0.420155            0.309071
-0.604861           -0.554273            0.405238
-0.604861           -0.554273            0.405238
-0.604861           -0.554273            0.405238
-0.604861           -0.554273            0.405238
-0.439072            -1.38117             0.61078
-0.439072            -1.38117             0.61078
-0.439072            -1.38117             0.61078
-0.439072            -1.38117             0.61078
-0.0715415            -1.03627           -0.479383
-0.086835           -0.643568           -0.471846
0.678387             0.19674           -0.390869
0.861161            0.874195          -0.0948042
0.307215          -0.0911806            -0.23156
0.654658            0.345613           -0.543315
0.00301825             1.13799           -0.364026
-0.131902            0.224168           -0.655461
-0.234871          -0.0748151           -0.482699
-0.426977            -1.02585            0.203555
-0.355213           -0.163974            0.602761
-0.355213           -0.163974            0.602761
-0.355213           -0.163974            0.602761
0.544438           -0.116212             1.03822
0.544438           -0.116212             1.03822
0.544438           -0.116212             1.03822
0.544438           -0.116212             1.03822
1.10294            -1.02981            0.874417
1.56243           -0.459506             0.31915
1.7346            0.790201            0.414968
0.0149189            0.149207           -0.680281
0.0149189            0.149207           -0.680281
0.0149189            0.149207           -0.680281
0.0149189            0.149207           -0.680281
-0.456839           -0.272981             -0.6845
-0.456839           -0.272981             -0.6845
1.03791           -0.674135            0.846733
1.03791           -0.674135            0.846733
1.03791           -0.674135            0.846733
1.03791           -0.674135            0.846733
1.03791           -0.674135            0.846733
1.03791           -0.674135            0.846733
1.03791           -0.674135            0.846733
1.32923           -0.782855            0.508021
1.32923           -0.782855            0.508021
1.32923           -0.782855            0.508021
0.446123           -0.210027            0.118276
0.582625             0.03682           -0.174195
0.582625             0.03682           -0.174195
0.699593            0.858828           -0.267222
0.699593            0.858828           -0.267222
0.523173            0.731768            -0.56852
0.523173            0.731768            -0.56852
0.523173            0.731768            -0.56852
0.0121828            0.886197             -0.0992
-0.278395            0.283677           0.0851128
0.426953            0.724798           -0.515986
0.426953            0.724798           -0.515986
0.426953            0.724798           -0.515986
0.426953            0.724798           -0.515986
0.398646            0.770134           -0.467529
0.373573             1.00843           -0.853918
0.373573             1.00843           -0.853918
0.373573             1.00843           -0.853918
2.61308             1.55552           -0.150175
2.86491             1.79352           -0.388749
2.98503             1.39745            0.143449
2.77254             1.49173           -0.684884
2.77254             1.49173           -0.684884
2.77254             1.49173           -0.684884
2.87789             2.11375           -0.973375
2.87789             2.11375           -0.973375
2.96714            0.470708           0.0167852
2.17374            0.210227           -0.566981
2.17374            0.210227           -0.566981
2.61014           -0.211318            -1.36411
2.38855           -0.170587           -0.895095
2.38855           -0.170587           -0.895095
2.38855           -0.170587           -0.895095
2.01338            0.224308            -0.47391
1.98145              1.1612           -0.632167
1.10843            0.414329           -0.249803
0.308605            0.178082            0.796214
-0.0710852            0.309105            0.593648
-0.0710852            0.309105            0.593648
-0.119834           -0.265386             1.03229
-0.119834           -0.265386             1.03229
-0.119834           -0.265386             1.03229
0.417981            -1.04494             1.10138
0.417981            -1.04494             1.10138
0.147183            -1.33558             1.11487
1.30296            -1.89233              1.7703
1.84131            -1.73463             1.73148
1.83546            -1.41045             1.27233
1.05452             -1.9704             2.11657
1.00714            -1.82191             2.02415
1.00714            -1.82191             2.02415
0.661618           -0.226998            0.977203
-0.323004            0.388335            0.772434
0.0419436             1.01791            0.210792
-0.150989            0.382764           -0.224388
-0.150989            0.382764           -0.224388
-0.290201            0.639838           -0.171926
-0.290201            0.639838           -0.171926
-0.290201            0.639838           -0.171926
-0.863819            0.195749            0.454781
-0.674826           -0.449632             0.60422
-0.674826           -0.449632             0.60422
-0.674826           -0.449632             0.60422
-0.674826           -0.449632             0.60422
-1.11759           -0.726036            0.483468
-0.509943           -0.419361            0.499984
-0.509943           -0.419361            0.499984
-0.546673           -0.113382            -1.04932
-0.889708            0.161468            -1.51392
-0.889708            0.161468            -1.51392
-0.889708            0.161468            -1.51392
-0.889708            0.161468            -1.51392
-0.889708            0.161468            -1.51392
-0.921319           -0.499363           -0.934035
-0.921319           -0.499363           -0.934035
0.62887           -0.335548            -1.01833
0.51507           -0.203861           -0.768388
0.51507           -0.203861           -0.768388
0.51507           -0.203861           -0.768388
0.51507           -0.203861           -0.768388
-0.201968            0.161796           -0.411946
-0.201968            0.161796           -0.411946
-0.201968            0.161796           -0.411946
-0.36773           -0.179472           -0.373868
-0.36773           -0.179472           -0.373868
-0.36773           -0.179472           -0.373868
-0.36773           -0.179472           -0.373868
-0.36773           -0.179472           -0.373868
-0.36773           -0.179472           -0.373868
-0.36773           -0.179472           -0.373868
-0.36773           -0.179472           -0.373868
-0.36773           -0.179472           -0.373868
-0.36773           -0.179472           -0.373868
0.683001            0.611337           -0.324489
1.00228            0.312979           -0.973782
0.852985            0.165817            0.338363
0.852985            0.165817            0.338363
0.852985            0.165817            0.338363
-0.0329449            0.147262            0.359898
-0.0329449            0.147262            0.359898
1.14304           -0.618619           0.0702389
0.015476           -0.369539           -0.759558
0.015476           -0.369539           -0.759558
0.015476           -0.369539           -0.759558
0.015476           -0.369539           -0.759558
0.210671            -1.26831           -0.569554
0.210671            -1.26831           -0.569554
0.607069            -1.50623            -1.37598
0.103145            -1.83013             -1.8083
0.778087             -1.8957             -1.6481
2.59315           -0.767341            -1.75857
2.42899            -1.42306            -1.20614
2.42899            -1.42306            -1.20614
2.42899            -1.42306            -1.20614
2.42899            -1.42306            -1.20614
3.01987         -0.00608549            -1.81263
2.99097           -0.288925            -1.45438
2.99097           -0.288925            -1.45438
3.17701            0.463185             -3.0527
1.78572            -1.08093            -3.19931
2.23471            -1.55636            -3.15427
2.23471            -1.55636            -3.15427
1.63266            -2.64754            -2.58151
1.63266            -2.64754            -2.58151
0.843135            -3.37584            -2.95776
1.06774            -3.30847            -3.41541
1.06774            -3.30847            -3.41541
1.06774            -3.30847            -3.41541
0.524772            -3.68824            -3.01506
0.0784545            -3.18364            -3.11156
0.794329            -3.15055            -2.89137
0.212543            -3.48441            -2.40833
0.873799            -2.23212            -2.32734
1.65248            -2.40069            -1.75555
1.5283            -2.54096           -0.343733
0.806183            -3.03396           -0.443403
0.366625            -3.96386           -0.155124
-0.0416489            -3.83365             -1.1952
1.8154            -3.34222            -0.96041
0.455882            -2.66326           -0.280164
1.28912            -3.04193           -0.290608
1.28912            -3.04193           -0.290608
0.719958             -1.9639          -0.0574333
0.719958             -1.9639          -0.0574333
0.67948            -1.52265            0.208531
0.997346           -0.825571            0.505307
0.997346           -0.825571            0.505307
0.997346           -0.825571            0.505307
1.08604           -0.165949            0.207349
-0.236552            0.368528             -0.3176
0.0552799           -0.422893           -0.184611
0.0552799           -0.422893           -0.184611
0.0552799           -0.422893           -0.184611
-0.178897          -0.0868259            0.719618
0.000109199            0.448807           0.0444881
0.000109199            0.448807           0.0444881
-0.398448            0.256881            0.369911
-0.398448            0.256881            0.369911
-0.398448            0.256881            0.369911
-0.0364932           0.0304659           -0.119659
-0.0364932           0.0304659           -0.119659
-0.0364932           0.0304659           -0.119659
0.53114            0.361842            0.272024
0.224538            -0.43372             1.16774
-0.302954            -1.04125             1.39223
0.27173           -0.625544            0.859397
0.27173           -0.625544            0.859397
-0.240696            0.787283            0.608352
0.72023           -0.118347            0.470134
0.72023           -0.118347            0.470134
-0.54229           -0.281318            0.817078
0.474812           -0.468366            -1.04706
0.474812           -0.468366            -1.04706
0.474812           -0.468366            -1.04706
0.0477404            -1.01489             -1.1612
-0.471154           -0.571634             -0.2929
-0.471154           -0.571634             -0.2929
-0.119045           0.0385969            0.391367
-0.119045           0.0385969            0.391367
-0.0904396            -0.14278           -0.874789
-0.0904396            -0.14278           -0.874789
-0.424031          -0.0304411           -0.370459
-0.174864             0.54172           -0.268586
-0.174864             0.54172           -0.268586
-0.174864             0.54172           -0.268586
0.315596           -0.220903           0.0611653
0.315596           -0.220903           0.0611653
-0.159728           0.0337627            0.358962
-0.159728           0.0337627            0.358962
0.748217           -0.697743             1.25806
0.0946584            0.743659            0.862436
0.0694148            0.863579            0.521922
0.0694148            0.863579            0.521922
0.0694148            0.863579            0.521922
0.0694148            0.863579            0.521922
0.510408             1.27464          -0.0959219
-0.375028             0.10702            -0.34497
0.000333943           0.0850151            0.468661
0.000333943           0.0850151            0.468661
0.000333943           0.0850151            0.468661
0.000333943           0.0850151            0.468661
0.0547489           0.0630441            0.752759
0.0547489           0.0630441            0.752759
0.179978           -0.409986            0.475146
0.179978           -0.409986            0.475146
0.459373           -0.394026            0.935179
-0.0333235           -0.731841             1.01298
0.253017            0.181951            0.981716
0.278198            0.724291            0.586705
1.01479            0.548356            0.332425
1.01479            0.548356            0.332425
1.59659           -0.604664             0.29615
2.06424           -0.227845            0.972881
1.93858           -0.379049            0.284447
1.26792           -0.498219          -0.0264695
1.03017           -0.117843           -0.648874
1.01644         -0.00238783           -0.991135
1.01644         -0.00238783           -0.991135
0.325958            0.465443            -1.11531
0.325958            0.465443            -1.11531
-0.521493             0.10738           -0.352143
-0.521493             0.10738           -0.352143
-0.521493             0.10738           -0.352143
-0.521493             0.10738           -0.352143
-0.521493             0.10738           -0.352143
-0.521493             0.10738           -0.352143
-0.521493             0.10738           -0.352143
-0.521493             0.10738           -0.352143
-0.338378          -0.0163607            -1.52225
1.29205             1.08359           -0.255071
0.437936             2.23599            0.524332
0.0114365             2.13205           0.0648065
0.0114365             2.13205           0.0648065
0.386777             1.47766           -0.546823
-0.167662             1.56364            0.178892
0.520944            0.315347            0.031252
0.520944            0.315347            0.031252
0.674216           -0.609135             0.38817
0.64296           -0.560124            -0.12246
0.64296           -0.560124            -0.12246
0.64296           -0.560124            -0.12246
0.64296           -0.560124            -0.12246
0.453444           -0.773356           -0.304081
0.453444           -0.773356           -0.304081
0.453444           -0.773356           -0.304081
0.453444           -0.773356           -0.304081
0.0337526            -1.20699            -1.20113
0.0337526            -1.20699            -1.20113
-0.481028           -0.718814            -1.05528
-0.481028           -0.718814            -1.05528
1.14756           -0.632303           -0.803227
1.14756           -0.632303           -0.803227
1.03667           -0.985356           -0.449943
0.724182            0.618126           0.0731736
-0.0949228            0.470349           -0.572159
-0.0949228            0.470349           -0.572159
-0.0949228            0.470349           -0.572159
0.17289           -0.414101             -1.1505
-0.504573           -0.671287          -0.0747897
-0.508363            -0.34711            0.222608
-0.508363            -0.34711            0.222608
-0.508363            -0.34711            0.222608
-0.508363            -0.34711            0.222608
-0.508363            -0.34711            0.222608
-0.508363            -0.34711            0.222608
-0.324251            0.813178          -0.0718074
-0.324251            0.813178          -0.0718074
-1.15414             1.36882            0.113089
-1.15414             1.36882            0.113089
-1.15414             1.36882            0.113089
-0.990147             1.70948          0.00275028
-0.990147             1.70948          0.00275028
1.04708            0.338622            -0.76131
1.34484            -0.12702           -0.170699
1.00432            0.261322            -0.29867
1.00432            0.261322            -0.29867
1.00432            0.261322            -0.29867
1.26378           -0.184887           -0.444456
1.53279            0.808994            -0.88995
1.53279            0.808994            -0.88995
1.53279            0.808994            -0.88995
1.35803             1.14845            0.180801
0.732924            0.584209          -0.0015143
-0.0656498             1.03184            0.389349
-0.669816            0.994791           -0.360446
-0.74412             1.50534           -0.687677
-0.74412             1.50534           -0.687677
-0.74412             1.50534           -0.687677
-0.240556             1.02741            -1.44828
-1.0025            0.485384            -1.23789
-0.732688            0.524966           -0.661715
-0.732688            0.524966           -0.661715
-0.732688            0.524966           -0.661715
-0.732688            0.524966           -0.661715
-1.70266             1.27711             -1.4208
-1.41053             1.10541            -2.40235
-2.14884             1.37386            -2.73412
-2.14884             1.37386            -2.73412
-1.70827            0.402343            -2.98684
-1.70827            0.402343            -2.98684
-1.52219           -0.404058            -2.67163
-1.7115           -0.846714            -1.49612
-2.0829           0.0335344            -1.38747
-1.43792           0.0343131            -1.38326
-1.43792           0.0343131            -1.38326
-1.43792           0.0343131            -1.38326
-1.22021            0.680289            -1.03564
-1.22021            0.680289            -1.03564
-0.358576             1.93725            -1.10851
-0.358576             1.93725            -1.10851
-0.358576             1.93725            -1.10851
-0.358576             1.93725            -1.10851
-0.144605             1.72035           -0.799575
0.609668             1.43427           -0.661983
0.609668             1.43427           -0.661983
0.609668             1.43427           -0.661983
0.609668             1.43427           -0.661983
1.07124             1.40934           -0.242266
1.07124             1.40934           -0.242266
0.69224              1.5533            0.261931
0.69224              1.5533            0.261931
0.69224              1.5533            0.261931
0.69224              1.5533            0.261931
1.14097             1.08784           -0.169283
1.14097             1.08784           -0.169283
1.14097             1.08784           -0.169283
1.14097             1.08784           -0.169283
1.58683             1.27878           -0.433477
2.14             1.81559           -0.151505
1.54176            0.960844             1.31867
1.54176            0.960844             1.31867
1.54176            0.960844             1.31867
0.237147            0.223929              1.6855
0.237147            0.223929              1.6855
0.237147            0.223929              1.6855
0.237147            0.223929              1.6855
-0.708857           -0.543007            0.873723
-0.708857           -0.543007            0.873723
0.0967409            -1.21725            0.800231
-0.0817567           -0.329989           -0.304807
-0.0817567           -0.329989           -0.304807
0.496233            0.585121            0.426781
0.287254            0.406741            0.951993
1.00639             0.69981             0.46449
1.00639             0.69981             0.46449
1.00639             0.69981             0.46449
1.29776            0.527554             1.25195
1.29776            0.527554             1.25195
0.221779             1.02417               0.117
0.221779             1.02417               0.117
0.243392             1.09195            0.762986
0.135189            0.513195             1.57074
0.135189            0.513195             1.57074
0.135189            0.513195             1.57074
-0.88332             1.47418            0.828292
0.0606692             1.93667             1.11737
0.0606692             1.93667             1.11737
0.0606692             1.93667             1.11737
-0.101797             1.26357             1.82865
-0.101797             1.26357             1.82865
-0.467729              1.4046             1.61667
-0.174879             0.82259             1.24219
1.11098            0.700848             1.38289
1.16759             1.32613           -0.401694
-0.036826            0.256975           -0.373549
-0.226591           -0.469785           -0.651298
0.0264119          -0.0509698           -0.389553
0.0264119          -0.0509698           -0.389553
0.0264119          -0.0509698           -0.389553
0.0264119          -0.0509698           -0.389553
0.0264119          -0.0509698           -0.389553
0.120433           0.0252399            0.834601
0.120433           0.0252399            0.834601
0.849899            0.114513            0.832789
0.849899            0.114513            0.832789
0.849899            0.114513            0.832789
1.06756            0.409163             1.36873
1.05488            0.359794             1.06919
1.05488            0.359794             1.06919
0.183894           -0.353257              1.7978
-0.793597           -0.377308              1.6252
-0.783472            -1.12358             1.33394
-1.08465            -0.23663             1.22472
-1.19885           -0.143668             1.61891
-1.13823            0.511962               1.126
-1.13823            0.511962               1.126
-1.5935            0.403746            0.147198
-2.53129             1.42186           0.0215584
-2.73152             1.99651            -0.31523
-1.13356              3.0419           -0.742634
-0.933099             3.27757            -1.26551
-0.456594             3.75375            -2.84908
-0.456594             3.75375            -2.84908
-0.248576             3.45056            -3.10009
0.119858             3.54217            -3.45315
-0.0980864             2.68215            -3.09905
-0.569757              3.1912            -3.90804
-1.15936             2.23005             -3.2608
-1.15936             2.23005             -3.2608
-2.27986             2.35793            -3.15508
-2.45145             2.77122            -2.68299
-2.45145             2.77122            -2.68299
-2.39724             1.90274            -3.63052
-2.62184             1.26493            -3.82585
-1.48238            0.431172            -3.96311
-1.40221           -0.707943            -2.89365
-1.40221           -0.707943            -2.89365
-1.17418             0.96575            -3.94931
-1.02001             1.55741              -4.227
-1.02001             1.55741              -4.227
-0.338018            0.996645            -4.46387
-0.113524            0.964198            -4.46908
-1.67358            0.769514            -4.35211
-1.67358            0.769514            -4.35211
-2.1811           -0.270591            -4.47375
-2.15023           -0.612663            -4.19208
-2.15023           -0.612663            -4.19208
-3.86887           -0.531747            -1.95396
-3.99248           -0.322875            -2.68004
-3.99248           -0.322875            -2.68004
-3.99248           -0.322875            -2.68004
-2.28699            0.695462            -1.82871
-2.28699            0.695462            -1.82871
-2.28699            0.695462            -1.82871
-2.31629            0.966166             -1.4125
-0.891408              1.2463            -1.88139
-1.55107             1.10463           -0.623516
-1.71595            0.447033           -0.203029
-1.09823           -0.859721             0.12119
-1.09823           -0.859721             0.12119
-1.09823           -0.859721             0.12119
-1.09823           -0.859721             0.12119
-1.56983           -0.996849           -0.238209
-0.680685            -1.46375           -0.775592
-0.680685            -1.46375           -0.775592
0.109758           -0.725806            -1.23551
0.649289           -0.548654            -2.34674
0.649289           -0.548654            -2.34674
0.649289           -0.548654            -2.34674
1.16085           -0.740152            -1.75208
1.16085           -0.740152            -1.75208
1.16085           -0.740152            -1.75208
1.16085           -0.740152            -1.75208
1.02886            -1.19422            -1.41618
0.184705           -0.232412           -0.830628
0.184705           -0.232412           -0.830628
0.184705           -0.232412           -0.830628
0.184705           -0.232412           -0.830628
0.483305            0.146152           -0.362178
-0.00574294           -0.176365           -0.221229
-0.00574294           -0.176365           -0.221229
-0.00574294           -0.176365           -0.221229
-0.369747            0.348625           -0.211275
0.166557           -0.641188           -0.205536
0.545344           -0.672582            0.428753
-0.14695           -0.278893            0.506395
-0.14695           -0.278893            0.506395
-0.14695           -0.278893            0.506395
0.0570867           -0.318495           0.0358265
0.479241            0.130069           -0.347215
0.479241            0.130069           -0.347215
0.479241            0.130069           -0.347215
0.479241            0.130069           -0.347215
0.479241            0.130069           -0.347215
0.583971            0.192561            0.256831
0.387747           -0.544299            0.522225
0.387747           -0.544299            0.522225
0.387747           -0.544299            0.522225
0.714248            0.106173            0.527188
0.714248            0.106173            0.527188
0.714248            0.106173            0.527188
0.714248            0.106173            0.527188
0.773428            0.531352            0.854827
0.569366            0.678802            0.283766
0.569366            0.678802            0.283766
0.622334             0.52609           -0.635641
-0.411231            0.804687           -0.815349
-0.0245763            0.512234            -0.35265
-0.0297567            0.153163           -0.747842
0.169365          -0.0258189           -0.249238
-0.122402           -0.821331            0.986894
-0.122402           -0.821331            0.986894
-0.122402           -0.821331            0.986894
-0.122402           -0.821331            0.986894
-0.122402           -0.821331            0.986894
-1.51585           -0.929193            0.608323
-0.385131           -0.442711            0.501605
-0.455981           -0.639457            -0.94935
-0.653407           -0.125988           -0.820019
-0.493064              0.7388           -0.261668
-0.493064              0.7388           -0.261668
0.755989             1.16536           -0.496068
0.755989             1.16536           -0.496068
0.755989             1.16536           -0.496068
0.0340871            0.024638           -0.155472
0.0340871            0.024638           -0.155472
-0.327457            0.074009             1.43108
-0.16321           -0.310757            0.638425
0.385845          -0.0332393             2.02141
0.385845          -0.0332393             2.02141
0.385845          -0.0332393             2.02141
-0.0212281            0.817681             2.14188
0.22801            0.290177             2.31577
-0.10221             1.67596             1.85791
-0.836974             2.76661             1.03643
-0.836974             2.76661             1.03643
-0.181026              2.6532           -0.550531
-0.181026              2.6532           -0.550531
0.597864             2.37415             1.13308
0.147725             1.78292             1.13408
0.283397              1.4279            0.474882
1.06597             1.17419             0.93545
1.36356            0.681171            0.825041
0.387237             1.96299           -0.691426
0.4712             1.10314           -0.321743
-0.807657             1.68534            0.155295
-0.807657             1.68534            0.155295
-0.807657             1.68534            0.155295
-0.807657             1.68534            0.155295
-0.807657             1.68534            0.155295
0.527531            0.685763          -0.0729024
0.527531            0.685763          -0.0729024
0.527531            0.685763          -0.0729024
0.527531            0.685763          -0.0729024
0.0616504          -0.0830688            0.421676
0.0616504          -0.0830688            0.421676
0.353103            0.175882         -0.00959691
0.207166           -0.896771           0.0706562
0.207166           -0.896771           0.0706562
0.825826            -0.58333           -0.207639
-0.472413            -1.02952           -0.893801
-0.472413            -1.02952           -0.893801
-0.472413            -1.02952           -0.893801
-0.348796            0.461681           -0.960633
-0.555134           -0.525662            -1.33175
-0.814757           -0.157714            -1.33096
-0.30601           -0.596508           -0.539634
-0.120894            -1.93731          -0.0985709
-0.120894            -1.93731          -0.0985709
-0.196419            -1.58937            0.370041
-1.03664           -0.781711           -0.366954
-1.03664           -0.781711           -0.366954
-0.262265           -0.408434            -0.87121
-0.262265           -0.408434            -0.87121
-0.562522            0.173881            0.493498
-0.231799            0.019031            0.469531
-0.231799            0.019031            0.469531
-0.231799            0.019031            0.469531
-0.231799            0.019031            0.469531
-0.231799            0.019031            0.469531
-0.190713             1.09467            0.209584
-0.984745            0.813943           -0.103343
-0.670345             1.34919             0.64762
-0.746304             1.07889            -0.13161
-0.851765            0.658208           -0.746815
-0.47157            0.610984           -0.427313
-0.47157            0.610984           -0.427313
-0.47157            0.610984           -0.427313
-0.459026            0.767977            0.316335
0.244036           -0.374462            0.781066
0.244036           -0.374462            0.781066
0.244036           -0.374462            0.781066
0.329825            0.461833            0.232482
0.329825            0.461833            0.232482
0.329825            0.461833            0.232482
0.271524            0.619145           -0.293851
0.271524            0.619145           -0.293851
-0.00326988           -0.757422           -0.454263
-0.00326988           -0.757422           -0.454263
0.638443           0.0255798           -0.371963
0.638443           0.0255798           -0.371963
0.456012             0.14671            0.321524
0.456012             0.14671            0.321524
0.456012             0.14671            0.321524
0.456012             0.14671            0.321524
0.456012             0.14671            0.321524
0.456012             0.14671            0.321524
0.265356            0.202458           -0.750118
0.265356            0.202458           -0.750118
0.265356            0.202458           -0.750118
-0.256689           0.0727913            -1.57277
-0.256689           0.0727913            -1.57277
0.182957             0.78454           -0.678061
0.182957             0.78454           -0.678061
-0.226048             2.06536           -0.926612
-0.274338             2.08433           -0.132881
-0.408522             1.50658             0.39466
-0.408522             1.50658             0.39466
-0.408522             1.50658             0.39466
0.642982             1.33358              1.3599
1.23008            0.969206             1.09237
1.85336           -0.157389             1.57153
0.811634            0.989879             1.20305
-0.426666           -0.544083             1.05121
-1.81649           -0.636939              1.1408
-1.33212            0.145222              1.0918
-0.90942          -0.0772158              1.0849
-0.657172          0.00108192            0.351592
-2.13139           -0.229478             1.76841
-1.00994             -0.0973             1.83617
-1.00994             -0.0973             1.83617
-0.22918              1.5193              1.4593
0.18567            0.810467             1.16866
1.69121            0.865437            0.633122
0.73553            0.841661            0.237336
0.73553            0.841661            0.237336
0.73553            0.841661            0.237336
-0.162171             1.37961            0.613498
0.129754              1.5347           -0.647601
-0.569188             1.63667           -0.350884
-0.569188             1.63667           -0.350884
0.11196             1.52557           -0.600998
0.11196             1.52557           -0.600998
-0.00396566             1.80329            -1.61221
-0.00396566             1.80329            -1.61221
0.0306881             1.70988           -0.911804
0.0306881             1.70988           -0.911804
-0.525755             1.66459           -0.697385
-1.13933            0.915311            0.472522
-1.0805            0.907029            0.192544
-1.0805            0.907029            0.192544
0.166759            0.871452            0.543489
0.0589485             1.21409            0.540318
0.0589485             1.21409            0.540318
0.0589485             1.21409            0.540318
0.0589485             1.21409            0.540318
0.0589485             1.21409            0.540318
-0.517569            0.139275           -0.379315
-0.517569            0.139275           -0.379315
-0.532728            0.610612           -0.194901
-0.532728            0.610612           -0.194901
-0.10787          -0.0531932           -0.666963
-0.449227            0.477832           -0.272094
0.308476            -0.55279           -0.910333
-1.40764           0.0635031            -1.69778
-1.40764           0.0635031            -1.69778
-1.40764           0.0635031            -1.69778
-0.389252           0.0754961            -1.36116
0.697989           -0.281886             -1.0257
0.357818           -0.277948            -1.07857
0.357818           -0.277948            -1.07857
0.309474            0.286278            -1.14489
0.309474            0.286278            -1.14489
0.578089           -0.136638            -1.06375
0.888846            0.638816           -0.117679
0.806434            0.332623            0.661941
0.806434            0.332623            0.661941
0.806434            0.332623            0.661941
0.806434            0.332623            0.661941
0.19573            0.357384             1.05825
-1.03792            0.956313            0.910272
-0.235956             1.45479          -0.0053253
0.114222             1.30583          -0.0651057
0.114222             1.30583          -0.0651057
0.114222             1.30583          -0.0651057
0.199273             1.29407            0.022513
0.170545             1.58213           -0.789848
0.170545             1.58213           -0.789848
0.170545             1.58213           -0.789848
0.112061             1.38407           -0.131745
0.112061             1.38407           -0.131745
-0.0377877           -0.570218           -0.308986
-0.0367217            0.247242            0.630441
0.185683              0.2455            0.235083
-0.0500232            0.302967           -0.858741
-0.838686            0.831705           -0.243656
-0.838686            0.831705           -0.243656
-0.838686            0.831705           -0.243656
-0.838686            0.831705           -0.243656
-1.41016           -0.638664            0.596555
-0.0999958            0.524583             1.40282
-0.400144            0.834119             1.85287
-1.0351            0.353928             1.25331
-1.0351            0.353928             1.25331
-1.0351            0.353928             1.25331
-1.58496          -0.0305426             1.57491
-1.11886            0.496737              1.0378
-1.11886            0.496737              1.0378
-1.95139            0.585042             0.15612
-1.95139            0.585042             0.15612
-1.95139            0.585042             0.15612
-1.95139            0.585042             0.15612
-1.2406            0.469843            0.481995
-1.2406            0.469843            0.481995
-0.227744             1.33374          0.00366097
-0.227744             1.33374          0.00366097
-0.142393             1.48568            0.627609
-0.275522            0.489954            0.677493
-0.275522            0.489954            0.677493
-0.467639            0.254206            0.518317
-0.771867             0.84015             0.90152
-0.771867             0.84015             0.90152
-1.43347             0.56678             0.66332
-1.51189             1.34577            0.490592
-1.51189             1.34577            0.490592
-0.548863              1.1289             1.90618
-0.548863              1.1289             1.90618
0.510684           0.0727502             2.58067
0.510684           0.0727502             2.58067
2.08966            -0.34699             2.58812
2.08966            -0.34699             2.58812
2.16459            0.318796             1.86857
2.16459            0.318796             1.86857
2.16459            0.318796             1.86857
1.95813            0.854121             1.44127
0.197668             1.07775             1.55298
0.197668             1.07775             1.55298
0.849048            0.444741             1.29372
0.849048            0.444741             1.29372
-0.254859            0.768174             1.37008
-0.254859            0.768174             1.37008
0.281254            0.233766             1.47563
0.281254            0.233766             1.47563
0.0771118            -0.58578            0.047749
0.0771118            -0.58578            0.047749
0.0771118            -0.58578            0.047749
0.0771118            -0.58578            0.047749
0.0771118            -0.58578            0.047749
0.0771118            -0.58578            0.047749
0.0771118            -0.58578            0.047749
0.0771118            -0.58578            0.047749
-0.0841498             0.41974            0.105768
-0.0841498             0.41974            0.105768
0.00112179          -0.0350281           -0.495568
0.00112179          -0.0350281           -0.495568
0.00112179          -0.0350281           -0.495568
0.00112179          -0.0350281           -0.495568
-0.235272           -0.788866           -0.665024
0.735808           -0.141105            0.776523
-0.23611           0.0443195            0.816027
-0.23611           0.0443195            0.816027
-0.470527             0.54373          -0.0280906
-0.470527             0.54373          -0.0280906
-0.470527             0.54373          -0.0280906
-0.470527             0.54373          -0.0280906
-0.940343            0.441044           -0.182656
-0.940343            0.441044           -0.182656
-0.940343            0.441044           -0.182656
-0.940343            0.441044           -0.182656
-0.940343            0.441044           -0.182656
-0.940343            0.441044           -0.182656
-0.402239           -0.366191           -0.382933
-0.402239           -0.366191           -0.382933
-0.0196168            -0.60637           -0.724311
-0.604668           -0.989585           -0.494705
-0.604668           -0.989585           -0.494705
-0.538065             -0.6664           -0.413712
-0.538065             -0.6664           -0.413712
-0.411419            -1.26361           -0.677474
0.767251           -0.335891            0.198916
0.761162             0.81586           -0.216276
1.10898            0.137465          -0.0556069
1.10898            0.137465          -0.0556069
0.373604           -0.775045            0.766245
0.380905           -0.239206             1.23638
0.491902           -0.680574             0.50552
0.491902           -0.680574             0.50552
-0.531475            0.401619            0.845621
-0.531475            0.401619            0.845621
-0.531475            0.401619            0.845621
-0.531475            0.401619            0.845621
-0.531475            0.401619            0.845621
-0.531475            0.401619            0.845621
1.02216            0.825411             1.26667
1.02216            0.825411             1.26667
0.183356             1.15139             1.12297
0.76117          -0.0688212              1.5731
0.76117          -0.0688212              1.5731
0.76117          -0.0688212              1.5731
1.14791           -0.778095             1.75081
1.14791           -0.778095             1.75081
1.14791           -0.778095             1.75081
0.79387            -0.12184             3.12438
0.894722            0.876335             2.15103
0.894722            0.876335             2.15103
0.894722            0.876335             2.15103
-0.227569             1.75293              1.1004
-0.227569             1.75293              1.1004
0.0316522             1.90697            0.228118
0.0316522             1.90697            0.228118
-0.729274             1.11905            0.558223
-0.0539749             1.68266           0.0612668
-0.0539749             1.68266           0.0612668
0.292598             2.03432            -0.28392
0.608374           -0.074412          -0.0949276
0.568722           -0.766584           -0.961463
0.568722           -0.766584           -0.961463
0.568722           -0.766584           -0.961463
0.995006           -0.656523            -1.04418
0.400034            -1.15701           -0.479714
0.487086            -1.02798           0.0528222
-0.399375          -0.0511626            0.244178
-0.399375          -0.0511626            0.244178
-0.399375          -0.0511626            0.244178
-0.399375          -0.0511626            0.244178
-0.0405664             -1.0093           -0.222495
0.211576            -1.49803            -1.19273
0.211576            -1.49803            -1.19273
-0.279388            -1.37189           -0.540595
-1.51928           -0.812528           -0.244531
-0.635116           -0.452575            -1.28123
-0.635116           -0.452575            -1.28123
0.23559           -0.775569           -0.964035
0.23559           -0.775569           -0.964035
0.55459            -1.03344            0.609012
0.569721           -0.364404            -1.20817
0.399153          -0.0575805           -0.828727
0.399153          -0.0575805           -0.828727
0.399153          -0.0575805           -0.828727
0.777591            0.986347            -1.03549
0.0392896            0.299229           -0.496472
0.0392896            0.299229           -0.496472
0.0392896            0.299229           -0.496472
0.0392896            0.299229           -0.496472
0.0392896            0.299229           -0.496472
-1.03925             0.42554            0.528167
-1.03925             0.42554            0.528167
-1.03925             0.42554            0.528167
-1.03925             0.42554            0.528167
-1.03925             0.42554            0.528167
-0.947001           -0.575074             0.75561
-1.20104           -0.622125            0.425613
-1.20104           -0.622125            0.425613
-1.98205            -1.02093          0.00336087
-1.98205            -1.02093          0.00336087
-1.98205            -1.02093          0.00336087
-0.999497            -1.80627            0.194775
-1.19587             -1.5844          -0.0203315
-1.19587             -1.5844          -0.0203315
-1.89435            -2.07727           -0.140619
-1.89435            -2.07727           -0.140619
-1.55795             -1.8933           -0.220572
-1.84474            -1.56027           -0.553029
-2.42235            -1.58087           -0.264974
-1.70612           -0.261939           -0.323385
-0.940883              1.1256             0.19462
-0.226654            0.685362            0.397815
-0.226654            0.685362            0.397815
-0.226654            0.685362            0.397815
-0.226654            0.685362            0.397815
-0.226654            0.685362            0.397815
-0.226654            0.685362            0.397815
0.291348            -0.15203            0.612828
0.936559             0.41551          -0.0907127
0.936559             0.41551          -0.0907127
0.744805            0.489985            -1.03295
0.744805            0.489985            -1.03295
0.744805            0.489985            -1.03295
1.39643             1.00754           -0.345026
1.39643             1.00754           -0.345026
1.39643             1.00754           -0.345026
1.39643             1.00754           -0.345026
1.39643             1.00754           -0.345026
1.28274            0.734776           -0.299409
1.28274            0.734776           -0.299409
1.28274            0.734776           -0.299409
1.17915           -0.491444            -1.12715
0.357168           -0.047341            0.685472
0.357168           -0.047341            0.685472
0.357168           -0.047341            0.685472
-0.46657              0.1406           -0.773972
-0.46657              0.1406           -0.773972
-0.766005           -0.655589           0.0971359
-0.766005           -0.655589           0.0971359
-0.766005           -0.655589           0.0971359
-0.445882            0.885186            0.604466
-0.445882            0.885186            0.604466
-0.445882            0.885186            0.604466
-0.445882            0.885186            0.604466
-1.38085           -0.216244           -0.622659
-2.28839          -0.0470998           -0.369561
-2.28839          -0.0470998           -0.369561
-2.58595           -0.177605           0.0631824
-0.561943              0.2791            0.610876
-0.561943              0.2791            0.610876
-0.996683           -0.304159           0.0160588
-0.996683           -0.304159           0.0160588
-0.40478           -0.603146           -0.750466
-0.683892           -0.902161             1.06842
-1.16722           -0.403699          -0.0646932
-2.28724            0.438376           -0.361598
-2.44803             1.05426           -0.907629
-2.77974            0.938489           -0.769905
-2.44325             1.81417           -0.195474
-2.2783             1.60571          -0.0371508
-2.64008             1.60141           -0.314583
-2.44227             2.00232           -0.245464
-3.08415            0.485826            0.525653
-3.08415            0.485826            0.525653
-2.51272           -0.411519            -1.04988
-2.51272           -0.411519            -1.04988
-2.21014            -1.11926          -0.0963081
-1.49504           -0.479722            0.280907
-0.732897          -0.0916433           -0.171668
-0.732897          -0.0916433           -0.171668
-0.732897          -0.0916433           -0.171668
-0.732897          -0.0916433           -0.171668
-0.732897          -0.0916433           -0.171668
-0.732897          -0.0916433           -0.171668
-0.732897          -0.0916433           -0.171668
-0.732897          -0.0916433           -0.171668
-0.75412             -0.2849            0.315307
-0.75412             -0.2849            0.315307
-0.75412             -0.2849            0.315307
-0.696487           -0.565063            0.635108
-0.696487           -0.565063            0.635108
-0.696487           -0.565063            0.635108
-0.696487           -0.565063            0.635108
-1.03187           -0.794405           -0.386049
-0.00144315            -1.24809            0.589057
-0.00144315            -1.24809            0.589057
0.495744            -1.08761             1.37944
-0.420024            -1.01967             1.31686
-0.521062             -1.5227            0.775371
-0.198357            -0.62122          -0.0453808
-0.198357            -0.62122          -0.0453808
-0.388657           0.0797054            0.531649
0.0418541          -0.0354056           -0.502199
0.0418541          -0.0354056           -0.502199
0.0418541          -0.0354056           -0.502199
0.0418541          -0.0354056           -0.502199
0.0418541          -0.0354056           -0.502199
0.285685            0.472359           -0.472188
0.285685            0.472359           -0.472188
0.885463             0.30345            0.121537
0.260932           -0.188224            -1.10299
0.260932           -0.188224            -1.10299
-0.680649        -0.000332934           -0.293519
-0.469054           -0.141077            -1.09314
-0.469054           -0.141077            -1.09314
0.178414          0.00201168           -0.623565
0.178414          0.00201168           -0.623565
0.178414          0.00201168           -0.623565
-0.36063            -0.33737          0.00839892
-0.36063            -0.33737          0.00839892
0.65289             1.09114           0.0866801
0.997933            0.423562           -0.777801
0.997933            0.423562           -0.777801
0.997933            0.423562           -0.777801
1.04264           -0.377274           -0.950912
0.0315588            0.218612            -1.07805
0.368278             0.81826           -0.525451
0.368278             0.81826           -0.525451
-0.201688            0.727528           -0.318868
-0.201688            0.727528           -0.318868
-0.201688            0.727528           -0.318868
-0.851669            0.932288            0.144575
-0.851669            0.932288            0.144575
-0.851669            0.932288            0.144575
-0.851669            0.932288            0.144575
-0.851669            0.932288            0.144575
-0.851669            0.932288            0.144575
-0.701123             1.43392            0.481479
-0.825311             1.57352          -0.0822448
-0.83326             2.26502           -0.438223
-1.6403             1.49246            -1.29679
-1.6403             1.49246            -1.29679
-1.6403             1.49246            -1.29679
-0.616951              1.4984            -1.55488
-1.00213            0.526981           -0.961916
-1.00213            0.526981           -0.961916
-1.62338             0.64267            0.107366
-1.62338             0.64267            0.107366
-0.67261            -1.53045            0.523964
-1.04188            -1.58468            0.228675
-1.04188            -1.58468            0.228675
-2.22215            -1.84576           -0.720406
-1.24289            -1.38799            -1.30636
-1.19886          -0.0409145           -0.582225
-1.19886          -0.0409145           -0.582225
0.766819             1.34128           -0.746088
0.288438            0.903421           -0.787697
0.288438            0.903421           -0.787697
0.288438            0.903421           -0.787697
0.89046            0.987801            0.414727
0.868609             1.21788            0.640885
0.750656              0.2631           -0.232941
0.750656              0.2631           -0.232941
0.750656              0.2631           -0.232941
0.750656              0.2631           -0.232941
-0.354636           -0.366606           -0.619081
-0.354636           -0.366606           -0.619081
-0.354636           -0.366606           -0.619081
-0.354636           -0.366606           -0.619081
-0.386799           -0.589087           -0.600764
0.350543            0.726707           -0.571373
0.350543            0.726707           -0.571373
0.350543            0.726707           -0.571373
0.350543            0.726707           -0.571373
-0.285563            0.669229            0.075118
-0.583779            0.358723           -0.288926
-0.00097839             1.39652             -1.5424
-1.30305            0.899071            -1.85693
-0.180825             2.19542           -0.964673
-0.495609              2.4362           -0.615673
-0.495609              2.4362           -0.615673
0.287597            0.596178             1.15847
0.259998            0.154981             1.65033
0.232332            0.176216             1.69339
0.232332            0.176216             1.69339
0.655728            0.203576             0.74979
0.655728            0.203576             0.74979
-0.352168            0.461955            0.914724
0.411297            -1.10824            0.456201
0.147954            0.503368              1.2623
-0.447696           -0.395047             1.84339
-0.0572832           -0.546466            0.856269
-0.0572832           -0.546466            0.856269
-0.0572832           -0.546466            0.856269
0.365703          -0.0224203            0.990446
-0.057954            -1.45946            0.874303
-0.057954            -1.45946            0.874303
-0.479302            -2.12601            0.427405
-1.21556            -1.29268            0.523481
-1.31799           -0.886173            0.521279
-0.830652             -1.2865             -0.3721
0.232147          -0.0506789            -0.32589
0.232147          -0.0506789            -0.32589
0.232147          -0.0506789            -0.32589
0.232147          -0.0506789            -0.32589
0.279524           -0.462211            0.729235
0.279524           -0.462211            0.729235
0.531697           -0.102082            0.782862
-0.601633           -0.832878            0.733533
-0.601633           -0.832878            0.733533
-0.347838            -1.19046            0.070887
-1.27986           -0.553313            0.115149
-0.776424           -0.847577          -0.0477612
-0.776424           -0.847577          -0.0477612
-0.794105           -0.631997            0.966581
-1.1778            -1.15049             1.16716
-1.1778            -1.15049             1.16716
-2.53227          -0.0826002             1.31922
-1.84477           -0.578505            0.868468
-1.84477           -0.578505            0.868468
-1.84477           -0.578505            0.868468
-2.115            -1.61088           0.0727361
-1.35635            -1.31128           -0.748677
-1.35635            -1.31128           -0.748677
-1.788            -1.86703            0.306364
-1.88267            -1.60181            0.116275
-2.48551            -1.28824            0.221625
-2.48551            -1.28824            0.221625
-2.48551            -1.28824            0.221625
-1.40338           0.0635304            0.183378
-1.40338           0.0635304            0.183378
-1.62981            0.567555           -0.319925
-1.40449             1.34863           -0.636711
-1.52403            0.361585           -0.601526
-0.6798            0.212496           -0.271248
0.696003           -0.190838           -0.220849
0.696003           -0.190838           -0.220849
0.696003           -0.190838           -0.220849
0.817781            -1.01835            0.868239
0.56425           -0.483149            0.939133
0.662317           -0.404298            0.157306
0.662317           -0.404298            0.157306
0.662317           -0.404298            0.157306
0.662317           -0.404298            0.157306
0.33123            0.418675           -0.314515
0.33123            0.418675           -0.314515
0.628276           -0.348623            -0.14005
0.916267           -0.546947          -0.0905644
1.26822             0.29059            0.108741
1.26822             0.29059            0.108741
1.236           -0.451583            0.638243
0.713596           -0.200795            0.455073
0.293253           -0.384133             0.62631
0.293253           -0.384133             0.62631
0.293253           -0.384133             0.62631
0.293253           -0.384133             0.62631
0.293253           -0.384133             0.62631
0.293253           -0.384133             0.62631
0.293253           -0.384133             0.62631
0.293253           -0.384133             0.62631
0.469267           -0.714892            0.116469
0.469267           -0.714892            0.116469
0.469267           -0.714892            0.116469
0.740813           0.0358344            0.390924
0.868036           -0.642387             0.51297
0.81799           -0.630476            0.307384
0.81799           -0.630476            0.307384
0.81799           -0.630476            0.307384
1.50967           -0.499018           -0.136058
1.50967           -0.499018           -0.136058
1.20906           -0.185775          -0.0789095
1.20906           -0.185775          -0.0789095
1.31289           -0.542508           -0.452441
1.31289           -0.542508           -0.452441
0.571008             1.41776           -0.682265
0.571008             1.41776           -0.682265
0.571008             1.41776           -0.682265
1.25983            0.943143            -1.29774
-0.82856            0.876301            -1.19896
0.157134            0.613704           -0.322546
-0.755186            0.563938           -0.611142
-0.755186            0.563938           -0.611142
-0.356656            0.280709           -0.414718
-0.0167444            -1.13654            0.125835
-0.0167444            -1.13654            0.125835
0.753542           -0.329729           -0.828516
0.753542           -0.329729           -0.828516
-0.114179           -0.329203            -1.31482
-0.114179           -0.329203            -1.31482
-0.114179           -0.329203            -1.31482
-0.114179           -0.329203            -1.31482
-0.114179           -0.329203            -1.31482
0.527027            -1.18565           -0.407889
0.527027            -1.18565           -0.407889
0.378125           -0.737604           -0.279963
-0.0223199          -0.0918201            0.807499
-0.117412           -0.718262            0.944352
-0.450548           -0.477283            0.279753
-0.450548           -0.477283            0.279753
-0.450548           -0.477283            0.279753
-0.273874             0.21267             0.10703
-0.273874             0.21267             0.10703
-0.273874             0.21267             0.10703
-0.273874             0.21267             0.10703
-0.273874             0.21267             0.10703
-0.273874             0.21267             0.10703
-0.273874             0.21267             0.10703
0.0491152           -0.598977          0.00802849
0.0491152           -0.598977          0.00802849
0.0491152           -0.598977          0.00802849
0.0491152           -0.598977          0.00802849
-0.540595           -0.209466          -0.0634692
-0.540595           -0.209466          -0.0634692
-0.540595           -0.209466          -0.0634692
-0.540595           -0.209466          -0.0634692
-0.540595           -0.209466          -0.0634692
-0.540595           -0.209466          -0.0634692
-0.540595           -0.209466          -0.0634692
-0.673493            0.781404           -0.210155
-0.673493            0.781404           -0.210155
0.282817            0.680591            0.305983
0.282817            0.680591            0.305983
0.282817            0.680591            0.305983
0.282817            0.680591            0.305983
0.282817            0.680591            0.305983
0.282817            0.680591            0.305983
-0.134888            0.565242            0.836784
-0.530328            0.669271             1.10835
-0.563569            0.920585            0.975896
-0.563569            0.920585            0.975896
-0.563569            0.920585            0.975896
-0.563569            0.920585            0.975896
-0.58184          -0.0371351            0.934869
-0.58184          -0.0371351            0.934869
-0.58184          -0.0371351            0.934869
-0.58184          -0.0371351            0.934869
-0.58184          -0.0371351            0.934869
-0.0488226           -0.182151             1.30809
-0.0488226           -0.182151             1.30809
-0.0488226           -0.182151             1.30809
-0.556189           0.0488726            0.778237
-0.556189           0.0488726            0.778237
-0.151979           -0.586712            0.488285
-1.07756           -0.526258             1.69456
-1.07756           -0.526258             1.69456
-1.22617            0.175819             1.05222
-0.633352            0.707239             1.30132
-0.630052            0.755568             1.08442
-0.632606              1.5402           -0.105234
-0.632606              1.5402           -0.105234
0.44169             1.12946           -0.118141
0.44169             1.12946           -0.118141
0.247106             1.71316           -0.273843
0.247106             1.71316           -0.273843
-0.678532            0.186715           -0.404233
-0.678532            0.186715           -0.404233
-0.678532            0.186715           -0.404233
-0.678532            0.186715           -0.404233
-0.678532            0.186715           -0.404233
-1.28802            0.731414           -0.667921
-1.28802            0.731414           -0.667921
-1.80315            0.470914            0.319333
-0.175899            0.453249            0.952466
-0.389174            0.899434            0.293983
-0.389174            0.899434            0.293983
-0.389174            0.899434            0.293983
-0.389174            0.899434            0.293983
-1.03944            0.125311            0.488516
-1.03944            0.125311            0.488516
-1.15269          -0.0083408           -0.256634
-1.15269          -0.0083408           -0.256634
-1.15269          -0.0083408           -0.256634
-1.15269          -0.0083408           -0.256634
-0.781011            0.278351             1.11847
0.427794           -0.651837            0.382823
-0.0251374           -0.332486             0.95097
-0.184795           0.0985484            0.717016
-0.0667442            0.624375            0.942372
-0.0667442            0.624375            0.942372
0.96597          -0.0836438            0.323573
0.325177           -0.515851           -0.835086
0.325177           -0.515851           -0.835086
0.632066            0.432867            -1.08743
0.632066            0.432867            -1.08743
0.000954148            0.653915            -1.05155
0.594073            0.296601            -1.37459
1.02866            0.196577            -1.02489
1.53119            0.606451           -0.654187
0.707974             1.46798            -0.41691
1.38728            0.220035            0.819586
1.01354            0.297174          -0.0573275
0.769439            0.121689           -0.373408
0.769439            0.121689           -0.373408
0.320585            0.189568           -0.684942
-0.815944            0.238745           -0.313986
-0.165208             1.06301           -0.599351
-0.165208             1.06301           -0.599351
-0.28881           0.0263508            -1.04509
-0.28881           0.0263508            -1.04509
-0.509061           -0.380464            -0.68513
-0.704982            0.304275            0.588797
-1.20594           0.0853391            0.981246
-1.20594           0.0853391            0.981246
-1.06358           -0.562726           0.0797597
-0.92082           -0.358436            0.375888
-0.92082           -0.358436            0.375888
-0.92082           -0.358436            0.375888
-0.92082           -0.358436            0.375888
-0.92082           -0.358436            0.375888
-0.305229           -0.903941            0.904556
-0.305229           -0.903941            0.904556
-0.225688            0.533008             2.14972
0.506223           -0.729291             1.09726
0.506223           -0.729291             1.09726
0.302927           -0.657618             1.66591
0.302927           -0.657618             1.66591
0.516363             1.06621             1.91906
0.516363             1.06621             1.91906
0.516363             1.06621             1.91906
-0.0939345           -0.870353             1.28771
-1.21535           -0.282063             1.41353
-1.21535           -0.282063             1.41353
-1.17096            -1.24156             1.66589
-1.17096            -1.24156             1.66589
-1.53734            -1.37078              1.7486
-1.97958           -0.960109             2.13384
-1.36013           -0.868548             2.95261
-1.36013           -0.868548             2.95261
-1.36013           -0.868548             2.95261
-1.36013           -0.868548             2.95261
-1.86011             1.09566             3.63721
-1.56384            0.610126             3.82985
-1.76582             1.46658              3.1372
-2.40846             1.00503             1.74431
-2.40846             1.00503             1.74431
-3.31729           -0.306328            0.485551
-3.31729           -0.306328            0.485551
-3.49797            -1.07688           -0.452755
-4.12877            -1.11603           -0.493898
-3.52243           -0.713467            0.219688
-3.52243           -0.713467            0.219688
-2.88649           -0.558458            0.774909
-2.8109           -0.352025               1.162
-3.16854            0.802765            0.785277
-2.95499            0.547478             1.17895
-2.08175            0.869386            0.973702
-1.53601              0.4812             1.29766
-1.53601              0.4812             1.29766
-1.53601              0.4812             1.29766
-1.53601              0.4812             1.29766
-1.53601              0.4812             1.29766
-1.7283            0.154192            0.954562
-1.7283            0.154192            0.954562
-1.7283            0.154192            0.954562
-0.943693            0.567105             1.30959
-0.943693            0.567105             1.30959
-0.943693            0.567105             1.30959
-0.943693            0.567105             1.30959
-0.444032             1.03495            0.286178
-0.444032             1.03495            0.286178
-1.06726             1.26213             1.91373
-1.61566             1.27114             1.95472
-0.824328              2.2779            0.390613
-0.824328              2.2779            0.390613
0.0530541              1.7503            0.770432
0.0530541              1.7503            0.770432
-0.545287             1.52721            0.599104
-0.169517              1.9079            0.646941
-0.838869             2.61312           -0.820198
-1.00215             2.77734            -1.02049
-1.00215             2.77734            -1.02049
-1.00215             2.77734            -1.02049
-0.171008             2.99505           -0.390985
-0.171008             2.99505           -0.390985
-0.705846             1.99978           -0.367612
-0.96053             1.93448           0.0353932
-2.22856             2.08044              1.4379
-1.83969             1.87777             1.58432
-0.973778             2.56356             2.28011
-1.45352             2.56115             1.62834
-1.03118             2.43013             1.24368
-0.251405             1.80171             1.12436
0.352377             1.81094             1.64343
-0.188516            0.667207           -0.578536
-0.448954            0.624448            -0.93646
-0.448954            0.624448            -0.93646
-0.890797            0.416209            0.148717
-0.890797            0.416209            0.148717
-1.30434            -0.22212           0.0348074
-1.30434            -0.22212           0.0348074
-1.30434            -0.22212           0.0348074
-1.30434            -0.22212           0.0348074
-1.30434            -0.22212           0.0348074
-0.902604            0.191953           -0.526208
-0.902604            0.191953           -0.526208
-0.902604            0.191953           -0.526208
-1.11777           0.0763561           -0.517511
-1.11777           0.0763561           -0.517511
0.175782           -0.634219             -1.0928
0.175782           -0.634219             -1.0928
0.175782           -0.634219             -1.0928
0.175782           -0.634219             -1.0928
0.175782           -0.634219             -1.0928
1.59482           -0.289705           -0.863524
1.74754           -0.758753           0.0776767
2.0108            0.560576           -0.327465
1.31317            0.748632           -0.692288
1.39079            0.950738            -1.16316
1.34831            0.680549           -0.517493
1.34592            0.493471           0.0909747
1.34592            0.493471           0.0909747
1.34592            0.493471           0.0909747
0.963484            0.338145           -0.669727
0.427723            -1.03998            0.341389
1.5076           -0.134851            0.580224
1.5076           -0.134851            0.580224
1.5076           -0.134851            0.580224
1.5076           -0.134851            0.580224
2.18415            0.310242            0.533827
1.11635            0.794841            0.153765
1.11635            0.794841            0.153765
1.11635            0.794841            0.153765
1.11635            0.794841            0.153765
-0.0310305            0.701968           0.0618645
-0.0310305            0.701968           0.0618645
-0.0310305            0.701968           0.0618645
-0.415306             1.79076            0.667687
-0.73812             1.34686            0.387571
-0.73812             1.34686            0.387571
-0.483914             1.35296             1.68561
-0.483914             1.35296             1.68561
-0.676118             1.64782             1.49719
-0.676118             1.64782             1.49719
-0.973064            0.816828             2.02343
-0.973064            0.816828             2.02343
-0.766076           -0.514572             2.06773
-0.559471            0.537322             1.75987
-0.559471            0.537322             1.75987
-0.2252           -0.672757           0.0032932
-0.269708            0.120259            -1.04571
-0.269708            0.120259            -1.04571
-0.297271             1.05352              -1.151
0.204175             1.08334            -0.21885
-0.810479             2.11214           -0.471151
-0.249773             1.63477           -0.535871
0.656961             1.20106            -0.13433
0.656961             1.20106            -0.13433
0.61223             1.41827           -0.511348
1.31386             1.98871            0.187747
1.31386             1.98871            0.187747
1.42772             1.44619            0.645694
1.39605             1.57703           -0.355195
1.13915             1.23285            -1.24893
0.654971             2.13263           -0.765897
0.654971             2.13263           -0.765897
0.66301             2.46964            -0.29213
-0.700327             1.49541              1.3888
-0.177137              1.6933              1.2076
-0.357208             1.34483            0.751553
-0.357208             1.34483            0.751553
-0.675441             1.02238            0.667655
-0.675441             1.02238            0.667655
-0.675441             1.02238            0.667655
-0.675441             1.02238            0.667655
-0.365933            0.258645             0.45076
-0.365933            0.258645             0.45076
-0.365933            0.258645             0.45076
0.766354           -0.583382           -0.399148
1.29228           -0.726326           0.0596991
1.29228           -0.726326           0.0596991
1.29228           -0.726326           0.0596991
0.103521            0.488565           -0.851793
-0.199599             0.34357            -1.25459
-0.199599             0.34357            -1.25459
-0.199599             0.34357            -1.25459
-0.199599             0.34357            -1.25459
0.685491            0.623709           -0.516612
1.12469           -0.877424           -0.973262
1.12469           -0.877424           -0.973262
1.29294           -0.212213           -0.579025
0.803236            0.711979           -0.543592
0.803236            0.711979           -0.543592
0.801382             0.50755            -1.26622
0.411914            0.675108            -1.17308
0.411914            0.675108            -1.17308
0.807492            0.682433           -0.312775
-0.64047            0.284491           -0.868295
-0.878123             1.15785           -0.391486
-1.27394             1.28249            -2.53967
-0.595463             0.49594            -2.94954
-0.595463             0.49594            -2.94954
0.316393            0.846924            -3.61233
0.724685            0.868488            -3.72857
1.56461            0.692637            -3.79566
2.11398            0.386883            -3.25318
2.58487           -0.767767            -2.85343
2.70936            -1.54683            -1.95056
2.59273            -1.03056            -2.14363
3.36373             -0.9692            -1.54701
3.37792           -0.396696            -2.53183
3.37792           -0.396696            -2.53183
3.37792           -0.396696            -2.53183
3.37792           -0.396696            -2.53183
4.39514           -0.686917            -2.16024
4.05681            0.408972            -1.59868
4.05681            0.408972            -1.59868
3.90588            0.434767            -1.00288
3.57103          -0.0470131           -0.823947
1.1092           -0.128934           -0.440028
1.1092           -0.128934           -0.440028
1.48915          -0.0964086           -0.540987
1.89104            0.260519            0.296519
1.84858            0.854867           0.0901573
1.84858            0.854867           0.0901573
1.84858            0.854867           0.0901573
1.52993            0.941547           -0.662417
-0.444859            0.282909            -1.63052
-0.444859            0.282909            -1.63052
-1.27543            0.314242            -1.26407
-0.713486            0.262592            -1.25179
-0.713486            0.262592            -1.25179
-0.632562             1.16004            -1.26865
-0.632562             1.16004            -1.26865
-0.278141              1.2256            -1.36231
0.510783             1.43577            -1.41818
0.510783             1.43577            -1.41818
0.510783             1.43577            -1.41818
0.747823             1.42346            -0.89311
0.747823             1.42346            -0.89311
0.747823             1.42346            -0.89311
0.58489            0.296886            -1.21951
0.46413           -0.109675            -1.55262
1.40332            0.176538           -0.759582
0.742296           -0.975065           -0.826357
1.36369           -0.446358           -0.479448
1.36369           -0.446358           -0.479448
1.81664           -0.574341           -0.459989
1.81664           -0.574341           -0.459989
1.81664           -0.574341           -0.459989
1.93759           -0.517319            -1.17487
1.93759           -0.517319            -1.17487
1.47988           -0.474668            -1.42733
1.47988           -0.474668            -1.42733
1.47988           -0.474668            -1.42733
1.47988           -0.474668            -1.42733
1.47988           -0.474668            -1.42733
1.47988           -0.474668            -1.42733
1.73088           -0.345964           -0.690177
1.73088           -0.345964           -0.690177
1.73088           -0.345964           -0.690177
1.73088           -0.345964           -0.690177
1.63518           -0.230101            -1.56253
1.63518           -0.230101            -1.56253
0.279681            -1.49634            -1.54081
1.21325            -1.21537            -1.16081
1.21325            -1.21537            -1.16081
0.480187          -0.0221771           -0.852279
0.480187          -0.0221771           -0.852279
0.480187          -0.0221771           -0.852279
0.480187          -0.0221771           -0.852279
0.480187          -0.0221771           -0.852279
0.480187          -0.0221771           -0.852279
0.480187          -0.0221771           -0.852279
-0.876737            0.101621            -0.23283
0.0655082            0.370871           -0.381358
0.0655082            0.370871           -0.381358
0.0655082            0.370871           -0.381358
0.0655082            0.370871           -0.381358
0.0655082            0.370871           -0.381358
0.642686           -0.256456             0.81041
0.642686           -0.256456             0.81041
-0.402221           -0.556528            0.843997
-1.29624           -0.978568            0.100655
-1.29624           -0.978568            0.100655
-1.29624           -0.978568            0.100655
-0.264264            0.431312            0.828331
0.0859379            0.538479             1.90768
1.07548            0.757716             1.20766
0.902289             0.17911           0.0659745
0.902289             0.17911           0.0659745
0.902289             0.17911           0.0659745
0.902289             0.17911           0.0659745
1.12779            0.730672           -0.212923
0.848869          -0.0345814             -0.1169
0.848869          -0.0345814             -0.1169
0.592347          -0.0506526            -1.43825
0.14835            0.622826           -0.665172
0.387978           -0.247193         -0.00119379
-0.542506          -0.0818741            -0.51662
-0.542506          -0.0818741            -0.51662
-0.935146            -1.06894         -0.00950549
-0.935146            -1.06894         -0.00950549
-1.61052            -0.70847            0.207661
-1.55809           -0.360551           -0.039262
-1.55809           -0.360551           -0.039262
-1.55809           -0.360551           -0.039262
-1.55809           -0.360551           -0.039262
-1.53228            -0.20046           -0.658391
-1.12159            0.275352            -1.44045
0.00922291           -0.988506           -0.560924
0.00922291           -0.988506           -0.560924
0.00922291           -0.988506           -0.560924
0.00922291           -0.988506           -0.560924
0.00922291           -0.988506           -0.560924
-0.393958           -0.179737            -1.33152
-0.205899            0.452647           -0.831044
-0.205899            0.452647           -0.831044
-0.205899            0.452647           -0.831044
-0.146712            0.439027           -0.180906
-0.146712            0.439027           -0.180906
-0.146712            0.439027           -0.180906
-0.0815923            0.445371            0.234498
-0.0815923            0.445371            0.234498
-0.0815923            0.445371            0.234498
-0.306422            -0.32649           -0.322972
-0.306422            -0.32649           -0.322972
-0.306422            -0.32649           -0.322972
-0.609769           -0.490712            -1.67368
-0.609769           -0.490712            -1.67368
-0.919438            -1.85364            -1.51441
-0.919438            -1.85364            -1.51441
-0.919438            -1.85364            -1.51441
-0.268896            -1.60089            -2.82794
-0.268896            -1.60089            -2.82794
-0.268896            -1.60089            -2.82794
0.0273185            -1.25538            -2.17489
0.0273185            -1.25538            -2.17489
-0.474871           -0.966438            -2.08499
0.630486            -2.00115            -1.83407
0.958006            -1.48843            -2.56164
0.958006            -1.48843            -2.56164
0.958006            -1.48843            -2.56164
0.353373            -0.61068             -2.6634
0.353373            -0.61068             -2.6634
-0.0226265             0.15278            -2.40632
-0.380542           -0.269622            -2.54424
-0.917124           -0.460693            -2.00529
-0.917124           -0.460693            -2.00529
-0.0291878           -0.322404            -1.24859
-0.0291878           -0.322404            -1.24859
-0.0582211           -0.496414           -0.553883
-0.0582211           -0.496414           -0.553883
-0.0582211           -0.496414           -0.553883
-0.0582211           -0.496414           -0.553883
-0.0582211           -0.496414           -0.553883
-0.0582211           -0.496414           -0.553883
-0.0582211           -0.496414           -0.553883
-0.0582211           -0.496414           -0.553883
-1.26111           -0.943206           -0.772861
-0.38573            -1.58972            -0.85124
-0.38573            -1.58972            -0.85124
-0.38573            -1.58972            -0.85124
0.462532            -1.43009            -1.02948
0.462532            -1.43009            -1.02948
0.462532            -1.43009            -1.02948
-0.280225            -2.25601           -0.578347
-0.280225            -2.25601           -0.578347
0.531142           -0.999768           0.0942792
0.531142           -0.999768           0.0942792
0.258471           0.0504722            0.408545
0.258471           0.0504722            0.408545
0.258471           0.0504722            0.408545
0.258471           0.0504722            0.408545
0.258471           0.0504722            0.408545
0.258471           0.0504722            0.408545
0.258471           0.0504722            0.408545
0.258471           0.0504722            0.408545
0.258471           0.0504722            0.408545
-0.343325            0.114214           -0.210961
-0.343325            0.114214           -0.210961
-0.343325            0.114214           -0.210961
0.224331            0.267742           -0.598354
0.224331            0.267742           -0.598354
0.148129           -0.140835           -0.598282
0.148129           -0.140835           -0.598282
-0.0823098          -0.0137843           -0.129921
0.760242           -0.623486           -0.145107
0.760242           -0.623486           -0.145107
0.760242           -0.623486           -0.145107
0.299176           -0.489178            -0.21937
0.0579915            -1.38011            0.197505
0.0579915            -1.38011            0.197505
0.0579915            -1.38011            0.197505
0.862456            -1.30418            0.884931
0.862456            -1.30418            0.884931
0.862456            -1.30418            0.884931
-0.137616           -0.669284            0.700472
-0.137616           -0.669284            0.700472
-0.863537          0.00203364          0.00626509
-0.863537          0.00203364          0.00626509
-0.863537          0.00203364          0.00626509
-0.402407           -0.315751           -0.615236
-0.402407           -0.315751           -0.615236
0.333421            0.135237           -0.714301
0.965312            0.490652            0.404438
0.965312            0.490652            0.404438
0.899701            0.357436            0.275085
-0.69126            0.456993          -0.0218258
-0.69126            0.456993          -0.0218258
-0.69126            0.456993          -0.0218258
-0.69126            0.456993          -0.0218258
-0.69126            0.456993          -0.0218258
-0.69126            0.456993          -0.0218258
-0.69126            0.456993          -0.0218258
-0.69126            0.456993          -0.0218258
-1.15841           0.0337387          -0.0611811
-0.726821            0.763275            0.798451
-0.348366             1.09504            0.720963
-1.12932            0.526834            0.429166
-1.12932            0.526834            0.429166
-1.12932            0.526834            0.429166
-0.651999            0.830962            0.233556
-0.651999            0.830962            0.233556
-0.651999            0.830962            0.233556
-0.651999            0.830962            0.233556
-0.651999            0.830962            0.233556
-0.608278            0.772546            -0.50277
-0.608278            0.772546            -0.50277
-0.608278            0.772546            -0.50277
-1.07567            0.695473           -0.658374
-1.07567            0.695473           -0.658374
-1.05726            0.143441           -0.729951
-1.05726            0.143441           -0.729951
-1.05726            0.143441           -0.729951
-0.903255            0.962488           -0.292494
-0.903255            0.962488           -0.292494
-0.903255            0.962488           -0.292494
-0.731356            0.792761           -0.721818
-0.902269            0.110315            -1.01851
0.26474            0.355588            0.201928
0.26474            0.355588            0.201928
0.26474            0.355588            0.201928
0.26474            0.355588            0.201928
0.26474            0.355588            0.201928
0.26474            0.355588            0.201928
0.177305          -0.0838211            0.554877
0.177305          -0.0838211            0.554877
0.177305          -0.0838211            0.554877
0.177305          -0.0838211            0.554877
0.177305          -0.0838211            0.554877
0.177305          -0.0838211            0.554877
0.0478266            -0.84374           -0.051128
0.0478266            -0.84374           -0.051128
-0.164271           -0.944305            0.557965
0.366674          -0.0365393            -1.00787
0.564791             1.07441            -1.32276
-0.338543            0.532226           -0.806221
0.796704             1.03802          -0.0068548
0.275628             1.31876            -1.10475
0.312006                1.11            -1.33377
0.0776228             1.46963            -1.17966
0.862897            0.395384            -1.55155
0.862897            0.395384            -1.55155
0.862897            0.395384            -1.55155
0.862897            0.395384            -1.55155
0.583701            0.231148             -1.2441
0.583701            0.231148             -1.2441
0.583701            0.231148             -1.2441
1.48363            0.487656           -0.915718
1.67153             1.84915             -0.3995
1.67153             1.84915             -0.3995
1.54057            0.698332           -0.990251
1.54057            0.698332           -0.990251
1.50207             1.40606           -0.289295
1.50207             1.40606           -0.289295
1.50207             1.40606           -0.289295
1.47558             1.44114           -0.658156
0.7162             1.31017           -0.851954
0.7162             1.31017           -0.851954
-0.385908            0.729578           -0.498591
-0.385908            0.729578           -0.498591
0.095045            0.196341            -1.04392
-0.164648           -0.536027           -0.625085
-0.164648           -0.536027           -0.625085
-0.164648           -0.536027           -0.625085
-0.164648           -0.536027           -0.625085
-0.164648           -0.536027           -0.625085
-0.164648           -0.536027           -0.625085
-0.256751            -1.03101            -0.56549
-0.038227          -0.0864604            -0.59475
0.0702342           -0.436282           -0.315362
0.0702342           -0.436282           -0.315362
1.46032           0.0538555            -1.19646
1.49035            0.904406            -0.88696
1.17673             1.05433           -0.640673
1.63755            0.654478            -1.60232
1.05066            0.294817            -1.30729
1.5808             0.61637            -1.33981
0.80055            0.870577            -1.65581
0.80055            0.870577            -1.65581
0.80055            0.870577            -1.65581
1.18723             1.21993            -1.93635
1.18723             1.21993            -1.93635
1.18723             1.21993            -1.93635
1.18723             1.21993            -1.93635
0.223194             2.08928            -2.08213
0.223194             2.08928            -2.08213
0.992389             2.04981            -2.58943
0.992389             2.04981            -2.58943
0.992389             2.04981            -2.58943
1.34603             2.16693             -3.4114
1.34603             2.16693             -3.4114
1.34603             2.16693             -3.4114
3.08145             2.74838            -3.08325
1.45951             2.78682            -3.51729
1.29572             2.89024            -3.61134
3.88394             2.59915            -3.23836
3.73515             2.26229            -2.09534
2.91411             2.44873             -2.0747
2.91411             2.44873             -2.0747
2.15729             1.86178            -2.30934
1.02242             1.51534            -2.88986
0.784518            0.612262            -2.22048
0.784518            0.612262            -2.22048
0.168352           -0.515384            -2.17412
0.124895           -0.576618            -2.04312
-0.0665426             -1.5789            -0.99711
-0.0665426             -1.5789            -0.99711
0.369374            -2.19603            -1.31548
-0.310312            -1.81427           -0.192322
-0.310312            -1.81427           -0.192322
-0.310312            -1.81427           -0.192322
-0.310312            -1.81427           -0.192322
-0.310312            -1.81427           -0.192322
-0.310312            -1.81427           -0.192322
-0.314819            -1.72669           -0.925145
0.0511083            -2.14824           -0.621105
0.911693           -0.709709           -0.889445
1.69904           0.0165312           -0.644821
1.79445          -0.0115741           -0.644033
1.64885             1.09127           -0.564464
0.618498             1.52787           -0.185292
1.23154            0.453035            0.955866
0.616366           0.0781741             1.42413
0.616366           0.0781741             1.42413
-0.272133             0.31481            0.301204
0.259018           -0.309571            0.299828
0.259018           -0.309571            0.299828
0.259018           -0.309571            0.299828
-0.425616             -0.7417           -0.748192
-1.35336            -1.24652            -1.11725
-0.793627           -0.439947           -0.147173
-0.793627           -0.439947           -0.147173
-0.616469           -0.469654           -0.121291
-1.01653           -0.153132             0.51305
-1.01653           -0.153132             0.51305
-0.0652744            0.122709             0.75511
-0.136153           -0.193171           -0.437825
-0.136153           -0.193171           -0.437825
0.132756            0.350035           -0.158527
0.132756            0.350035           -0.158527
0.132756            0.350035           -0.158527
-0.539959             0.91336           -0.549087
-0.539959             0.91336           -0.549087
0.529539            0.808989           -0.270247
0.529539            0.808989           -0.270247
0.529539            0.808989           -0.270247
0.126121             1.70618            0.512811
0.126121             1.70618            0.512811
0.126121             1.70618            0.512811
0.428688             1.40497           -0.333401
0.150746            0.331857            -1.07366
-0.710189            0.586368           0.0598785
-0.710189            0.586368           0.0598785
0.743069            0.853713           -0.346506
0.496143            0.819159           -0.425071
0.496143            0.819159           -0.425071
0.496143            0.819159           -0.425071
0.257936           -0.171716            0.241441
-0.425049           0.0363949           -0.398834
-0.425049           0.0363949           -0.398834
-0.425049           0.0363949           -0.398834
-0.425049           0.0363949           -0.398834
-0.425049           0.0363949           -0.398834
-0.425049           0.0363949           -0.398834
-0.425049           0.0363949           -0.398834
-0.425049           0.0363949           -0.398834
-0.425049           0.0363949           -0.398834
0.223241            0.130426            0.342046
0.223241            0.130426            0.342046
0.740672             0.83611            0.543543
-0.240816            0.330429            -0.18974
-0.240816            0.330429            -0.18974
0.346564            0.589654           -0.912296
0.346564            0.589654           -0.912296
-0.561048            0.938323           -0.866419
-0.561048            0.938323           -0.866419
-0.291522            0.410571            -1.23278
0.404766            0.393767            -1.41585
0.404766            0.393767            -1.41585
0.384282            0.132414            -1.75155
0.384282            0.132414            -1.75155
0.623102            0.412248            -1.30424
0.793101             1.04491            -1.15752
0.581824            0.383943            -1.46117
0.581824            0.383943            -1.46117
0.362423            0.879983           -0.844464
0.362423            0.879983           -0.844464
-0.0513383            -0.35212            -1.09989
-0.0513383            -0.35212            -1.09989
-0.236976           0.0360421           -0.580136
0.934482            0.308453           -0.554343
0.934482            0.308453           -0.554343
0.45353            0.653071           -0.357481
0.45353            0.653071           -0.357481
0.45353            0.653071           -0.357481
0.45353            0.653071           -0.357481
0.45353            0.653071           -0.357481
0.45353            0.653071           -0.357481
0.288196            0.759101            -0.13759
0.162579            0.766523           0.0318089
-0.555898           -0.218571            0.292086
-0.868547            0.284466            0.443422
-0.868547            0.284466            0.443422
-0.868547            0.284466            0.443422
0.744783          -0.0836379            0.140246
-0.0121757            0.454617            0.678007
0.675079            0.210091           -0.515761
0.675079            0.210091           -0.515761
1.04992           -0.800733            -0.22913
1.04992           -0.800733            -0.22913
0.510937           -0.627837            0.251849
0.510937           -0.627837            0.251849
0.351038            0.257798           -0.422912
0.351038            0.257798           -0.422912
0.351038            0.257798           -0.422912
0.351038            0.257798           -0.422912
0.351038            0.257798           -0.422912
0.351038            0.257798           -0.422912
0.351038            0.257798           -0.422912
0.351038            0.257798           -0.422912
0.371398           -0.173693           -0.235424
0.371398           -0.173693           -0.235424
-1.13848            0.887997           -0.413128
-0.915274            0.729001           -0.106777
-0.915274            0.729001           -0.106777
-0.915274            0.729001           -0.106777
-0.915274            0.729001           -0.106777
-0.915274            0.729001           -0.106777
0.454296            0.715417          -0.0199851
0.454296            0.715417          -0.0199851
0.454296            0.715417          -0.0199851
0.454296            0.715417          -0.0199851
0.454296            0.715417          -0.0199851
0.454296            0.715417          -0.0199851
0.454296            0.715417          -0.0199851
0.454296            0.715417          -0.0199851
0.00576507             1.05795            0.393965
0.26018             2.33749            0.779963
-0.517117             1.03401            0.136824
-0.642174             1.65153            0.509628
-0.642174             1.65153            0.509628
-0.642174             1.65153            0.509628
-0.876651             1.15242            0.994324
-0.509545             1.18394            0.424681
-0.606152            0.193571            0.864926
-0.606152            0.193571            0.864926
0.0260255           -0.589818            0.141783
-0.391642            -1.15268             0.14486
-0.117629            -1.32391           -0.738704
-0.3377          -0.0852733           -0.487812
-0.3377          -0.0852733           -0.487812
-0.188583           -0.416035           0.0284846
-0.188583           -0.416035           0.0284846
-0.188583           -0.416035           0.0284846
-0.19897            -1.18311           -0.216419
0.685514           -0.460546             0.54423
0.685514           -0.460546             0.54423
0.685514           -0.460546             0.54423
0.928607            -1.53388           -0.908304
0.928607            -1.53388           -0.908304
0.928607            -1.53388           -0.908304
0.949451            -1.55421           -0.216762
-0.109633            -2.09435             1.16215
-0.109633            -2.09435             1.16215
-0.109633            -2.09435             1.16215
0.383137            -1.16437            0.764261
-0.192042           -0.550225              1.0031
-0.192042           -0.550225              1.0031
-0.192042           -0.550225              1.0031
-1.26229           -0.842539           -0.645769
-1.26229           -0.842539           -0.645769
-1.26447           -0.767453          -0.0965541
-1.26447           -0.767453          -0.0965541
-1.26447           -0.767453          -0.0965541
-0.861693           -0.543637            0.642964
-0.861693           -0.543637            0.642964
-0.59112          -0.0119434             1.06685
-0.59112          -0.0119434             1.06685
-0.844952          -0.0575311              1.0544
-0.844952          -0.0575311              1.0544
-0.00548076            -1.07861            -0.73399
0.219194           -0.880504            -1.04465
0.219194           -0.880504            -1.04465
0.219194           -0.880504            -1.04465
0.673204           0.0786922           -0.373044
-0.00709033           -0.409316            0.287241
-0.29303            -0.54748            0.158765
-0.29303            -0.54748            0.158765
-0.29303            -0.54748            0.158765
-0.29303            -0.54748            0.158765
-0.29303            -0.54748            0.158765
-0.29303            -0.54748            0.158765
-0.468148           -0.245963            0.368575
-1.14547           -0.168068            -0.19789
-1.14547           -0.168068            -0.19789
-1.14547           -0.168068            -0.19789
-0.520315            -1.09172           -0.779838
-0.657577           -0.737142           -0.824743
-0.657577           -0.737142           -0.824743
-1.85241           -0.909934           0.0752699
-1.85241           -0.909934           0.0752699
-1.85241           -0.909934           0.0752699
-0.885115            -2.17403           -0.326738
-0.885115            -2.17403           -0.326738
-1.32247            -1.93843           -0.228597
-1.32247            -1.93843           -0.228597
-0.331072            -2.42766            -2.02051
-0.939626            -2.03683            -1.64474
0.350876            -1.35682           -0.810705
0.552765           -0.926109           -0.449238
0.552765           -0.926109           -0.449238
-0.364356            0.416982           -0.851481
-0.364356            0.416982           -0.851481
-0.364356            0.416982           -0.851481
-1.35005            0.107466            0.397797
-0.979937           -0.866956           -0.111522
-1.13995           -0.379018             0.36324
-0.185431            -1.52649            0.392823
-0.185431            -1.52649            0.392823
-0.185431            -1.52649            0.392823
-0.971793            -1.74267           -0.657685
-0.971793            -1.74267           -0.657685
-1.65587           -0.789106            -1.30476
-1.38968           -0.714177           -0.698776
-1.38968           -0.714177           -0.698776
-0.546635            -1.14595           -0.548296
-1.15771            -1.26915           -0.466365
-0.850931            -1.29541           -0.683624
-1.57312            -1.17212           -0.592301
-1.57312            -1.17212           -0.592301
-1.03905            -1.19051           -0.611451
-1.28174           -0.789456            0.201028
-1.28174           -0.789456            0.201028
-0.883994            0.453562            0.208601
-0.721292           0.0883518           -0.774508
-0.539344            0.544076          -0.0442755
-0.539344            0.544076          -0.0442755
-0.539344            0.544076          -0.0442755
-0.539344            0.544076          -0.0442755
-0.539344            0.544076          -0.0442755
-0.0361674             1.15909            0.182578
-0.0361674             1.15909            0.182578
-0.0361674             1.15909            0.182578
0.28679            0.524482            0.860632
-0.307078           -0.250752            0.697641
-0.307078           -0.250752            0.697641
-0.307078           -0.250752            0.697641
0.664232            0.433879            0.237109
0.664232            0.433879            0.237109
-0.307394           -0.302077            0.122209
-0.307394           -0.302077            0.122209
-0.307394           -0.302077            0.122209
-0.307394           -0.302077            0.122209
-0.307394           -0.302077            0.122209
-0.307394           -0.302077            0.122209
-0.307394           -0.302077            0.122209
-0.307394           -0.302077            0.122209
-0.352905            0.756866             0.12511
-0.321408            0.369422            0.202767
-0.305947           -0.753902            0.960977
-0.305947           -0.753902            0.960977
-0.305947           -0.753902            0.960977
-0.56739         -0.00881108            0.805111
-0.56739         -0.00881108            0.805111
-0.636274            0.993594             0.37885
-0.154491           -0.475557           -0.722183
-1.08174           -0.961276           -0.765115
-0.459129           -0.759942           -0.454067
-0.459129           -0.759942           -0.454067
-0.459129           -0.759942           -0.454067
-0.486089           -0.477983           -0.424712
-0.486089           -0.477983           -0.424712
-0.17214            0.627101           -0.997181
0.0580355              1.0096           -0.651844
0.0580355              1.0096           -0.651844
0.0580355              1.0096           -0.651844
0.0580355              1.0096           -0.651844
0.0580355              1.0096           -0.651844
0.0580355              1.0096           -0.651844
-0.863362             1.07035            -0.38349
-0.491788              1.8794           -0.539725
-0.491788              1.8794           -0.539725
-0.491788              1.8794           -0.539725
-0.757801             2.06837            -1.14448
-0.973364             1.93097            -1.56013
-1.37394             1.46187           -0.861093
-1.37394             1.46187           -0.861093
-1.26508            0.658902           -0.274406
-0.827618          -0.0473226           -0.655654
-0.517434            -0.14503            -1.17191
0.0396052           -0.625684           -0.856365
0.0396052           -0.625684           -0.856365
0.0396052           -0.625684           -0.856365
0.0396052           -0.625684           -0.856365
-0.600262           -0.602873           -0.245478
-0.905461          -0.0439364           -0.754544
-0.905461          -0.0439364           -0.754544
-0.905461          -0.0439364           -0.754544
0.195802           -0.290439            -1.46708
0.195802           -0.290439            -1.46708
0.469402           -0.205093           -0.790147
0.469402           -0.205093           -0.790147
0.870977             -0.4789           -0.716026
0.53174          -0.0356862           -0.140263
-0.449153             1.26314           -0.164932
-0.449153             1.26314           -0.164932
-0.449153             1.26314           -0.164932
-0.204352            0.285969             1.05049
-0.204352            0.285969             1.05049
-0.204352            0.285969             1.05049
-0.442403           -0.481968            0.378425
-0.442403           -0.481968            0.378425
-0.442403           -0.481968            0.378425
-0.442403           -0.481968            0.378425
-0.442403           -0.481968            0.378425
0.118479           -0.940979             0.21333
0.496041           -0.409125            0.316072
0.496041           -0.409125            0.316072
0.496041           -0.409125            0.316072
0.177826           -0.516642             -0.1944
0.177826           -0.516642             -0.1944
0.0972246            -1.76349           -0.784436
0.628635            -1.82226            0.125894
1.01821           -0.942063           -0.102807
1.01821           -0.942063           -0.102807
1.01821           -0.942063           -0.102807
1.32301            -1.73692           -0.287269
-0.0676676            -2.06885           -0.882017
-0.0676676            -2.06885           -0.882017
-0.607409            -1.00734           0.0686125
-0.607409            -1.00734           0.0686125
-0.607409            -1.00734           0.0686125
-0.607409            -1.00734           0.0686125
-0.607409            -1.00734           0.0686125
-0.947737            -1.80808           -0.277196
-0.00916272            -1.78319           -0.457381
-0.00916272            -1.78319           -0.457381
-0.153222             -1.6342           -0.406756
-0.390638          -0.0860113            -1.30484
0.11051           -0.654473           -0.653974
-0.0378142           -0.421227           -0.819206
0.392046          -0.0898453            -1.24138
0.392046          -0.0898453            -1.24138
0.0458798            -0.28122              -1.132
0.0458798            -0.28122              -1.132
-0.525854           -0.365915            -1.12832
-0.525854           -0.365915            -1.12832
-0.477226            -1.05289            -1.07813
-0.477226            -1.05289            -1.07813
-0.459827           -0.246962           -0.735693
0.67145           -0.672234            0.597048
0.67145           -0.672234            0.597048
0.67145           -0.672234            0.597048
1.35998            0.115927           -0.683112
1.35998            0.115927           -0.683112
1.35998            0.115927           -0.683112
0.578624            0.357745            0.222199
0.827899            0.251912            0.276983
1.38307           0.0284326           -0.701021
1.65679           -0.391226            0.344736
1.65679           -0.391226            0.344736
1.65679           -0.391226            0.344736
1.65679           -0.391226            0.344736
1.65679           -0.391226            0.344736
0.284429           -0.622294             1.01212
0.284429           -0.622294             1.01212
0.284429           -0.622294             1.01212
-0.478893           -0.603318             1.00056
-0.478893           -0.603318             1.00056
-0.478893           -0.603318             1.00056
-0.478893           -0.603318             1.00056
-0.685763            -0.29015             1.07453
-0.685763            -0.29015             1.07453
-0.685763            -0.29015             1.07453
0.360177             0.36121            0.328358
0.360177             0.36121            0.328358
0.360177             0.36121            0.328358
0.497371             1.33416             1.42239
0.890422            0.841724            0.722751
0.459992           0.0495635            0.880705
0.459992           0.0495635            0.880705
0.459992           0.0495635            0.880705
0.5515           -0.615777           -0.116507
0.5515           -0.615777           -0.116507
0.5515           -0.615777           -0.116507
0.5515           -0.615777           -0.116507
0.5515           -0.615777           -0.116507
1.06317           -0.448232            0.268499
1.06317           -0.448232            0.268499
1.06317           -0.448232            0.268499
0.895109            0.837252          -0.0489152
0.895109            0.837252          -0.0489152
0.895109            0.837252          -0.0489152
0.157402            0.655081           -0.325161
0.157402            0.655081           -0.325161
-0.738036             1.71718           -0.571039
-0.697517             1.70683           -0.476461
0.257142            0.562246           -0.172414
0.0670738            0.363418          -0.0977975
0.0670738            0.363418          -0.0977975
0.0670738            0.363418          -0.0977975
0.0670738            0.363418          -0.0977975
0.0670738            0.363418          -0.0977975
0.0670738            0.363418          -0.0977975
0.0670738            0.363418          -0.0977975
0.0670738            0.363418          -0.0977975
0.0670738            0.363418          -0.0977975
0.0670738            0.363418          -0.0977975
0.0670738            0.363418          -0.0977975
-0.0984808             0.98921           -0.345408
0.124318            0.774488           0.0441853
0.124318            0.774488           0.0441853
0.736895            0.330349           -0.292127
-0.314947            -0.43881            -0.45489
-0.314947            -0.43881            -0.45489
-0.314947            -0.43881            -0.45489
-0.314947            -0.43881            -0.45489
-0.158233           -0.911711           -0.204037
-0.215835           0.0339041          -0.0913645
-0.215835           0.0339041          -0.0913645
0.825339            0.538193           -0.441258
0.825339            0.538193           -0.441258
0.825339            0.538193           -0.441258
0.187423            0.738158          -0.0671994
-0.330513             1.07279            0.478934
-0.330513             1.07279            0.478934
-0.752712            0.997896            0.245447
-0.752712            0.997896            0.245447
-1.09442            0.609559            0.589212
-1.09442            0.609559            0.589212
0.373305             1.34984            0.123528
0.373305             1.34984            0.123528
0.373305             1.34984            0.123528
0.373305             1.34984            0.123528
1.5809             1.70777            -1.86545
1.46981             1.20199             -1.1572
1.98934             2.08046            -1.38424
1.98934             2.08046            -1.38424
1.98934             2.08046            -1.38424
1.11345            0.800799            -1.54882
1.11345            0.800799            -1.54882
1.12458          -0.0602841            -1.80952
1.12458          -0.0602841            -1.80952
0.95489           -0.361955            -2.30494
0.209393           -0.260653            -2.06515
0.209393           -0.260653            -2.06515
-0.67367           -0.672803            -1.97163
-0.67367           -0.672803            -1.97163
-0.993198            0.833092            -1.02522
-0.993198            0.833092            -1.02522
-0.993198            0.833092            -1.02522
-1.62058           -0.480644            0.245328
-1.62058           -0.480644            0.245328
-1.53852            -1.15179           -0.630008
-1.53852            -1.15179           -0.630008
-1.53852            -1.15179           -0.630008
-1.53852            -1.15179           -0.630008
-1.74887           -0.612047           -0.319734
-1.74887           -0.612047           -0.319734
-1.74887           -0.612047           -0.319734
-1.74887           -0.612047           -0.319734
-1.76052            -2.05841           -0.489269
-1.76052            -2.05841           -0.489269
-1.76052            -2.05841           -0.489269
-2.22473            -1.44075           -0.364421
-2.7869            -1.50539           -0.398972
-1.98006            -1.85776           -0.676578
-1.98006            -1.85776           -0.676578
-0.398552            -1.55615            -1.16311
-1.20542          -0.0657239           -0.887551
-1.20542          -0.0657239           -0.887551
-0.74885           -0.739679           -0.220549
-0.74885           -0.739679           -0.220549
-0.4296            -0.86492           -0.292383
-0.4296            -0.86492           -0.292383
-0.4296            -0.86492           -0.292383
0.490749           -0.990364          -0.0513304
0.490749           -0.990364          -0.0513304
1.13542            -1.29919           -0.231173
1.13542            -1.29919           -0.231173
-0.571698           -0.238757            0.522079
-0.571698           -0.238757            0.522079
-0.571698           -0.238757            0.522079
-0.339978           -0.167591           -0.764605
-0.339978           -0.167591           -0.764605
-0.28875           -0.651865           -0.517371
-0.331341            -1.30588            -1.04562
-1.54995           -0.311367          -0.0993944
-1.54995           -0.311367          -0.0993944
-0.163161           -0.652337           -0.165793
-0.163161           -0.652337           -0.165793
-0.163161           -0.652337           -0.165793
0.558075            0.139085           -0.446235
0.558075            0.139085           -0.446235
0.558075            0.139085           -0.446235
0.378762           -0.376677          -0.0559809
0.378762           -0.376677          -0.0559809
0.378762           -0.376677          -0.0559809
-0.123449           -0.694938            0.725639
-0.627796           -0.450144            0.386354
-0.58323           0.0669664           -0.103088
-0.58323           0.0669664           -0.103088
-0.58323           0.0669664           -0.103088
-1.57376           -0.216059           -0.388766
-1.57376           -0.216059           -0.388766
-0.534663               0.179            0.974056
-0.534663               0.179            0.974056
0.0807106             1.29032          -0.0828292
-0.565418            0.882017            0.988646
-1.1007            0.735395            0.224937
-0.603497           0.0730203             0.35119
-0.770005            0.505212           0.0514464
-0.126967            -0.24953          -0.0103101
0.435015           -0.687366            0.113988
0.435015           -0.687366            0.113988
0.435015           -0.687366            0.113988
0.47758            -1.81364           -0.317745
0.47758            -1.81364           -0.317745
1.51962            -2.22769           -0.918459
3.11588            -2.16011            -1.38334
3.11588            -2.16011            -1.38334
3.53427            -2.82774            -1.52113
4.23162            -1.60011           -0.730209
4.23162            -1.60011           -0.730209
4.23162            -1.60011           -0.730209
4.23162            -1.60011           -0.730209
4.10988             -1.0596           -0.536121
3.59419            -1.41052            -1.04166
3.75735           -0.809587           0.0113078
3.75735           -0.809587           0.0113078
3.91851            -1.28238            0.158716
4.24301            -0.16573           -0.160112
4.24301            -0.16573           -0.160112
3.21668             -1.6644             1.07567
3.3062            -1.95811            0.412132
3.36041            -1.65006             1.05484
3.66387            -2.45223            0.961674
3.66387            -2.45223            0.961674
3.66387            -2.45223            0.961674
3.66387            -2.45223            0.961674
3.66387            -2.45223            0.961674
3.66387            -2.45223            0.961674
2.43082            -2.84935              1.5612
2.43082            -2.84935              1.5612
2.43082            -2.84935              1.5612
2.43082            -2.84935              1.5612
1.00153             -3.2589             1.00102
0.594137             -3.1513             1.43746
0.594137             -3.1513             1.43746
0.594137             -3.1513             1.43746
-0.0289604            -2.55031             1.53536
-0.0289604            -2.55031             1.53536
0.246973            -1.60609             1.02273
0.903907           -0.772612            0.760588
0.903907           -0.772612            0.760588
0.645049            0.326746          0.00305635
0.323676            0.635518           -0.388125
0.0398153             1.38473           -0.704035
0.705608             1.09135           -0.248105
0.705608             1.09135           -0.248105
0.948138             1.22241           -0.312427
0.948138             1.22241           -0.312427
-0.101212             0.31766             -1.3382
-0.625347            -1.45884          0.00227018
-0.301022            -1.37224            0.100638
-0.301022            -1.37224            0.100638
-0.633043            -0.71365           0.0017606
-0.954912           -0.898768            0.680075
-1.74356           -0.598274           0.0356959
-1.74356           -0.598274           0.0356959
-1.26088            -1.23401           -0.286055
-0.784436            -1.09298           -0.865481
-0.784436            -1.09298           -0.865481
-0.784436            -1.09298           -0.865481
-0.784436            -1.09298           -0.865481
-0.784436            -1.09298           -0.865481
-0.784436            -1.09298           -0.865481
-0.784436            -1.09298           -0.865481
-0.211694            0.477621            0.654355
-0.466803             1.16277            0.073087
-0.466803             1.16277            0.073087
0.119681            0.707318           -0.298857
0.119681            0.707318           -0.298857
0.119681            0.707318           -0.298857
0.119681            0.707318           -0.298857
0.853985             0.78884            0.262541
-0.252099           -0.561184            0.391194
-0.252099           -0.561184            0.391194
-0.252099           -0.561184            0.391194
0.743182             -0.7893            0.359533
0.980485            0.011567              1.2761
1.32528           0.0669577            0.582951
1.1148             1.73483            0.260954
1.1148             1.73483            0.260954
1.1148             1.73483            0.260954
1.1148             1.73483            0.260954
1.1148             1.73483            0.260954
1.1148             1.73483            0.260954
0.759511             1.28426            0.173127
0.759511             1.28426            0.173127
0.759511             1.28426            0.173127
0.759511             1.28426            0.173127
0.759511             1.28426            0.173127
-0.52479             1.32509            0.824686
-0.744911           0.0370778           -0.209046
-0.744911           0.0370778           -0.209046
-0.326357           -0.165894            0.371583
-0.326357           -0.165894            0.371583
-0.243855            0.490397            0.463866
-0.243855            0.490397            0.463866
-0.243855            0.490397            0.463866
-1.10575            0.995052           -0.328654
-1.10575            0.995052           -0.328654
-1.10575            0.995052           -0.328654
-1.14926            0.379358           -0.223911
-1.00132            0.619586           -0.839188
-0.764568            0.170239             -0.9753
-0.0925207             0.79297           -0.715908
-0.833551           -0.293211            -0.58987
0.641275           -0.462195            0.256729
0.641275           -0.462195            0.256729
0.641275           -0.462195            0.256729
0.522433          -0.0302708           -0.531832
0.522433          -0.0302708           -0.531832
0.522433          -0.0302708           -0.531832
0.522433          -0.0302708           -0.531832
0.522433          -0.0302708           -0.531832
0.262296           -0.194377            0.312627
0.262296           -0.194377            0.312627
0.262296           -0.194377            0.312627
0.262296           -0.194377            0.312627
0.262296           -0.194377            0.312627
-0.978205            0.889457           -0.442142
-0.719612           0.0491175           -0.733231
-0.719612           0.0491175           -0.733231
-0.749442            0.514143           -0.282177
-0.749442            0.514143           -0.282177
-1.07731            0.510091             0.33304
-0.00971562            -0.20195           -0.308508
-0.00971562            -0.20195           -0.308508
-0.967949            0.343316           -0.274336
0.045879           -0.458748           -0.566896
0.36812            0.687301           -0.677153
0.228999            0.688266           -0.833796
0.332506           0.0782562            -1.22694
0.332506           0.0782562            -1.22694
0.332506           0.0782562            -1.22694
0.920954            0.469348            -0.64783
0.293501           0.0102079            0.749678
0.293501           0.0102079            0.749678
0.293501           0.0102079            0.749678
-0.0967606           -0.654484            -0.87218
-0.0967606           -0.654484            -0.87218
-0.0413316            -1.03562           -0.378583
0.403588            -1.28106           -0.389803
0.403588            -1.28106           -0.389803
-0.555334           -0.931481           -0.965506
0.111398           -0.916126            -1.42279
0.111398           -0.916126            -1.42279
0.416953            0.445265           -0.656629
-0.112169           -0.778083             0.29517
-0.00894066            -1.25578            0.928454
-0.00894066            -1.25578            0.928454
-0.121382           -0.119593           -0.126909
-0.121382           -0.119593           -0.126909
-0.121382           -0.119593           -0.126909
0.476001           -0.208568           -0.511902
0.476001           -0.208568           -0.511902
0.476001           -0.208568           -0.511902
0.476001           -0.208568           -0.511902
0.476001           -0.208568           -0.511902
-0.366112           -0.105714           -0.778536
0.388129           -0.335836           -0.722374
0.388129           -0.335836           -0.722374
0.388129           -0.335836           -0.722374
0.388129           -0.335836           -0.722374
0.388129           -0.335836           -0.722374
0.388129           -0.335836           -0.722374
-1.45416           -0.228915           -0.548919
-1.45416           -0.228915           -0.548919
-1.16611            -0.61329              -1.393
-1.50901            -1.06086           -0.654892
-1.74585           -0.174434            0.662387
-1.09483            0.465961            0.179909
-1.09483            0.465961            0.179909
-1.09483            0.465961            0.179909
-0.797408            0.136393           -0.462013
-1.26485           -0.767896           -0.176612
-0.783685           -0.785855          -0.0114894
-0.783685           -0.785855          -0.0114894
-0.783685           -0.785855          -0.0114894
-1.12321            0.164456            0.331515
-0.456248            0.699345           -0.276839
-0.456248            0.699345           -0.276839
0.321076             1.19236           -0.101794
0.321076             1.19236           -0.101794
0.321076             1.19236           -0.101794
0.551494              1.3266           -0.286625
-0.441363              1.0499            0.358975
0.803667             1.37685            -0.75555
0.803667             1.37685            -0.75555
0.803667             1.37685            -0.75555
0.803667             1.37685            -0.75555
0.803667             1.37685            -0.75555
0.336431             1.06914            -1.06588
0.336431             1.06914            -1.06588
0.350531           -0.152915            -1.29631
0.533723            0.651308           -0.945127
0.533723            0.651308           -0.945127
-0.226213            0.136582           -0.371225
-0.226213            0.136582           -0.371225
0.0803762            0.316298            0.475304
0.0803762            0.316298            0.475304
0.0803762            0.316298            0.475304
0.0516089           -0.136939             1.38278
-0.0846541            0.154975            0.212774
-0.0846541            0.154975            0.212774
-0.0846541            0.154975            0.212774
-0.0846541            0.154975            0.212774
-0.0846541            0.154975            0.212774
-0.0846541            0.154975            0.212774
-0.0846541            0.154975            0.212774
-0.252389            0.154582           -0.164526
-0.466838           -0.180884         -0.00483306
-0.466838           -0.180884         -0.00483306
-0.466838           -0.180884         -0.00483306
0.43882            0.225342             1.23324
0.43882            0.225342             1.23324
0.43882            0.225342             1.23324
0.509051             1.24732            0.558261
0.509051             1.24732            0.558261
0.509051             1.24732            0.558261
0.657802            0.555367            0.101018
0.657802            0.555367            0.101018
-0.286766            0.872973           0.0775853
-0.286766            0.872973           0.0775853
-0.974994           -0.444431           -0.519157
-0.974994           -0.444431           -0.519157
-0.763839           -0.447633           -0.241156
-0.763839           -0.447633           -0.241156
-0.763839           -0.447633           -0.241156
-0.763839           -0.447633           -0.241156
-2.0732           -0.187717            0.291668
-2.0732           -0.187717            0.291668
-2.20219            0.334928             1.49349
-2.20219            0.334928             1.49349
-2.20219            0.334928             1.49349
-2.38387           -0.345541            0.772904
-2.18487            -0.01626           0.0769745
-2.23902            0.717741            0.184537
-1.72074            0.496534            0.263287
-1.57358          -0.0447921           0.0416106
-1.33367           -0.582544            0.384002
-1.33367           -0.582544            0.384002
-1.33367           -0.582544            0.384002
-1.33367           -0.582544            0.384002
-1.33367           -0.582544            0.384002
-1.33367           -0.582544            0.384002
-1.45097            0.304635             1.37408
-1.05734            0.795164             1.55751
-1.05734            0.795164             1.55751
-1.05734            0.795164             1.55751
-1.05734            0.795164             1.55751
-1.05734            0.795164             1.55751
-1.05734            0.795164             1.55751
-1.05734            0.795164             1.55751
-1.76725            0.814027             1.11571
-1.65521           -0.192783            0.577835
-1.65521           -0.192783            0.577835
-1.65521           -0.192783            0.577835
-1.31641            0.243101             1.07774
-0.41205           -0.855125             2.04733
-0.0862296            -0.33511            0.469385
-0.0862296            -0.33511            0.469385
1.07396           -0.278218            -1.31313
0.658969           -0.621572            -1.44584
0.635912           -0.250703           -0.511693
0.1417          -0.0344213            -1.22809
1.00486            0.898964            0.313201
1.00486            0.898964            0.313201
1.00486            0.898964            0.313201
1.00486            0.898964            0.313201
1.00486            0.898964            0.313201
0.742182            0.584544           -0.462683
0.742182            0.584544           -0.462683
0.58943            0.352464            0.172334
0.58943            0.352464            0.172334
0.58943            0.352464            0.172334
0.58943            0.352464            0.172334
0.58943            0.352464            0.172334
0.563692            0.756632           0.0429087
1.21406            0.534071             0.19353
1.21406            0.534071             0.19353
1.21406            0.534071             0.19353
1.21406            0.534071             0.19353
1.21406            0.534071             0.19353
1.21406            0.534071             0.19353
0.950042           -0.896938           -0.482451
0.301229           -0.583105           -0.496127
0.301229           -0.583105           -0.496127
0.301229           -0.583105           -0.496127
0.301229           -0.583105           -0.496127
0.399875           -0.527253           0.0177227
0.399875           -0.527253           0.0177227
0.399875           -0.527253           0.0177227
0.399875           -0.527253           0.0177227
0.399875           -0.527253           0.0177227
-0.00805516           -0.573793            -1.24609
-0.115917            -1.22259           -0.735617
-0.969496            0.552808            -1.07277
-0.365186            0.151315           -0.765587
-0.267285            -1.07352            0.338043
-0.267285            -1.07352            0.338043
-0.331172            -1.24098           -0.528037
-0.331172            -1.24098           -0.528037
-0.331172            -1.24098           -0.528037
-0.131138           -0.815955            0.486503
0.131774             0.49343            0.486181
0.131774             0.49343            0.486181
0.131774             0.49343            0.486181
0.236542            0.262247            0.190472
0.236542            0.262247            0.190472
0.236542            0.262247            0.190472
-0.242473            0.156666           -0.275136
0.618007            0.806392          -0.0892933
0.618007            0.806392          -0.0892933
-0.401409          -0.0842578            0.193167
-0.518381           -0.731491            0.328611
-1.20425           -0.416195           -0.200049
-0.15126            -0.59752            -0.48592
-0.15126            -0.59752            -0.48592
-1.36203            0.565993           -0.514674
-1.36919            0.483558           -0.242834
-1.36919            0.483558           -0.242834
-1.1265            0.532753           -0.464836
-1.1265            0.532753           -0.464836
-1.2645            0.899982             0.13998
-1.52649             1.30265           -0.823241
-1.52649             1.30265           -0.823241
-1.52649             1.30265           -0.823241
-0.413645              1.4362          -0.0256663
-0.413645              1.4362          -0.0256663
-0.744774             1.08627            -0.61752
-0.709273            0.263382           -0.928106
-1.25481            -1.05999            0.401291
-1.27819            -1.20075            0.379321
-1.27819            -1.20075            0.379321
-1.27819            -1.20075            0.379321
-1.27819            -1.20075            0.379321
-1.27819            -1.20075            0.379321
-1.69621           -0.568897           -0.307444
-1.69621           -0.568897           -0.307444
-1.37083           -0.946685            0.321727
-2.11164           -0.817766             1.59788
-3.48175           -0.671618             1.66557
-2.50213            -1.20963             1.50716
-2.42916            -1.69404            0.945308
-2.42916            -1.69404            0.945308
-2.42916            -1.69404            0.945308
-2.58152            -2.01382             1.05083
-1.82244            -2.55083            0.825546
-1.82244            -2.55083            0.825546
-1.82244            -2.55083            0.825546
-1.82244            -2.55083            0.825546
-1.1325            -3.08646           -0.138628
-0.340999            -3.38238            0.449056
-0.379473            -2.57268            0.329175
-0.0886213            -1.96116          -0.0557708
-0.0886213            -1.96116          -0.0557708
0.99668             -1.0014            -1.03869
0.99668             -1.0014            -1.03869
0.99668             -1.0014            -1.03869
0.99668             -1.0014            -1.03869
0.99668             -1.0014            -1.03869
0.99668             -1.0014            -1.03869
0.772483           -0.843227           -0.401264
0.772483           -0.843227           -0.401264
0.491373           -0.714127           -0.204305
-0.0539741           -0.799231            -1.09259
-0.603977            -1.04966            -1.17162
-0.208097            -1.35303           -0.527993
-0.208097            -1.35303           -0.527993
-1.33798            -1.06878            -0.16523
-2.33972           -0.732113           -0.839737
-2.33972           -0.732113           -0.839737
-1.54887            -1.94809           -0.658815
-1.54887            -1.94809           -0.658815
-1.14547           -0.851918           -0.455981
-1.14547           -0.851918           -0.455981
-0.999791            -0.55529             1.25509
-0.988901           -0.352428            0.981839
-1.56071            0.510185            0.778001
-1.51581            0.767557              1.7764
-1.56362           -0.425692             2.39376
-1.56362           -0.425692             2.39376
-1.56362           -0.425692             2.39376
-1.56362           -0.425692             2.39376
-0.868938            0.215063             3.49961
-0.868938            0.215063             3.49961
-0.868938            0.215063             3.49961
-1.24202           -0.820412              2.1828
-0.405437            -0.54463             2.02051
-0.405437            -0.54463             2.02051
-0.260776           -0.776517             1.96505
-0.353656           -0.904582             1.09883
-0.353656           -0.904582             1.09883
-0.353656           -0.904582             1.09883
-0.353656           -0.904582             1.09883
-0.353656           -0.904582             1.09883
-0.0377364           -0.261294             0.26561
-0.0377364           -0.261294             0.26561
0.0797205           -0.487693          -0.0276071
0.0797205           -0.487693          -0.0276071
0.0797205           -0.487693          -0.0276071
0.0797205           -0.487693          -0.0276071
0.0797205           -0.487693          -0.0276071
0.0797205           -0.487693          -0.0276071
0.0797205           -0.487693          -0.0276071
0.139835            0.302445           -0.201842
-0.267868           -0.402734            -1.06736
-0.267868           -0.402734            -1.06736
-0.267868           -0.402734            -1.06736
-0.267868           -0.402734            -1.06736
-0.267868           -0.402734            -1.06736
-0.267868           -0.402734            -1.06736
-0.267868           -0.402734            -1.06736
-0.267868           -0.402734            -1.06736
1.19118           -0.168499            0.410621
1.19118           -0.168499            0.410621
1.19118           -0.168499            0.410621
0.41467           -0.196392           -0.785931
0.41467           -0.196392           -0.785931
0.41467           -0.196392           -0.785931
0.41467           -0.196392           -0.785931
0.41467           -0.196392           -0.785931
0.41467           -0.196392           -0.785931
0.630258           -0.160542          -0.0840561
0.630258           -0.160542          -0.0840561
0.630258           -0.160542          -0.0840561
0.630258           -0.160542          -0.0840561
0.630258           -0.160542          -0.0840561
0.630258           -0.160542          -0.0840561
1.26192            0.379062           -0.709843
0.99956            0.385515           -0.358045
0.99956            0.385515           -0.358045
0.99956            0.385515           -0.358045
0.189052            0.423629            -0.84467
-0.321821            0.585821           -0.317831
-0.321821            0.585821           -0.317831
-0.433748            0.458182          -0.0440055
-0.520619           0.0463915           -0.836725
-0.232971            0.143669            -1.16437
-0.232971            0.143669            -1.16437
-0.345327            0.659236             -1.1184
-1.26452           -0.185395           -0.671305
-0.689728           -0.543358            -0.87371
0.765937            0.320422            0.157432
0.360804           -0.127362           -0.723135
0.360804           -0.127362           -0.723135
0.360804           -0.127362           -0.723135
-0.634979            0.990287            0.401903
0.0374557             0.91869             1.20871
0.0374557             0.91869             1.20871
0.000499068               0.555             1.33528
-0.0446901           -0.178777             1.71033
-0.0446901           -0.178777             1.71033
-0.0446901           -0.178777             1.71033
-0.0446901           -0.178777             1.71033
-0.0446901           -0.178777             1.71033
-0.271458           -0.223484             1.62513
-0.271458           -0.223484             1.62513
-0.271458           -0.223484             1.62513
-0.271458           -0.223484             1.62513
-0.271458           -0.223484             1.62513
-1.06105          -0.0914227             2.40851
-1.06105          -0.0914227             2.40851
0.114323            0.679867             1.81402
-0.484738            0.353046            0.215652
-0.484738            0.353046            0.215652
-0.484738            0.353046            0.215652
-0.484738            0.353046            0.215652
-0.484738            0.353046            0.215652
-0.484738            0.353046            0.215652
-0.484738            0.353046            0.215652
-0.484738            0.353046            0.215652
0.20103            0.503634           -0.218518
0.947258            0.230471           -0.230092
0.947258            0.230471           -0.230092
0.947258            0.230471           -0.230092
0.157362            0.652273           -0.465267
0.157362            0.652273           -0.465267
-0.0048167             1.02677           -0.135524
-0.0048167             1.02677           -0.135524
-0.0048167             1.02677           -0.135524
-0.0048167             1.02677           -0.135524
-0.587243            0.214709            -1.37572
-0.571388           -0.147643           -0.886099
-0.845076           -0.908066           -0.569032
-1.13592            -0.88866           -0.508539
-1.13592            -0.88866           -0.508539
-0.781718           -0.660337           -0.529398
-0.781718           -0.660337           -0.529398
-0.549264           -0.940654           -0.669244
-0.549264           -0.940654           -0.669244
-0.423562            0.713363           -0.585931
-0.423562            0.713363           -0.585931
-1.15374              0.9325            -1.25194
-1.15374              0.9325            -1.25194
-1.15374              0.9325            -1.25194
-1.15374              0.9325            -1.25194
-1.41418             1.25493            0.136582
-0.36105             1.12721            0.291187
-0.36105             1.12721            0.291187
-0.36105             1.12721            0.291187
-0.971711             1.40236             0.78388
-0.971711             1.40236             0.78388
-0.971711             1.40236             0.78388
-0.971711             1.40236             0.78388
-0.753409             1.23862            0.817847
-0.753409             1.23862            0.817847
-0.753409             1.23862            0.817847
-0.722755             1.00782            0.298843
-1.21984             1.71067          -0.0887347
-0.481873             1.75021           -0.438687
-0.481873             1.75021           -0.438687
-0.731186             2.39349           -0.506242
-1.03945             1.71664            0.275343
-1.03945             1.71664            0.275343
-1.13939             1.29396            -0.21661
-0.574629            0.608919          -0.0758491
-0.574629            0.608919          -0.0758491
-0.72162            0.190352           -0.763129
-0.21123           -0.464624           -0.626251
0.69147           -0.564807           -0.745408
0.69147           -0.564807           -0.745408
0.452632           0.0458403           -0.451757
0.452632           0.0458403           -0.451757
0.452632           0.0458403           -0.451757
-1.12272             1.43895           -0.487613
-0.475034             1.48804           -0.688169
-0.475034             1.48804           -0.688169
-1.03351            0.241988            -1.43586
-1.03351            0.241988            -1.43586
-0.133137             1.24949            -1.69741
-0.133137             1.24949            -1.69741
0.451814             1.42276            -1.63446
0.451814             1.42276            -1.63446
0.451814             1.42276            -1.63446
0.577677            0.620284           -0.925997
0.577677            0.620284           -0.925997
0.577677            0.620284           -0.925997
1.00593            0.150455           -0.827581
1.00593            0.150455           -0.827581
1.00593            0.150455           -0.827581
0.137949           -0.683116           -0.283725
0.860515            -0.18138          -0.0401658
0.860515            -0.18138          -0.0401658
1.09677            0.353453            0.413108
1.59727             1.44008            0.285125
1.9622             1.69255           -0.127832
1.9622             1.69255           -0.127832
-0.42246             1.37124          -0.0587432
-0.42246             1.37124          -0.0587432
-0.42246             1.37124          -0.0587432
-2.06087            0.766873            0.277136
-0.89393              0.4509           -0.509698
-0.89393              0.4509           -0.509698
-0.345758           0.0766315          -0.0553278
-0.121613            0.388026            -0.30809
-0.491036           -0.853641             -1.1741
-0.0198128           -0.779468            -1.20642
0.686312            -1.28861           -0.705967
0.686312            -1.28861           -0.705967
0.686312            -1.28861           -0.705967
0.686312            -1.28861           -0.705967
0.686312            -1.28861           -0.705967
0.686312            -1.28861           -0.705967
0.708445            -1.15368           -0.197108
0.708445            -1.15368           -0.197108
0.708445            -1.15368           -0.197108
0.708445            -1.15368           -0.197108
0.708445            -1.15368           -0.197108
-0.74782           -0.778003           -0.376484
-0.74782           -0.778003           -0.376484
0.279925            -1.01224           -0.102016
0.279925            -1.01224           -0.102016
0.279925            -1.01224           -0.102016
0.279925            -1.01224           -0.102016
-0.338789           -0.957913            0.720024
-0.338789           -0.957913            0.720024
-0.0539526            -1.75358             0.30529
-0.507354           -0.460253             1.50452
-0.507354           -0.460253             1.50452
-1.34539           -0.429582            0.832566
-2.01722           -0.832433            0.740098
-2.1063           -0.858815           0.0525513
-1.60443            -1.42514           -0.924912
-2.07616           -0.587196           -0.340055
-1.56705            -1.64754            0.121988
-1.56705            -1.64754            0.121988
-1.56705            -1.64754            0.121988
-1.56705            -1.64754            0.121988
-1.1662           -0.715347            0.457279
-1.1662           -0.715347            0.457279
-1.1662           -0.715347            0.457279
-0.682741           -0.877999             1.91913
-0.682741           -0.877999             1.91913
-0.682741           -0.877999             1.91913
0.0679673            -1.58618             1.73736
0.0154537            -1.22822             1.89106
0.0154537            -1.22822             1.89106
0.0154537            -1.22822             1.89106
0.0154537            -1.22822             1.89106
0.950148           -0.580459             2.18905
0.752496            -1.57789             1.55834
-0.297628            0.194032              2.0103
-0.142765           -0.813426             2.10274
-0.142765           -0.813426             2.10274
-0.142765           -0.813426             2.10274
0.744076            0.173105              2.4479
0.0845936           -0.234847             2.00636
-0.293114            0.733411             2.27373
-0.293114            0.733411             2.27373
-0.293114            0.733411             2.27373
-0.293114            0.733411             2.27373
-0.293114            0.733411             2.27373
-0.293114            0.733411             2.27373
-0.437725         -0.00162115             1.70815
0.693751             1.22997             1.86286
2.16027            0.584483            0.849495
1.87177           -0.755088           -0.285121
1.87177           -0.755088           -0.285121
1.87177           -0.755088           -0.285121
1.87177           -0.755088           -0.285121
0.763372            -1.08823            0.264921
0.828439           -0.406097           0.0893727
0.63011           -0.607483             1.64036
0.63011           -0.607483             1.64036
0.885026           -0.114788             1.06073
0.885026           -0.114788             1.06073
0.688555            0.644732            0.944447
-0.123591           0.0648418            0.996345
-0.622671            0.156165          -0.0354281
-0.622671            0.156165          -0.0354281
-0.622671            0.156165          -0.0354281
-0.622671            0.156165          -0.0354281
-0.622671            0.156165          -0.0354281
-0.622671            0.156165          -0.0354281
-0.622671            0.156165          -0.0354281
-0.622671            0.156165          -0.0354281
-0.622671            0.156165          -0.0354281
-0.622671            0.156165          -0.0354281
-0.622671            0.156165          -0.0354281
-0.622671            0.156165          -0.0354281
-0.622671            0.156165          -0.0354281
-1.60895            -0.86356           -0.175959
-1.60895            -0.86356           -0.175959
-1.41256           -0.883512           -0.287405
-0.180002           -0.850074           -0.753965
-0.180002           -0.850074           -0.753965
-0.180002           -0.850074           -0.753965
-0.180002           -0.850074           -0.753965
0.823368          -0.0405036          -0.0299333
0.414064            0.601381            0.396063
0.166818           -0.246146           -0.266144
0.578537           0.0248998           -0.198539
0.578537           0.0248998           -0.198539
0.578537           0.0248998           -0.198539
0.578537           0.0248998           -0.198539
0.0359038            0.623294           -0.330725
0.0359038            0.623294           -0.330725
0.0359038            0.623294           -0.330725
-0.47772            -0.45573           -0.175771
-0.47772            -0.45573           -0.175771
-0.47772            -0.45573           -0.175771
-0.47772            -0.45573           -0.175771
-0.47772            -0.45573           -0.175771
-0.47772            -0.45573           -0.175771
-0.47772            -0.45573           -0.175771
0.488933            -1.12168            0.546885
0.896063           -0.291817           -0.277358
0.896063           -0.291817           -0.277358
1.51042           -0.166302           -0.619198
1.51042           -0.166302           -0.619198
0.359646          -0.0294686           -0.733844
0.359646          -0.0294686           -0.733844
0.941992            0.098093           -0.414518
0.369518           -0.397884           -0.994873
-0.258483           -0.548161           -0.314893
-0.00401494            0.791835            0.863206
-0.140892            0.546241            0.102522
-0.140892            0.546241            0.102522
-0.140892            0.546241            0.102522
-0.140892            0.546241            0.102522
-0.140892            0.546241            0.102522
0.916044            0.493688            -1.04573
0.182877            0.421318            -1.37134
0.0495714           -0.102546            -1.56107
0.0495714           -0.102546            -1.56107
0.0495714           -0.102546            -1.56107
0.0495714           -0.102546            -1.56107
0.0495714           -0.102546            -1.56107
-0.389629            0.562107           -0.804093
-0.389629            0.562107           -0.804093
-0.389629            0.562107           -0.804093
-0.389629            0.562107           -0.804093
0.190768            0.416063           -0.796912
0.190768            0.416063           -0.796912
0.190768            0.416063           -0.796912
-0.362477            0.505941           -0.395798
-0.362477            0.505941           -0.395798
-0.362477            0.505941           -0.395798
-0.362477            0.505941           -0.395798
-0.362477            0.505941           -0.395798
-0.362477            0.505941           -0.395798
-0.362477            0.505941           -0.395798
-0.362477            0.505941           -0.395798
-0.362477            0.505941           -0.395798
0.535528            -0.60995            -0.77404
0.535528            -0.60995            -0.77404
0.535528            -0.60995            -0.77404
0.535528            -0.60995            -0.77404
-0.315994            0.259444         -0.00728984
0.182807            0.162898            0.175128
0.182807            0.162898            0.175128
0.182807            0.162898            0.175128
0.182807            0.162898            0.175128
0.182807            0.162898            0.175128
0.182807            0.162898            0.175128
0.182807            0.162898            0.175128
0.182807            0.162898            0.175128
0.456755            0.669088            0.584187
-0.157426            0.236557           -0.231283
0.211653            0.199379            0.428921
-0.160893           -0.109554           -0.119872
-0.160893           -0.109554           -0.119872
0.0544024            0.643271           -0.379236
0.0544024            0.643271           -0.379236
0.0544024            0.643271           -0.379236
0.0544024            0.643271           -0.379236
0.436079           -0.137492            0.353974
0.436079           -0.137492            0.353974
0.436079           -0.137492            0.353974
0.968425         -0.00678796           -0.305559
0.968425         -0.00678796           -0.305559
0.968425         -0.00678796           -0.305559
0.914754           -0.779168           -0.455632
0.914754           -0.779168           -0.455632
1.04131           -0.825442            -1.35644
1.26503           -0.770951           -0.577746
1.01786            0.104543            -1.57294
1.01786            0.104543            -1.57294
1.01786            0.104543            -1.57294
1.01786            0.104543            -1.57294
1.01786            0.104543            -1.57294
1.01786            0.104543            -1.57294
1.01786            0.104543            -1.57294
0.367894             0.30465            -0.41001
0.367894             0.30465            -0.41001
0.367894             0.30465            -0.41001
-0.18087            0.380786          -0.0154145
-0.18087            0.380786          -0.0154145
-0.18087            0.380786          -0.0154145
-0.18087            0.380786          -0.0154145
-0.18087            0.380786          -0.0154145
-0.18087            0.380786          -0.0154145
-0.18087            0.380786          -0.0154145
-0.18087            0.380786          -0.0154145
-0.18087            0.380786          -0.0154145
-0.18087            0.380786          -0.0154145
-0.18087            0.380786          -0.0154145
-0.18087            0.380786          -0.0154145
-1.25425           -0.196687           -0.496282
-1.25425           -0.196687           -0.496282
-1.25425           -0.196687           -0.496282
-1.25425           -0.196687           -0.496282
-1.62049            0.227354            0.147158
0.424907            0.314693            0.277925
0.0532008            0.156929            0.094435
-0.0180774           -0.225221          -0.0419403
-0.0180774           -0.225221          -0.0419403
-0.0180774           -0.225221          -0.0419403
-0.0180774           -0.225221          -0.0419403
-0.995873           0.0232899           -0.212263
-0.960281            0.753494            0.287806
-0.960281            0.753494            0.287806
-0.960281            0.753494            0.287806
-1.42927          0.00938985         -0.00648875
-1.42927          0.00938985         -0.00648875
-1.42927          0.00938985         -0.00648875
-0.586982            -0.62229            0.193137
-0.586982            -0.62229            0.193137
-0.586982            -0.62229            0.193137
-0.586982            -0.62229            0.193137
-0.586982            -0.62229            0.193137
0.0566625           -0.595432           -0.186028
0.0566625           -0.595432           -0.186028
0.0566625           -0.595432           -0.186028
0.0566625           -0.595432           -0.186028
0.38138           -0.222726           -0.158608
0.38138           -0.222726           -0.158608
0.205543           -0.381398           0.0454862
0.205543           -0.381398           0.0454862
0.409853           -0.267423           -0.329473
1.17073           -0.444267           -0.460638
1.17073           -0.444267           -0.460638
1.17073           -0.444267           -0.460638
1.17073           -0.444267           -0.460638
1.17073           -0.444267           -0.460638
1.17073           -0.444267           -0.460638
1.10893            -0.17258           -0.161915
0.893056          -0.0544356           -0.260545
0.436074           -0.502964             -1.0337
-0.109142            -1.02538            -1.22462
-0.109142            -1.02538            -1.22462
0.422955            0.171824            -0.17754
0.665272            0.229515           0.0403805
0.665272            0.229515           0.0403805
1.3391           -0.770634            0.825961
1.3391           -0.770634            0.825961
1.48408           -0.560465            0.652814
1.61471           -0.240426           -0.407284
0.969288           0.0187539            -1.17747
0.648077             1.28801            -1.82253
0.767785            0.497545            -1.73574
0.130497             1.04841           -0.647432
0.0117826             1.66242            0.124737
0.0894712            0.741039            0.909535
0.277992             0.80038              1.3117
0.4843            0.842899             1.65899
0.504087            0.115736             2.19954
0.10507            0.338566             2.16151
0.10507            0.338566             2.16151
0.10507            0.338566             2.16151
0.438815            0.112227             1.75623
0.525835             -1.0763            0.980919
0.393319           -0.594803           -0.286767
0.393319           -0.594803           -0.286767
0.393319           -0.594803           -0.286767
1.14013           -0.646529           -0.291447
0.967123            -1.35595           -0.448417
0.21783            -1.63294            0.245082
1.19659           -0.708435             1.17716
0.653933            -1.45012             1.09321
0.653933            -1.45012             1.09321
1.36811           -0.822363            0.627221
0.78152            -1.03011            0.434015
0.78152            -1.03011            0.434015
1.06191            -1.11025           0.0281349
1.06191            -1.11025           0.0281349
0.861386           -0.903706           -0.980043
0.861386           -0.903706           -0.980043
-0.184272            -1.20126            -1.07478
1.33701           -0.442543           -0.783658
1.33701           -0.442543           -0.783658
1.36038            0.101762           -0.723104
1.36038            0.101762           -0.723104
1.00222              -1.674           -0.441605
1.00222              -1.674           -0.441605
0.898372           -0.928308          -0.0507941
-0.398453            0.545848           -0.362784
-0.398453            0.545848           -0.362784
-1.12446            0.400286            0.611206
-0.789214            0.814771             0.39794
-0.789214            0.814771             0.39794
-0.789214            0.814771             0.39794
-0.789214            0.814771             0.39794
-0.908934           -0.183568            0.605613
-0.908934           -0.183568            0.605613
-1.03018            0.086706            0.134521
-0.93847             0.59327            0.162849
-0.93847             0.59327            0.162849
-1.01271           -0.122412            -1.02027
-1.13759           -0.573049             -1.1149
-1.13759           -0.573049             -1.1149
-0.3154           -0.364903            -1.37356
-0.309601            -1.53097            -0.10915
-0.309601            -1.53097            -0.10915
-0.309601            -1.53097            -0.10915
-0.309601            -1.53097            -0.10915
-0.370636           -0.650453           -0.418643
-0.370636           -0.650453           -0.418643
-0.370636           -0.650453           -0.418643
-0.370636           -0.650453           -0.418643
-0.212254           -0.642792            0.291608
-0.212254           -0.642792            0.291608
-1.11427            -1.16713            0.258552
0.0100285           -0.908433           -0.928756
0.1188           -0.729713            -1.16747
-0.378783           -0.369621           -0.646212
-0.532566            0.999369             -1.2713
-0.532566            0.999369             -1.2713
-0.532566            0.999369             -1.2713
-0.532566            0.999369             -1.2713
-0.119925            -1.10728           -0.931619
-0.119925            -1.10728           -0.931619
-0.119925            -1.10728           -0.931619
0.20406            -1.14987             -0.2432
0.45757           -0.776196           -0.506772
0.45757           -0.776196           -0.506772
0.0770325           -0.534076            0.123214
0.00514095            -0.23151            0.331141
0.00514095            -0.23151            0.331141
0.00514095            -0.23151            0.331141
0.00514095            -0.23151            0.331141
0.831764          -0.0364472           -0.504332
0.790218           -0.552071            0.857971
0.790218           -0.552071            0.857971
0.790218           -0.552071            0.857971
0.790218           -0.552071            0.857971
1.22682          -0.0480558          -0.0834761
-0.184256           -0.341347           -0.105301
-0.409976         -0.00346688           -0.433527
0.259524           -0.580071           -0.041962
0.259524           -0.580071           -0.041962
-0.0257928           0.0847112            0.459907
-0.523472         -0.00226025          -0.0509437
-0.523472         -0.00226025          -0.0509437
0.351434              0.5314            0.697553
0.0606774            0.652415             1.36211
-1.1092            0.713124          -0.0596953
-1.1092            0.713124          -0.0596953
-1.1092            0.713124          -0.0596953
-1.1092            0.713124          -0.0596953
-0.230973          -0.0633658            0.207587
-0.230973          -0.0633658            0.207587
-0.230973          -0.0633658            0.207587
0.0426689           -0.307419           -0.347967
-0.0964119           -0.876274           -0.231972
-0.0964119           -0.876274           -0.231972
-0.0964119           -0.876274           -0.231972
-0.0964119           -0.876274           -0.231972
-0.456243            -1.06801           -0.275644
-0.115666           -0.165878           -0.399753
-0.115666           -0.165878           -0.399753
0.343781           -0.248743           -0.811955
0.343781           -0.248743           -0.811955
-0.452806            -0.65176           -0.700504
-0.645941           -0.321266            -1.04249
-0.645941           -0.321266            -1.04249
-0.645941           -0.321266            -1.04249
-0.645941           -0.321266            -1.04249
-1.13702            0.266634            -1.39765
-0.80416            0.158185            -1.26844
-0.80416            0.158185            -1.26844
-0.813383           -0.534422            -1.14895
-0.143568           -0.132303            -1.57366
-0.143568           -0.132303            -1.57366
-1.20451          -0.0281992           -0.649867
-1.20451          -0.0281992           -0.649867
-0.2485            0.232729            -1.41968
-0.2485            0.232729            -1.41968
0.916952            0.934866           -0.664624
-0.478425            0.319596            0.427887
-0.478425            0.319596            0.427887
-0.645858            -1.55435             1.42611
-0.645858            -1.55435             1.42611
-0.645858            -1.55435             1.42611
-0.645858            -1.55435             1.42611
-0.645858            -1.55435             1.42611
-0.645858            -1.55435             1.42611
-0.645858            -1.55435             1.42611
-1.01237           -0.497212             0.75514
-1.01237           -0.497212             0.75514
-0.386291          -0.0961555           -0.700242
-0.994264           -0.413126            0.330953
-0.994264           -0.413126            0.330953
-0.631349            0.062375          -0.0514071
-0.904544          -0.0374902            0.324279
-0.904544          -0.0374902            0.324279
-0.845429            -0.29836            0.366815
-0.845429            -0.29836            0.366815
-0.0810795             1.18086            0.140811
-0.0810795             1.18086            0.140811
0.875489             1.24079          -0.0841812
0.678291            0.284316            -1.23126
0.301185           -0.345846           -0.743889
-0.924392           -0.457306           -0.770271
-0.587663           -0.821468            -1.30994
-0.198766           -0.740746             -1.4482
-0.076606            -1.31719            -1.59556
-0.076606            -1.31719            -1.59556
-0.076606            -1.31719            -1.59556
0.537847           -0.763499           -0.937533
0.0961392           -0.844204           -0.494725
0.0961392           -0.844204           -0.494725
0.910793           -0.989445           0.0768051
0.797484           -0.777402            0.911253
-0.0993448            -1.27305             1.58453
-0.0993448            -1.27305             1.58453
-0.0993448            -1.27305             1.58453
0.760044            0.465428              1.6287
0.760044            0.465428              1.6287
1.29904            0.988188             1.57301
1.29904            0.988188             1.57301
0.722712            0.428326             2.44259
1.20103             1.24805             1.65043
0.961723            0.659916             1.53397
1.53732            0.827404          -0.0229673
2.38164            0.649541           0.0466369
2.38164            0.649541           0.0466369
2.87431            0.347269             0.54018
2.87431            0.347269             0.54018
2.33744           -0.204711            0.723317
1.9595           -0.351739           -0.500129
1.9595           -0.351739           -0.500129
1.96716            0.300461           -0.249993
1.96716            0.300461           -0.249993
2.17763          -0.0387687           -0.482297
1.6697           -0.301734          -0.0102108
1.09525             1.24919            -1.07339
1.09525             1.24919            -1.07339
1.09525             1.24919            -1.07339
1.40513             1.59315            0.481121
1.40513             1.59315            0.481121
0.511446            0.495905           -0.025718
0.334921            0.250645            0.324856
0.334921            0.250645            0.324856
0.334921            0.250645            0.324856
-0.353013           -0.029739            0.970281
0.893553            0.470104           -0.364403
0.893553            0.470104           -0.364403
0.893553            0.470104           -0.364403
0.232456          -0.0813462            0.451683
0.232456          -0.0813462            0.451683
0.232456          -0.0813462            0.451683
0.232456          -0.0813462            0.451683
-0.0978469            0.395306           -0.298937
-0.0146412            0.486982            -1.00849
-0.8917            0.959494            -1.03114
-0.488134             0.28367           -0.662076
-0.30565           -0.297449           -0.336929
-0.30565           -0.297449           -0.336929
-0.30565           -0.297449           -0.336929
-0.30565           -0.297449           -0.336929
-0.30565           -0.297449           -0.336929
-0.30565           -0.297449           -0.336929
-0.30565           -0.297449           -0.336929
-0.30565           -0.297449           -0.336929
-0.30565           -0.297449           -0.336929
0.079723           -0.317276           -0.912489
0.115678           -0.312252            -1.50731
0.115678           -0.312252            -1.50731
0.115678           -0.312252            -1.50731
0.0956398           -0.740771            -1.54251
-0.0220029           -0.232676            -0.23859
-0.881541              -1.101            0.432516
-0.0669018           -0.450838             0.45457
-0.0669018           -0.450838             0.45457
-0.518223           -0.518542          -0.0353541
-0.615347           -0.582898           -0.476025
-0.384901           -0.286945          -0.0770418
-0.384901           -0.286945          -0.0770418
-0.721278            -1.06073             0.38318
-0.67188            -1.33001            0.688167
0.669754           -0.534432             1.03427
0.647217            0.194301             1.19627
0.647217            0.194301             1.19627
0.647217            0.194301             1.19627
1.11347            0.884787            0.919696
1.0343             0.70826             1.21303
1.0343             0.70826             1.21303
1.0343             0.70826             1.21303
1.32881             1.23582             1.13644
1.55173            0.578811             1.42364
0.79337             1.80154            0.874537
0.79337             1.80154            0.874537
0.363396              1.1332            0.848625
0.675443             1.47063            0.522544
0.675443             1.47063            0.522544
0.627065             1.39994            0.996459
0.200668             1.32503         0.000601516
0.0430372            0.966454           -0.396241
0.84682            0.315206           0.0444618
0.0530924             1.61836             1.34408
1.03361            0.654589             1.52397
1.03361            0.654589             1.52397
0.772266            -0.56245             1.99312
0.772266            -0.56245             1.99312
0.772266            -0.56245             1.99312
-0.036544           -0.366287             2.12326
-1.39517            0.191877             2.16923
-1.37282            -0.43619              2.9742
0.0338799            -1.13465             3.08546
0.730097            -1.02052             3.30817
0.730097            -1.02052             3.30817
0.730097            -1.02052             3.30817
0.730097            -1.02052             3.30817
0.378957           -0.127787             2.96572
0.563135           -0.747148             2.50185
1.02479            -0.21706             2.53804
0.905502            0.409834             2.03946
0.230867            0.296919             2.26861
0.734697          0.00623312             2.59914
0.734697          0.00623312             2.59914
0.833907           0.0682409             1.98626
0.833907           0.0682409             1.98626
0.833907           0.0682409             1.98626
0.419686             0.82872             1.93742
1.39194            0.719532            0.895172
1.39194            0.719532            0.895172
1.44334             1.01626            0.104479
0.977514             1.87409           -0.430943
0.977514             1.87409           -0.430943
0.977514             1.87409           -0.430943
0.977514             1.87409           -0.430943
0.977514             1.87409           -0.430943
0.990647             1.95503            0.377524
1.98816             0.73111             1.03816
1.98816             0.73111             1.03816
2.28113          -0.0334888           0.0471319
1.93873            0.418857            0.403179
1.93873            0.418857            0.403179
1.93873            0.418857            0.403179
3.17761             0.62553             1.00736
3.17761             0.62553             1.00736
3.17761             0.62553             1.00736
3.17761             0.62553             1.00736
3.68299            0.117619            -0.16621
2.34177            0.461673            0.223375
2.34177            0.461673            0.223375
1.78685            0.737303            0.849538
0.91883           -0.565639             1.89785
1.00662            -1.21625             2.86725
1.50353            0.371063             3.78754
0.474569             0.67593             3.63719
0.566559           -0.124686             1.87253
0.566559           -0.124686             1.87253
0.566559           -0.124686             1.87253
-0.161074             1.07828             1.69862
-0.161074             1.07828             1.69862
-0.604354           -0.180465             2.03635
-0.604354           -0.180465             2.03635
0.564036            0.308524            0.600287
0.419104            0.143661           -0.136374
0.419104            0.143661           -0.136374
0.419104            0.143661           -0.136374
-0.00242733           -0.549916            0.137826
-0.00242733           -0.549916            0.137826
-0.00242733           -0.549916            0.137826
-0.00242733           -0.549916            0.137826
-0.00242733           -0.549916            0.137826
-0.00242733           -0.549916            0.137826
-0.00242733           -0.549916            0.137826
0.242921           -0.559313             0.30433
-0.187031          -0.0892184            0.662487
-0.187031          -0.0892184            0.662487
-0.187031          -0.0892184            0.662487
-0.187031          -0.0892184            0.662487
-0.0468454           -0.178271           -0.385922
-0.0468454           -0.178271           -0.385922
-1.04833           -0.102668            0.364145
-1.04833           -0.102668            0.364145
-1.04833           -0.102668            0.364145
-0.688105           -0.491839            0.888103
0.993435           -0.512234          -0.0256491
0.993435           -0.512234          -0.0256491
0.993435           -0.512234          -0.0256491
0.993435           -0.512234          -0.0256491
0.993435           -0.512234          -0.0256491
0.82606           -0.825788           -0.558294
0.82606           -0.825788           -0.558294
0.82606           -0.825788           -0.558294
0.233726            -1.80644            0.354905
1.12285            -1.57745             1.28049
0.981142              -1.423           -0.349824
0.981142              -1.423           -0.349824
0.321889            -1.73979            0.468705
0.321889            -1.73979            0.468705
0.321889            -1.73979            0.468705
0.0137202            -2.01518            0.123108
-0.523706            -1.44138            0.718659
-0.523706            -1.44138            0.718659
-0.334997            -2.47803            0.980139
-0.115548            -2.40385           -0.189373
-0.115548            -2.40385           -0.189373
-0.115548            -2.40385           -0.189373
-0.115548            -2.40385           -0.189373
0.317834            -1.88145            -0.92941
-0.686801            -1.65361           -0.949231
-0.686801            -1.65361           -0.949231
0.270537           -0.303804          -0.0280596
0.270537           -0.303804          -0.0280596
0.270537           -0.303804          -0.0280596
0.270537           -0.303804          -0.0280596
0.270537           -0.303804          -0.0280596
0.217727            0.650966            0.563906
0.213121          -0.0566745            0.487009
0.520095            0.321382             0.64819
0.520095            0.321382             0.64819
0.520095            0.321382             0.64819
0.520095            0.321382             0.64819
-0.171192            0.152043           -0.757502
0.151315           -0.552636            -0.30343
0.151315           -0.552636            -0.30343
0.151315           -0.552636            -0.30343
0.151315           -0.552636            -0.30343
-0.217078           -0.541921           -0.110042
-0.217078           -0.541921           -0.110042
-0.435589           0.0551672           0.0787295
-0.435589           0.0551672           0.0787295
-0.435589           0.0551672           0.0787295
-0.435589           0.0551672           0.0787295
-0.435589           0.0551672           0.0787295
-0.831069            0.375038            0.393713
-0.831069            0.375038            0.393713
-0.831069            0.375038            0.393713
-0.713299             1.41546          -0.0307278
0.373836             1.39335            -0.87147
0.373836             1.39335            -0.87147
0.373836             1.39335            -0.87147
0.373836             1.39335            -0.87147
-0.0783826             0.70278            0.536392
-0.234533             1.47318            0.301633
0.787465            0.775493           -0.689364
0.488358            0.201726            -1.29508
0.488358            0.201726            -1.29508
0.132299            0.197832            -1.53385
0.275577            0.977969            -1.30172
0.35711            0.145763           -0.787274
1.32315           -0.114726            0.268437
1.63533           -0.403235            0.555027
0.456266             -1.1873            0.416419
0.456266             -1.1873            0.416419
-0.310711            -0.33125             0.92659
-0.310711            -0.33125             0.92659
-0.443947           -0.740295           -0.623177
-0.443947           -0.740295           -0.623177
-1.44122            -0.41969           -0.477363
-1.44122            -0.41969           -0.477363
-1.36421           -0.446183           -0.869318
-0.315234            -1.11784           -0.944121
0.207812           -0.578211              -1.095
1.27695            0.306765            -0.35334
1.27695            0.306765            -0.35334
1.27695            0.306765            -0.35334
1.27695            0.306765            -0.35334
1.27695            0.306765            -0.35334
0.491642             1.25447            0.177467
1.64328            0.955708            0.611176
1.64328            0.955708            0.611176
0.560933            0.312881            0.185712
0.560933            0.312881            0.185712
0.560933            0.312881            0.185712
0.560933            0.312881            0.185712
0.560933            0.312881            0.185712
0.560933            0.312881            0.185712
-0.174293            -1.41006            0.221446
-0.174293            -1.41006            0.221446
-0.665408           -0.400002            0.348957
-0.665408           -0.400002            0.348957
-0.485883           -0.235329            0.255724
-0.485883           -0.235329            0.255724
-0.485883           -0.235329            0.255724
-0.485883           -0.235329            0.255724
-0.255876             0.32107            0.563308
-0.544715            0.504539           0.0436787
-0.454619           -0.224744          -0.0300766
-0.454619           -0.224744          -0.0300766
-0.454619           -0.224744          -0.0300766
-0.454619           -0.224744          -0.0300766
0.136072           -0.960161            0.634722
1.29878            -1.41207            0.841335
1.55325             -1.0226            0.375962
1.55325             -1.0226            0.375962
2.01558             0.38073             0.93655
1.65309            -0.21617           -0.241156
1.96669           -0.145286             0.30555
1.96669           -0.145286             0.30555
1.96669           -0.145286             0.30555
1.96669           -0.145286             0.30555
2.26172            0.149538            0.806194
2.16301            -1.39695             1.77742
1.44809            -1.47142             1.75612
2.62599            -1.51482             1.04639
2.62599            -1.51482             1.04639
2.62599            -1.51482             1.04639
2.6542            -1.70083            0.334462
2.33617            -1.42429            0.247595
2.33617            -1.42429            0.247595
1.72554            -2.29275           -0.946563
1.72554            -2.29275           -0.946563
1.72554            -2.29275           -0.946563
1.72554            -2.29275           -0.946563
1.15942            -2.00438           -0.618302
1.35566           -0.422928            0.645874
1.35566           -0.422928            0.645874
0.656246          -0.0706323           -0.277215
0.656246          -0.0706323           -0.277215
0.656246          -0.0706323           -0.277215
0.656246          -0.0706323           -0.277215
0.499165            0.646934             1.02586
-0.888832            0.665823            0.940145
-0.559246            0.782717             0.82949
-0.559246            0.782717             0.82949
-1.2221            0.524556             1.31091
-1.2221            0.524556             1.31091
-1.27213             1.25704            0.661095
-1.14913             1.02221           -0.108265
-0.319934             1.37693            -1.01906
0.309956              1.5449           -0.559055
0.309956              1.5449           -0.559055
0.309956              1.5449           -0.559055
0.309956              1.5449           -0.559055
0.309956              1.5449           -0.559055
0.309956              1.5449           -0.559055
0.309956              1.5449           -0.559055
-0.446178              1.1264           -0.378203
-0.42767            0.876252            -1.69359
-0.42767            0.876252            -1.69359
-0.94981             0.45932            -1.65234
-0.94981             0.45932            -1.65234
-0.0846863            0.462588            -1.40089
-0.0846863            0.462588            -1.40089
-0.0846863            0.462588            -1.40089
0.132296            0.224965           -0.866811
0.132296            0.224965           -0.866811
0.132296            0.224965           -0.866811
0.132296            0.224965           -0.866811
-0.554523             1.20171           -0.415949
-0.554523             1.20171           -0.415949
-0.554523             1.20171           -0.415949
0.47025             1.21773            -1.05274
0.47025             1.21773            -1.05274
-0.0589274             0.14896             -1.6699
-0.120118            -1.02661           -0.811786
-0.120118            -1.02661           -0.811786
-0.42835           -0.721703            -0.90303
-0.185569           -0.292057            0.175951
-0.185569           -0.292057            0.175951
-0.185569           -0.292057            0.175951
-0.185569           -0.292057            0.175951
-0.19165           0.0278768           -0.286043
-0.19165           0.0278768           -0.286043
-0.19165           0.0278768           -0.286043
-0.19165           0.0278768           -0.286043
-0.19165           0.0278768           -0.286043
-0.19165           0.0278768           -0.286043
-0.19165           0.0278768           -0.286043
-0.914682           -0.726651             0.15897
-0.624285           -0.952576             1.04019
-0.738205           -0.715599           -0.307338
-0.738205           -0.715599           -0.307338
-0.738205           -0.715599           -0.307338
-0.738205           -0.715599           -0.307338
-1.13924            -0.17359            0.452783
-0.00564942           -0.687099            0.276098
-0.00564942           -0.687099            0.276098
-0.00564942           -0.687099            0.276098
-0.00564942           -0.687099            0.276098
0.161418           -0.124112            0.377224
0.161418           -0.124112            0.377224
0.161418           -0.124112            0.377224
-0.600383          -0.0604497           -0.493296
-0.600383          -0.0604497           -0.493296
-0.600383          -0.0604497           -0.493296
-0.600383          -0.0604497           -0.493296
-0.109502            0.586083           -0.467899
0.100015           0.0812483          -0.0117034
-0.573223            0.264617           -0.112486
-0.573223            0.264617           -0.112486
0.0979777            0.405338            0.394495
0.0979777            0.405338            0.394495
-0.471788            0.931688            0.129316
-0.471788            0.931688            0.129316
-0.471788            0.931688            0.129316
-0.538852            0.791398           -0.208914
-0.449599            0.769974            -1.30179
-0.916487             1.36406            -0.74296
-0.916487             1.36406            -0.74296
-0.916487             1.36406            -0.74296
-0.916487             1.36406            -0.74296
-0.916487             1.36406            -0.74296
-0.248156          -0.0973142            -1.21662
-1.36137           -0.659709            -0.10095
-1.82563           -0.613641           -0.558743
-2.08221           -0.682689           -0.950696
-2.10506           -0.549081             -1.9428
-2.10506           -0.549081             -1.9428
-2.10506           -0.549081             -1.9428
-1.64846            0.719208            -1.88151
-1.64846            0.719208            -1.88151
-1.75467            0.455264           -0.946441
-1.75467            0.455264           -0.946441
0.192894             1.51683           -0.724496
0.192894             1.51683           -0.724496
0.538205             1.79643           -0.936245
0.0676238             1.65285           -0.543608
0.593128             1.31994           -0.209258
-0.542536             1.39961            -1.12665
-0.65091             1.55627          -0.0110214
0.242582            0.721494            -0.61182
0.242582            0.721494            -0.61182
-0.209449               1.875           -0.504431
-0.068275             1.50861            0.314701
-0.068275             1.50861            0.314701
-0.068275             1.50861            0.314701
-0.068275             1.50861            0.314701
0.529788             1.67431             1.45513
-0.0765125             1.13017            0.865209
-0.0765125             1.13017            0.865209
-0.0765125             1.13017            0.865209
-0.0765125             1.13017            0.865209
-0.0765125             1.13017            0.865209
0.106568          -0.0439149             1.23204
-0.956413          -0.0361966           -0.828469
-0.663349           -0.609792            -1.33688
-0.663349           -0.609792            -1.33688
-0.457487           -0.963195             -1.3464
-0.345555             -1.0907           -0.918421
-1.41694           0.0657945           -0.719857
-1.41694           0.0657945           -0.719857
-2.19428          0.00403277            -1.23035
-2.19428          0.00403277            -1.23035
-2.55441           -0.244435            -1.66691
-2.55441           -0.244435            -1.66691
-2.85114            0.427646             -1.7602
-2.85114            0.427646             -1.7602
-2.85114            0.427646             -1.7602
-3.85532            0.412115           -0.782277
-3.25785           0.0308188            0.188469
-3.25785           0.0308188            0.188469
-3.69801            0.826107           -0.346218
-4.27849            0.309945           -0.955189
-4.27849            0.309945           -0.955189
-3.2295             1.03538            -1.38577
-3.21747             1.09832            -1.54112
-3.21747             1.09832            -1.54112
-2.34781            0.276536           -0.825948
-1.35306            0.650517           -0.546816
-1.4931            -0.25492           0.0755916
-1.4931            -0.25492           0.0755916
-0.681122           -0.194264           -0.798892
-0.681122           -0.194264           -0.798892
-0.778889            -1.18314           -0.978869
0.232073            -1.02149            -1.23046
0.260868           -0.486245           -0.444155
0.260868           -0.486245           -0.444155
0.260868           -0.486245           -0.444155
-1.00124           -0.832257            0.538685
-1.00124           -0.832257            0.538685
-0.53355            -1.91526          -0.0244432
-2.08258            -1.50128           -0.320309
-2.08258            -1.50128           -0.320309
-0.995264            -1.63467            0.154224
-1.16687            -1.59868            0.601341
-1.16687            -1.59868            0.601341
-1.08688             -1.4612            0.446483
-1.08688             -1.4612            0.446483
-1.08688             -1.4612            0.446483
-1.08688             -1.4612            0.446483
-1.08688             -1.4612            0.446483
-1.08688             -1.4612            0.446483
-0.0217374           -0.591974             1.12713
-0.627472          -0.0169463             1.04712
-0.72728             0.93796            0.900322
-0.72728             0.93796            0.900322
-0.72728             0.93796            0.900322
-0.72728             0.93796            0.900322
-0.72728             0.93796            0.900322
0.272126            0.870942             1.17267
0.272126            0.870942             1.17267
0.272126            0.870942             1.17267
-0.253354            0.690333            0.567609
-0.766532              1.3171             0.45181
-2.01039            0.792354            0.203729
-1.60907             1.57445            0.510286
-1.40176            0.357244             1.79506
-0.7504           0.0509141             1.77456
-0.7504           0.0509141             1.77456
-0.7504           0.0509141             1.77456
-0.251226           -0.596712             2.23387
0.971963            -1.03634             2.83856
0.971963            -1.03634             2.83856
0.880784           -0.189694             2.69295
1.19828           -0.383299             1.79189
1.19828           -0.383299             1.79189
1.19828           -0.383299             1.79189
1.19828           -0.383299             1.79189
1.45191        -0.000239645             2.17086
1.45191        -0.000239645             2.17086
1.45191        -0.000239645             2.17086
1.86599         -0.00347135             1.82737
1.86599         -0.00347135             1.82737
2.39935             0.86165             2.25486
2.39935             0.86165             2.25486
2.6131            0.818767             2.13998
2.21113            0.627559             2.16193
1.9749           -0.543288             1.42165
2.1416           -0.912455             2.61123
2.1416           -0.912455             2.61123
3.05943            -1.65191             3.20753
3.05943            -1.65191             3.20753
3.04062           -0.919021             2.97289
3.18685           -0.800817             3.12153
3.18685           -0.800817             3.12153
3.18685           -0.800817             3.12153
2.73262           0.0774132             2.04724
2.43347           -0.170264            0.537903
2.43347           -0.170264            0.537903
2.43347           -0.170264            0.537903
2.43347           -0.170264            0.537903
2.43347           -0.170264            0.537903
2.43347           -0.170264            0.537903
2.43347           -0.170264            0.537903
2.43347           -0.170264            0.537903
2.83855           -0.456128             0.61224
2.83855           -0.456128             0.61224
3.05791           -0.118431           -0.556677
2.17146            -0.21681            -1.52576
2.17146            -0.21681            -1.52576
2.17146            -0.21681            -1.52576
1.51709           -0.250085            -1.53942
2.3451           -0.767493            -1.26466
2.3451           -0.767493            -1.26466
1.94517           -0.639938            -1.14369
1.9905           -0.863334            -1.59822
1.9905           -0.863334            -1.59822
1.9905           -0.863334            -1.59822
0.686393           -0.400105            -1.31644
0.686393           -0.400105            -1.31644
-0.000878731            0.179735            0.385776
-0.000878731            0.179735            0.385776
-0.000878731            0.179735            0.385776
-0.000878731            0.179735            0.385776
-0.000878731            0.179735            0.385776
-0.000878731            0.179735            0.385776
-0.000878731            0.179735            0.385776
-0.000878731            0.179735            0.385776
-0.000878731            0.179735            0.385776
-0.000878731            0.179735            0.385776
-0.000878731            0.179735            0.385776
-0.000878731            0.179735            0.385776
-0.000878731            0.179735            0.385776
-0.000878731            0.179735            0.385776
-0.000878731            0.179735            0.385776
-0.000878731            0.179735            0.385776
-0.0535664          -0.0842449            0.335468
-0.0535664          -0.0842449            0.335468
-0.938702            -1.07637          -0.0901189
-2.08318             -1.0165           -0.703112
-2.08318             -1.0165           -0.703112
-0.0525167            -2.06613           -0.480616
-0.0525167            -2.06613           -0.480616
0.746458            -1.85083           -0.251946
0.768858            -1.80201            -0.64833
0.791292            -1.76651            0.274535
0.791292            -1.76651            0.274535
0.672115            -1.86457             1.46095
1.49914           -0.681661             1.79105
1.92267            -1.31035             1.86302
2.27597           -0.418292             2.21232
2.27597           -0.418292             2.21232
1.74382            0.111952             1.94513
1.74382            0.111952             1.94513
1.74382            0.111952             1.94513
0.811469           -0.562124             2.48691
0.811469           -0.562124             2.48691
-1.03992            0.360572             1.84801
-0.948439           -0.625032            0.964367
-0.948439           -0.625032            0.964367
-0.326316             1.23733            0.632466
0.0686401            0.882496           -0.619778
-0.0343809           0.0203673            0.445795
-0.0343809           0.0203673            0.445795
-0.0343809           0.0203673            0.445795
-0.0343809           0.0203673            0.445795
-0.0343809           0.0203673            0.445795
-0.466447             1.06859            0.386814
-0.384773            -1.09974            0.223724
-0.118167            -2.16005             1.30166
0.359391            -2.08811             1.69379
0.359391            -2.08811             1.69379
0.714838            -2.76731             2.42813
1.86484            -2.89056             3.25326
1.33462             -3.2652             2.78609
1.33462             -3.2652             2.78609
2.65144            -2.43943             1.82597
1.57293            -3.22434              1.8944
1.24894            -3.27249            0.906296
2.35899            -2.36769             1.47933
1.74213            -2.63739             2.28434
1.74213            -2.63739             2.28434
1.18817            -1.73389             2.01267
2.10432            -1.00767             1.57475
1.16363            -0.65262             1.38222
1.16363            -0.65262             1.38222
1.16363            -0.65262             1.38222
1.2145            -0.33432             1.86816
1.2145            -0.33432             1.86816
1.07393            0.797035            0.541713
0.648725            0.366882            0.564847
0.648725            0.366882            0.564847
0.0990539           0.0285089           -0.661399
0.0990539           0.0285089           -0.661399
0.0990539           0.0285089           -0.661399
0.0990539           0.0285089           -0.661399
-1.42945           -0.160159             -1.0422
-1.42945           -0.160159             -1.0422
-1.42945           -0.160159             -1.0422
-1.42945           -0.160159             -1.0422
-1.5402           -0.739218           -0.722118
-1.52867            -1.81776           -0.730297
-3.00041            -1.34743            0.387567
-2.51537            -2.96046             0.30544
-2.82305            -2.27808           -0.598133
-2.82305            -2.27808           -0.598133
-2.82305            -2.27808           -0.598133
-2.99572           -0.594282            -1.06368
-2.07456            -2.03711           -0.928121
-2.07456            -2.03711           -0.928121
-2.07456            -2.03711           -0.928121
-2.07456            -2.03711           -0.928121
-2.07456            -2.03711           -0.928121
-2.07456            -2.03711           -0.928121
-2.50616            -1.36545          -0.0181699
-2.50616            -1.36545          -0.0181699
-2.50616            -1.36545          -0.0181699
-2.50616            -1.36545          -0.0181699
-2.50616            -1.36545          -0.0181699
-2.9815           -0.840244            0.490417
-2.57678           -0.877549           -0.495329
-3.03701            -2.12104            0.318094
-3.03701            -2.12104            0.318094
-3.03674            -1.78785            0.853763
-2.59861           -0.844682             2.37773
-2.98955            -1.14894             2.15763
-2.89626            -2.12135             1.36056
-3.12057            -1.96972             1.21811
-3.12057            -1.96972             1.21811
-3.41283            -0.96545              1.3299
-3.41283            -0.96545              1.3299
-3.64924           -0.846949            0.377007
-3.64924           -0.846949            0.377007
-3.16032            -1.71874             1.56252
-2.67366            -1.98746             1.07266
-2.67366            -1.98746             1.07266
-2.67366            -1.98746             1.07266
-2.4546            -2.40614            0.368159
-2.4546            -2.40614            0.368159
-3.10698            -2.51225            -1.59752
-3.10698            -2.51225            -1.59752
-3.04784            -2.53303            -0.74662
-3.86807            -2.17639            -1.09915
-2.67297            -3.87424           -0.376829
-2.67297            -3.87424           -0.376829
-2.67297            -3.87424           -0.376829
-2.67297            -3.87424           -0.376829
-2.7367            -4.29459           -0.639983
-2.7367            -4.29459           -0.639983
-2.29866            -3.63161           -0.631778
-1.54725            -2.40521             1.64487
-1.05602             -2.0787             0.93456
-1.05602             -2.0787             0.93456
0.354848            -2.23341            0.864564
1.25108             -1.4342            0.517167
1.25108             -1.4342            0.517167
0.87529            -1.91432             0.33534
0.87529            -1.91432             0.33534
0.586436            -1.23826             1.53086
0.83653            0.207779           -0.015521
0.891935            -1.18786            0.101181
0.114658            -1.05467            -1.13121
0.119412            -1.42069            0.959699
0.119412            -1.42069            0.959699
-0.544263           -0.664732             1.16275
-0.544263           -0.664732             1.16275
-1.39292           -0.849323           -0.303771
-1.11964           -0.595538           -0.286371
0.140565           -0.738419           -0.395499
0.40426           -0.443374            0.855399
0.0427443           -0.738404            0.722229
0.364518           -0.206095            0.147609
0.364518           -0.206095            0.147609
0.364518           -0.206095            0.147609
0.364518           -0.206095            0.147609
0.364518           -0.206095            0.147609
0.364518           -0.206095            0.147609
0.364518           -0.206095            0.147609
0.364518           -0.206095            0.147609
0.364518           -0.206095            0.147609
0.364518           -0.206095            0.147609
0.364518           -0.206095            0.147609
-0.127009            0.130072             1.87462
0.339968            -1.44922             2.10113
0.664083            -1.75729              2.6275
0.537401            -1.77623             1.72498
0.914698            -1.41403             2.91037
1.07573            -1.11157             1.64124
2.19234           -0.844514              1.3251
1.40217           -0.316416              1.5717
1.34124            0.587517             1.12862
0.803409           -0.552607             0.60765
0.892343           -0.212316            0.294883
0.892343           -0.212316            0.294883
0.892343           -0.212316            0.294883
0.892343           -0.212316            0.294883
0.892343           -0.212316            0.294883
0.892343           -0.212316            0.294883
1.40367            0.196318             1.03563
0.810101           -0.478884             1.60486
0.810101           -0.478884             1.60486
1.04956           -0.894773              1.4057
0.287202            0.628683             1.20057
0.287202            0.628683             1.20057
0.277127            0.382523             1.05192
0.2827             0.24987             1.38619
0.0687063           -0.669234            0.793923
0.296365             -0.8492            0.190381
0.296365             -0.8492            0.190381
0.296365             -0.8492            0.190381
-0.386847          -0.0311298           -0.765324
-0.425974             1.15331            -0.54222
-0.425974             1.15331            -0.54222
-0.425974             1.15331            -0.54222
-0.494221             0.58659            0.387796
-0.494221             0.58659            0.387796
-0.494221             0.58659            0.387796
0.292174             0.11011             0.55232
0.292174             0.11011             0.55232
0.292174             0.11011             0.55232
-0.471394            0.500795            0.266854
-0.471394            0.500795            0.266854
0.42012            0.438061            -0.38406
0.42012            0.438061            -0.38406
0.42012            0.438061            -0.38406
0.42012            0.438061            -0.38406
0.42012            0.438061            -0.38406
0.42012            0.438061            -0.38406
0.42012            0.438061            -0.38406
-0.53672            0.781472            0.145969
-0.53672            0.781472            0.145969
-0.53672            0.781472            0.145969
-0.316871            0.245934           -0.206343
-0.316871            0.245934           -0.206343
-0.316871            0.245934           -0.206343
-0.316871            0.245934           -0.206343
-0.332077           -0.494606           -0.851259
-0.332077           -0.494606           -0.851259
-0.332077           -0.494606           -0.851259
-0.625147           -0.456901           -0.367918
-0.625147           -0.456901           -0.367918
-0.625147           -0.456901           -0.367918
-0.625147           -0.456901           -0.367918
-0.413989            -0.54334            0.157865
-0.413989            -0.54334            0.157865
0.438325           -0.503855            0.233207
0.182968            -1.00464          -0.0121381
0.537171           -0.870914            -0.18605
0.537171           -0.870914            -0.18605
0.537171           -0.870914            -0.18605
1.23343           -0.802582           -0.108757
1.23343           -0.802582           -0.108757
1.22904            -1.14677            0.300505
1.22904            -1.14677            0.300505
0.584216             -1.0991            0.810578
0.584216             -1.0991            0.810578
0.584216             -1.0991            0.810578
0.584216             -1.0991            0.810578
1.0251            -1.10778            0.710379
1.0251            -1.10778            0.710379
1.0251            -1.10778            0.710379
0.126582           -0.205455            0.568673
0.126582           -0.205455            0.568673
0.264233           -0.205685            0.955207
0.264233           -0.205685            0.955207
0.264233           -0.205685            0.955207
0.264233           -0.205685            0.955207
-0.226193           -0.994722            0.738775
-0.226193           -0.994722            0.738775
-0.226193           -0.994722            0.738775
-0.226193           -0.994722            0.738775
-1.66611           -0.423612             0.19987
-0.947707            0.279086            0.154353
0.519046           -0.435892           -0.360054
0.519046           -0.435892           -0.360054
0.519046           -0.435892           -0.360054
0.519046           -0.435892           -0.360054
0.519046           -0.435892           -0.360054
0.519046           -0.435892           -0.360054
-0.298364           -0.454864           -0.656263
-0.298364           -0.454864           -0.656263
-0.298364           -0.454864           -0.656263
0.247961             0.49917           -0.207511
0.359831           -0.220731           -0.182535
1.46076           -0.673372           -0.535578
1.60761            -1.10199           -0.952026
1.60761            -1.10199           -0.952026
2.02709            0.132598            -1.01374
1.94959           -0.179296           -0.719906
1.94959           -0.179296           -0.719906
1.94959           -0.179296           -0.719906
1.76953            -1.18669           -0.441593
1.76953            -1.18669           -0.441593
1.76953            -1.18669           -0.441593
1.76953            -1.18669           -0.441593
1.76953            -1.18669           -0.441593
1.76953            -1.18669           -0.441593
0.508713            -1.78037           -0.252593
0.466902            -2.01076           -0.168672
0.466902            -2.01076           -0.168672
0.466902            -2.01076           -0.168672
0.466902            -2.01076           -0.168672
1.50157           -0.800522            -1.07346
1.37116           -0.976303           -0.539453
-0.447823           -0.235746           -0.199491
-0.447823           -0.235746           -0.199491
0.687279            0.344483           -0.186563
0.687279            0.344483           -0.186563
0.687279            0.344483           -0.186563
0.687279            0.344483           -0.186563
0.687279            0.344483           -0.186563
0.544784            0.278762           -0.341126
0.544784            0.278762           -0.341126
0.544784            0.278762           -0.341126
0.544784            0.278762           -0.341126
0.544784            0.278762           -0.341126
-0.0851902           -0.326704            0.665421
-0.0851902           -0.326704            0.665421
0.0330898            0.835774             0.24409
0.0330898            0.835774             0.24409
0.0330898            0.835774             0.24409
-0.3433           -0.238754            0.189308
-0.3433           -0.238754            0.189308
-0.3433           -0.238754            0.189308
-0.3433           -0.238754            0.189308
-0.3433           -0.238754            0.189308
-0.3433           -0.238754            0.189308
0.686759           -0.432279            0.914636
0.686759           -0.432279            0.914636
0.544857            -1.41758           0.0725896
0.544857            -1.41758           0.0725896
0.544857            -1.41758           0.0725896
0.544857            -1.41758           0.0725896
0.544857            -1.41758           0.0725896
0.544857            -1.41758           0.0725896
0.994948           -0.872377            0.516012
0.828717            -1.01794            0.569797
0.828717            -1.01794            0.569797
-0.404253             0.54377             2.54728
-0.266585             1.60354             2.75622
-0.266585             1.60354             2.75622
-0.249498             1.02484             3.40568
-0.669123            0.464154             2.94291
-0.669123            0.464154             2.94291
1.11055            0.427346             2.10726
1.11055            0.427346             2.10726
0.799193              1.9525              2.8695
-0.344517             2.68479             3.09096
-1.13995             1.91882             3.36847
-0.873653             1.52248             3.62071
-0.873653             1.52248             3.62071
-0.604863             1.66323             2.60626
-0.956052             1.44349              2.3471
-0.956052             1.44349              2.3471
-1.11505              1.2886             1.71085
-1.11505              1.2886             1.71085
-1.11505              1.2886             1.71085
-0.568955            0.674096             1.87783
-0.568955            0.674096             1.87783
-0.568955            0.674096             1.87783
-0.568955            0.674096             1.87783
-0.568955            0.674096             1.87783
-0.568955            0.674096             1.87783
-0.293499            0.388457             1.51797
-0.463434             1.27989            0.255698
-0.463434             1.27989            0.255698
0.648651            0.679857           -0.582997
0.648651            0.679857           -0.582997
-0.366435            0.633224            0.488472
0.348234           -0.524335            0.104676
0.403663           -0.602202           0.0631675
0.689709            0.619377             1.33288
0.689709            0.619377             1.33288
0.400368            0.341496            0.847572
0.400368            0.341496            0.847572
-0.2335            0.159592              0.3755
-0.235136           -0.219131            0.280437
-0.392265             0.33179           -0.566384
-0.392265             0.33179           -0.566384
-0.392265             0.33179           -0.566384
-0.392265             0.33179           -0.566384
-0.392265             0.33179           -0.566384
-0.392265             0.33179           -0.566384
-0.42591            0.597791            0.881683
-0.42591            0.597791            0.881683
-0.42591            0.597791            0.881683
0.83095           0.0827341             0.74998
0.352699           -0.360462           0.0987574
-0.403878            -1.21966            -0.59101
-0.403878            -1.21966            -0.59101
-0.403878            -1.21966            -0.59101
-0.403878            -1.21966            -0.59101
-0.403878            -1.21966            -0.59101
-1.02795            -1.14928            -1.06716
-0.257413            -1.36413            -1.09448
0.063328            -1.62156            -1.16614
-0.663277           -0.969475            -1.40414
-0.623726            0.661704           -0.617862
-0.496069            0.913603           0.0219114
-0.496069            0.913603           0.0219114
0.22235            0.910332           -0.464521
0.22235            0.910332           -0.464521
0.22235            0.910332           -0.464521
0.22235            0.910332           -0.464521
0.22235            0.910332           -0.464521
0.22235            0.910332           -0.464521
0.252344             0.70185           -0.213206
0.797877             1.15918          -0.0349547
0.797877             1.15918          -0.0349547
0.797877             1.15918          -0.0349547
0.259601            0.785865            0.296428
-0.605038            0.659111            0.152711
-0.605038            0.659111            0.152711
-0.605038            0.659111            0.152711
-0.334427             1.63057            0.690094
-0.592232             1.54262            0.465708
-0.592232             1.54262            0.465708
-0.0294821           -0.500998            0.185754
-0.0294821           -0.500998            0.185754
-0.0294821           -0.500998            0.185754
-0.0294821           -0.500998            0.185754
-0.144567            -0.36828           0.0623595
-0.144567            -0.36828           0.0623595
0.13505           -0.107793            -0.24403
0.13505           -0.107793            -0.24403
-0.333416           -0.196917         0.000267266
-0.333416           -0.196917         0.000267266
-0.333416           -0.196917         0.000267266
0.121284           -0.297321           -0.328335
0.121284           -0.297321           -0.328335
0.121284           -0.297321           -0.328335
0.121284           -0.297321           -0.328335
0.121284           -0.297321           -0.328335
0.121284           -0.297321           -0.328335
-0.0251518          -0.0269325            0.454425
-0.0251518          -0.0269325            0.454425
-0.0251518          -0.0269325            0.454425
-1.03428             0.42502            0.679523
-0.658045            0.359241              1.1797
-0.196668            -1.04673            0.431079
-0.196668            -1.04673            0.431079
0.860842           -0.620967            0.106143
0.860842           -0.620967            0.106143
0.860842           -0.620967            0.106143
0.860842           -0.620967            0.106143
0.595785             0.52348            -1.11594
0.49567            0.942709          -0.0750191
0.49828            0.946691          -0.0452964
0.49828            0.946691          -0.0452964
0.49828            0.946691          -0.0452964
0.49828            0.946691          -0.0452964
0.49828            0.946691          -0.0452964
0.218355             1.83091            0.756504
0.218355             1.83091            0.756504
0.218355             1.83091            0.756504
-1.44596             1.54211             1.60384
-1.22775             1.75071             1.49922
-1.22775             1.75071             1.49922
-1.84274            0.905739             1.44873
-1.84274            0.905739             1.44873
-1.55914           -0.133495            0.906659
-1.55914           -0.133495            0.906659
-1.55914           -0.133495            0.906659
-2.06622            0.173427         -0.00243956
-2.06622            0.173427         -0.00243956
-1.57007           -0.613259            -0.12479
-0.82827            -1.05342            0.111272
-0.82827            -1.05342            0.111272
-0.82827            -1.05342            0.111272
-0.412197            -0.30912            0.882345
-0.0752017           -0.457438             0.45674
-0.0752017           -0.457438             0.45674
-0.0752017           -0.457438             0.45674
0.189143           -0.165143             1.36459
0.189143           -0.165143             1.36459
-0.34586           -0.724096           -0.236628
-0.34586           -0.724096           -0.236628
-1.29969           -0.354955           -0.596935
-0.152951           -0.538608          -0.0746517
-0.00443256             0.40542            0.567774
-0.58857            0.560445            0.753158
-0.908382            0.442023            0.918919
-0.908382            0.442023            0.918919
-0.908382            0.442023            0.918919
-0.908382            0.442023            0.918919
-0.908382            0.442023            0.918919
-0.838476            0.119996            0.443724
-0.738127             -1.0689            -0.51355
-0.738127             -1.0689            -0.51355
-0.738127             -1.0689            -0.51355
-0.738127             -1.0689            -0.51355
-0.738127             -1.0689            -0.51355
-0.738127             -1.0689            -0.51355
-1.69374           -0.454906           -0.587727
-1.69374           -0.454906           -0.587727
-1.69374           -0.454906           -0.587727
-0.86222            0.465123            -1.63575
0.421105           0.0780429            -1.60435
0.151967            0.746649            -1.39659
0.151967            0.746649            -1.39659
-0.715798            0.883854           -0.206938
-0.715798            0.883854           -0.206938
-0.715798            0.883854           -0.206938
-0.567003            0.499162           -0.431804
-1.4864             1.07465             0.11362
-1.4864             1.07465             0.11362
-1.4864             1.07465             0.11362
-0.411908            0.767553             -1.7193
-0.633369             1.00039            -1.80938
0.0200685            0.603212            -1.38502
1.22519            0.257915           -0.653753
1.05697            0.478204            0.922734
1.05697            0.478204            0.922734
1.05697            0.478204            0.922734
1.184           -0.316399            0.876522
1.72742            0.158198             1.72565
0.45788            0.776563             1.55534
-0.289785             1.92711             1.93592
-0.618617            0.731067             2.06778
-0.618617            0.731067             2.06778
-1.05433             1.04631             1.99921
-1.05433             1.04631             1.99921
-1.05433             1.04631             1.99921
-1.05433             1.04631             1.99921
-1.24874             1.22401             1.57673
-1.24874             1.22401             1.57673
-0.790241             1.33126             1.05935
-0.756292           0.0939851           -0.143688
-0.245736           -0.132845           -0.707734
-0.549433           -0.219651          -0.0941175
-0.549433           -0.219651          -0.0941175
-0.549433           -0.219651          -0.0941175
-0.549433           -0.219651          -0.0941175
-0.549433           -0.219651          -0.0941175
-0.549433           -0.219651          -0.0941175
-0.549433           -0.219651          -0.0941175
0.384062           -0.955461            0.937743
0.561923           -0.938797            0.481087
0.561923           -0.938797            0.481087
-0.849862            -1.20692           -0.400119
-0.849862            -1.20692           -0.400119
0.901902           -0.571198            -0.20543
0.901902           -0.571198            -0.20543
0.901902           -0.571198            -0.20543
0.901902           -0.571198            -0.20543
0.901902           -0.571198            -0.20543
0.901902           -0.571198            -0.20543
0.901902           -0.571198            -0.20543
1.45539           -0.517093            0.559397
1.45539           -0.517093            0.559397
1.45539           -0.517093            0.559397
1.45539           -0.517093            0.559397
1.04145           -0.538889            0.160485
-0.175903            0.204635            -0.52052
-0.175903            0.204635            -0.52052
-1.05344            0.461903            0.639035
-1.05344            0.461903            0.639035
-0.154556           -0.651723            0.146704
-0.154556           -0.651723            0.146704
-0.380258            0.350468            0.636853
-0.380258            0.350468            0.636853
-0.380258            0.350468            0.636853
-0.107993            0.896234           -0.180992
-0.321458            0.337338            -1.64549
0.521222            0.365555             -1.8519
0.521222            0.365555             -1.8519
0.521222            0.365555             -1.8519
-0.501102            0.360805            -1.28986
-0.501102            0.360805            -1.28986
-0.501102            0.360805            -1.28986
-0.501102            0.360805            -1.28986
-0.501102            0.360805            -1.28986
-0.51195            0.451772            -1.10987
-1.08679            0.907507           -0.689372
-1.63321             1.79983           -0.720852
-0.247732            0.778817           -0.115401
-0.188328         -0.00559599             1.16192
-0.188328         -0.00559599             1.16192
-0.188328         -0.00559599             1.16192
-0.188328         -0.00559599             1.16192
-0.739303           -0.057549             1.12558
-0.739303           -0.057549             1.12558
0.91489           0.0100976             1.02862
0.91489           0.0100976             1.02862
0.91489           0.0100976             1.02862
0.337146            -0.44614             1.74893
0.337146            -0.44614             1.74893
-0.0439309          -0.0157923             1.54943
0.513762            0.734678            0.895415
0.513762            0.734678            0.895415
0.513762            0.734678            0.895415
0.513762            0.734678            0.895415
-1.30405            0.433157             1.96044
-0.422948             1.29347             1.93401
-1.58916             0.47307              1.4227
-1.58916             0.47307              1.4227
-1.58916             0.47307              1.4227
-1.34378            0.487578             1.97225
-1.34378            0.487578             1.97225
-1.34378            0.487578             1.97225
-2.1589            0.660414             1.64397
-2.1589            0.660414             1.64397
-2.85639           -0.240239              1.6203
-2.43391            0.958697             3.93495
-2.28427            0.165564             3.87005
-2.01582            0.130078              3.8249
-1.99491           -0.137997             2.73082
-2.9947            0.857737             2.45842
-3.81055             1.63415             1.67614
-2.07111             0.43257             1.80974
-1.5032            0.167052             1.90902
-1.27423             1.41734             2.22698
-1.85105            0.669813             2.85581
-0.289803            0.973804              1.6165
-0.148563            0.230301             2.11196
1.48534              0.6929             1.57714
1.29197            0.349319             1.00945
1.29197            0.349319             1.00945
0.915099           -0.641663            0.405273
0.915099           -0.641663            0.405273
0.915099           -0.641663            0.405273
0.750645           -0.840002            0.284448
0.649693            -1.64296          -0.0745637
0.150275            -1.09243           -0.898623
0.952935            -1.45361            -0.57408
0.952935            -1.45361            -0.57408
0.150574            -1.86949           -0.352823
0.150574            -1.86949           -0.352823
0.150574            -1.86949           -0.352823
1.6709            -1.46627            0.342766
1.03197            -1.64914            0.384041
1.29046            -1.26123           -0.494308
1.67608           -0.970254           -0.706554
1.87674           -0.910069           -0.737948
1.87674           -0.910069           -0.737948
0.499764          -0.0527429         -0.00213733
0.499764          -0.0527429         -0.00213733
0.499764          -0.0527429         -0.00213733
0.218166            0.019674            0.695636
0.502633        -0.000226715            0.904755
0.502633        -0.000226715            0.904755
0.360448           0.0709843            0.560597
0.360448           0.0709843            0.560597
0.135593            0.288055            0.596969
0.31256           -0.300935           -0.001773
-0.349655           -0.821533           -0.327696
-0.103837            -1.34796           -0.468068
0.832786             -1.2789           -0.294465
0.832786             -1.2789           -0.294465
0.832786             -1.2789           -0.294465
1.45281           -0.699046          -0.0122076
1.35794           -0.377653            0.786585
1.90455            -0.61018           -0.969375
2.12992            -1.77984            -1.61341
2.12992            -1.77984            -1.61341
1.7404            -1.05286            -1.62971
1.66312            -1.02354             -1.5898
1.66312            -1.02354             -1.5898
0.703868            0.312687             -2.1382
1.33284            0.776524            -1.05178
1.33284            0.776524            -1.05178
1.33284            0.776524            -1.05178
1.33284            0.776524            -1.05178
1.61784             0.95983           -0.924857
0.844006            0.459255           -0.782266
0.835533            0.443995          -0.0747856
0.835533            0.443995          -0.0747856
0.214207           0.0509571           -0.647222
0.214207           0.0509571           -0.647222
0.437326           -0.251514            0.626276
0.760089           -0.129173            0.619178
0.552225          -0.0730026          -0.0708645
0.552225          -0.0730026          -0.0708645
0.552225          -0.0730026          -0.0708645
0.112408            0.166808            0.404701
0.931182           -0.339669            0.375003
1.26957           -0.880817             1.75415
1.26957           -0.880817             1.75415
1.52639            0.039636            0.839868
1.52639            0.039636            0.839868
1.65457          -0.0974251             0.60259
1.65457          -0.0974251             0.60259
1.65457          -0.0974251             0.60259
2.01996           -0.542817           -0.210258
2.01996           -0.542817           -0.210258
3.09294            -0.88579            0.164383
2.04378           -0.520165             1.61402
2.04378           -0.520165             1.61402
1.18319            -1.60622             2.11388
1.18319            -1.60622             2.11388
0.306574             -1.6159             1.98834
-0.230228            -1.25668             1.33009
-0.230228            -1.25668             1.33009
-0.230228            -1.25668             1.33009
-0.300524            -1.36709             1.13609
0.295345            -1.08548            0.874849
-0.101999           0.0467865             1.30121
-0.158585            0.352889            0.691249
-0.125175             0.13152           -0.260195
-0.125175             0.13152           -0.260195
-0.125175             0.13152           -0.260195
-0.125175             0.13152           -0.260195
0.458286            -0.39733            0.377591
-0.121927           0.0405875            0.662882
-0.121927           0.0405875            0.662882
-0.121927           0.0405875            0.662882
-0.121927           0.0405875            0.662882
-0.121927           0.0405875            0.662882
-0.121927           0.0405875            0.662882
1.26653           -0.469264          -0.0973182
1.26653           -0.469264          -0.0973182
0.170471           -0.510216           -0.594781
0.0473726           -0.182745           -0.893686
-0.0447029             0.67136           -0.159505
-0.0447029             0.67136           -0.159505
-0.0447029             0.67136           -0.159505
-0.0447029             0.67136           -0.159505
-0.0447029             0.67136           -0.159505
-0.475677             1.65444           -0.994866
-1.28688             1.69051           -0.313111
-1.28688             1.69051           -0.313111
-1.74241            0.305177           -0.571041
-1.41916            0.463147            -1.18763
-1.41916            0.463147            -1.18763
-1.41916            0.463147            -1.18763
-2.51317           -0.756056            -1.06257
-2.51317           -0.756056            -1.06257
-2.89693           -0.585717           -0.229199
-2.89693           -0.585717           -0.229199
-2.89693           -0.585717           -0.229199
-2.04242            -1.19349           -0.446914
-2.10244           -0.551493            -1.22705
-2.10244           -0.551493            -1.22705
-1.98519           -0.873364           -0.419022
-1.41793            -2.18974           -0.241152
-1.41793            -2.18974           -0.241152
-0.683899             -2.0044            -1.19276
1.88251            -1.68067           -0.379049
1.10914            -2.70616            0.696554
0.689765             -2.5693            0.925633
0.18951            -2.19062            0.752032
0.18951            -2.19062            0.752032
0.18951            -2.19062            0.752032
0.354785           -0.865502             1.31784
0.354785           -0.865502             1.31784
0.354785           -0.865502             1.31784
0.354785           -0.865502             1.31784
1.631           -0.161051           -0.307853
0.734509           -0.732678           -0.107371
1.36882           -0.280934            0.536792
1.36882           -0.280934            0.536792
0.877223          -0.0390904          -0.0203437
-0.00947793             0.88896           -0.555496
-0.00947793             0.88896           -0.555496
-0.440129            0.132247            -1.57324
-0.440129            0.132247            -1.57324
-0.440129            0.132247            -1.57324
-0.440129            0.132247            -1.57324
-0.440129            0.132247            -1.57324
-0.115506            0.900983           -0.454431
2.62885             0.45428            -1.20136
2.113           0.0818967           -0.568621
2.00543           -0.322914           -0.716994
1.60894               0.159            0.593052
1.60894               0.159            0.593052
1.60894               0.159            0.593052
-0.487922            -1.00282            0.216384
-0.487922            -1.00282            0.216384
-1.6622            -1.19999            0.252166
-1.75822            -1.33023            0.606678
-0.74176            -1.91358            0.338266
0.488365            -1.88017            0.669267
1.38447            -1.20235             1.78799
1.83387           -0.452237             1.64479
1.2619             1.15456             2.51267
1.38934            0.519817             2.97639
1.20967             1.39922             2.90704
1.20967             1.39922             2.90704
1.20221            0.714754             1.41219
0.748069            0.490323             1.71037
0.748069            0.490323             1.71037
0.748069            0.490323             1.71037
0.748069            0.490323             1.71037
1.36973           -0.187355             1.43427
1.36973           -0.187355             1.43427
1.36973           -0.187355             1.43427
1.36973           -0.187355             1.43427
1.36973           -0.187355             1.43427
1.36973           -0.187355             1.43427
1.36973           -0.187355             1.43427
1.97571           -0.202567             1.30779
1.97571           -0.202567             1.30779
1.48381            0.238942             1.27596
1.48381            0.238942             1.27596
0.724913           -0.925418            0.121688
0.433217           -0.465199            0.206635
0.110958           -0.461729           -0.885477
0.708146           -0.139887           -0.586691
1.39507           -0.242894            -1.92713
1.39507           -0.242894            -1.92713
1.4633           -0.808056            -1.69705
-0.572759           -0.192861            -1.65587
-0.312254            0.112831            -2.31598
-0.167086          0.00351615            -2.05562
-0.167086          0.00351615            -2.05562
-0.167086          0.00351615            -2.05562
-0.16066           0.0792446            -1.91379
-0.616172           -0.126741            -1.13476
-0.220383           -0.237872           -0.202798
-0.100514              0.7251            0.725303
-0.100514              0.7251            0.725303
-0.100514              0.7251            0.725303
-0.100514              0.7251            0.725303
0.555808             1.67168           -0.174987
0.106293             1.94334           0.0941361
-0.806062             2.53971           -0.149545
-1.88592             1.91225           -0.365699
-1.36732             2.61809              0.7861
-1.68036             1.72252           -0.333335
-1.68036             1.72252           -0.333335
-1.24157             1.57159          0.00843212
-1.24157             1.57159          0.00843212
-1.24157             1.57159          0.00843212
-1.27719              1.8625           -0.272966
-1.27719              1.8625           -0.272966
-0.924324            0.504637           -0.936026
-0.293651           -0.223195           -0.178954
-0.293651           -0.223195           -0.178954
-0.103116           -0.267709           -0.522737
0.314781           -0.173046            0.126655
0.314781           -0.173046            0.126655
-0.218795            0.115967           0.0734327
-0.218795            0.115967           0.0734327
-0.218795            0.115967           0.0734327
0.37274            0.284605           -0.303092
0.258797            0.185518            0.227254
0.258797            0.185518            0.227254
0.258797            0.185518            0.227254
0.258797            0.185518            0.227254
0.258797            0.185518            0.227254
0.258797            0.185518            0.227254
-0.0766102            0.246207            0.449634
-0.0766102            0.246207            0.449634
-0.0766102            0.246207            0.449634
-0.0766102            0.246207            0.449634
-0.0766102            0.246207            0.449634
-0.0766102            0.246207            0.449634
-0.0766102            0.246207            0.449634
-0.0766102            0.246207            0.449634
-0.0766102            0.246207            0.449634
0.102004            0.225428            -1.17864
-0.202984           -0.245883           -0.660476
-0.202984           -0.245883           -0.660476
-0.141244           -0.158201          -0.0040828
0.559788            0.190667            0.709344
0.559788            0.190667            0.709344
0.559788            0.190667            0.709344
0.559788            0.190667            0.709344
0.559788            0.190667            0.709344
1.4835               1.615        -0.000796227
1.4835               1.615        -0.000796227
2.0614             1.41574            -1.17881
2.0614             1.41574            -1.17881
1.80433             1.35778            -1.20741
1.40414             1.21914            -0.16178
1.14323             1.44013            0.382199
1.14323             1.44013            0.382199
1.14323             1.44013            0.382199
1.14323             1.44013            0.382199
1.14323             1.44013            0.382199
0.711342             1.18132            0.946108
0.711342             1.18132            0.946108
2.42484           -0.240272             1.35509
1.47683          -0.0715005             2.07249
1.37628           -0.763573              1.7274
1.32438           -0.792382             1.19983
1.27725           -0.535176            0.726723
1.27725           -0.535176            0.726723
1.27725           -0.535176            0.726723
1.27725           -0.535176            0.726723
1.87653            0.179911            0.686706
1.56317              1.1508            0.559352
0.964408            0.429303           -0.325685
0.964408            0.429303           -0.325685
0.964408            0.429303           -0.325685
0.0428904            0.781688            0.523507
0.0428904            0.781688            0.523507
0.0428904            0.781688            0.523507
0.0428904            0.781688            0.523507
0.0428904            0.781688            0.523507
0.165704             1.79954             0.99466
1.00684             1.50178            0.318492
-0.311616             2.00463           -0.298642
-0.311616             2.00463           -0.298642
0.415262             1.88937             0.66829
1.26475           0.0428366          0.00119084
0.588518            0.280142            -0.39616
0.588518            0.280142            -0.39616
0.588518            0.280142            -0.39616
-0.0819215             0.26403           -0.126241
-0.0819215             0.26403           -0.126241
-0.0819215             0.26403           -0.126241
-0.0819215             0.26403           -0.126241
-0.0819215             0.26403           -0.126241
-0.487735            0.278207            0.221252
-0.487735            0.278207            0.221252
-0.952868           -0.494375           -0.211477
-0.952868           -0.494375           -0.211477
-0.952868           -0.494375           -0.211477
-0.952868           -0.494375           -0.211477
-0.731671           -0.467722          -0.0458179
-0.236196          -0.0166768            -0.36901
0.100646            0.940068            0.300525
0.314866             1.12168          -0.0646359
0.314866             1.12168          -0.0646359
0.223003            0.945084            -0.11084
0.223003            0.945084            -0.11084
0.223003            0.945084            -0.11084
0.223003            0.945084            -0.11084
-0.661            0.215764             0.72817
-0.0177014            0.785497            0.149942
0.0274529              1.6807            0.493404
0.0274529              1.6807            0.493404
0.0515125             1.20603            0.341125
-0.0211314             1.01837            -0.73237
-0.0211314             1.01837            -0.73237
-0.0211314             1.01837            -0.73237
-0.0211314             1.01837            -0.73237
-0.0211314             1.01837            -0.73237
-0.0211314             1.01837            -0.73237
-1.46067            0.507904             0.15338
-1.46067            0.507904             0.15338
-1.46067            0.507904             0.15338
-1.94796             2.07844            0.453458
-1.94796             2.07844            0.453458
-0.9888              2.6205            0.598905
-0.9888              2.6205            0.598905
-0.9888              2.6205            0.598905
-0.611036             3.08718           0.0516515
-1.80709             3.41367           -0.630253
-1.87217             3.59877            0.437199
-1.14565             2.93822            0.566805
-1.14565             2.93822            0.566805
-1.14565             2.93822            0.566805
-0.820512             2.60225             2.06207
-1.12335             1.12038             2.91935
-1.73238            0.769439             2.36039
-1.01118             1.25157             1.67215
-0.805999             2.12443             1.28994
-0.805999             2.12443             1.28994
-0.805999             2.12443             1.28994
-0.805999             2.12443             1.28994
-1.66494             0.93513            0.146149
-1.66494             0.93513            0.146149
-1.35017             1.62371           0.0897095
-1.01494             1.50911           -0.825326
-1.01494             1.50911           -0.825326
-1.01494             1.50911           -0.825326
-0.603043             1.31782          -0.0796896
-0.267303             1.86339            0.400113
-0.989579             2.14407           0.0391421
-0.90765             1.95162            0.386195
-0.90765             1.95162            0.386195
-0.90765             1.95162            0.386195
-0.870193             1.44769            0.645102
-0.769924             1.02407            0.374082
-0.769924             1.02407            0.374082
-0.875246             1.33464             1.87632
-0.875246             1.33464             1.87632
-0.927081            0.900728             2.07811
-2.13944              1.1451             1.35615
-1.70448             2.29236            0.596952
-1.70448             2.29236            0.596952
0.349326             1.44427            0.664441
0.405322             1.00073            -0.83047
0.974075            0.623338           -0.894797
0.553259             0.75614           -0.840477
0.553259             0.75614           -0.840477
0.974882            0.478765            0.576425
0.652917           -0.501803            0.644174
0.652917           -0.501803            0.644174
0.652917           -0.501803            0.644174
0.652917           -0.501803            0.644174
0.652917           -0.501803            0.644174
0.652917           -0.501803            0.644174
0.652917           -0.501803            0.644174
-0.184369           -0.709744             1.62078
-0.184369           -0.709744             1.62078
-0.184369           -0.709744             1.62078
-0.708783            -1.81166             1.44877
-0.708783            -1.81166             1.44877
-0.677726            -1.86064              1.5873
-0.677726            -1.86064              1.5873
-0.0707818            -1.29913             1.28678
0.0244597            -1.16566             1.64179
0.490147           -0.853822             1.80871
1.2918            0.505239             1.52571
0.936311            0.377696             1.72608
0.624067            0.066949             1.60524
0.624067            0.066949             1.60524
0.624067            0.066949             1.60524
0.898348           -0.435414              1.4165
0.898348           -0.435414              1.4165
0.898348           -0.435414              1.4165
0.343564            0.705991             1.36749
0.343564            0.705991             1.36749
0.343564            0.705991             1.36749
-0.388583            0.853414             1.65635
-1.39465            -1.11257            0.946772
-0.776528            -1.45458            0.223034
-0.776528            -1.45458            0.223034
-0.693818           -0.228955          -0.0787209
-0.693818           -0.228955          -0.0787209
-0.693818           -0.228955          -0.0787209
-0.233177            -0.51329             -0.3394
-0.233177            -0.51329             -0.3394
0.167125             0.76017           -0.692317
0.167125             0.76017           -0.692317
0.167125             0.76017           -0.692317
0.167125             0.76017           -0.692317
0.167125             0.76017           -0.692317
-0.158631            0.228293            -1.04882
-0.0327077            0.304687            -1.50195
-0.0327077            0.304687            -1.50195
0.798365           -0.445301            0.250259
0.798365           -0.445301            0.250259
0.798365           -0.445301            0.250259
1.70832           -0.507368            0.558036
1.40498           -0.699468            0.153818
1.40498           -0.699468            0.153818
1.40498           -0.699468            0.153818
0.885479           -0.283995            0.852895
0.568479          -0.0135273            0.409948
-0.136421            0.559443           0.0984975
-0.063898           -0.264218             0.95049
-0.063898           -0.264218             0.95049
0.381926             -1.2806            0.113582
0.381926             -1.2806            0.113582
0.381926             -1.2806            0.113582
-0.0227653           -0.730024            0.858384
-0.0227653           -0.730024            0.858384
-0.0227653           -0.730024            0.858384
-0.0227653           -0.730024            0.858384
0.874459            -1.19233            0.700982
0.468019           -0.698007             1.92561
0.527242            0.405971             1.83916
0.527242            0.405971             1.83916
0.527242            0.405971             1.83916
0.695083            0.358743             1.82255
0.638158            -0.22055             1.12245
0.320937          -0.0823001             1.35585
0.320937          -0.0823001             1.35585
0.320937          -0.0823001             1.35585
0.508746              0.4998             1.54629
0.184643             1.07246             1.82917
-1.18214             0.21027             2.86587
-0.714311            -0.27775             2.45181
-0.754519           -0.358224             3.36894
-2.20617            0.327495             2.63801
-1.35235            0.599411             1.42507
-0.97388             1.09111            0.720198
-0.708239            0.987215             1.14488
-0.628658            0.712834             1.06512
-0.628658            0.712834             1.06512
-0.628658            0.712834             1.06512
-0.628658            0.712834             1.06512
-0.628658            0.712834             1.06512
-0.752393            0.321991             1.05476
-0.752393            0.321991             1.05476
-0.752393            0.321991             1.05476
-1.06418            0.687927            0.517181
-1.06418            0.687927            0.517181
-0.542945          -0.0284961             1.10816
-1.02337           -0.124753            0.194282
-0.518603            0.289797            0.724551
1.11796            0.134432            0.131653
0.887115           0.0440413           -0.176382
0.887115           0.0440413           -0.176382
0.956759           -0.466941          -0.0272363
0.956759           -0.466941          -0.0272363
0.956759           -0.466941          -0.0272363
0.956759           -0.466941          -0.0272363
-0.267406            0.117393             0.88589
-0.267406            0.117393             0.88589
-0.380193           0.0706826            0.642034
-0.380193           0.0706826            0.642034
-0.380193           0.0706826            0.642034
-0.380193           0.0706826            0.642034
-0.380193           0.0706826            0.642034
0.562529           -0.524917           -0.224627
-0.553864            0.417515            0.335423
0.0880178            -0.13073            0.395971
0.0880178            -0.13073            0.395971
0.0880178            -0.13073            0.395971
0.0880178            -0.13073            0.395971
0.0851474           -0.323368            0.341684
0.0872221           -0.668088           -0.291104
-0.347238           -0.486337            0.250617
-0.699323            -1.07996           -0.197971
-0.699323            -1.07996           -0.197971
-0.699323            -1.07996           -0.197971
0.112851            -1.19903           -0.226612
0.112851            -1.19903           -0.226612
-1.4629           -0.522587           -0.663762
-1.1104            0.046788           -0.984041
-1.1104            0.046788           -0.984041
-1.13133           -0.630972           -0.740001
-0.48262           -0.381969           -0.780475
-0.555026           -0.212065           -0.629469
-0.595883          -0.0617957           -0.104288
0.664187          -0.0718505          -0.0998553
0.117424             1.07145           0.0892524
-0.530734            0.215076           -0.290551
-0.530734            0.215076           -0.290551
-0.294881           0.0769315           -0.189674
-0.294881           0.0769315           -0.189674
-0.294881           0.0769315           -0.189674
-0.294881           0.0769315           -0.189674
-0.294881           0.0769315           -0.189674
-0.294881           0.0769315           -0.189674
-0.294881           0.0769315           -0.189674
-0.294881           0.0769315           -0.189674
-0.232686            0.732644            0.486107
-0.232686            0.732644            0.486107
0.851975           -0.170006            0.171328
0.217272            0.317491           -0.870174
-0.25286            0.776785            -1.76219
-0.13008            0.632085            -1.53372
-0.13008            0.632085            -1.53372
-0.13008            0.632085            -1.53372
0.584013            0.223032            -1.83106
0.431081           -0.592301           -0.621083
0.825982           -0.102076           -0.662073
0.825982           -0.102076           -0.662073
0.825982           -0.102076           -0.662073
-0.0685184             0.80222           -0.805166
-1.21458            0.420613          -0.0898819
-0.673112            0.673116            0.101034
-1.19057            0.963306           -0.893739
-1.19057            0.963306           -0.893739
0.0894043             1.45343            -1.07814
0.0894043             1.45343            -1.07814
-0.593338            0.704048           -0.334224
-0.593338            0.704048           -0.334224
-1.32523             1.62074           -0.157998
-0.834685             1.28725           -0.556591
-0.834685             1.28725           -0.556591
-0.300141             1.21682         -0.00971524
0.218391            0.656131             1.03745
0.117003            0.381629             1.03942
0.117003            0.381629             1.03942
0.500524            0.833126            0.161736
0.500524            0.833126            0.161736
0.699635            0.199897            0.695315
0.699635            0.199897            0.695315
0.699635            0.199897            0.695315
0.546425           -0.519953            0.205987
0.0108602           -0.719924           -0.488324
0.0108602           -0.719924           -0.488324
0.350239             -2.0017            -1.49877
0.350239             -2.0017            -1.49877
0.350239             -2.0017            -1.49877
0.350239             -2.0017            -1.49877
0.178912            -1.26532            -1.61118
0.178912            -1.26532            -1.61118
0.523792           -0.175467            -1.75387
1.24093            0.308521            -2.12033
0.948592         -0.00679788            -1.86567
0.948592         -0.00679788            -1.86567
0.948592         -0.00679788            -1.86567
0.936484            0.166845           -0.693809
0.936484            0.166845           -0.693809
-0.168051           -0.253519           -0.293938
-0.168051           -0.253519           -0.293938
-0.168051           -0.253519           -0.293938
-0.168051           -0.253519           -0.293938
-0.168051           -0.253519           -0.293938
-0.168051           -0.253519           -0.293938
-0.168051           -0.253519           -0.293938
-0.168051           -0.253519           -0.293938
-0.168051           -0.253519           -0.293938
-0.418244           -0.558248           -0.158122
-0.208891           -0.270176            0.935703
0.272421           -0.247921            0.417668
0.272421           -0.247921            0.417668
0.272421           -0.247921            0.417668
0.272421           -0.247921            0.417668
0.272421           -0.247921            0.417668
0.272421           -0.247921            0.417668
0.272421           -0.247921            0.417668
0.2314            0.675639            0.568143
-0.398811            0.769908         -0.00188361
-0.398811            0.769908         -0.00188361
0.334726               1.523            0.231269
0.334726               1.523            0.231269
0.204838             0.96167             1.19997
0.204838             0.96167             1.19997
0.204838             0.96167             1.19997
-0.0812192            0.574634            0.931559
0.560962             1.00648            0.984047
0.560962             1.00648            0.984047
0.560962             1.00648            0.984047
1.01449            0.132816              1.3001
1.01449            0.132816              1.3001
1.01449            0.132816              1.3001
1.01449            0.132816              1.3001
1.01449            0.132816              1.3001
1.01449            0.132816              1.3001
1.01449            0.132816              1.3001
0.613189            0.479345             1.06627
0.613189            0.479345             1.06627
0.613189            0.479345             1.06627
0.613189            0.479345             1.06627
0.896436            0.457804            0.116993
0.896436            0.457804            0.116993
0.896436            0.457804            0.116993
1.10706            0.467552           -0.123623
1.2842           -0.042105            -0.20994
1.07376           -0.387243            0.521103
1.07376           -0.387243            0.521103
0.229244           -0.718646            0.797456
-0.031797           -0.866251            0.697581
0.807685            0.633597            0.370545
1.00748           -0.219796            0.269804
1.79691            0.101196           -0.267244
1.77334             0.48536           -0.391594
1.77334             0.48536           -0.391594
1.63954             1.33669           -0.217814
1.79634            0.918724            0.955183
1.49191            0.558721           -0.150057
1.49191            0.558721           -0.150057
1.49191            0.558721           -0.150057
1.28101             1.00829          -0.0686724
0.909345             0.19638            0.553085
0.909345             0.19638            0.553085
0.909345             0.19638            0.553085
1.92675            0.063631           0.0881215
2.2169            -0.94337           -0.411288
1.89826            -1.08361            0.110864
1.25166           -0.376966             1.21511
0.945293           -0.257882              1.3755
1.25814           -0.564471          -0.0451316
0.543647           -0.575298           -0.471136
-1.56194           -0.742875           -0.777866
-1.56194           -0.742875           -0.777866
-1.56194           -0.742875           -0.777866
-0.445503            0.851792            0.132975
-0.445503            0.851792            0.132975
-0.73006             0.81269            0.360623
0.0072888           0.0161356           -0.315579
0.0072888           0.0161356           -0.315579
0.0072888           0.0161356           -0.315579
0.0072888           0.0161356           -0.315579
-0.0640169            -0.11951           -0.365372
-0.0640169            -0.11951           -0.365372
-0.0640169            -0.11951           -0.365372
0.593059           0.0238337           -0.329368
0.0710137           -0.193579           -0.298587
0.130471            0.692536           -0.113552
0.130471            0.692536           -0.113552
0.130471            0.692536           -0.113552
0.130471            0.692536           -0.113552
-0.0642293            0.398562            0.420991
1.30786           -0.333198            0.101733
1.30786           -0.333198            0.101733
1.53102           -0.638586            0.585163
1.89116            0.336503            0.661901
1.89116            0.336503            0.661901
1.89116            0.336503            0.661901
1.89116            0.336503            0.661901
1.09908             1.29095             1.46246
1.09908             1.29095             1.46246
1.3412             1.69927            0.590475
0.215664             2.44245           0.0399455
0.215664             2.44245           0.0399455
0.515132             2.38592            0.603994
-0.179689             1.28573            0.137261
-0.179689             1.28573            0.137261
-0.899203             1.23837           -0.427188
-0.477066             0.57399            0.571609
-0.477066             0.57399            0.571609
-0.384871            0.458969              1.8542
-0.639262           -0.459051             1.78616
-0.639262           -0.459051             1.78616
-0.639262           -0.459051             1.78616
-0.639262           -0.459051             1.78616
0.259123            0.028309            0.785431
0.259123            0.028309            0.785431
0.259123            0.028309            0.785431
0.259123            0.028309            0.785431
0.259123            0.028309            0.785431
0.259123            0.028309            0.785431
0.259123            0.028309            0.785431
0.259123            0.028309            0.785431
-0.675551            0.753585           -0.891425
0.965394            0.456747           -0.863073
1.18692             1.45853           -0.831734
1.18692             1.45853           -0.831734
0.6187             1.38191            0.799489
0.6187             1.38191            0.799489
0.857567            0.806843             1.66092
0.857567            0.806843             1.66092
1.13669            0.830996             1.44992
1.13669            0.830996             1.44992
1.13669            0.830996             1.44992
1.51187           0.0706488            0.360981
1.51187           0.0706488            0.360981
1.51187           0.0706488            0.360981
1.26105             0.43717            0.877701
0.435691            0.223463             1.32102
0.435691            0.223463             1.32102
0.435691            0.223463             1.32102
-0.141933           -0.232784             1.59908
-0.141933           -0.232784             1.59908
-0.141933           -0.232784             1.59908
-0.141933           -0.232784             1.59908
-0.141933           -0.232784             1.59908
-0.141933           -0.232784             1.59908
-0.141933           -0.232784             1.59908
-0.141933           -0.232784             1.59908
-0.141933           -0.232784             1.59908
-0.141933           -0.232784             1.59908
0.103278            -1.13304             1.10298
0.024185           -0.618753            0.339691
0.024185           -0.618753            0.339691
-1.24392           0.0880511            0.812432
-0.66641            0.266967             1.20624
-0.66641            0.266967             1.20624
-0.66641            0.266967             1.20624
-0.967655           -0.424851            -0.13038
-0.967655           -0.424851            -0.13038
-0.967655           -0.424851            -0.13038
0.0902006           -0.636022            0.453681
0.0902006           -0.636022            0.453681
0.0902006           -0.636022            0.453681
0.0522209           -0.659015            0.985092
0.0522209           -0.659015            0.985092
0.463595           -0.809586            0.823358
1.6673           -0.297688           -0.171586
0.451241           -0.907711            -1.24207
0.451241           -0.907711            -1.24207
0.451241           -0.907711            -1.24207
-0.654605           -0.475278            -0.78187
0.592182            0.340762            -1.15012
0.811478           -0.196213            0.437928
0.811478           -0.196213            0.437928
0.811478           -0.196213            0.437928
0.925616           -0.478443            0.637032
0.925616           -0.478443            0.637032
-0.369958            0.186465             1.18626
-0.480821           -0.239213            0.672098
-0.480821           -0.239213            0.672098
-0.480821           -0.239213            0.672098
-0.57342             1.42666           -0.373274
-0.57342             1.42666           -0.373274
0.244927              2.4087           -0.105549
-0.486141             1.78793           -0.833229
-0.486141             1.78793           -0.833229
-0.11124            0.146896            -0.52691
0.241699            0.118864            0.273161
0.241699            0.118864            0.273161
0.241699            0.118864            0.273161
0.241699            0.118864            0.273161
0.241699            0.118864            0.273161
-0.870706           -0.420873          -0.0473117
-1.25188           -0.660198            0.821937
-1.91642           -0.336175            0.468776
-1.91642           -0.336175            0.468776
-1.91642           -0.336175            0.468776
0.172603            0.420277             1.67664
0.172603            0.420277             1.67664
0.172603            0.420277             1.67664
0.192414           -0.163618             1.35845
0.192414           -0.163618             1.35845
0.216441            -1.06857             1.09551
0.216441            -1.06857             1.09551
0.41226           -0.467084          -0.0745142
0.41226           -0.467084          -0.0745142
0.41226           -0.467084          -0.0745142
-0.483683             0.18758            0.102899
-0.483683             0.18758            0.102899
-0.405954            0.838059          -0.0757715
-0.405954            0.838059          -0.0757715
-0.405954            0.838059          -0.0757715
-1.45262            0.589297            0.391994
-1.45262            0.589297            0.391994
-1.45262            0.589297            0.391994
-1.45262            0.589297            0.391994
-0.783353            0.756455           -0.141614
-0.732313            0.730465            -1.35861
-1.06859             1.21073          -0.0565003
-0.0677129             1.00552            0.916594
-0.0466953            0.527432             1.87612
1.05326            0.502296             1.95838
0.452678          -0.0089843            0.860642
0.452678          -0.0089843            0.860642
0.452678          -0.0089843            0.860642
0.452678          -0.0089843            0.860642
0.452678          -0.0089843            0.860642
0.480476             0.80817            0.103648
0.480476             0.80817            0.103648
0.480476             0.80817            0.103648
0.480476             0.80817            0.103648
0.480476             0.80817            0.103648
0.480476             0.80817            0.103648
-0.777953            0.163759            -0.31118
-0.777953            0.163759            -0.31118
-0.777953            0.163759            -0.31118
-0.777953            0.163759            -0.31118
0.454983            0.938754           0.0116107
0.454983            0.938754           0.0116107
0.979386            0.238909            0.876757
0.979386            0.238909            0.876757
0.979386            0.238909            0.876757
0.345236           -0.265441            0.859445
0.345236           -0.265441            0.859445
0.124941             0.82935           -0.449085
-0.349948             0.26391           -0.450913
-0.349948             0.26391           -0.450913
-0.349948             0.26391           -0.450913
-0.436603            0.479701           -0.845707
-0.436603            0.479701           -0.845707
-0.436603            0.479701           -0.845707
-0.436603            0.479701           -0.845707
-0.436603            0.479701           -0.845707
-0.436603            0.479701           -0.845707
-0.624279            0.307025           -0.593648
-0.624279            0.307025           -0.593648
-0.724814            0.230825            0.408386
-0.724814            0.230825            0.408386
-0.724814            0.230825            0.408386
0.0918962           0.0848355             1.33066
0.0918962           0.0848355             1.33066
0.836739            0.288223            0.720785
0.836739            0.288223            0.720785
0.836739            0.288223            0.720785
0.795103           -0.519144            0.628961
0.795103           -0.519144            0.628961
0.827284             -0.3918            0.786774
0.660772           -0.238147            0.818959
0.660772           -0.238147            0.818959
0.660772           -0.238147            0.818959
0.660772           -0.238147            0.818959
0.660772           -0.238147            0.818959
0.205567          -0.0517128            0.962324
-0.793325            0.123937             1.82867
-1.09759             0.46185             1.32788
-1.09759             0.46185             1.32788
-1.09759             0.46185             1.32788
-1.51969           -0.266643            0.514431
-0.930883            0.295878            0.183248
-1.1181            -0.25725           -0.285128
-1.1181            -0.25725           -0.285128
-1.1181            -0.25725           -0.285128
-1.1181            -0.25725           -0.285128
0.10872            -0.82621            0.326801
0.10872            -0.82621            0.326801
0.882083            -1.19104            -1.17227
0.882083            -1.19104            -1.17227
0.507663           -0.198089             -1.0974
0.797514           0.0360065            -0.25383
0.670914            0.213515           -0.719944
0.670914            0.213515           -0.719944
0.67812            0.165395            -1.45725
0.67812            0.165395            -1.45725
-0.344222            0.196885            -1.59301
-0.387796            0.571816           -0.487853
0.254319           -0.601127            0.879563
0.366895           -0.719638            0.453868
0.72988           -0.591368            0.288005
0.72988           -0.591368            0.288005
0.897714           -0.485265           0.0420036
0.19476           -0.653596          -0.0163495
0.19476           -0.653596          -0.0163495
0.19476           -0.653596          -0.0163495
0.19476           -0.653596          -0.0163495
-0.852832           -0.468206           -0.173431
-0.852832           -0.468206           -0.173431
-0.852832           -0.468206           -0.173431
-0.852832           -0.468206           -0.173431
-0.852832           -0.468206           -0.173431
-0.852832           -0.468206           -0.173431
-0.852832           -0.468206           -0.173431
-0.51105           -0.876311           -0.794654
0.748649            -1.37044            -1.13146
0.748649            -1.37044            -1.13146
0.748649            -1.37044            -1.13146
0.748649            -1.37044            -1.13146
0.480673            -1.23785            -1.55881
0.503752             -2.1147            -1.39651
1.02099            -2.14351           -0.934543
0.665558            -1.56327            -1.46435
0.1839            -1.89471            -1.20072
-1.25243             -1.1883           -0.730707
-1.25243             -1.1883           -0.730707
-1.25243             -1.1883           -0.730707
-0.0399404            -1.27115           -0.477384
-0.0399404            -1.27115           -0.477384
0.05627           -0.913574           -0.479734
-0.279383           -0.567203            0.140508
-0.617428           -0.712073            0.902049
-0.617428           -0.712073            0.902049
-0.617428           -0.712073            0.902049
-0.617428           -0.712073            0.902049
-0.0469342           -0.447173             1.43043
-0.775205            0.747074             1.11752
0.0441406             1.64818            0.659261
-0.15989             1.72185            0.248532
0.36751             1.19575             1.18015
1.07548            0.265057             1.01824
0.404443            0.740614             1.59099
0.404443            0.740614             1.59099
0.74825           -0.169776             1.27511
0.74825           -0.169776             1.27511
0.74825           -0.169776             1.27511
0.74825           -0.169776             1.27511
1.0421            -0.33984            0.918508
0.605777            -1.04565             1.17607
0.605777            -1.04565             1.17607
0.314065           -0.406361            0.368508
0.314065           -0.406361            0.368508
0.314065           -0.406361            0.368508
0.314065           -0.406361            0.368508
0.761994             0.50986           -0.569218
0.761994             0.50986           -0.569218
0.761994             0.50986           -0.569218
0.600766           0.0153666            -1.14207
0.600766           0.0153666            -1.14207
0.854484            0.175592           -0.887584
0.854484            0.175592           -0.887584
0.854484            0.175592           -0.887584
-0.0222093           0.0512124           -0.211286
-0.0222093           0.0512124           -0.211286
-0.0222093           0.0512124           -0.211286
-0.0597593            0.656768            0.473198
-0.710342           0.0264014           -0.312431
-0.710342           0.0264014           -0.312431
-0.710342           0.0264014           -0.312431
0.367934            0.652099            0.491515
-0.362202            0.541759             1.07967
-0.736139             1.32837            0.757648
-0.736139             1.32837            0.757648
-0.736139             1.32837            0.757648
-0.736139             1.32837            0.757648
-0.736139             1.32837            0.757648
-0.736139             1.32837            0.757648
-0.232739             1.20549           -0.294541
-0.0206903            0.208323           -0.753596
-0.388979           0.0387753           -0.748546
0.602747           -0.444001            0.103699
0.602747           -0.444001            0.103699
-0.748597            -0.74766           -0.460257
0.514769            0.985345           -0.229565
1.00397            0.761544            0.729831
1.00397            0.761544            0.729831
-0.222517             1.18017            0.417098
-0.777001            0.801777            0.377671
-0.777001            0.801777            0.377671
-0.166702            0.856129            0.206242
0.622263            0.493923            0.206211
0.622263            0.493923            0.206211
0.622263            0.493923            0.206211
-0.696868            0.530195            0.101596
-0.696868            0.530195            0.101596
-0.696868            0.530195            0.101596
0.167475            0.191171            0.760594
-0.305395            0.704661             1.33555
-0.305395            0.704661             1.33555
0.0221371            0.918275             1.21428
0.0221371            0.918275             1.21428
0.0221371            0.918275             1.21428
-0.253728             0.47464            0.498143
-0.0277646            0.883914            0.746257
-0.0277646            0.883914            0.746257
-0.0277646            0.883914            0.746257
0.37406            0.630592            0.031938
0.37406            0.630592            0.031938
0.37406            0.630592            0.031938
0.37406            0.630592            0.031938
0.10105           0.0173791          -0.0205398
0.10105           0.0173791          -0.0205398
0.10105           0.0173791          -0.0205398
0.10105           0.0173791          -0.0205398
0.10105           0.0173791          -0.0205398
0.10105           0.0173791          -0.0205398
0.544133            0.238137        -0.000837398
1.07509           -0.097753              1.3618
-0.0970628           -0.606064            0.554338
-0.0970628           -0.606064            0.554338
-0.0970628           -0.606064            0.554338
-0.0406897           -0.540958             -0.1081
0.389238           -0.401309           -0.141982
0.389238           -0.401309           -0.141982
0.389238           -0.401309           -0.141982
0.389238           -0.401309           -0.141982
-0.0594104           -0.244068           0.0783732
-0.0594104           -0.244068           0.0783732
-0.302281              0.7472          -0.0858962
-0.302281              0.7472          -0.0858962
-0.302281              0.7472          -0.0858962
-0.302281              0.7472          -0.0858962
-0.302281              0.7472          -0.0858962
-1.45052            0.437778            0.365347
-1.28616            0.559059           -0.297192
-0.464156             0.33387           -0.570342
-0.464156             0.33387           -0.570342
-0.250511           0.0626951            -1.23159
-0.250511           0.0626951            -1.23159
0.826732           -0.697644           -0.545538
0.826732           -0.697644           -0.545538
0.826732           -0.697644           -0.545538
0.826732           -0.697644           -0.545538
0.826732           -0.697644           -0.545538
0.826732           -0.697644           -0.545538
1.42722           0.0731049            -1.17293
1.42722           0.0731049            -1.17293
1.42722           0.0731049            -1.17293
1.91038          -0.0584156            -1.40839
1.91038          -0.0584156            -1.40839
1.91038          -0.0584156            -1.40839
0.602692            0.925034           -0.519625
0.634856            0.291366             -1.1543
-0.0186547            -1.40501           -0.763219
0.358231            -0.91218           -0.667345
0.358231            -0.91218           -0.667345
0.358231            -0.91218           -0.667345
0.358231            -0.91218           -0.667345
0.355699           -0.178659           -0.379448
0.355699           -0.178659           -0.379448
0.355699           -0.178659           -0.379448
0.355699           -0.178659           -0.379448
0.057176            0.217039           0.0946473
0.057176            0.217039           0.0946473
0.057176            0.217039           0.0946473
0.057176            0.217039           0.0946473
0.057176            0.217039           0.0946473
0.204865           -0.110891           -0.413772
0.204865           -0.110891           -0.413772
0.204865           -0.110891           -0.413772
0.204865           -0.110891           -0.413772
0.204865           -0.110891           -0.413772
-0.811173           -0.169722           -0.416853
-0.811173           -0.169722           -0.416853
0.292944           -0.402387           -0.526191
0.359709           -0.758235           -0.567052
-0.824968           -0.975283           -0.346925
-0.110478            -0.63704           -0.980478
0.11897           -0.786794           -0.487035
0.11897           -0.786794           -0.487035
0.11897           -0.786794           -0.487035
0.11897           -0.786794           -0.487035
0.11897           -0.786794           -0.487035
-1.12397            0.236598           -0.351215
-1.12397            0.236598           -0.351215
-1.12397            0.236598           -0.351215
-1.14097           0.0369172           -0.446173
-0.378473           -0.637542           -0.548096
-0.273113           -0.149873           -0.179289
-0.273113           -0.149873           -0.179289
-0.273113           -0.149873           -0.179289
-0.273113           -0.149873           -0.179289
-0.638263           0.0677466           -0.249159
-0.638263           0.0677466           -0.249159
-0.743996           -0.372865          -0.0128489
-1.38349           -0.527716            0.918643
-0.640575            -1.35836            0.663985
-0.0683426           -0.681774            0.577433
0.30438           -0.170632             0.13854
0.30438           -0.170632             0.13854
0.30438           -0.170632             0.13854
0.30438           -0.170632             0.13854
0.30438           -0.170632             0.13854
0.789742            0.046686           -0.223958
0.789742            0.046686           -0.223958
0.789742            0.046686           -0.223958
0.789742            0.046686           -0.223958
0.83258            0.554889           -0.292691
0.83258            0.554889           -0.292691
0.83258            0.554889           -0.292691
1.19575           0.0742065           -0.158538
1.19575           0.0742065           -0.158538
-0.298097           -0.535787            0.464212
0.345018           -0.273387           0.0827697
0.345018           -0.273387           0.0827697
0.345018           -0.273387           0.0827697
0.345018           -0.273387           0.0827697
0.0384977           -0.165818            0.134835
-0.347218             1.37203            0.416376
0.316852            0.754423          0.00560232
0.316852            0.754423          0.00560232
0.316852            0.754423          0.00560232
0.316852            0.754423          0.00560232
0.316852            0.754423          0.00560232
0.316852            0.754423          0.00560232
0.316852            0.754423          0.00560232
0.158802            0.420368           -0.484626
0.158802            0.420368           -0.484626
0.158802            0.420368           -0.484626
0.158802            0.420368           -0.484626
0.158802            0.420368           -0.484626
0.158802            0.420368           -0.484626
0.158802            0.420368           -0.484626
0.158802            0.420368           -0.484626
0.158802            0.420368           -0.484626
0.158802            0.420368           -0.484626
0.0161857            0.151846            0.410423
0.0161857            0.151846            0.410423
0.0161857            0.151846            0.410423
0.486942            0.186273          -0.0529503
0.486942            0.186273          -0.0529503
0.486942            0.186273          -0.0529503
0.486942            0.186273          -0.0529503
0.486942            0.186273          -0.0529503
0.0761252            0.518388            0.139242
0.0761252            0.518388            0.139242
0.0761252            0.518388            0.139242
0.0761252            0.518388            0.139242
0.0761252            0.518388            0.139242
0.0761252            0.518388            0.139242
0.0761252            0.518388            0.139242
0.0761252            0.518388            0.139242
0.0761252            0.518388            0.139242
0.0761252            0.518388            0.139242
0.0761252            0.518388            0.139242
0.0761252            0.518388            0.139242
0.168988            0.421355           -0.378306
0.116908            0.263464            0.454624
-0.0825788            0.326049           -0.215438
-0.0825788            0.326049           -0.215438
-0.0825788            0.326049           -0.215438
-0.0825788            0.326049           -0.215438
-0.211508           -0.237764           -0.451449
-0.211508           -0.237764           -0.451449
-0.211508           -0.237764           -0.451449
0.0196692           -0.654909           -0.143306
0.156913             -1.2619           -0.709824
0.975128           -0.368037           -0.340944
0.490111           -0.560697              -1.555
0.490111           -0.560697              -1.555
0.490111           -0.560697              -1.555
-0.0297149            -1.29009             -1.8896
-0.0297149            -1.29009             -1.8896
-0.0297149            -1.29009             -1.8896
-0.0297149            -1.29009             -1.8896
-0.0297149            -1.29009             -1.8896
-1.07683           -0.654844            -2.11022
-0.774865             -1.1589            -2.08096
-0.774865             -1.1589            -2.08096
-1.34794            -1.55856            -1.06059
-0.882199           -0.259935           -0.869697
-0.7283             -0.2746            -1.42322
-0.7283             -0.2746            -1.42322
-0.880932            0.442633            -1.25267
-0.880932            0.442633            -1.25267
0.369013           -0.297653           -0.968285
0.369013           -0.297653           -0.968285
0.656772           -0.343438            -1.09963
0.656772           -0.343438            -1.09963
0.196646            0.247517            -1.20778
0.196646            0.247517            -1.20778
0.405672             0.20198           -0.860055
0.405672             0.20198           -0.860055
0.405672             0.20198           -0.860055
0.0809409           -0.324399            -1.32897
0.0809409           -0.324399            -1.32897
0.0809409           -0.324399            -1.32897
0.0809409           -0.324399            -1.32897
0.230124           -0.164495           -0.746412
0.230124           -0.164495           -0.746412
0.230124           -0.164495           -0.746412
0.230124           -0.164495           -0.746412
0.653465           -0.411615            -1.08824
0.512267            -1.22179           -0.819427
0.512267            -1.22179           -0.819427
0.512267            -1.22179           -0.819427
-0.108746            -1.30053           -0.834112
0.40601           -0.664161           -0.247788
0.40601           -0.664161           -0.247788
0.40601           -0.664161           -0.247788
0.112832           -0.204795          -0.0792212
0.112832           -0.204795          -0.0792212
0.413337            0.142036            0.201596
0.389988             0.36817            0.405068
0.873913             0.13405             1.43046
0.873913             0.13405             1.43046
0.873913             0.13405             1.43046
0.873913             0.13405             1.43046
0.549385            0.114748             1.32789
1.23617           -0.221918            0.931871
1.31347           -0.177582            0.964901
1.31347           -0.177582            0.964901
0.620907             1.06017            0.380473
0.620907             1.06017            0.380473
0.814519             1.44895            0.543091
0.200263             1.28171            0.778995
-0.0508599             1.35908            0.936312
0.155598             1.10226             1.23389
0.613908             1.50537             1.33707
0.613908             1.50537             1.33707
0.613908             1.50537             1.33707
0.613908             1.50537             1.33707
0.251642             1.86816             1.86298
-0.101049             2.17308              1.1511
-0.101049             2.17308              1.1511
-0.788228             2.59945              1.5066
-1.02355             2.36181            0.352673
0.114216             1.51567            0.651398
0.114216             1.51567            0.651398
0.114216             1.51567            0.651398
-0.293673             1.19206           -0.144399
-0.561071            0.793198            -1.18078
-0.561071            0.793198            -1.18078
-0.561071            0.793198            -1.18078
-1.06534           -0.624213           0.0753075
-0.427316            -0.50501           -0.269625
-0.427316            -0.50501           -0.269625
-0.561362             1.03451           -0.633217
-1.1367            0.922165            0.286647
-1.1367            0.922165            0.286647
-1.1367            0.922165            0.286647
-0.0812403           -0.196224             1.48457
-0.228702           -0.795392             1.85634
0.497786           -0.608186            0.647682
1.26355           -0.215217           -0.180065
1.26355           -0.215217           -0.180065
1.26355           -0.215217           -0.180065
1.26355           -0.215217           -0.180065
0.48729             -0.6235            0.828156
0.48729             -0.6235            0.828156
-0.133886           -0.889115            0.684664
0.594337          -0.0613049            0.367039
0.606997            0.675456           -0.980174
0.606997            0.675456           -0.980174
0.606997            0.675456           -0.980174
0.606997            0.675456           -0.980174
1.34723           0.0950961           -0.403924
0.573469            -1.27035           -0.880879
-0.220099            -2.15664            0.678431
-0.0467769            -2.48691           -0.679189
-0.218839            -2.74109            -1.36348
-0.218839            -2.74109            -1.36348
-0.876845            -1.91958            -1.44655
-0.784846           -0.594517            -1.41469
-0.784846           -0.594517            -1.41469
-0.927949            0.748396           -0.814382
0.140887            0.899426            0.201508
0.140887            0.899426            0.201508
0.140887            0.899426            0.201508
0.140887            0.899426            0.201508
0.140887            0.899426            0.201508
0.140887            0.899426            0.201508
0.140887            0.899426            0.201508
0.00912245             1.20679           -0.147389
-0.27822            0.700656            0.162679
-0.27822            0.700656            0.162679
-0.27822            0.700656            0.162679
-0.27822            0.700656            0.162679
-0.27822            0.700656            0.162679
-0.27822            0.700656            0.162679
-0.314151            0.240286            0.822625
-0.634275            0.532605            0.103172
-0.634275            0.532605            0.103172
-0.634275            0.532605            0.103172
-0.649092            0.638897             1.00833
-0.649092            0.638897             1.00833
-0.823223            0.923301           -0.181296
-0.823223            0.923301           -0.181296
-0.875297           -0.264018            -1.17316
-0.800087           -0.212176            -1.24624
-0.800087           -0.212176            -1.24624
-0.800087           -0.212176            -1.24624
-0.859501             0.23643              -1.133
-1.00809             1.00634            -0.86006
-0.504961            0.558693            0.601842
-0.504961            0.558693            0.601842
-0.504961            0.558693            0.601842
-0.504961            0.558693            0.601842
-0.204504             1.13299            0.364277
-0.204504             1.13299            0.364277
-0.904248            0.019171           0.0186251
-1.26935            0.199238            0.328484
-1.26935            0.199238            0.328484
-1.15701            0.709608            0.306489
-1.15701            0.709608            0.306489
-1.74359            0.486028           -0.823685
-2.10805            0.791401           -0.855082
-2.10805            0.791401           -0.855082
-2.10843            0.746444           -0.748691
-1.51845            0.752828           -0.578642
-1.51845            0.752828           -0.578642
-1.51845            0.752828           -0.578642
-1.94361             1.26488            -1.24296
-1.25336            0.891132           -0.850889
-1.25336            0.891132           -0.850889
-0.138774            0.262816            -1.20178
0.378243            0.232806            -1.13347
0.378243            0.232806            -1.13347
0.378243            0.232806            -1.13347
0.378243            0.232806            -1.13347
0.378243            0.232806            -1.13347
-0.444394            0.294079           -0.549441
-1.06346            0.823695           -0.541819
-0.664889            0.359643           0.0229229
-0.424554            0.390829            0.171381
-0.424554            0.390829            0.171381
-0.424554            0.390829            0.171381
0.391965           -0.299684            0.314936
0.391965           -0.299684            0.314936
0.391965           -0.299684            0.314936
0.391965           -0.299684            0.314936
0.391965           -0.299684            0.314936
0.391965           -0.299684            0.314936
-0.0617006            0.360349           0.0883331
-0.0617006            0.360349           0.0883331
-0.0617006            0.360349           0.0883331
-0.0617006            0.360349           0.0883331
-0.0617006            0.360349           0.0883331
-0.0617006            0.360349           0.0883331
-0.0617006            0.360349           0.0883331
-0.0617006            0.360349           0.0883331
-0.0617006            0.360349           0.0883331
-0.0617006            0.360349           0.0883331
-0.0617006            0.360349           0.0883331
-0.0617006            0.360349           0.0883331
-0.228912           -0.214222            0.669329
-0.228912           -0.214222            0.669329
-1.31657           -0.653075             1.64403
-1.55246           -0.367678             1.34532
-1.55246           -0.367678             1.34532
-1.35777           -0.710642             1.74877
-1.99633            0.375056             1.67421
-1.66232            0.365011             1.35245
-1.66232            0.365011             1.35245
-1.65686              1.1397             1.74613
0.102693            -0.22431            0.359338
0.102693            -0.22431            0.359338
0.102693            -0.22431            0.359338
0.102693            -0.22431            0.359338
0.102693            -0.22431            0.359338
0.102693            -0.22431            0.359338
0.685528           -0.118847          -0.0932822
0.685528           -0.118847          -0.0932822
0.685528           -0.118847          -0.0932822
0.685528           -0.118847          -0.0932822
0.685528           -0.118847          -0.0932822
0.690977           -0.437413        -0.000905362
0.690977           -0.437413        -0.000905362
0.00476633           -0.740699            0.510662
-0.458494           -0.546317           -0.584871
-0.458494           -0.546317           -0.584871
0.215427           0.0860344            0.517498
0.215427           0.0860344            0.517498
-0.582627         -0.00574216             1.10868
-0.582627         -0.00574216             1.10868
-0.582627         -0.00574216             1.10868
-0.582627         -0.00574216             1.10868
-0.582627         -0.00574216             1.10868
-0.349783             1.22153             1.06667
-0.599643             0.37819            0.980824
-0.715724            -1.02979             1.34601
-0.715724            -1.02979             1.34601
-0.98524           -0.373644             0.64129
-0.98524           -0.373644             0.64129
-1.61922          -0.0667148           -0.277977
-0.851733            0.674148           -0.251122
-0.732938             1.37708           0.0400917
-0.732938             1.37708           0.0400917
-0.732938             1.37708           0.0400917
-1.19489             1.05678           -0.182045
-2.22228            0.409359           0.0811412
-2.22228            0.409359           0.0811412
-1.85508           0.0725444           -0.289868
-1.85508           0.0725444           -0.289868
-1.85508           0.0725444           -0.289868
-1.85508           0.0725444           -0.289868
-2.81839            -0.39526           -0.566801
-2.53051           -0.262305           -0.253228
-2.27914           -0.894343           -0.949128
-2.53939           -0.162562            -1.60561
-3.46187            0.411307            -1.85168
-1.67316             0.23056             -3.2564
-0.915765           -0.347273            -3.34509
-0.928503          -0.0329326            -3.64432
-0.928503          -0.0329326            -3.64432
-0.517018             1.20204            -3.41788
-0.517018             1.20204            -3.41788
-0.276284             1.35114            -4.00437
-1.39819             2.83715            -2.94199
-1.35071             1.93443            -2.26567
-0.130989             1.27953            -2.54199
-0.861576           0.0951867            -1.90826
-1.68533            0.143498            -1.71315
-1.68533            0.143498            -1.71315
-1.68533            0.143498            -1.71315
-1.47056            0.594537            -1.49657
-1.02988            0.262346            -1.08919
0.153158            0.542448              0.2441
0.153158            0.542448              0.2441
0.153158            0.542448              0.2441
0.153158            0.542448              0.2441
-1.21533            0.864098            0.204095
-0.592658             1.25016           0.0808683
-0.592658             1.25016           0.0808683
-0.592658             1.25016           0.0808683
-1.28757             1.39439           -0.533218
-1.28757             1.39439           -0.533218
-1.28757             1.39439           -0.533218
-0.778654              1.2063              1.2599
-0.778654              1.2063              1.2599
-0.778654              1.2063              1.2599
-0.778654              1.2063              1.2599
0.641655             1.27577            0.691078
0.641655             1.27577            0.691078
0.641655             1.27577            0.691078
0.641655             1.27577            0.691078
0.765653             1.76083             -0.1547
0.899686             1.39315            0.383111
1.17716               1.008            0.141858
0.981402            0.121176          -0.0901588
0.981402            0.121176          -0.0901588
0.981402            0.121176          -0.0901588
-0.432566           -0.356711           -0.411288
0.254304            -0.92295            -1.47054
0.254304            -0.92295            -1.47054
0.502217            0.188958            -1.03908
0.502217            0.188958            -1.03908
-0.093512            0.212981            -1.41371
0.0836542            0.178268           -0.555426
0.0836542            0.178268           -0.555426
0.0836542            0.178268           -0.555426
0.0836542            0.178268           -0.555426
0.0836542            0.178268           -0.555426
0.0836542            0.178268           -0.555426
0.0836542            0.178268           -0.555426
0.0836542            0.178268           -0.555426
0.0836542            0.178268           -0.555426
0.0836542            0.178268           -0.555426
0.0836542            0.178268           -0.555426
0.0836542            0.178268           -0.555426
0.0836542            0.178268           -0.555426
0.230762           -0.147917            0.550081
-0.0983417           0.0642301             1.31945
-0.0983417           0.0642301             1.31945
-0.0983417           0.0642301             1.31945
-0.991237           -0.158344           0.0687922
-0.671977          -0.0054961           -0.515716
-0.641213            0.266292           -0.944886
-0.641213            0.266292           -0.944886
1.42082            0.228626           -0.639881
1.73369           -0.713586          -0.0298674
1.73369           -0.713586          -0.0298674
1.73369           -0.713586          -0.0298674
1.83939           -0.571181            0.221972
0.893951            0.914034          -0.0859668
0.893951            0.914034          -0.0859668
0.893951            0.914034          -0.0859668
0.893951            0.914034          -0.0859668
0.504595            0.292302            0.538871
0.0886559             0.25357            0.828218
0.0886559             0.25357            0.828218
0.0886559             0.25357            0.828218
0.0886559             0.25357            0.828218
-0.0355439           -0.115585            0.613041
0.727079          -0.0322454            0.895703
-0.738038             0.76858            0.280372
-0.095818            0.413662           0.0703928
1.67509             1.14504             0.19429
1.67509             1.14504             0.19429
1.67509             1.14504             0.19429
1.80585            0.908556            0.131707
1.80585            0.908556            0.131707
1.80585            0.908556            0.131707
1.80585            0.908556            0.131707
1.80585            0.908556            0.131707
1.57484             1.07676            0.183967
1.1625             1.30436            0.157747
-0.628386            0.728782            0.550847
-0.628386            0.728782            0.550847
-0.857538            0.650299            0.636593
-0.857538            0.650299            0.636593
-1.50077           0.0790125              1.2234
-0.888419           -0.189756            0.985364
-0.669207           0.0480326            -1.03946
-0.669207           0.0480326            -1.03946
-0.669207           0.0480326            -1.03946
-0.669207           0.0480326            -1.03946
-0.669207           0.0480326            -1.03946
0.564489            -1.10206            0.678631
0.631074           -0.619108            0.736674
0.631074           -0.619108            0.736674
0.631074           -0.619108            0.736674
0.30959            0.537391            0.431039
0.30959            0.537391            0.431039
0.30959            0.537391            0.431039
0.30959            0.537391            0.431039
0.30959            0.537391            0.431039
0.863854            0.305486            -0.39648
0.694456           -0.204872            -1.87283
0.683131           -0.351963            -2.03244
0.683131           -0.351963            -2.03244
0.683131           -0.351963            -2.03244
0.946359           -0.721121            -1.81812
-0.950022           -0.401211            -1.31895
-0.64951           -0.628435           -0.537999
-0.981273           -0.604996           -0.403537
-1.33164             -1.8907         -0.00732236
-0.9784            -1.59105             1.79227
-1.06702           -0.937742             2.01538
-1.06702           -0.937742             2.01538
-1.06702           -0.937742             2.01538
-1.6005           -0.698514             1.63023
-0.419129           -0.134518             1.52091
-0.419129           -0.134518             1.52091
-0.419129           -0.134518             1.52091
-0.419129           -0.134518             1.52091
-0.419129           -0.134518             1.52091
-0.419129           -0.134518             1.52091
-0.419129           -0.134518             1.52091
-0.419129           -0.134518             1.52091
-0.364801            -1.44345             1.31462
-0.364801            -1.44345             1.31462
-0.364801            -1.44345             1.31462
-0.364801            -1.44345             1.31462
-0.329404           -0.623023             1.77536
-0.203283          -0.0798589             2.00335
0.366052            0.398469             2.28239
0.366052            0.398469             2.28239
0.366052            0.398469             2.28239
0.366052            0.398469             2.28239
0.908348          -0.0827555             2.64078
0.908348          -0.0827555             2.64078
1.61684           -0.385232              1.9002
3.23103           0.0988838             2.46857
2.82961            0.150615             2.20608
2.82961            0.150615             2.20608
2.86696            0.936716             1.69848
2.31246            0.136511             3.83332
2.09372            0.882911             4.22026
1.6759           -0.406617             3.92532
1.54992             -2.0571             4.06289
1.54992             -2.0571             4.06289
1.63908            -2.45536              3.7736
1.63908            -2.45536              3.7736
2.1036            -1.94243             3.54424
2.1036            -1.94243             3.54424
-0.039458            -1.97491             2.54303
-0.039458            -1.97491             2.54303
-0.039458            -1.97491             2.54303
-0.039458            -1.97491             2.54303
-0.0126102            -1.19515             1.47559
0.173428           -0.471752             1.82335
0.173428           -0.471752             1.82335
0.173428           -0.471752             1.82335
0.173428           -0.471752             1.82335
-0.0939544            0.491452              1.4532
0.0725984            0.117798             1.69201
0.0725984            0.117798             1.69201
0.540862            0.792991             1.50554
0.540862            0.792991             1.50554
0.540862            0.792991             1.50554
0.540862            0.792991             1.50554
0.540862            0.792991             1.50554
-0.89981            0.423178             1.93463
-0.89981            0.423178             1.93463
-1.14994            0.328572             2.79241
-1.46445         0.000178597             2.11338
-1.23315            0.833099             2.01393
-1.65268            0.205595             1.10234
-1.07012           -0.102257             1.39323
-0.829608           -0.230246             1.17965
-0.784839          -0.0269801           0.0700759
-0.844205            0.712669            0.570426
-0.844205            0.712669            0.570426
-0.733478            0.427056            0.377469
-0.12838            0.873122           -0.679586
-0.12838            0.873122           -0.679586
0.0533524             1.81099           -0.166547
0.0533524             1.81099           -0.166547
0.711519             2.63843            -1.01487
0.711519             2.63843            -1.01487
1.5006             4.28103            -1.01533
1.5006             4.28103            -1.01533
1.48175             3.61413            0.174683
1.48175             3.61413            0.174683
1.48175             3.61413            0.174683
1.49862             3.10753           -0.215794
1.19721             2.46216           -0.809267
1.19721             2.46216           -0.809267
0.870361             2.13658           -0.701574
0.870361             2.13658           -0.701574
0.397608              1.2988           -0.167871
0.397608              1.2988           -0.167871
0.397608              1.2988           -0.167871
0.857851            0.197625           -0.912558
-0.145562            0.920813            -1.46423
-0.057469            0.928052           -0.977119
0.277986            0.141978           -0.839109
-0.160065            0.294165           -0.190905
0.0137387            0.330729            0.299637
0.396786         -0.00431525           -0.405376
0.396786         -0.00431525           -0.405376
-0.0756858            -0.23931            0.325796
-0.263592          -0.0298078          -0.0102675
-0.114029             0.66546            0.542472
-0.401525            0.213512            0.698112
-0.75942           -0.353098           -0.459981
-0.75942           -0.353098           -0.459981
-0.452354           -0.492483            -1.05148
0.558199           -0.849734            -1.14434
-0.408021            0.115155           -0.633072
-0.229154            -0.38721           -0.153211
-0.229154            -0.38721           -0.153211
-0.229154            -0.38721           -0.153211
-0.229154            -0.38721           -0.153211
-0.229154            -0.38721           -0.153211
-0.229154            -0.38721           -0.153211
0.120139            0.264758            0.187572
0.120139            0.264758            0.187572
0.120139            0.264758            0.187572
-0.451293             1.54996           -0.596983
-0.761453            0.994928           -0.746146
-1.17228               1.277           -0.770914
-0.463817            0.836047           -0.639429
-0.278171            0.611952           0.0239359
-0.278171            0.611952           0.0239359
-0.0518233           0.0241419            0.157597
-0.0518233           0.0241419            0.157597
-0.0518233           0.0241419            0.157597
-0.0518233           0.0241419            0.157597
-0.0518233           0.0241419            0.157597
-0.0518233           0.0241419            0.157597
-0.0518233           0.0241419            0.157597
-0.0518233           0.0241419            0.157597
-0.0518233           0.0241419            0.157597
-0.0518233           0.0241419            0.157597
-0.0518233           0.0241419            0.157597
-0.0518233           0.0241419            0.157597
-0.0518233           0.0241419            0.157597
-0.0518233           0.0241419            0.157597
-0.0518233           0.0241419            0.157597
0.289335           0.0803889            0.330643
0.139948            0.538038            0.331091
0.139948            0.538038            0.331091
0.139948            0.538038            0.331091
-0.902802            0.600918          -0.0806329
-0.902802            0.600918          -0.0806329
-0.902802            0.600918          -0.0806329
0.223022             1.50201           -0.426436
0.223022             1.50201           -0.426436
0.223022             1.50201           -0.426436
0.223022             1.50201           -0.426436
0.569794            0.522514           -0.578875
0.569794            0.522514           -0.578875
0.569794            0.522514           -0.578875
0.569794            0.522514           -0.578875
-0.872083           -0.523799           -0.929046
-0.30832            -0.15602           -0.718474
0.484993           -0.384524            0.835012
0.484993           -0.384524            0.835012
0.484993           -0.384524            0.835012
0.484993           -0.384524            0.835012
0.391084           -0.656324            0.766692
1.61806           -0.202131           -0.180281
0.936015           0.0581593            0.882183
0.931414            0.715273            0.909479
0.894191             1.47336             1.89867
-0.153937             2.00832             1.48927
-0.153937             2.00832             1.48927
-0.153937             2.00832             1.48927
-0.153937             2.00832             1.48927
-0.153937             2.00832             1.48927
-0.153937             2.00832             1.48927
-0.153937             2.00832             1.48927
-0.839578             1.54696            0.652701
-0.839578             1.54696            0.652701
0.534959             2.36501            0.712808
0.534959             2.36501            0.712808
0.624414             1.74998            0.679185
-0.0317224             1.59815            0.417715
0.391244             1.17276           -0.294337
0.590868            0.973827           -0.602449
1.54514            0.210475             -1.1575
1.63114              0.6789           -0.774306
1.73117             2.22583           -0.463627
1.87737              2.1793          -0.0853357
1.1479             2.22135            0.721483
1.1479             2.22135            0.721483
1.1479             2.22135            0.721483
-0.291097             1.66101             1.63297
-0.291097             1.66101             1.63297
-0.291097             1.66101             1.63297
-0.291097             1.66101             1.63297
-0.291097             1.66101             1.63297
-1.20902             1.58091            0.748034
-0.565257             2.18181           -0.517736
-0.290578             2.89168              1.7876
-0.290578             2.89168              1.7876
-0.290578             2.89168              1.7876
-0.290578             2.89168              1.7876
-0.826402             3.63085             1.50737
-0.67229             3.74406             1.29523
-0.67229             3.74406             1.29523
-0.67229             3.74406             1.29523
-0.787971             3.23742             1.87734
-1.86119             2.93715            0.283244
-1.86119             2.93715            0.283244
-1.70424             2.74587            0.622112
-2.57864             2.24619            0.813728
-2.89661             2.11338            0.508763
-1.58986             1.81307            0.534293
-1.58986             1.81307            0.534293
-1.58986             1.81307            0.534293
-1.58986             1.81307            0.534293
-0.233691             1.23057             1.11031
-0.0220191             2.06894             1.30393
0.0175159             1.58614             1.24473
0.0175159             1.58614             1.24473
0.0175159             1.58614             1.24473
-0.524863             1.01029            0.107413
-0.524863             1.01029            0.107413
-0.252969            0.555861           -0.208824
0.417256             1.07734           -0.284325
0.417256             1.07734           -0.284325
0.257697            0.299681           -0.771254
-0.876664            0.764916             1.09262
-0.353004            0.865278            0.576023
-0.223076            0.915959            0.136481
0.580139            0.427298          -0.0642295
0.580139            0.427298          -0.0642295
0.580139            0.427298          -0.0642295
0.580139            0.427298          -0.0642295
0.580139            0.427298          -0.0642295
0.580139            0.427298          -0.0642295
0.580139            0.427298          -0.0642295
0.580139            0.427298          -0.0642295
-0.226837           -0.467707           -0.732519
-0.236171            0.177733          -0.0983407
-0.236171            0.177733          -0.0983407
-0.236171            0.177733          -0.0983407
-0.236171            0.177733          -0.0983407
0.671074            0.515366            -0.20881
0.671074            0.515366            -0.20881
0.671074            0.515366            -0.20881
0.12373             1.15936           -0.585867
-0.0924552            0.972822            0.370759
-0.590523            0.804884          -0.0818264
-0.590523            0.804884          -0.0818264
-0.841874           -0.504757            0.528367
-1.33987           -0.240361           -0.830978
-1.10733            0.304491           -0.194135
-1.10733            0.304491           -0.194135
-0.703028           -0.935086            0.294372
-0.703028           -0.935086            0.294372
-0.602885           -0.817554            0.510284
-1.22564             -1.5693           -0.330113
-0.520699           -0.783863             0.15272
-0.520699           -0.783863             0.15272
-0.520699           -0.783863             0.15272
-0.520699           -0.783863             0.15272
-0.520699           -0.783863             0.15272
-0.520699           -0.783863             0.15272
-0.454093            -0.91603           -0.112143
-0.175147           -0.326607            0.305731
-0.418631           -0.184307           -0.573751
-0.418631           -0.184307           -0.573751
-0.418631           -0.184307           -0.573751
-0.418631           -0.184307           -0.573751
-0.369033            0.900043           -0.405157
-0.369033            0.900043           -0.405157
-0.369033            0.900043           -0.405157
-0.369033            0.900043           -0.405157
-0.369033            0.900043           -0.405157
-0.369033            0.900043           -0.405157
-0.369033            0.900043           -0.405157
0.0532168            0.182852           -0.655229
0.42761            0.336648            0.206165
0.42761            0.336648            0.206165
-0.327616            0.440611            0.099907
0.675267           -0.243763          -0.0894322
-0.379133            -0.82519          -0.0658502
-0.379133            -0.82519          -0.0658502
-0.379133            -0.82519          -0.0658502
-0.379133            -0.82519          -0.0658502
-0.379133            -0.82519          -0.0658502
-1.03229            -2.23239            0.742223
-1.03229            -2.23239            0.742223
-1.03229            -2.23239            0.742223
-1.03229            -2.23239            0.742223
-0.890406            -2.75888            0.650177
-0.696688            -2.16427             1.61032
-0.720844            -1.33176            0.442534
0.481599           -0.766512            0.951833
0.91409           -0.984797             1.69203
0.91409           -0.984797             1.69203
0.91409           -0.984797             1.69203
0.492673            -1.25895              2.0232
0.492673            -1.25895              2.0232
-0.642565           0.0385469            0.835284
-0.642565           0.0385469            0.835284
-0.510795           -0.581383             1.50209
-0.524313           0.0650464              2.1094
-0.597978            0.520557            0.713462
-0.596456            0.536013            0.640262
-0.280873          -0.0399865             1.19722
-0.280873          -0.0399865             1.19722
-0.280873          -0.0399865             1.19722
0.33224          -0.0315222            0.993385
0.33224          -0.0315222            0.993385
0.33224          -0.0315222            0.993385
-0.266703           -0.414689             1.56305
-0.0206394            0.191385             1.81733
-0.0206394            0.191385             1.81733
-0.0206394            0.191385             1.81733
-0.0206394            0.191385             1.81733
-0.812178           -0.773773            0.772338
-0.812178           -0.773773            0.772338
-2.07135           -0.302507            -0.29007
-2.07135           -0.302507            -0.29007
-1.28141           -0.680352            0.157404
-1.28141           -0.680352            0.157404
-0.871058            0.142963            0.711941
-0.302515           -0.226313            0.222973
-0.302515           -0.226313            0.222973
-0.302515           -0.226313            0.222973
-0.302515           -0.226313            0.222973
-0.302515           -0.226313            0.222973
-0.302515           -0.226313            0.222973
0.0486217           -0.802444            0.208965
0.0486217           -0.802444            0.208965
1.48242           -0.251698          -0.0660726
1.28737           -0.894141            0.581897
0.551897           -0.931066            0.195606
1.21411            -1.41324            0.699655
0.594795             -1.5983           -0.208938
0.594795             -1.5983           -0.208938
-0.513601            -2.13806            -1.00898
-0.513601            -2.13806            -1.00898
-0.513601            -2.13806            -1.00898
-0.513601            -2.13806            -1.00898
-0.513601            -2.13806            -1.00898
-0.513601            -2.13806            -1.00898
-0.501567             -2.5887            -1.00527
-0.501567             -2.5887            -1.00527
-1.40215            -2.43318           -0.850875
-1.40215            -2.43318           -0.850875
-0.529646            -3.36506            0.420451
-0.529646            -3.36506            0.420451
-0.731821             -3.6523            0.126995
-1.435            -3.25717            0.621296
-2.28903            -2.09254           -0.051844
-2.28903            -2.09254           -0.051844
-1.4186            -1.91573           -0.355032
-1.14129            -1.28814            -1.63925
-1.14129            -1.28814            -1.63925
-1.14129            -1.28814            -1.63925
-1.14129            -1.28814            -1.63925
-1.14129            -1.28814            -1.63925
-1.47069           -0.757366             -1.9618
-1.35217           -0.503169            -1.73272
-0.544833           -0.291518            -1.14225
-0.338342           -0.331468            -1.20551
-0.294089            0.365452            -2.13083
-0.294089            0.365452            -2.13083
-0.294089            0.365452            -2.13083
0.237745            0.682721            -2.10527
0.237745            0.682721            -2.10527
0.320395           -0.423308             -1.8045
0.781695           -0.570608            -1.62245
1.22015            -1.52247            -1.33438
1.22015            -1.52247            -1.33438
1.22015            -1.52247            -1.33438
1.22015            -1.52247            -1.33438
1.22015            -1.52247            -1.33438
0.630128           -0.873451           -0.998202
0.630128           -0.873451           -0.998202
0.630128           -0.873451           -0.998202
-1.02331           -0.401255           -0.548082
-0.941955            0.428666           -0.270589
-0.941955            0.428666           -0.270589
-0.941955            0.428666           -0.270589
-0.941955            0.428666           -0.270589
-0.827368            0.666655             1.31072
-0.855114             0.89574             1.19044
-0.31236             1.27775            0.417266
-0.497592             1.55797            0.424607
-0.497592             1.55797            0.424607
0.587943             1.44964            0.845809
0.587943             1.44964            0.845809
0.587943             1.44964            0.845809
0.587943             1.44964            0.845809
0.587943             1.44964            0.845809
1.77653            0.856654            0.377845
1.77653            0.856654            0.377845
1.23297             1.05612           -0.236201
0.901787             1.04555           -0.379916
0.901787             1.04555           -0.379916
0.901787             1.04555           -0.379916
0.0968212              1.0993           -0.784061
0.0968212              1.0993           -0.784061
0.0968212              1.0993           -0.784061
1.12301             1.18996           -0.564204
1.12301             1.18996           -0.564204
1.12301             1.18996           -0.564204
0.362652             1.05294            0.883774
0.362652             1.05294            0.883774
0.362652             1.05294            0.883774
0.362652             1.05294            0.883774
0.362652             1.05294            0.883774
0.362652             1.05294            0.883774
0.362652             1.05294            0.883774
0.414935             1.21029           -0.574901
0.414935             1.21029           -0.574901
0.231402             1.08448           -0.824243
0.231402             1.08448           -0.824243
0.231402             1.08448           -0.824243
0.231402             1.08448           -0.824243
0.231402             1.08448           -0.824243
-0.602053            0.632889            -1.22157
-0.650998             1.00258             -1.1425
-0.447321             0.67245            -1.25013
-0.447321             0.67245            -1.25013
-0.490391            0.631185            -0.24016
-0.490391            0.631185            -0.24016
-1.33225           -0.214913           -0.251456
-0.771743            0.741941           -0.798821
-0.694107             1.29339           -0.358757
0.643961             1.86149            0.480387
0.438605             1.30433            -0.45537
0.438605             1.30433            -0.45537
-0.228863             1.73823           -0.495176
-0.355252             1.70125           -0.776751
-0.429134             1.35622            -1.48783
-0.361442            0.818106            -1.21642
-0.361442            0.818106            -1.21642
-0.730269          -0.0367131            -1.50548
-0.22558           -0.130143           -0.837515
-0.22558           -0.130143           -0.837515
-0.22558           -0.130143           -0.837515
-0.438765            0.447499           0.0711702
-0.438765            0.447499           0.0711702
-0.19836             0.10533            0.848168
-0.19836             0.10533            0.848168
-1.13233            -0.28901            0.624444
-0.979999           0.0385609            0.396575
-0.494456            -0.91161          -0.0490846
-0.494456            -0.91161          -0.0490846
-0.494456            -0.91161          -0.0490846
-0.494456            -0.91161          -0.0490846
-1.70146            -0.15906            0.609267
-2.22858             -1.0809            0.463826
-1.95487           -0.634942           -0.259521
-1.86623            -1.36315           -0.293917
-1.86623            -1.36315           -0.293917
-1.86623            -1.36315           -0.293917
-1.59002           -0.370188           -0.276283
-1.59002           -0.370188           -0.276283
-1.59002           -0.370188           -0.276283
-1.16607            -0.75535             0.11021
-0.703375           -0.719462           -0.180704
-0.703375           -0.719462           -0.180704
-1.2211            -1.03415           -0.467205
-1.2211            -1.03415           -0.467205
-0.32237             -1.6226           -0.104459
0.33515            -1.26362            0.352932
0.33515            -1.26362            0.352932
0.343786           -0.763949           -0.683157
0.343786           -0.763949           -0.683157
0.343786           -0.763949           -0.683157
-0.943703            -1.36043            -0.18952
0.195244           -0.899091           -0.843653
0.170421           -0.915094            -0.65677
-0.0685102            -1.69001            0.458411
-0.0685102            -1.69001            0.458411
-0.0685102            -1.69001            0.458411
-0.0685102            -1.69001            0.458411
-0.421508           -0.443828            0.982197
-1.0228           -0.296764             1.57022
-0.697298              0.3827             1.11597
-0.463381              1.1576            0.136099
0.164773            0.785532            0.959681
0.164773            0.785532            0.959681
0.470348             1.18433            0.476311
-0.439825             1.06528             0.79298
-0.82488           -0.121617           -0.373645
-0.980435             0.43047           -0.117047
-0.925013             1.08692            0.367954
-1.2008            0.852999           -0.241483
-1.3555            0.688052           -0.200159
-1.3555            0.688052           -0.200159
-1.3555            0.688052           -0.200159
-0.307547             1.01275           -0.480032
-0.911557             1.81197           0.0312693
-1.0721             1.44818            0.328115
-0.230424             1.62427            -1.98787
-0.351528            0.908293             -1.7148
-0.338331             1.50387            -1.46158
1.20713              1.4963             -1.2607
1.20713              1.4963             -1.2607
1.20713              1.4963             -1.2607
1.11758             1.67282           -0.944275
1.11758             1.67282           -0.944275
1.60102             1.66661           -0.895333
1.60102             1.66661           -0.895333
2.30441             1.64976            -1.53865
1.35175             1.64861            -2.09082
1.89677             2.01256            -1.71406
1.89677             2.01256            -1.71406
1.89677             2.01256            -1.71406
1.89677             2.01256            -1.71406
0.883149            0.780138            -1.84121
-0.399086            0.602101            -2.36683
-0.448257            0.206026            -3.33783
-0.191121           -0.904875            -3.08059
0.0872361           -0.434125             -2.2099
0.657993           -0.677057             -2.5169
0.657993           -0.677057             -2.5169
0.657993           -0.677057             -2.5169
0.657993           -0.677057             -2.5169
0.657993           -0.677057             -2.5169
1.5633            0.268304            -2.32338
0.973515           -0.252199            -2.32487
0.973515           -0.252199            -2.32487
1.61732            -1.17128            -1.43164
0.720832            -1.55894            -1.65666
0.720832            -1.55894            -1.65666
0.720832            -1.55894            -1.65666
-0.225567            -1.83054            -1.55858
-0.225567            -1.83054            -1.55858
-0.225567            -1.83054            -1.55858
0.139472            -1.26182            -1.95759
0.139472            -1.26182            -1.95759
0.156693            -1.51019            -2.54187
0.156693            -1.51019            -2.54187
0.539189            -2.59041            -1.23231
1.48707            -2.70566           -0.731185
1.52541            -1.65465           -0.066227
-0.516984            -2.12835            0.542866
-0.926041            -1.35542            0.663185
-1.01495             -1.0359           -0.511394
-0.778602           -0.127359            -1.56074
-1.55412           0.0903253           -0.961102
-1.55412           0.0903253           -0.961102
-1.55412           0.0903253           -0.961102
-0.805381           -0.412363          -0.0621294
-0.601216           -0.595677            -1.17059
-0.186414             1.30687            -1.49965
-0.186414             1.30687            -1.49965
-0.186414             1.30687            -1.49965
-0.186414             1.30687            -1.49965
-0.186414             1.30687            -1.49965
0.567506             1.28134            -1.73565
0.567506             1.28134            -1.73565
0.567506             1.28134            -1.73565
1.82596           -0.142065            -1.17719
1.82596           -0.142065            -1.17719
0.862405           -0.275377           -0.544855
0.862405           -0.275377           -0.544855
1.12471           -0.221754            0.411797
1.12471           -0.221754            0.411797
1.12471           -0.221754            0.411797
1.27193           -0.320545            0.439233
1.27193           -0.320545            0.439233
1.74317           -0.960377            0.162525
1.74317           -0.960377            0.162525
1.4442            -1.22187            0.119199
1.4442            -1.22187            0.119199
1.4442            -1.22187            0.119199
0.939312           -0.380255           -0.115096
0.733744            0.308426            0.761397
-0.138479            0.247062            0.502883
-0.138479            0.247062            0.502883
0.86416           -0.172699            0.634322
0.86416           -0.172699            0.634322
0.657724           -0.605213             1.00235
0.214982           0.0397621            0.826399
0.214982           0.0397621            0.826399
0.0472339           -0.256921            0.730839
0.0472339           -0.256921            0.730839
0.992392           -0.248226            0.195576
0.209355            0.594039            0.117939
0.209355            0.594039            0.117939
0.209355            0.594039            0.117939
0.209355            0.594039            0.117939
0.209355            0.594039            0.117939
-0.233004             1.18342            0.474354
0.818891              1.1465            0.419972
0.818891              1.1465            0.419972
0.849905            0.404475             1.00462
0.849905            0.404475             1.00462
1.46996            0.296088             1.19815
1.46996            0.296088             1.19815
0.925291             0.63396              0.1881
0.925291             0.63396              0.1881
0.765782             1.21091            0.368548
0.765782             1.21091            0.368548
0.765782             1.21091            0.368548
0.998135            0.427713           -0.613634
0.976304            0.230203           -0.437644
1.18164            -1.40282            0.036089
1.18164            -1.40282            0.036089
1.18164            -1.40282            0.036089
0.598852            -1.95774           -0.807554
0.925323           -0.569634           -0.572467
1.18489            0.855337           -0.310146
0.5476             1.31673            0.147481
0.515895             1.46961           -0.333166
0.515895             1.46961           -0.333166
0.610756             1.71089           0.0689064
1.01396             1.29832           0.0405616
0.313389            0.119388            0.658934
0.313389            0.119388            0.658934
-0.357566            0.202454            0.375453
-0.357566            0.202454            0.375453
-0.357566            0.202454            0.375453
0.144911            0.112221            -0.12862
0.299823            0.639107            -1.16434
0.023417            0.305923            -1.29073
1.51126            0.160911            -0.66489
1.51126            0.160911            -0.66489
1.55605           -0.761228            -1.15054
1.18465            -1.03522           -0.954342
1.64246           -0.222452           -0.972656
1.64246           -0.222452           -0.972656
2.64814           -0.174773            0.901186
2.17549           0.0486175            0.518597
1.64951          -0.0600774            0.619904
1.01061            0.233985             -1.0767
1.01061            0.233985             -1.0767
-0.160536           -0.179285           -0.554521
0.213622            0.812308           -0.949834
-0.67419             1.04745            -1.01557
-0.541475             0.22753           -0.815004
-0.541475             0.22753           -0.815004
-0.541475             0.22753           -0.815004
-0.100192            0.334878           -0.733463
-0.633617             0.60085           -0.232378
-0.573748            0.476285           -0.364966
-0.573748            0.476285           -0.364966
-0.260217           -0.163073           0.0516139
-1.08756            0.346207            0.668304
-1.08756            0.346207            0.668304
0.215942             1.13845            0.645631
0.46229            0.656907             1.06861
0.46229            0.656907             1.06861
0.46229            0.656907             1.06861
0.44046            0.712498             1.05577
0.44046            0.712498             1.05577
0.927873            0.319223             1.06388
0.927873            0.319223             1.06388
0.927873            0.319223             1.06388
0.927873            0.319223             1.06388
0.887133             0.78223            0.953522
0.50059             2.36303            0.659108
0.50059             2.36303            0.659108
0.50059             2.36303            0.659108
1.18445             1.30134           -0.407807
0.58441             1.71443           -0.794175
0.502212            0.987441           -0.709101
-0.9635            0.479023            0.309582
-0.9635            0.479023            0.309582
-1.18753           -0.269085            0.563404
-1.18753           -0.269085            0.563404
-1.18753           -0.269085            0.563404
-1.18753           -0.269085            0.563404
-1.28625           -0.491684            0.819901
-1.63488            0.365613           0.0472022
-1.63488            0.365613           0.0472022
-1.15645            0.403865              1.5263
-1.15645            0.403865              1.5263
-1.15645            0.403865              1.5263
-1.15645            0.403865              1.5263
-0.863277             1.58213             1.64035
-0.863277             1.58213             1.64035
-0.863277             1.58213             1.64035
0.333808             1.48709             1.33071
0.333808             1.48709             1.33071
0.333808             1.48709             1.33071
0.333808             1.48709             1.33071
-0.250477             1.54775             1.91418
-0.250477             1.54775             1.91418
-0.250477             1.54775             1.91418
0.0525576             1.93312             3.35585
0.0525576             1.93312             3.35585
0.0525576             1.93312             3.35585
-0.272654            0.821815             2.78385
0.0549182            0.238114             2.59507
0.0549182            0.238114             2.59507
0.109776             1.10876            0.809459
0.366196             1.33565           -0.120223
0.366196             1.33565           -0.120223
0.366196             1.33565           -0.120223
0.366196             1.33565           -0.120223
0.366196             1.33565           -0.120223
0.357236            0.900895           -0.874911
0.357236            0.900895           -0.874911
0.357236            0.900895           -0.874911
-0.312722            0.716974            -1.34069
-0.312722            0.716974            -1.34069
-0.179612          -0.0799583           -0.735852
0.551817           -0.829261           -0.401079
0.551817           -0.829261           -0.401079
0.551817           -0.829261           -0.401079
0.551817           -0.829261           -0.401079
0.551817           -0.829261           -0.401079
1.52088            0.246771            -1.37399
1.52088            0.246771            -1.37399
1.45953             1.24615            -0.46486
0.66156             1.61651           -0.337505
0.66156             1.61651           -0.337505
0.968827            0.726802           -0.295466
0.968827            0.726802           -0.295466
0.286629            0.139541            -1.13194
0.412076            0.861259            -1.27994
0.2186            0.758207            -1.25101
0.601073            0.304613            -1.33252
-0.503874           -0.675786            0.123963
0.136441           -0.429665            0.230274
-0.000574152            0.357813            -0.22808
-0.000574152            0.357813            -0.22808
-0.000574152            0.357813            -0.22808
0.300029            0.565615           0.0959976
0.300029            0.565615           0.0959976
0.300029            0.565615           0.0959976
0.300029            0.565615           0.0959976
0.99669           -0.257772            0.389401
0.99669           -0.257772            0.389401
0.99669           -0.257772            0.389401
0.978792            -0.97024           0.0472051
0.972591          -0.0447821           -0.382115
0.778391            0.101794           -0.273103
0.778391            0.101794           -0.273103
0.778391            0.101794           -0.273103
-0.211825            0.497328           -0.834203
-0.694796            0.554476            -1.01757
-0.694796            0.554476            -1.01757
-0.694796            0.554476            -1.01757
-0.827025           -0.542605           0.0547065
-0.827025           -0.542605           0.0547065
-0.827025           -0.542605           0.0547065
-0.827025           -0.542605           0.0547065
0.254112           -0.531367           0.0564012
0.254112           -0.531367           0.0564012
0.254112           -0.531367           0.0564012
0.254112           -0.531367           0.0564012
-0.0837692           -0.814865           -0.210215
-0.0837692           -0.814865           -0.210215
-0.0837692           -0.814865           -0.210215
-0.0512139            0.130996           -0.589432
0.426765               0.353            -1.57205
-0.409186              1.3486            -1.57617
-0.906287            0.609829            -1.18909
-0.845768            0.640112           -0.912498
-0.845768            0.640112           -0.912498
-0.845768            0.640112           -0.912498
-0.623974            0.184766            -1.77233
-0.925158             1.29975            -1.00042
-0.773199             1.99078            -1.01145
-1.22686             1.14837            -1.06901
-1.22686             1.14837            -1.06901
-1.22686             1.14837            -1.06901
-1.9228             1.47896            0.287541
-1.08468             1.28424           -0.168277
-1.08468             1.28424           -0.168277
-1.08468             1.28424           -0.168277
-0.809315             1.17679            0.383234
0.389015            0.736654           -0.831519
0.389015            0.736654           -0.831519
-0.426407            0.813613           -0.273266
-1.09988            0.188141           -0.510004
-1.09988            0.188141           -0.510004
-1.09988            0.188141           -0.510004
-1.09988            0.188141           -0.510004
-1.09988            0.188141           -0.510004
-1.23986           -0.732371           -0.241808
-0.309461           -0.176846            -1.24413
-0.191312            0.226108             -1.2441
-0.191312            0.226108             -1.2441
0.404054            0.581411            -1.46519
1.09481           0.0710457           -0.979569
1.97946            0.470185            0.331405
0.541014            0.833284              1.4649
0.541014            0.833284              1.4649
0.758289             0.83216             1.16963
0.758289             0.83216             1.16963
0.758289             0.83216             1.16963
0.758289             0.83216             1.16963
0.758289             0.83216             1.16963
0.897966             0.90748           -0.443933
0.752855            0.689691            0.886657
1.05165            -0.31645             1.11676
1.05165            -0.31645             1.11676
1.15797          -0.0709153            0.109904
0.362939            0.826879             1.13755
0.362939            0.826879             1.13755
0.688251            0.424185            0.461558
0.688251            0.424185            0.461558
0.688251            0.424185            0.461558
1.97029            0.110309            0.278641
1.97029            0.110309            0.278641
1.97029            0.110309            0.278641
1.97029            0.110309            0.278641
1.97029            0.110309            0.278641
1.79497            0.410445           0.0440975
2.07491            0.906326           -0.283421
1.41905            0.751905           -0.786332
0.562168             1.85813            -0.52768
-0.0359538             1.77271           -0.045876
-0.418739            0.954686            0.830624
-1.08004             0.72005            0.682097
-0.688266           0.0598466             1.15874
-0.93759             0.27975         -0.00318456
-0.536004               0.259            0.479977
-0.536004               0.259            0.479977
-0.536004               0.259            0.479977
-0.536004               0.259            0.479977
-0.738151           0.0314738          -0.0779476
-0.570123            0.173273           -0.200174
-0.021273           0.0183054           -0.194303
-0.021273           0.0183054           -0.194303
-0.021273           0.0183054           -0.194303
-0.021273           0.0183054           -0.194303
0.500035             0.18808            0.458996
0.500035             0.18808            0.458996
0.500035             0.18808            0.458996
0.590732            0.521666            0.681531
0.900669          -0.0377298           0.0196609
0.900669          -0.0377298           0.0196609
0.900669          -0.0377298           0.0196609
0.757392             1.25285            0.358684
1.31896             1.60938            0.238664
1.31896             1.60938            0.238664
-0.274859             1.18522            0.538994
-0.274859             1.18522            0.538994
-0.274859             1.18522            0.538994
-0.274859             1.18522            0.538994
-0.263887              1.2861             2.05812
-0.263887              1.2861             2.05812
-0.59198             1.37872           -0.177883
-1.32522           -0.123662            -0.89233
-0.499178            -0.60104            -1.85391
-0.499178            -0.60104            -1.85391
-0.499178            -0.60104            -1.85391
-0.890016          -0.0641878            -1.63346
-0.890016          -0.0641878            -1.63346
-0.66001           -0.411558           -0.727817
-0.66001           -0.411558           -0.727817
