# VELOCITY:     SINGLE_BLOCK_AVE_POFV:       PROGRESSIVE_AVE_POFV:        ERROR:
        0.08           0           0           0
        0.24           0           0           0
         0.4           0           0           0
        0.56           0           0           0
        0.72           0           0           0
        0.88           0           0           0
        1.04           0           0           0
         1.2           0           0           0
        1.36           0           0           0
        1.52           0           0           0
        1.68           0           0           0
        1.84           0           0           0
           2        1.54        1.54           0
        2.16        6.76        6.76           0
        2.32       34.58       34.58           0
        2.48       22.97       22.97           0
        2.64       33.18       33.18           0
         2.8        7.84        7.84           0
        2.96        1.13        1.13           0
        3.12           0           0           0
        3.28           0           0           0
        3.44           0           0           0
         3.6           0           0           0
        3.76           0           0           0
        3.92           0           0           0
        4.08           0           0           0
        4.24           0           0           0
         4.4           0           0           0
        4.56           0           0           0
        4.72           0           0           0
        4.88           0           0           0
        5.04           0           0           0
         5.2           0           0           0
        5.36           0           0           0
        5.52           0           0           0
        5.68           0           0           0
        5.84           0           0           0
           6           0           0           0
        6.16           0           0           0
        6.32           0           0           0
        6.48           0           0           0
        6.64           0           0           0
         6.8           0           0           0
        6.96           0           0           0
        7.12           0           0           0
        7.28           0           0           0
        7.44           0           0           0
         7.6           0           0           0
        7.76           0           0           0
        7.92           0           0           0
        0.08           0           0           0
        0.24        0.04        0.02   0.0141421
         0.4        0.06        0.03   0.0212132
        0.56        0.18        0.09   0.0636396
        0.72        0.18        0.09   0.0636396
        0.88        0.17       0.085   0.0601041
        1.04        0.19       0.095   0.0671751
         1.2        0.29       0.145     0.10253
        1.36        0.67       0.335    0.236881
        1.52        1.02        0.51    0.360624
        1.68        3.21       1.605     1.13491
        1.84        8.31       4.155     2.93803
           2         9.7        5.62       2.885
        2.16        9.76        8.26     1.06066
        2.32       15.16       24.87     6.86601
        2.48       17.59       20.28     1.90212
        2.64       16.24       24.71     5.98919
         2.8       14.31      11.075     2.28749
        2.96        7.82       4.475     2.36527
        3.12        2.91       1.455     1.02884
        3.28        0.19       0.095   0.0671751
        3.44           0           0           0
         3.6           0           0           0
        3.76           0           0           0
        3.92           0           0           0
        4.08           0           0           0
        4.24           0           0           0
         4.4           0           0           0
        4.56           0           0           0
        4.72           0           0           0
        4.88           0           0           0
        5.04           0           0           0
         5.2           0           0           0
        5.36           0           0           0
        5.52           0           0           0
        5.68           0           0           0
        5.84           0           0           0
           6           0           0           0
        6.16           0           0           0
        6.32           0           0           0
        6.48           0           0           0
        6.64           0           0           0
         6.8           0           0           0
        6.96           0           0           0
        7.12           0           0           0
        7.28           0           0           0
        7.44           0           0           0
         7.6           0           0           0
        7.76           0           0           0
        7.92           0           0           0
        0.08           0           0           0
        0.24        0.03   0.0233333  0.00981307
         0.4        0.64    0.233333    0.166622
        0.56         0.5    0.226667    0.119381
        0.72        0.53    0.236667    0.127046
        0.88        0.43         0.2    0.102089
        1.04        0.31    0.166667    0.073686
         1.2        0.37        0.22   0.0917727
        1.36        1.64        0.77    0.388702
        1.52        3.84        1.62    0.937657
        1.68        5.04        2.75     1.20269
        1.84        4.54     4.28333     1.96149
           2        8.99     6.74333     2.13083
        2.16        6.93     7.81667    0.794374
        2.32        8.28       19.34     6.42956
        2.48       13.47       18.01     2.24573
        2.64       12.88     20.7667     5.12923
         2.8        9.46     10.5367     1.58708
        2.96        9.82     6.25667     2.14538
        3.12       11.24     4.71667     2.75005
        3.28        7.22        2.47      1.9397
        3.44        1.29        0.43    0.351094
         3.6         0.1   0.0333333   0.0272166
        3.76        0.08   0.0266667   0.0217732
        3.92        0.13   0.0433333   0.0353815
        4.08        0.24        0.08   0.0653197
        4.24           0           0           0
         4.4           0           0           0
        4.56           0           0           0
        4.72           0           0           0
        4.88           0           0           0
        5.04           0           0           0
         5.2           0           0           0
        5.36           0           0           0
        5.52           0           0           0
        5.68           0           0           0
        5.84           0           0           0
           6           0           0           0
        6.16           0           0           0
        6.32           0           0           0
        6.48           0           0           0
        6.64           0           0           0
         6.8           0           0           0
        6.96           0           0           0
        7.12           0           0           0
        7.28           0           0           0
        7.44           0           0           0
         7.6           0           0           0
        7.76           0           0           0
        7.92           0           0           0
        0.08           0           0           0
        0.24           0      0.0175  0.00892679
         0.4         0.4       0.275    0.130072
        0.56        0.48        0.29       0.105
        0.72        0.19       0.225   0.0958188
        0.88        1.41      0.5025    0.272933
        1.04        1.58        0.52    0.310946
         1.2        3.15      0.9525    0.638087
        1.36        4.67       1.745    0.893284
        1.52        4.09      2.2375    0.883476
        1.68        4.52      3.1925    0.980047
        1.84       10.01       5.715     1.92391
           2        7.54      6.9425     1.60741
        2.16        7.39        7.71    0.602899
        2.32        7.03     16.2625     5.50968
        2.48       10.09       16.03     2.40357
        2.64        6.89     17.2975      4.8811
         2.8        5.78      9.3475     1.57398
        2.96        5.95        6.18     1.61041
        3.12        9.57        5.93     2.31478
        3.28        7.98      3.8475     1.88135
        3.44        4.08      1.3425    0.832964
         3.6        1.38        0.37    0.292276
        3.76        1.11      0.2975    0.235116
        3.92        1.22      0.3375    0.256134
        4.08         0.4        0.16   0.0848528
        4.24        0.55      0.1375    0.119078
         4.4        0.16        0.04    0.034641
        4.56        0.38       0.095   0.0822724
        4.72           0           0           0
        4.88           0           0           0
        5.04           0           0           0
         5.2           0           0           0
        5.36           0           0           0
        5.52           0           0           0
        5.68           0           0           0
        5.84           0           0           0
           6           0           0           0
        6.16           0           0           0
        6.32           0           0           0
        6.48           0           0           0
        6.64           0           0           0
         6.8           0           0           0
        6.96           0           0           0
        7.12           0           0           0
        7.28           0           0           0
        7.44           0           0           0
         7.6           0           0           0
        7.76           0           0           0
        7.92           0           0           0
        0.08        0.05        0.01  0.00894427
        0.24        0.07       0.028   0.0117983
         0.4        0.43       0.306    0.107688
        0.56        0.66       0.364    0.106943
        0.72        0.94       0.368    0.149115
        0.88        2.06       0.814    0.353979
        1.04        2.48       0.912    0.429897
         1.2        3.38       1.438    0.670184
        1.36        5.97        2.59     1.04015
        1.52        3.82       2.554    0.761365
        1.68        9.31       4.416     1.34621
        1.84       10.26       6.624     1.74067
           2        6.88        6.93     1.28597
        2.16        6.97       7.562    0.500155
        2.32        6.58      14.326     4.73585
        2.48        6.05      14.034     2.62385
        2.64        5.13      14.864     4.47053
         2.8        7.47       8.972     1.30321
        2.96        3.53        5.65     1.37277
        3.12        7.21       6.186     1.86592
        3.28        5.92       4.262     1.55007
        3.44        3.68        1.81    0.786699
         3.6        1.31       0.558    0.288006
        3.76        2.13       0.664    0.377938
        3.92           2        0.67    0.361154
        4.08        1.82       0.492     0.30461
        4.24        0.77       0.264    0.147908
         4.4        0.58       0.148    0.100495
        4.56        0.25       0.126   0.0714199
        4.72        0.08       0.016   0.0143108
        4.88        0.12       0.024   0.0214663
        5.04        0.09       0.018   0.0160997
         5.2           0           0           0
        5.36           0           0           0
        5.52           0           0           0
        5.68           0           0           0
        5.84           0           0           0
           6           0           0           0
        6.16           0           0           0
        6.32           0           0           0
        6.48           0           0           0
        6.64           0           0           0
         6.8           0           0           0
        6.96           0           0           0
        7.12           0           0           0
        7.28           0           0           0
        7.44           0           0           0
         7.6           0           0           0
        7.76           0           0           0
        7.92           0           0           0
        0.08           0  0.00833333  0.00760726
        0.24        0.53    0.111667   0.0770071
         0.4        0.47    0.333333   0.0931447
        0.56        0.07       0.315   0.0997149
        0.72        1.65    0.581667     0.23127
        0.88        1.72       0.965      0.3256
        1.04        2.77     1.22167    0.456347
         1.2         4.8     1.99833    0.757332
        1.36        6.35     3.21667     1.03855
        1.52        5.74       3.085    0.798449
        1.68        7.45     4.92167      1.2131
        1.84        6.85     6.66167     1.45097
           2       11.04       7.615     1.24074
        2.16        7.38     7.53167    0.417715
        2.32        6.55       13.03     4.12006
        2.48        4.68      12.475      2.6089
        2.64        8.39      13.785     3.85345
         2.8        4.83     8.28167      1.2556
        2.96        3.92     5.36167     1.17387
        3.12        4.83        5.96     1.56856
        3.28         6.3     4.60167     1.32842
        3.44        2.42     1.91167     0.66212
         3.6        1.41         0.7    0.272774
        3.76        0.97       0.715     0.31837
        3.92        2.02       0.895     0.36437
        4.08         0.7    0.526667    0.255807
        4.24        0.59    0.318333    0.132862
         4.4        1.24        0.33    0.186056
        4.56        0.16    0.131667    0.059741
        4.72        1.09       0.195    0.163839
        4.88        0.41   0.0883333    0.061392
        5.04        0.67    0.126667    0.100102
         5.2           0           0           0
        5.36           0           0           0
        5.52           0           0           0
        5.68           0           0           0
        5.84           0           0           0
           6           0           0           0
        6.16           0           0           0
        6.32           0           0           0
        6.48           0           0           0
        6.64           0           0           0
         6.8           0           0           0
        6.96           0           0           0
        7.12           0           0           0
        7.28           0           0           0
        7.44           0           0           0
         7.6           0           0           0
        7.76           0           0           0
        7.92           0           0           0
        0.08           0  0.00714286    0.006613
        0.24        0.97    0.234286    0.131318
         0.4        0.28    0.325714   0.0801493
        0.56        1.76    0.521429    0.209357
        0.72         2.2    0.812857    0.291735
        0.88        3.06     1.26429    0.393274
        1.04        2.05        1.34    0.406207
         1.2        3.12     2.15857    0.665878
        1.36        3.18     3.21143    0.890199
        1.52           9        3.93     1.03942
        1.68        6.27     5.11429     1.05498
        1.84        7.28        6.75     1.24637
           2        9.83     7.93143     1.10311
        2.16        3.86     7.00714    0.603337
        2.32        8.08     12.3229     3.59165
        2.48        6.29     11.5914     2.38113
        2.64        9.03     13.1057      3.3623
         2.8        4.01     7.67143     1.21551
        2.96        6.16     5.47571      1.0117
        3.12        5.52     5.89714     1.34574
        3.28        4.54     4.59286     1.13868
        3.44        1.74     1.88714    0.567985
         3.6        1.82        0.86    0.276782
        3.76        3.09     1.05429    0.416099
        3.92        0.82    0.884286    0.312474
        4.08        0.29    0.492857    0.221486
        4.24        1.57    0.497143    0.200934
         4.4        1.61    0.512857    0.232578
        4.56        0.15    0.134286   0.0512639
        4.72        0.12    0.184286    0.140783
        4.88        0.07   0.0857143   0.0526776
        5.04         0.1    0.122857    0.085874
         5.2        0.13   0.0185714   0.0171938
        5.36           0           0           0
        5.52           0           0           0
        5.68           0           0           0
        5.84           0           0           0
           6           0           0           0
        6.16           0           0           0
        6.32           0           0           0
        6.48           0           0           0
        6.64           0           0           0
         6.8           0           0           0
        6.96           0           0           0
        7.12           0           0           0
        7.28           0           0           0
        7.44           0           0           0
         7.6           0           0           0
        7.76           0           0           0
        7.92           0           0           0
        0.08           0     0.00625  0.00584634
        0.24           0       0.205    0.118123
         0.4        2.31     0.57375    0.242384
        0.56        1.64     0.66125    0.225086
        0.72        1.67        0.92    0.274238
        0.88         2.4     1.40625    0.368849
        1.04        3.24      1.5775     0.41915
         1.2        3.63      2.3425    0.607515
        1.36        5.16       3.455    0.811563
        1.52        7.16     4.33375    0.984795
        1.68        7.08        5.36    0.951292
        1.84        8.93      7.0225     1.11997
           2        7.77     7.91125    0.965402
        2.16        6.99       7.005    0.527923
        2.32        6.56     11.6025     3.21412
        2.48        6.19     10.9162     2.17711
        2.64        4.73     12.0587     3.10074
         2.8        6.11     7.47625     1.07913
        2.96         4.1     5.30375    0.899731
        3.12        4.08        5.67     1.19654
        3.28        4.03      4.5225    0.998513
        3.44        3.42     2.07875    0.528318
         3.6        3.82        1.23    0.422422
        3.76        1.86       1.155    0.376078
        3.92        1.63      0.9775    0.286982
        4.08        1.14     0.57375    0.208049
        4.24        1.49     0.62125    0.210687
         4.4        0.09        0.46    0.209426
        4.56        0.03     0.12125   0.0464838
        4.72        0.03       0.165    0.124499
        4.88        0.03     0.07875    0.046551
        5.04        0.06       0.115   0.0754983
         5.2        0.15       0.035   0.0215058
        5.36        0.47     0.05875   0.0549556
        5.52           0           0           0
        5.68           0           0           0
        5.84           0           0           0
           6           0           0           0
        6.16           0           0           0
        6.32           0           0           0
        6.48           0           0           0
        6.64           0           0           0
         6.8           0           0           0
        6.96           0           0           0
        7.12           0           0           0
        7.28           0           0           0
        7.44           0           0           0
         7.6           0           0           0
        7.76           0           0           0
        7.92           0           0           0
        0.08        0.02  0.00777778  0.00539267
        0.24         1.6        0.36    0.179945
         0.4         2.5    0.787778    0.295191
        0.56        1.79    0.786667    0.232406
        0.72        1.36    0.968889    0.248086
        0.88        2.73     1.55333    0.355986
        1.04        1.39     1.55667    0.373095
         1.2        6.37        2.79    0.685288
        1.36        7.47     3.90111    0.835048
        1.52        4.38     4.33889    0.875387
        1.68        5.84     5.41333    0.847087
        1.84        9.59     7.30778     1.03122
           2        7.12     7.82333    0.862129
        2.16        7.14        7.02    0.469478
        2.32        7.52     11.1489     2.88883
        2.48        5.12     10.2722     2.02823
        2.64         3.8     11.1411      2.8888
         2.8        5.35        7.24    0.984747
        2.96        5.56     5.33222    0.800211
        3.12        3.44     5.42222     1.08894
        3.28        4.96     4.57111    0.888749
        3.44         5.2     2.42556    0.572232
         3.6        3.39        1.47    0.438395
        3.76        1.65        1.21    0.338289
        3.92        0.82        0.96    0.255628
        4.08        0.94    0.614444     0.18887
        4.24        0.38    0.594444    0.188975
         4.4        0.08    0.417778    0.190365
        4.56        0.08    0.116667   0.0415443
        4.72        0.09    0.156667    0.110944
        4.88        0.14   0.0855556   0.0418732
        5.04        0.18    0.122222   0.0674542
         5.2           0   0.0311111   0.0194647
        5.36           0   0.0522222   0.0492356
        5.52           0           0           0
        5.68           0           0           0
        5.84           0           0           0
           6           0           0           0
        6.16           0           0           0
        6.32           0           0           0
        6.48           0           0           0
        6.64           0           0           0
         6.8           0           0           0
        6.96           0           0           0
        7.12           0           0           0
        7.28           0           0           0
        7.44           0           0           0
         7.6           0           0           0
        7.76           0           0           0
        7.92           0           0           0
        0.08        0.72       0.079   0.0677414
        0.24        1.26        0.45    0.183079
         0.4        2.94       1.003    0.335067
        0.56        0.49       0.757     0.21105
        0.72        0.78        0.95    0.223996
        0.88        3.69       1.767    0.379125
        1.04        4.42       1.843    0.431903
         1.2        4.41       2.952    0.635619
        1.36        6.84       4.195    0.801592
        1.52        7.03       4.608    0.828181
        1.68        8.29       5.701    0.809751
        1.84         6.7       7.247    0.929888
           2        5.45       7.586    0.807924
        2.16        6.42        6.96    0.426347
        2.32        8.55      10.889     2.61161
        2.48        4.82       9.727     1.89727
        2.64        3.98      10.425     2.68722
         2.8        6.55       7.171    0.888686
        2.96        6.09       5.408    0.723769
        3.12        2.16       5.096     1.02775
        3.28        3.68       4.482    0.804329
        3.44        4.76       2.659    0.560608
         3.6        3.87        1.71    0.455537
        3.76        1.11         1.2    0.304608
        3.92        1.52       1.016    0.236119
        4.08        0.74       0.627      0.1704
        4.24        0.06       0.541    0.177474
         4.4        0.07       0.383    0.174477
        4.56        0.43       0.148   0.0477661
        4.72        0.17       0.158   0.0998579
        4.88           0       0.077     0.03855
        5.04           0        0.11   0.0618061
         5.2           0       0.028   0.0177651
        5.36           0       0.047   0.0445881
        5.52           0           0           0
        5.68           0           0           0
        5.84           0           0           0
           6           0           0           0
        6.16           0           0           0
        6.32           0           0           0
        6.48           0           0           0
        6.64           0           0           0
         6.8           0           0           0
        6.96           0           0           0
        7.12           0           0           0
        7.28           0           0           0
        7.44           0           0           0
         7.6           0           0           0
        7.76           0           0           0
        7.92           0           0           0
        0.08        0.62    0.128182   0.0774044
        0.24        0.86    0.487273    0.170188
         0.4        2.05     1.09818    0.317838
        0.56        1.48    0.822727    0.201839
        0.72        1.91     1.03727    0.219978
        0.88        4.42     2.00818    0.414332
        1.04        6.64     2.27909    0.571885
         1.2        2.76     2.93455    0.578075
        1.36        7.06     4.45545    0.769872
        1.52        5.83     4.71909    0.760306
        1.68        7.23        5.84    0.747972
        1.84        6.76     7.20273    0.846406
           2        6.23     7.46273    0.743821
        2.16        2.79     6.58091    0.529972
        2.32        7.66     10.5955     2.39063
        2.48         9.8     9.73364     1.72481
        2.64        5.16     9.94636     2.48519
         2.8        5.18        6.99    0.826123
        2.96         5.8     5.44364    0.658849
        3.12        2.52     4.86182     0.96063
        3.28        5.47     4.57182    0.736206
        3.44        2.58     2.65182    0.509689
         3.6        2.66     1.79636    0.422232
        3.76        2.62     1.32909    0.303038
        3.92        0.84           1    0.215195
        4.08        0.07    0.576364    0.162258
        4.24           0    0.491818    0.168016
         4.4        0.71    0.412727    0.161128
        4.56        0.29    0.160909   0.0451344
        4.72           0    0.143636   0.0918071
        4.88           0        0.07   0.0356753
        5.04           0         0.1   0.0569906
         5.2           0   0.0254545   0.0163315
        5.36           0   0.0427273   0.0407389
        5.52           0           0           0
        5.68           0           0           0
        5.84           0           0           0
           6           0           0           0
        6.16           0           0           0
        6.32           0           0           0
        6.48           0           0           0
        6.64           0           0           0
         6.8           0           0           0
        6.96           0           0           0
        7.12           0           0           0
        7.28           0           0           0
        7.44           0           0           0
         7.6           0           0           0
        7.76           0           0           0
        7.92           0           0           0
        0.08           0      0.1175   0.0716873
        0.24        1.55    0.575833    0.177559
         0.4        0.95     1.08583    0.291592
        0.56        2.52    0.964167    0.229282
        0.72        1.46      1.0725    0.204448
        0.88        2.08     2.01417    0.379847
        1.04        7.85     2.74333    0.687296
         1.2        5.03     3.10917    0.555651
        1.36        6.76      4.6475    0.729276
        1.52        7.25        4.93    0.725611
        1.68        5.04     5.77333    0.688606
        1.84        8.14     7.28083    0.779468
           2        6.08      7.3475    0.690703
        2.16        3.99       6.365    0.527959
        2.32        6.97     10.2933     2.21042
        2.48         7.8      9.5725     1.58858
        2.64         6.1     9.62583     2.29866
         2.8        7.92      7.0675    0.760906
        2.96        3.35     5.26917     0.62662
        3.12        3.93     4.78417     0.88371
        3.28         3.2      4.4575    0.683674
        3.44        3.83        2.75    0.476578
         3.6        2.22     1.83167    0.388519
        3.76        2.81      1.4525    0.301869
        3.92        0.17    0.930833    0.208081
        4.08           0    0.528333    0.155683
        4.24           0    0.450833    0.158935
         4.4           1    0.461667    0.154954
        4.56           0      0.1475   0.0433193
        4.72           0    0.131667   0.0849333
        4.88           0   0.0641667   0.0331758
        5.04           0   0.0916667   0.0528472
         5.2           0   0.0233333   0.0151076
        5.36           0   0.0391667   0.0374992
        5.52           0           0           0
        5.68           0           0           0
        5.84           0           0           0
           6           0           0           0
        6.16           0           0           0
        6.32           0           0           0
        6.48           0           0           0
        6.64           0           0           0
         6.8           0           0           0
        6.96           0           0           0
        7.12           0           0           0
        7.28           0           0           0
        7.44           0           0           0
         7.6           0           0           0
        7.76           0           0           0
        7.92           0           0           0
        0.08           0    0.108462   0.0667402
        0.24        0.38    0.560769    0.164538
         0.4        1.24     1.09769    0.269402
        0.56        1.43           1    0.214426
        0.72        1.95        1.14    0.199553
        0.88        1.25     1.95538    0.355147
        1.04        8.56     3.19077    0.766353
         1.2        5.17     3.26769    0.535044
        1.36        6.24        4.77    0.683389
        1.52        6.89     5.08077    0.685279
        1.68        7.92     5.93846    0.655136
        1.84        7.39     7.28923    0.719554
           2         3.2     7.02846    0.707428
        2.16        7.73        6.47    0.497679
        2.32        8.52     10.1569     2.04459
        2.48         7.4     9.40538     1.47515
        2.64        6.37     9.37538     2.13544
         2.8        7.83     7.12615    0.704632
        2.96        5.36     5.27615    0.578457
        3.12        3.97     4.72154    0.817949
        3.28        1.82     4.25462    0.660502
        3.44         2.7     2.74615    0.439933
         3.6        2.62     1.89231    0.363335
        3.76        0.33     1.36615    0.290736
        3.92        0.73    0.915385    0.192648
        4.08           0    0.487692    0.148918
        4.24        0.68    0.468462    0.147684
         4.4        0.32    0.450769    0.143418
        4.56           0    0.136154   0.0414463
        4.72           0    0.121538   0.0790015
        4.88           0   0.0592308   0.0309889
        5.04           0   0.0846154   0.0492502
         5.2           0   0.0215385   0.0140517
        5.36           0   0.0361538   0.0347355
        5.52           0           0           0
        5.68           0           0           0
        5.84           0           0           0
           6           0           0           0
        6.16           0           0           0
        6.32           0           0           0
        6.48           0           0           0
        6.64           0           0           0
         6.8           0           0           0
        6.96           0           0           0
        7.12           0           0           0
        7.28           0           0           0
        7.44           0           0           0
         7.6           0           0           0
        7.76           0           0           0
        7.92           0           0           0
        0.08           0    0.100714   0.0624211
        0.24           0    0.520714    0.157585
         0.4        1.79     1.14714    0.254657
        0.56        0.93       0.995    0.199169
        0.72        1.69     1.17929    0.189127
        0.88        3.52     2.06714    0.346919
        1.04        5.93     3.38643    0.736167
         1.2        2.61     3.22071    0.498885
        1.36        6.65     4.90429    0.647634
        1.52       10.26     5.45071    0.729384
        1.68        5.01     5.87214    0.611688
        1.84        4.74     7.10714    0.690812
           2        7.59     7.06857    0.658033
        2.16           9     6.65071    0.493851
        2.32        9.28     10.0943     1.89951
        2.48        5.26     9.10929     1.39918
        2.64        7.41       9.235     1.98752
         2.8       13.42     7.57571    0.784715
        2.96        2.95        5.11    0.560494
        3.12        2.19     4.54071    0.779255
        3.28        0.94     4.01786    0.654382
        3.44        1.34     2.64571    0.419819
         3.6        3.27     1.99071    0.350455
        3.76        0.41     1.29786    0.277875
        3.92        0.69    0.899286    0.179559
        4.08        0.12    0.461429    0.140578
        4.24           1    0.506429    0.141931
         4.4           0    0.418571     0.13674
        4.56           0    0.126429   0.0396104
        4.72           0    0.112857    0.073834
        4.88           0       0.055   0.0290627
        5.04           0   0.0785714   0.0461017
         5.2           0        0.02    0.013132
        5.36           0   0.0335714   0.0323502
        5.52           0           0           0
        5.68           0           0           0
        5.84           0           0           0
           6           0           0           0
        6.16           0           0           0
        6.32           0           0           0
        6.48           0           0           0
        6.64           0           0           0
         6.8           0           0           0
        6.96           0           0           0
        7.12           0           0           0
        7.28           0           0           0
        7.44           0           0           0
         7.6           0           0           0
        7.76           0           0           0
        7.92           0           0           0
        0.08           0       0.094   0.0586197
        0.24        0.61    0.526667    0.147192
         0.4        1.39     1.16333    0.238194
        0.56        0.47        0.96    0.188941
        0.72        1.53     1.20267    0.177957
        0.88        2.63     2.10467    0.325814
        1.04        4.78     3.47933    0.692926
         1.2        5.69     3.38533    0.492037
        1.36        5.33     4.93267     0.60508
        1.52         7.4     5.58067    0.692238
        1.68        7.79           6    0.584119
        1.84       11.08       7.372    0.693676
           2        6.19        7.01    0.616766
        2.16        6.97       6.672    0.461387
        2.32        7.97     9.95267     1.77815
        2.48        9.75       9.152     1.30655
        2.64        9.15     9.22933     1.85503
         2.8        6.37     7.49533    0.736506
        2.96        2.57     4.94067     0.54811
        3.12         2.9     4.43133    0.734941
        3.28        1.76     3.86733     0.62783
        3.44        1.32     2.55733    0.401026
         3.6        2.35     2.01467    0.327909
        3.76           0     1.21133    0.272488
        3.92        0.26    0.856667    0.172572
        4.08        0.74        0.48    0.132427
        4.24           1    0.539333     0.13623
         4.4           0    0.390667     0.13044
        4.56           0       0.118   0.0378559
        4.72           0    0.105333    0.069294
        4.88           0   0.0513333   0.0273555
        5.04           0   0.0733333   0.0433248
         5.2           0   0.0186667    0.012324
        5.36           0   0.0313333   0.0302709
        5.52           0           0           0
        5.68           0           0           0
        5.84           0           0           0
           6           0           0           0
        6.16           0           0           0
        6.32           0           0           0
        6.48           0           0           0
        6.64           0           0           0
         6.8           0           0           0
        6.96           0           0           0
        7.12           0           0           0
        7.28           0           0           0
        7.44           0           0           0
         7.6           0           0           0
        7.76           0           0           0
        7.92           0           0           0
        0.08           0    0.088125   0.0552496
        0.24           0     0.49375    0.141625
         0.4        1.61     1.19125    0.224937
        0.56        0.84      0.9525    0.177281
        0.72        1.55     1.22437    0.168154
        0.88        3.65     2.20125    0.319445
        1.04        4.79     3.56125    0.654443
         1.2        7.04     3.61375    0.511563
        1.36        6.55     5.03375    0.575644
        1.52        6.94     5.66563    0.654166
        1.68        5.13     5.94563    0.550136
        1.84       10.42      7.5625    0.675973
           2        7.46     7.03812    0.578859
        2.16        7.04       6.695    0.433123
        2.32        7.37     9.79125     1.67432
        2.48        9.71     9.18688     1.22536
        2.64        8.52       9.185     1.73962
         2.8        5.61      7.3775    0.699837
        2.96        4.47     4.91125    0.514642
        3.12        3.02     4.34312    0.694281
        3.28        1.28     3.70563     0.60906
        3.44           1        2.46    0.387594
         3.6           2     2.01375    0.307416
        3.76        0.36     1.15812    0.260601
        3.92        0.64    0.843125    0.162317
        4.08           0        0.45    0.127503
        4.24           1    0.568125    0.130723
         4.4           0     0.36625    0.124552
        4.56           0    0.110625   0.0362011
        4.72           0     0.09875   0.0652751
        4.88           0    0.048125   0.0258333
        5.04           0     0.06875   0.0408587
         5.2           0      0.0175   0.0116089
        5.36           0    0.029375   0.0284422
        5.52           0           0           0
        5.68           0           0           0
        5.84           0           0           0
           6           0           0           0
        6.16           0           0           0
        6.32           0           0           0
        6.48           0           0           0
        6.64           0           0           0
         6.8           0           0           0
        6.96           0           0           0
        7.12           0           0           0
        7.28           0           0           0
        7.44           0           0           0
         7.6           0           0           0
        7.76           0           0           0
        7.92           0           0           0
        0.08           0   0.0829412   0.0522422
        0.24           0    0.464706     0.13624
         0.4        1.28     1.19647    0.211766
        0.56        1.91     1.00882    0.175572
        0.72        2.61     1.30588    0.176917
        0.88        3.82     2.29647    0.314526
        1.04        4.54     3.61882    0.618473
         1.2        6.73     3.79706    0.513264
        1.36        6.41     5.11471    0.547446
        1.52        7.52     5.77471    0.624714
        1.68        3.18     5.78294    0.541295
        1.84        7.66     7.56824    0.636234
           2        9.77     7.19882    0.566675
        2.16        8.95     6.82765    0.427475
        2.32        10.1     9.80941     1.57593
        2.48        6.08     9.00412     1.16683
        2.64        8.29     9.13235     1.63808
         2.8        6.95     7.35235    0.659122
        2.96        3.94     4.85412     0.48753
        3.12        2.26     4.22059    0.664166
        3.28           1     3.54647    0.593663
        3.44           1     2.37412    0.374188
         3.6        2.13     2.02059    0.289409
        3.76        0.87     1.14118    0.245822
        3.92           0    0.793529    0.160166
        4.08           0    0.423529     0.12272
        4.24           1    0.593529    0.125477
         4.4           0    0.344706    0.119074
        4.56           0    0.104118   0.0346516
        4.72           0   0.0929412   0.0616933
        4.88           0   0.0452941   0.0244683
        5.04           0   0.0647059   0.0386549
         5.2           0   0.0164706   0.0109715
        5.36           0   0.0276471   0.0268216
        5.52           0           0           0
        5.68           0           0           0
        5.84           0           0           0
           6           0           0           0
        6.16           0           0           0
        6.32           0           0           0
        6.48           0           0           0
        6.64           0           0           0
         6.8           0           0           0
        6.96           0           0           0
        7.12           0           0           0
        7.28           0           0           0
        7.44           0           0           0
         7.6           0           0           0
        7.76           0           0           0
        7.92           0           0           0
        0.08           0   0.0783333   0.0495427
        0.24        1.59    0.527222    0.142293
         0.4        0.41     1.15278    0.204459
        0.56        1.98     1.06278    0.173911
        0.72        2.19       1.355    0.173773
        0.88        4.69     2.42944    0.323944
        1.04        6.08     3.75556    0.599037
         1.2        2.57     3.72889    0.489255
        1.36        8.04     5.27722    0.540617
        1.52        7.67        5.88    0.598815
        1.68        5.66     5.77611    0.511266
        1.84        9.74     7.68889    0.612221
           2        9.55     7.32944    0.550042
        2.16       10.12     7.01056    0.441125
        2.32         6.5     9.62556     1.49907
        2.48        4.47     8.75222     1.12887
        2.64        7.84     9.06056     1.54865
         2.8        4.15     7.17444    0.646068
        2.96        5.56     4.89333    0.462019
        3.12        2.28     4.11278    0.635958
        3.28        1.69     3.44333     0.56957
        3.44        1.74     2.33889    0.355054
         3.6        1.48     1.99056    0.274884
        3.76           1     1.13333     0.23229
        3.92           0    0.749444    0.157218
        4.08           0         0.4    0.118136
        4.24           1    0.616111    0.120521
         4.4           0    0.325556    0.113988
        4.56           0   0.0983333   0.0332058
        4.72           0   0.0877778   0.0584816
        4.88           0   0.0427778    0.023238
        5.04           0   0.0611111   0.0366741
         5.2           0   0.0155556   0.0104001
        5.36           0   0.0261111   0.0253754
        5.52           0           0           0
        5.68           0           0           0
        5.84           0           0           0
           6           0           0           0
        6.16           0           0           0
        6.32           0           0           0
        6.48           0           0           0
        6.64           0           0           0
         6.8           0           0           0
        6.96           0           0           0
        7.12           0           0           0
        7.28           0           0           0
        7.44           0           0           0
         7.6           0           0           0
        7.76           0           0           0
        7.92           0           0           0
        0.08           0   0.0742105   0.0471064
        0.24         1.7    0.588947    0.147586
         0.4        0.46     1.11632    0.196923
        0.56        2.22     1.12368    0.175098
        0.72        2.26     1.40263    0.171031
        0.88        5.02     2.56579    0.334359
        1.04        5.11     3.82684    0.571735
         1.2        4.98     3.79474    0.467915
        1.36         4.9     5.25737    0.512528
        1.52        9.18     6.05368    0.591951
        1.68           6     5.78789    0.484493
        1.84       11.12     7.86947    0.606047
           2        8.76     7.40474     0.52622
        2.16        7.44     7.03316    0.418487
        2.32        8.61     9.57211     1.42112
        2.48        3.44     8.47263     1.10353
        2.64        7.94     9.00158     1.46827
         2.8        4.89     7.05421    0.623152
        2.96        5.77     4.93947        0.44
        3.12         1.2     3.95947    0.620689
        3.28        2.54     3.39579    0.541574
        3.44        1.46     2.29263    0.339367
         3.6         1.6        1.97    0.261184
        3.76         0.4     1.09474    0.223248
        3.92           0        0.71    0.153812
        4.08           0    0.378947    0.113779
        4.24           1    0.636316    0.115859
         4.4           0    0.308421    0.109269
        4.56           0   0.0931579   0.0318589
        4.72           0   0.0831579   0.0555858
        4.88           0   0.0405263   0.0221237
        5.04           0   0.0578947   0.0348847
         5.2           0   0.0147368  0.00988489
        5.36           0   0.0247368   0.0240771
        5.52           0           0           0
        5.68           0           0           0
        5.84           0           0           0
           6           0           0           0
        6.16           0           0           0
        6.32           0           0           0
        6.48           0           0           0
        6.64           0           0           0
         6.8           0           0           0
        6.96           0           0           0
        7.12           0           0           0
        7.28           0           0           0
        7.44           0           0           0
         7.6           0           0           0
        7.76           0           0           0
        7.92           0           0           0
        0.08           0      0.0705    0.044897
        0.24        0.79       0.599    0.140549
         0.4        0.92      1.1065    0.187321
        0.56        3.78      1.2565     0.21078
        0.72        0.51       1.358    0.168202
        0.88        2.36      2.5555    0.317799
        1.04        7.59       4.015    0.573274
         1.2        4.68       3.839    0.446608
        1.36        5.36      5.2625    0.486927
        1.52        7.41      6.1215    0.566225
        1.68        7.84      5.8905    0.471008
        1.84       10.38       7.995    0.588601
           2       10.42      7.5555    0.521059
        2.16        8.35       7.099    0.402709
        2.32        8.28      9.5075     1.35153
        2.48        4.92       8.295     1.06256
        2.64        7.94      8.9485     1.39581
         2.8        3.47       6.875    0.617226
        2.96        4.28      4.9065    0.419234
        3.12        2.26      3.8745    0.595443
        3.28        3.46       3.399    0.514505
        3.44           0       2.178     0.34121
         3.6           2      1.9715    0.248129
        3.76           0        1.04    0.218693
        3.92           0      0.6745    0.150162
        4.08           0        0.36    0.109656
        4.24           1      0.6545    0.111484
         4.4           0       0.293    0.104888
        4.56           0      0.0885   0.0306045
        4.72           0       0.079   0.0529618
        4.88           0      0.0385   0.0211101
        5.04           0       0.055   0.0332603
         5.2           0       0.014  0.00941807
        5.36           0      0.0235    0.022905
        5.52           0           0           0
        5.68           0           0           0
        5.84           0           0           0
           6           0           0           0
        6.16           0           0           0
        6.32           0           0           0
        6.48           0           0           0
        6.64           0           0           0
         6.8           0           0           0
        6.96           0           0           0
        7.12           0           0           0
        7.28           0           0           0
        7.44           0           0           0
         7.6           0           0           0
        7.76           0           0           0
        7.92           0           0           0
        0.08           0   0.0671429   0.0428843
        0.24           0    0.570476     0.13672
         0.4        1.54     1.12714    0.179535
        0.56        1.86     1.28524    0.202692
        0.72        3.12      1.4419    0.179906
        0.88        1.46     2.50333    0.306917
        1.04        5.27     4.07476    0.549082
         1.2        8.71     4.07095    0.481825
        1.36        3.69     5.18762    0.469462
        1.52        8.12     6.21667    0.547201
        1.68        7.53     5.96857    0.455004
        1.84       12.56     8.21238    0.599371
           2       11.32     7.73476     0.52618
        2.16        5.96     7.04476    0.387168
        2.32        7.24     9.39952     1.29148
        2.48        7.01     8.23381     1.01372
        2.64        5.63     8.79048     1.33826
         2.8        4.98     6.78476    0.594394
        2.96        3.63     4.84571    0.403653
        3.12        1.37     3.75524    0.578909
        3.28           4     3.42762      0.4908
        3.44           0     2.07429     0.34036
         3.6           2     1.97286    0.236317
        3.76           0    0.990476    0.213813
        3.92           0    0.642381    0.146407
        4.08           0    0.342857    0.105766
        4.24        0.76    0.659524    0.106289
         4.4        0.24    0.290476    0.099924
        4.56           0   0.0842857   0.0294359
        4.72           0   0.0752381   0.0505732
        4.88           0   0.0366667   0.0201843
        5.04           0    0.052381   0.0317795
         5.2           0   0.0133333  0.00899315
        5.36           0    0.022381   0.0218416
        5.52           0           0           0
        5.68           0           0           0
        5.84           0           0           0
           6           0           0           0
        6.16           0           0           0
        6.32           0           0           0
        6.48           0           0           0
        6.64           0           0           0
         6.8           0           0           0
        6.96           0           0           0
        7.12           0           0           0
        7.28           0           0           0
        7.44           0           0           0
         7.6           0           0           0
        7.76           0           0           0
        7.92           0           0           0
        0.08           0   0.0640909   0.0410435
        0.24        0.29    0.557727    0.131098
         0.4        1.71     1.15364    0.173318
        0.56        0.57     1.25273    0.196069
        0.72        1.05     1.42409    0.172608
        0.88        3.66     2.55591    0.297436
        1.04        6.81     4.19909    0.538015
         1.2        7.59     4.23091     0.48575
        1.36         8.7     5.34727    0.474495
        1.52        3.47     6.09182    0.536382
        1.68        9.75     6.14045    0.465657
        1.84       11.66     8.36909    0.592259
           2       10.95     7.88091    0.522164
        2.16        4.09     6.91045    0.392173
        2.32         8.7     9.36773     1.23317
        2.48        4.66     8.07136    0.980571
        2.64         6.1     8.66818     1.28301
         2.8        5.72     6.73636    0.569343
        2.96        3.55     4.78682    0.389578
        3.12        1.67     3.66045      0.5603
        3.28         3.8     3.44455    0.468782
        3.44        0.63     2.00864     0.33116
         3.6        1.87     1.96818    0.225622
        3.76           0    0.945455     0.20878
        3.92           0    0.613182    0.142634
        4.08           0    0.327273      0.1021
        4.24           0    0.629545      0.1056
         4.4           1    0.322727    0.100452
        4.56           0   0.0804545   0.0283461
        4.72           0   0.0718182   0.0483899
        4.88           0       0.035   0.0193356
        5.04           0        0.05    0.030424
         5.2           0   0.0127273  0.00860477
        5.36           0   0.0213636   0.0208725
        5.52           0           0           0
        5.68           0           0           0
        5.84           0           0           0
           6           0           0           0
        6.16           0           0           0
        6.32           0           0           0
        6.48           0           0           0
        6.64           0           0           0
         6.8           0           0           0
        6.96           0           0           0
        7.12           0           0           0
        7.28           0           0           0
        7.44           0           0           0
         7.6           0           0           0
        7.76           0           0           0
        7.92           0           0           0
        0.08        0.45   0.0808696   0.0425506
        0.24        0.55    0.557391    0.125399
         0.4        0.32     1.11739     0.16953
        0.56        1.71     1.27261     0.18855
        0.72         1.1        1.41    0.165678
        0.88        4.62     2.64565    0.297735
        1.04        4.97     4.23261    0.515666
         1.2        6.76     4.34087    0.476914
        1.36        6.18     5.38348    0.455244
        1.52        8.08     6.17826     0.51998
        1.68       14.51     6.50435    0.570133
        1.84        4.51      8.2013    0.589797
           2       10.75     8.00565    0.514146
        2.16        7.09     6.91826      0.3752
        2.32        9.76     9.38478     1.17967
        2.48        4.31     7.90783    0.951477
        2.64        4.01     8.46565     1.24311
         2.8        4.81     6.65261    0.550715
        2.96        3.14     4.71522    0.379163
        3.12        3.11     3.63652     0.53645
        3.28        3.79     3.45957    0.448641
        3.44        1.47     1.98522    0.317588
         3.6        0.83      1.9187    0.221173
        3.76        0.17    0.911739    0.202407
        3.92           0    0.586522    0.138901
        4.08           0    0.313043   0.0986476
        4.24        0.21    0.611304    0.102572
         4.4        0.79    0.343043   0.0981173
        4.56           0   0.0769565   0.0273287
        4.72           0   0.0686957   0.0463867
        4.88           0   0.0334783   0.0185547
        5.04           0   0.0478261   0.0291788
         5.2           0   0.0121739  0.00824842
        5.36           0   0.0204348   0.0199856
        5.52           0           0           0
        5.68           0           0           0
        5.84           0           0           0
           6           0           0           0
        6.16           0           0           0
        6.32           0           0           0
        6.48           0           0           0
        6.64           0           0           0
         6.8           0           0           0
        6.96           0           0           0
        7.12           0           0           0
        7.28           0           0           0
        7.44           0           0           0
         7.6           0           0           0
        7.76           0           0           0
        7.92           0           0           0
        0.08        0.17   0.0845833   0.0409394
        0.24        0.65     0.56125    0.120233
         0.4        0.18     1.07833    0.166905
        0.56        0.67      1.2475    0.182357
        0.72        2.94     1.47375    0.170599
        0.88        4.01      2.7025    0.290706
        1.04        3.53     4.20333     0.49501
         1.2        7.53     4.47375    0.475194
        1.36        7.42     5.46833    0.444113
        1.52        9.53     6.31792    0.516728
        1.68       13.28     6.78667      0.6123
        1.84        5.75     8.09917    0.573998
           2       10.09      8.0925    0.500005
        2.16        6.35     6.89458    0.360313
        2.32          11     9.45208     1.13243
        2.48        2.96     7.70167    0.933899
        2.64        5.17     8.32833     1.19887
         2.8        1.35     6.43167     0.57037
        2.96        4.04     4.68708    0.364407
        3.12        3.27     3.62125    0.514316
        3.28        4.24     3.49208    0.431125
        3.44        1.87     1.98042    0.304392
         3.6           0     1.83875    0.225944
        3.76         0.3     0.88625    0.195571
        3.92         0.7     0.59125    0.133194
        4.08           0         0.3   0.0953957
        4.24           1      0.6275   0.0995689
         4.4           0     0.32875   0.0950645
        4.56           0     0.07375   0.0263774
        4.72           0   0.0658333   0.0445421
        4.88           0   0.0320833   0.0178339
        5.04           0   0.0458333    0.028031
         5.2           0   0.0116667  0.00792032
        5.36           0   0.0195833    0.019171
        5.52           0           0           0
        5.68           0           0           0
        5.84           0           0           0
           6           0           0           0
        6.16           0           0           0
        6.32           0           0           0
        6.48           0           0           0
        6.64           0           0           0
         6.8           0           0           0
        6.96           0           0           0
        7.12           0           0           0
        7.28           0           0           0
        7.44           0           0           0
         7.6           0           0           0
        7.76           0           0           0
        7.92           0           0           0
        0.08           0      0.0812   0.0394414
        0.24           0      0.5388    0.117501
         0.4         1.3      1.0872    0.160464
        0.56        1.47      1.2564     0.17528
        0.72        0.96      1.4532    0.165008
        0.88         3.3      2.7264    0.280058
        1.04        4.82       4.228    0.475824
         1.2        6.72      4.5636    0.464603
        1.36        7.03      5.5308    0.430719
        1.52        10.8      6.4972    0.526242
        1.68        10.2      6.9232    0.602838
        1.84        5.99      8.0148    0.557204
           2        9.79      8.1604    0.484593
        2.16       10.16      7.0252    0.368816
        2.32        9.87      9.4688     1.08726
        2.48        3.34      7.5272    0.912694
        2.64        5.36      8.2096     1.15678
         2.8        2.75      6.2844    0.566247
        2.96        1.81       4.572    0.367554
        3.12        3.78      3.6276    0.493782
        3.28        3.92      3.5092    0.414219
        3.44        2.03      1.9824    0.292223
         3.6         0.6      1.7892    0.222273
        3.76        0.64      0.8764    0.187996
        3.92        0.36       0.582    0.128187
        4.08           0       0.288   0.0923316
        4.24           1      0.6424   0.0966946
         4.4           0      0.3156   0.0921669
        4.56           0      0.0708   0.0254867
        4.72           0      0.0632   0.0428382
        4.88           0      0.0308   0.0171667
        5.04           0       0.044   0.0269696
         5.2           0      0.0112  0.00761724
        5.36           0      0.0188   0.0184202
        5.52           0           0           0
        5.68           0           0           0
        5.84           0           0           0
           6           0           0           0
        6.16           0           0           0
        6.32           0           0           0
        6.48           0           0           0
        6.64           0           0           0
         6.8           0           0           0
        6.96           0           0           0
        7.12           0           0           0
        7.28           0           0           0
        7.44           0           0           0
         7.6           0           0           0
        7.76           0           0           0
        7.92           0           0           0
        0.08           0   0.0780769   0.0380478
        0.24           0    0.518077    0.114795
         0.4        0.02     1.04615    0.159456
        0.56         2.5     1.30423    0.174943
        0.72        1.36     1.44962    0.158701
        0.88        1.84     2.69231    0.271354
        1.04        2.79     4.17269    0.460726
         1.2        9.74     4.76269    0.487529
        1.36         8.5       5.645    0.429025
        1.52       10.35     6.64538    0.526453
        1.68        8.77     6.99423    0.583822
        1.84        8.23     8.02308    0.535834
           2        5.25     8.04846    0.478709
        2.16       13.25     7.26462    0.425298
        2.32        7.41     9.38962     1.04832
        2.48           6     7.46846    0.879479
        2.64        5.38     8.10077      1.1174
         2.8        3.11     6.16231    0.557476
        2.96        2.85     4.50577    0.359335
        3.12        3.79     3.63385     0.47483
        3.28         3.2     3.49731    0.398458
        3.44        0.63     1.93038    0.285575
         3.6        0.99     1.75846    0.215839
        3.76        0.59    0.865385    0.181088
        3.92        0.31    0.571538    0.123683
        4.08        0.14    0.282308   0.0889557
        4.24           1    0.656154   0.0939487
         4.4           0    0.303462   0.0894178
        4.56           0   0.0680769   0.0246515
        4.72           0   0.0607692   0.0412595
        4.88           0   0.0296154   0.0165472
        5.04           0   0.0423077   0.0259854
         5.2           0   0.0107692  0.00733644
        5.36           0   0.0180769   0.0177259
        5.52           0           0           0
        5.68           0           0           0
        5.84           0           0           0
           6           0           0           0
        6.16           0           0           0
        6.32           0           0           0
        6.48           0           0           0
        6.64           0           0           0
         6.8           0           0           0
        6.96           0           0           0
        7.12           0           0           0
        7.28           0           0           0
        7.44           0           0           0
         7.6           0           0           0
        7.76           0           0           0
        7.92           0           0           0
        0.08           0   0.0751852   0.0367484
        0.24        0.07    0.501481    0.111736
         0.4        0.09     1.01074    0.157433
        0.56         1.3     1.30407    0.168464
        0.72        1.32     1.44481    0.152896
        0.88        3.38     2.71778    0.262496
        1.04           4      4.1663    0.443707
         1.2       10.07     4.95926    0.507554
        1.36        6.48     5.67593    0.414249
        1.52       10.45      6.7863    0.525475
        1.68        9.09     7.07185    0.567335
        1.84        8.29     8.03296     0.51608
           2        4.29     7.90926    0.480792
        2.16          12        7.44    0.444239
        2.32        7.01     9.30148     1.01319
        2.48        7.26     7.46074    0.846939
        2.64        4.33     7.96111      1.0847
         2.8        5.27     6.12926    0.537807
        2.96        2.71     4.43926    0.352127
        3.12        4.52     3.66667    0.458377
        3.28        2.07     3.44444    0.387191
        3.44        1.27     1.90593    0.276044
         3.6        0.73     1.72037     0.21118
        3.76           0    0.833333    0.177195
        3.92           0     0.55037      0.1209
        4.08        0.34    0.284444   0.0856867
        4.24        1.66    0.693333   0.0975488
         4.4           0    0.292222   0.0868095
        4.56           0   0.0655556   0.0238671
        4.72           0   0.0585185   0.0397927
        4.88           0   0.0285185   0.0159707
        5.04           0   0.0407407   0.0250701
         5.2           0   0.0103704  0.00707556
        5.36           0   0.0174074    0.017082
        5.52           0           0           0
        5.68           0           0           0
        5.84           0           0           0
           6           0           0           0
        6.16           0           0           0
        6.32           0           0           0
        6.48           0           0           0
        6.64           0           0           0
         6.8           0           0           0
        6.96           0           0           0
        7.12           0           0           0
        7.28           0           0           0
        7.44           0           0           0
         7.6           0           0           0
        7.76           0           0           0
        7.92           0           0           0
        0.08           0      0.0725   0.0355339
        0.24           0    0.483571    0.109172
         0.4           1     1.01036    0.151811
        0.56         0.6     1.27893    0.164313
        0.72        0.71     1.41857     0.14967
        0.88         1.7     2.68143    0.255626
        1.04        5.98     4.23107    0.432562
         1.2        7.92       5.065    0.500321
        1.36        8.16     5.76464    0.408844
        1.52        8.99       6.865    0.512568
        1.68       11.87     7.24321    0.572368
        1.84        7.04      7.9975    0.498865
           2        7.25     7.88571    0.464197
        2.16       10.09     7.53464    0.438339
        2.32        6.04       9.185    0.983681
        2.48        6.39      7.4225    0.817554
        2.64        6.05     7.89286     1.04811
         2.8        5.68     6.11321    0.518839
        2.96        4.13     4.42821    0.339725
        3.12        3.55      3.6625    0.442025
        3.28         1.6     3.37857    0.378925
        3.44        1.72     1.89929    0.266265
         3.6        0.09     1.66214    0.211513
        3.76         0.1    0.807143    0.172791
        3.92        0.12       0.535    0.117555
        4.08        0.22    0.282143   0.0826573
        4.24           1    0.704286   0.0946778
         4.4           0    0.281786   0.0843342
        4.56           0   0.0632143   0.0231293
        4.72           0   0.0564286   0.0384264
        4.88           0      0.0275   0.0154327
        5.04           0   0.0392857    0.024217
         5.2           0        0.01  0.00683255
        5.36           0   0.0167857   0.0164832
        5.52           0           0           0
        5.68           0           0           0
        5.84           0           0           0
           6           0           0           0
        6.16           0           0           0
        6.32           0           0           0
        6.48           0           0           0
        6.64           0           0           0
         6.8           0           0           0
        6.96           0           0           0
        7.12           0           0           0
        7.28           0           0           0
        7.44           0           0           0
         7.6           0           0           0
        7.76           0           0           0
        7.92           0           0           0
        0.08           0        0.07   0.0343964
        0.24           0    0.466897    0.106673
         0.4        1.26     1.01897     0.14682
        0.56        0.93      1.2669    0.159087
        0.72        0.73     1.39483    0.146381
        0.88        2.36     2.67034    0.247051
        1.04        4.05     4.22483    0.417692
         1.2        9.26     5.20966    0.503546
        1.36        6.91     5.80414    0.396649
        1.52         6.3     6.84552    0.495263
        1.68       11.69     7.39655    0.572803
        1.84        9.42     8.04655    0.484068
           2         6.4     7.83448    0.451009
        2.16       11.94     7.68655    0.448775
        2.32        7.44     9.12483    0.951599
        2.48        3.24     7.27828    0.801983
        2.64        6.21     7.83483     1.01357
         2.8        6.74     6.13483    0.501398
        2.96        5.64        4.47     0.33057
        3.12        3.23     3.64759    0.427034
        3.28        2.79     3.35828    0.366402
        3.44        0.46     1.84966    0.261668
         3.6           0     1.60483    0.211842
        3.76           0     0.77931     0.16906
        3.92           0    0.516552     0.11494
        4.08           0    0.272414   0.0803776
        4.24           1    0.714483   0.0919605
         4.4           0    0.272069    0.081984
        4.56           0   0.0610345   0.0224342
        4.72           0   0.0544828   0.0371505
        4.88           0   0.0265517   0.0149297
        5.04           0    0.037931   0.0234198
         5.2           0  0.00965517  0.00660564
        5.36           0   0.0162069    0.015925
        5.52           0           0           0
        5.68           0           0           0
        5.84           0           0           0
           6           0           0           0
        6.16           0           0           0
        6.32           0           0           0
        6.48           0           0           0
        6.64           0           0           0
         6.8           0           0           0
        6.96           0           0           0
        7.12           0           0           0
        7.28           0           0           0
        7.44           0           0           0
         7.6           0           0           0
        7.76           0           0           0
        7.92           0           0           0
        0.08         0.2   0.0743333   0.0335217
        0.24        0.65       0.473    0.103292
         0.4        1.06     1.02033    0.141932
        0.56        1.09       1.261    0.153893
        0.72        0.38       1.361    0.145357
        0.88         2.3       2.658    0.239125
        1.04        3.42       4.198    0.404629
         1.2        8.16       5.308    0.496272
        1.36        8.12     5.88133    0.390867
        1.52        6.57     6.83633    0.478839
        1.68        9.09       7.453    0.556484
        1.84       12.43     8.19267    0.489489
           2        8.39       7.853    0.436355
        2.16        9.02       7.731    0.436012
        2.32        7.74     9.07867    0.920998
        2.48        3.34       7.147    0.785921
        2.64        4.72       7.731    0.985091
         2.8        8.67     6.21933    0.491755
        2.96        4.84     4.48233    0.319781
        3.12        2.81     3.61967    0.413712
        3.28           3     3.34633    0.354383
        3.44           1     1.82133    0.254474
         3.6           0     1.55133    0.211427
        3.76           0    0.753333    0.165408
        3.92           0    0.499333    0.112391
        4.08           0    0.263333   0.0782096
        4.24        0.62    0.711333   0.0889491
         4.4        0.38    0.275667   0.0793301
        4.56           0       0.059   0.0217784
        4.72           0   0.0526667   0.0359566
        4.88           0   0.0256667   0.0144582
        5.04           0   0.0366667   0.0226732
         5.2           0  0.00933333  0.00639328
        5.36           0   0.0156667   0.0154033
        5.52           0           0           0
        5.68           0           0           0
        5.84           0           0           0
           6           0           0           0
        6.16           0           0           0
        6.32           0           0           0
        6.48           0           0           0
        6.64           0           0           0
         6.8           0           0           0
        6.96           0           0           0
        7.12           0           0           0
        7.28           0           0           0
        7.44           0           0           0
         7.6           0           0           0
        7.76           0           0           0
        7.92           0           0           0
        0.08        0.13    0.076129   0.0324885
        0.24        0.61    0.477419    0.100054
         0.4        0.26    0.995806    0.139457
        0.56        1.69     1.27484     0.14955
        0.72        1.37     1.36129    0.140669
        0.88        0.61     2.59194    0.240364
        1.04        4.52     4.20839     0.39171
         1.2        7.33     5.37323    0.484531
        1.36        9.72     6.00516    0.397389
        1.52        7.47     6.85677    0.463829
        1.68       11.96     7.59839    0.557201
        1.84       10.46     8.26581    0.479132
           2        7.73     7.84903    0.422297
        2.16       10.37     7.81613    0.430177
        2.32        3.65     8.90355    0.907785
        2.48        3.49     7.02903    0.769372
        2.64        5.73     7.66645    0.955426
         2.8        7.66     6.26581    0.478083
        2.96        3.91     4.46387    0.309998
        3.12        3.71     3.62258    0.400376
        3.28        3.67     3.35677    0.343105
        3.44        1.09     1.79774    0.247356
         3.6        0.26     1.50968     0.20867
        3.76        0.08    0.731613    0.161492
        3.92        0.12    0.487097     0.10943
        4.08        0.19    0.260968   0.0757225
        4.24        0.08    0.690968   0.0883805
         4.4        0.13    0.270968   0.0769101
        4.56           0   0.0570968   0.0211589
        4.72           0   0.0509677   0.0348368
        4.88           0   0.0248387   0.0140155
        5.04           0   0.0354839   0.0219726
         5.2           0  0.00903226  0.00619413
        5.36           0   0.0151613   0.0149147
        5.52           0           0           0
        5.68           0           0           0
        5.84           0           0           0
           6           0           0           0
        6.16           0           0           0
        6.32           0           0           0
        6.48           0           0           0
        6.64           0           0           0
         6.8           0           0           0
        6.96           0           0           0
        7.12           0           0           0
        7.28           0           0           0
        7.44           0           0           0
         7.6           0           0           0
        7.76           0           0           0
        7.92           0           0           0
        0.08           0     0.07375   0.0315602
        0.24           0      0.4625   0.0980334
         0.4        0.19    0.970625    0.137354
        0.56        0.57     1.25281     0.14649
        0.72        2.56     1.39875    0.141172
        0.88        1.73       2.565    0.234357
        1.04        5.91     4.26156    0.383061
         1.2        8.18     5.46094    0.477262
        1.36        7.93     6.06531    0.389496
        1.52         8.3     6.90188    0.451522
        1.68       10.73     7.69625    0.548315
        1.84        9.74     8.31187    0.466368
           2       10.22     7.92312    0.415549
        2.16         6.8     7.78438    0.417904
        2.32        3.62     8.73844    0.894306
        2.48        4.32     6.94438    0.749972
        2.64        6.64     7.63437    0.926107
         2.8         7.4     6.30125    0.464454
        2.96        2.51     4.40281    0.306264
        3.12        1.84     3.56688    0.391721
        3.28        5.26     3.41625    0.337499
        3.44        1.55        1.79    0.239747
         3.6        0.73     1.48531    0.203567
        3.76        0.27    0.717187    0.157089
        3.92        0.73    0.494687    0.106273
        4.08        0.27     0.26125   0.0733567
        4.24           0    0.669375   0.0882169
         4.4           0      0.2625   0.0749713
        4.56           0   0.0553125   0.0205728
        4.72           0    0.049375   0.0337845
        4.88           0   0.0240625    0.013599
        5.04           0    0.034375    0.021314
         5.2           0     0.00875  0.00600699
        5.36           0   0.0146875   0.0144562
        5.52           0           0           0
        5.68           0           0           0
        5.84           0           0           0
           6           0           0           0
        6.16           0           0           0
        6.32           0           0           0
        6.48           0           0           0
        6.64           0           0           0
         6.8           0           0           0
        6.96           0           0           0
        7.12           0           0           0
        7.28           0           0           0
        7.44           0           0           0
         7.6           0           0           0
        7.76           0           0           0
        7.92           0           0           0
        0.08           0   0.0715152   0.0306828
        0.24           0    0.448485   0.0960593
         0.4           0    0.941212    0.136304
        0.56        1.19     1.25091    0.142063
        0.72        1.34     1.39697    0.136906
        0.88        3.04     2.57939    0.227697
        1.04        6.61     4.33273    0.378006
         1.2        8.45     5.55152    0.471316
        1.36        8.38     6.13545    0.383957
        1.52        9.79     6.98939    0.446241
        1.68        8.05     7.70697    0.531805
        1.84        8.02     8.30303     0.45232
           2        8.99     7.95545    0.404212
        2.16        8.44     7.80424    0.405712
        2.32        4.29     8.60364    0.877306
        2.48        3.98     6.85455    0.732605
        2.64        8.45     7.65909    0.898373
         2.8        7.57      6.3397    0.451969
        2.96        2.18     4.33545    0.304301
        3.12        0.99     3.48879    0.387555
        3.28        4.27     3.44212    0.328262
        3.44        1.97     1.79545    0.232544
         3.6           0      1.4403    0.202313
        3.76        0.45    0.709091    0.152537
        3.92        1.55    0.526667    0.107757
        4.08           0    0.253333   0.0715597
        4.24           0    0.649091   0.0878447
         4.4           0    0.254545   0.0731203
        4.56           0   0.0536364   0.0200175
        4.72           0   0.0478788   0.0327939
        4.88           0   0.0233333   0.0132065
        5.04           0   0.0333333   0.0206935
         5.2           0  0.00848485  0.00583081
        5.36           0   0.0142424    0.014025
        5.52           0           0           0
        5.68           0           0           0
        5.84           0           0           0
           6           0           0           0
        6.16           0           0           0
        6.32           0           0           0
        6.48           0           0           0
        6.64           0           0           0
         6.8           0           0           0
        6.96           0           0           0
        7.12           0           0           0
        7.28           0           0           0
        7.44           0           0           0
         7.6           0           0           0
        7.76           0           0           0
        7.92           0           0           0
        0.08           0   0.0694118   0.0298524
        0.24           0    0.435294   0.0941353
         0.4        0.74    0.935294    0.132424
        0.56        1.43     1.25618    0.137982
        0.72        3.36     1.45471    0.144542
        0.88        1.65     2.55206    0.222634
        1.04        6.85     4.40676    0.374069
         1.2        7.57     5.61088    0.461178
        1.36        9.26     6.22735    0.383504
        1.52        9.25     7.05588    0.438041
        1.68        6.85     7.68176     0.51676
        1.84        6.02     8.23588    0.443973
           2        6.45     7.91118    0.394742
        2.16       10.53     7.88441    0.401622
        2.32        4.12     8.47176    0.861357
        2.48        6.21     6.83559    0.711303
        2.64        8.97     7.69765    0.872777
         2.8        7.25     6.36647    0.439468
        2.96        4.31     4.33471    0.295352
        3.12        0.18     3.39147    0.388183
        3.28        1.74     3.39206    0.322402
        3.44        2.69     1.82176    0.227188
         3.6        0.57     1.41471    0.197975
        3.76        0.09    0.690882    0.149133
        3.92        1.91    0.567353    0.112005
        4.08           0    0.245882   0.0698418
        4.24           0        0.63   0.0873108
         4.4           0    0.247059   0.0713519
        4.56           0   0.0520588   0.0194908
        4.72           0   0.0464706   0.0318596
        4.88           0   0.0226471   0.0128359
        5.04           0   0.0323529   0.0201081
         5.2           0  0.00823529  0.00566466
        5.36           0   0.0138235   0.0136187
        5.52           0           0           0
        5.68           0           0           0
        5.84           0           0           0
           6           0           0           0
        6.16           0           0           0
        6.32           0           0           0
        6.48           0           0           0
        6.64           0           0           0
         6.8           0           0           0
        6.96           0           0           0
        7.12           0           0           0
        7.28           0           0           0
        7.44           0           0           0
         7.6           0           0           0
        7.76           0           0           0
        7.92           0           0           0
        0.08           0   0.0674286   0.0290653
        0.24        0.45    0.435714   0.0914467
         0.4        1.25    0.944286    0.128945
        0.56        1.35     1.25886    0.134066
        0.72        2.11     1.47343    0.141619
        0.88        2.22     2.54257    0.216475
        1.04        5.56     4.43971    0.364829
         1.2        8.58     5.69571    0.455737
        1.36       12.58     6.40886    0.413272
        1.52         5.8        7.02    0.426993
        1.68        6.59     7.65057    0.502936
        1.84        7.13     8.20429     0.43241
           2        6.23     7.86314    0.386375
        2.16        7.95     7.88629    0.390152
        2.32        7.25     8.43686    0.837454
        2.48        5.91     6.80914    0.691472
        2.64        9.68     7.75429    0.849677
         2.8        5.86       6.352     0.42715
        2.96        2.66     4.28686    0.290763
        3.12        2.62     3.36943    0.377717
        3.28         1.4     3.33514    0.318174
        3.44        1.76        1.82    0.220704
         3.6        1.84     1.42686    0.192691
        3.76        0.22    0.677429    0.145478
        3.92        0.69    0.570857     0.10886
        4.08        0.31    0.247714   0.0678703
        4.24           0       0.612   0.0866518
         4.4           0        0.24   0.0696616
        4.56           0   0.0505714   0.0189906
        4.72           0   0.0451429   0.0309769
        4.88           0       0.022   0.0124854
        5.04           0   0.0314286   0.0195548
         5.2           0       0.008  0.00550769
        5.36           0   0.0134286   0.0132353
        5.52           0           0           0
        5.68           0           0           0
        5.84           0           0           0
           6           0           0           0
        6.16           0           0           0
        6.32           0           0           0
        6.48           0           0           0
        6.64           0           0           0
         6.8           0           0           0
        6.96           0           0           0
        7.12           0           0           0
        7.28           0           0           0
        7.44           0           0           0
         7.6           0           0           0
        7.76           0           0           0
        7.92           0           0           0
        0.08           0   0.0655556   0.0283182
        0.24           0    0.423611   0.0897039
         0.4        0.94    0.944167    0.125363
        0.56        2.42     1.29111    0.134166
        0.72        3.07     1.51778    0.144463
        0.88        2.57     2.54333    0.210464
        1.04        5.94     4.48139    0.357067
         1.2        9.32     5.79639    0.454061
        1.36        7.77     6.44667    0.403518
        1.52        8.56     7.06278    0.417269
        1.68        6.34     7.61417    0.490282
        1.84       11.28     8.28972    0.428756
           2        4.84     7.77917     0.38466
        2.16        5.83     7.82917    0.383473
        2.32        7.15     8.40111    0.814954
        2.48        5.24     6.76556    0.673637
        2.64        8.73     7.78139    0.826507
         2.8        5.57     6.33028    0.415836
        2.96        2.44     4.23556    0.287176
        3.12        3.35     3.36889    0.367225
        3.28        2.06     3.29972    0.311302
        3.44        0.77     1.79083    0.216492
         3.6        2.16     1.44722    0.188412
        3.76        0.65    0.676667    0.141439
        3.92           0       0.555    0.106985
        4.08           1    0.268611   0.0691272
        4.24           0       0.595   0.0858962
         4.4           0    0.233333   0.0680448
        4.56           0   0.0491667    0.018515
        4.72           0   0.0438889   0.0301418
        4.88           0   0.0213889   0.0121535
        5.04           0   0.0305556   0.0190311
         5.2           0  0.00777778  0.00535918
        5.36           0   0.0130556    0.012873
        5.52           0           0           0
        5.68           0           0           0
        5.84           0           0           0
           6           0           0           0
        6.16           0           0           0
        6.32           0           0           0
        6.48           0           0           0
        6.64           0           0           0
         6.8           0           0           0
        6.96           0           0           0
        7.12           0           0           0
        7.28           0           0           0
        7.44           0           0           0
         7.6           0           0           0
        7.76           0           0           0
        7.92           0           0           0
        0.08           0   0.0637838   0.0276082
        0.24        0.03    0.412973    0.087908
         0.4        1.29    0.953514    0.122323
        0.56        1.91     1.30784    0.131578
        0.72        2.34        1.54    0.142257
        0.88         2.2     2.53405     0.20498
        1.04         7.1     4.55216    0.354361
         1.2        7.91     5.85351    0.445368
        1.36        9.17     6.52027    0.399269
        1.52        8.29     7.09595    0.407308
        1.68        6.49     7.58378    0.477971
        1.84       14.24     8.45054     0.44631
           2        7.13     7.76162    0.374663
        2.16         6.7     7.79865    0.374321
        2.32        3.28      8.2627    0.804596
        2.48        3.01     6.66405    0.663033
        2.64        7.41     7.77135     0.80423
         2.8        5.87     6.31784    0.404784
        2.96        4.61     4.24568    0.279593
        3.12        1.38     3.31514    0.361213
        3.28        1.04     3.23865    0.308821
        3.44        3.75     1.84378     0.21702
         3.6        1.85     1.45811    0.183634
        3.76           0    0.658378    0.138793
        3.92           0        0.54     0.10514
        4.08           1    0.288378   0.0700282
        4.24           0    0.578919   0.0850667
         4.4           0    0.227027   0.0664973
        4.56           0   0.0478378   0.0180622
        4.72           0   0.0427027   0.0293505
        4.88           0   0.0208108   0.0118388
        5.04           0   0.0297297   0.0185347
         5.2           0  0.00756757  0.00521846
        5.36           0   0.0127027   0.0125299
        5.52           0           0           0
        5.68           0           0           0
        5.84           0           0           0
           6           0           0           0
        6.16           0           0           0
        6.32           0           0           0
        6.48           0           0           0
        6.64           0           0           0
         6.8           0           0           0
        6.96           0           0           0
        7.12           0           0           0
        7.28           0           0           0
        7.44           0           0           0
         7.6           0           0           0
        7.76           0           0           0
        7.92           0           0           0
        0.08        0.09   0.0644737   0.0268903
        0.24        0.13    0.405526   0.0859094
         0.4        2.07    0.982895    0.122582
        0.56        1.38     1.30974    0.128129
        0.72        0.78        1.52    0.139912
        0.88        2.07     2.52184    0.199949
        1.04        7.97     4.64211    0.356268
         1.2        7.74     5.90316    0.436406
        1.36          11     6.63816    0.405792
        1.52        8.61     7.13579    0.398533
        1.68        6.08     7.54421    0.467028
        1.84       10.46     8.50342    0.437687
           2        9.25     7.80079    0.366845
        2.16        7.49     7.79053    0.364559
        2.32        2.62     8.11421    0.797007
        2.48        1.94     6.53974    0.657136
        2.64        6.53     7.73868    0.783729
         2.8        6.92     6.33368    0.394441
        2.96        6.35     4.30105    0.277665
        3.12        1.45     3.26605    0.355027
        3.28        2.64     3.22289    0.301096
        3.44        2.01     1.84816    0.211353
         3.6        1.42     1.45711    0.178804
        3.76           0    0.641053    0.136218
        3.92           0    0.525789    0.103329
        4.08           1    0.307105   0.0706449
        4.24           0    0.563684   0.0841813
         4.4           0    0.221053   0.0650152
        4.56           0   0.0465789   0.0176307
        4.72           0   0.0415789   0.0285996
        4.88           0   0.0202632   0.0115399
        5.04           0   0.0289474   0.0180634
         5.2           0  0.00736842  0.00508493
        5.36           0   0.0123684   0.0122046
        5.52           0           0           0
        5.68           0           0           0
        5.84           0           0           0
           6           0           0           0
        6.16           0           0           0
        6.32           0           0           0
        6.48           0           0           0
        6.64           0           0           0
         6.8           0           0           0
        6.96           0           0           0
        7.12           0           0           0
        7.28           0           0           0
        7.44           0           0           0
         7.6           0           0           0
        7.76           0           0           0
        7.92           0           0           0
        0.08           0   0.0628205   0.0262516
        0.24           0    0.395128   0.0843335
         0.4         2.3     1.01667    0.124004
        0.56        1.73     1.32051    0.125296
        0.72        1.37     1.51615    0.136378
        0.88        0.73      2.4759    0.200031
        1.04        6.22     4.68256    0.349423
         1.2        7.28     5.93846    0.426642
        1.36       11.61     6.76564    0.414929
        1.52       10.22     7.21487    0.396083
        1.68        7.85     7.55205    0.455119
        1.84        8.66     8.50744    0.426483
           2        7.91     7.80359     0.35745
        2.16        9.37     7.83103    0.357453
        2.32        2.56     7.97179    0.789192
        2.48        4.85     6.49641    0.641713
        2.64        5.92     7.69205    0.765019
         2.8        6.29     6.33256    0.384329
        2.96         3.2     4.27282    0.271977
        3.12        3.55     3.27333    0.345998
        3.28        2.38     3.20128     0.29415
        3.44           1     1.82641    0.207049
         3.6           2     1.47103     0.17476
        3.76           0    0.624615    0.133713
        3.92           0    0.512308    0.101555
        4.08        0.35    0.308205   0.0688421
        4.24        0.65    0.565897   0.0820519
         4.4           0    0.215385   0.0635948
        4.56           0   0.0453846    0.017219
        4.72           0   0.0405128   0.0278862
        4.88           0   0.0197436   0.0112557
        5.04           0   0.0282051   0.0176155
         5.2           0  0.00717949  0.00495806
        5.36           0   0.0120513   0.0118958
        5.52           0           0           0
        5.68           0           0           0
        5.84           0           0           0
           6           0           0           0
        6.16           0           0           0
        6.32           0           0           0
        6.48           0           0           0
        6.64           0           0           0
         6.8           0           0           0
        6.96           0           0           0
        7.12           0           0           0
        7.28           0           0           0
        7.44           0           0           0
         7.6           0           0           0
        7.76           0           0           0
        7.92           0           0           0
        0.08           0     0.06125   0.0256422
        0.24        0.68     0.40225   0.0825254
         0.4        1.14     1.01975    0.120942
        0.56         2.7       1.355    0.126821
        0.72        0.81      1.4985    0.134106
        0.88        1.77     2.45825    0.195807
        1.04         3.6      4.6555    0.341733
         1.2        7.09     5.96725    0.416946
        1.36       12.24      6.9025     0.42653
        1.52       10.86       7.306    0.396526
        1.68        8.05      7.5645    0.443911
        1.84        8.74     8.51325     0.41586
           2       10.18       7.863    0.353416
        2.16        6.97      7.8095    0.349165
        2.32        3.47     7.85925    0.777446
        2.48        6.06      6.4855    0.625763
        2.64        7.18     7.67925    0.746001
         2.8        4.55       6.288    0.377296
        2.96         2.9      4.2385    0.267334
        3.12        2.75     3.26025    0.337595
        3.28        2.26     3.17775    0.287736
        3.44        1.12     1.80875    0.202625
         3.6        1.25      1.4655    0.170479
        3.76        0.63     0.62475    0.130371
        3.92        0.58       0.514   0.0990302
        4.08        0.42       0.311   0.0671777
        4.24           0     0.55175   0.0812111
         4.4           0        0.21   0.0622324
        4.56           0     0.04425   0.0168259
        4.72           0      0.0395   0.0272074
        4.88           0     0.01925   0.0109851
        5.04           0      0.0275   0.0171892
         5.2           0       0.007  0.00483735
        5.36           0     0.01175   0.0116022
        5.52           0           0           0
        5.68           0           0           0
        5.84           0           0           0
           6           0           0           0
        6.16           0           0           0
        6.32           0           0           0
        6.48           0           0           0
        6.64           0           0           0
         6.8           0           0           0
        6.96           0           0           0
        7.12           0           0           0
        7.28           0           0           0
        7.44           0           0           0
         7.6           0           0           0
        7.76           0           0           0
        7.92           0           0           0
        0.08           0   0.0597561   0.0250603
        0.24           0    0.392439   0.0810936
         0.4        0.62        1.01    0.118384
        0.56        2.67     1.38707    0.127719
        0.72        1.87     1.50756    0.131141
        0.88         2.2     2.45195    0.191133
        1.04         3.9     4.63707    0.333895
         1.2        6.77     5.98683    0.407236
        1.36       10.92     7.00049    0.427234
        1.52       10.07     7.37341    0.392543
        1.68       10.04     7.62488    0.437171
        1.84        8.54      8.5139    0.405718
           2        8.46     7.87756    0.345096
        2.16        6.68     7.78195    0.341733
        2.32        4.92     7.78756    0.761782
        2.48        6.78     6.49268    0.610542
        2.64         5.6     7.62854    0.729527
         2.8        6.76     6.29951    0.368269
        2.96        5.41     4.26707    0.262337
        3.12        1.23     3.21073    0.332973
        3.28        0.56      3.1139    0.287715
        3.44           2     1.81341    0.197736
         3.6           0     1.42976    0.170027
        3.76        0.97    0.633171    0.127463
        3.92        0.03    0.502195   0.0973159
        4.08           1    0.327805   0.0676085
        4.24           0    0.538293   0.0803376
         4.4           0    0.204878    0.060925
        4.56           0   0.0431707   0.0164501
        4.72           0   0.0385366   0.0265609
        4.88           0   0.0187805   0.0107272
        5.04           0   0.0268293    0.016783
         5.2           0  0.00682927  0.00472238
        5.36           0   0.0114634   0.0113228
        5.52           0           0           0
        5.68           0           0           0
        5.84           0           0           0
           6           0           0           0
        6.16           0           0           0
        6.32           0           0           0
        6.48           0           0           0
        6.64           0           0           0
         6.8           0           0           0
        6.96           0           0           0
        7.12           0           0           0
        7.28           0           0           0
        7.44           0           0           0
         7.6           0           0           0
        7.76           0           0           0
        7.92           0           0           0
        0.08           0   0.0583333    0.024504
        0.24           0    0.383095   0.0796993
         0.4        0.39    0.995238    0.116482
        0.56        2.99     1.42524    0.130256
        0.72        1.93     1.51762    0.128404
        0.88        1.82      2.4369    0.187173
        1.04        4.15     4.62548    0.326146
         1.2        5.87     5.98405    0.397549
        1.36        9.72     7.06524     0.42194
        1.52        8.43     7.39857    0.384002
        1.68       11.67     7.72119    0.437243
        1.84       11.01     8.57333    0.400387
           2        7.51     7.86881    0.336991
        2.16        8.17     7.79119    0.333722
        2.32        3.68     7.68976    0.749896
        2.48        8.42     6.53857    0.597727
        2.64        6.39     7.59905    0.712754
         2.8        6.69     6.30881    0.359618
        2.96        2.79      4.2319    0.258437
        3.12        1.63      3.1731    0.327165
        3.28        1.46     3.07452    0.283546
        3.44        1.29     1.80095    0.193421
         3.6        0.03     1.39643    0.169213
        3.76        0.03     0.61881    0.125234
        3.92        1.04       0.515   0.0958375
        4.08        0.51    0.332143   0.0661378
        4.24        0.38    0.534524   0.0785131
         4.4           0         0.2   0.0596693
        4.56           0   0.0421429   0.0160905
        4.72           0    0.037619   0.0259443
        4.88           0   0.0183333   0.0104811
        5.04           0   0.0261905   0.0163956
         5.2           0  0.00666667  0.00461274
        5.36           0   0.0111905   0.0110565
        5.52           0           0           0
        5.68           0           0           0
        5.84           0           0           0
           6           0           0           0
        6.16           0           0           0
        6.32           0           0           0
        6.48           0           0           0
        6.64           0           0           0
         6.8           0           0           0
        6.96           0           0           0
        7.12           0           0           0
        7.28           0           0           0
        7.44           0           0           0
         7.6           0           0           0
        7.76           0           0           0
        7.92           0           0           0
        0.08           0   0.0569767   0.0239716
        0.24           0    0.374186   0.0783422
         0.4        0.22    0.977209     0.11516
        0.56        3.39     1.47093    0.135003
        0.72        2.39     1.53791     0.12701
        0.88        0.91      2.4014    0.186158
        1.04         6.5     4.66907    0.321462
         1.2        3.79     5.93302    0.391565
        1.36       11.25     7.16256    0.423202
        1.52        7.87     7.40953    0.375228
        1.68       12.32     7.82814     0.43996
        1.84       10.04     8.60744    0.392526
           2        7.82     7.86767    0.329155
        2.16         9.7     7.83558      0.3289
        2.32        3.62     7.59512    0.738405
        2.48         8.4     6.58186    0.585392
        2.64        4.72     7.53209    0.699316
         2.8        6.14     6.30488    0.351276
        2.96        2.77     4.19791    0.254653
        3.12        2.12      3.1486    0.320472
        3.28        0.52     3.01512    0.283107
        3.44        1.47     1.79326    0.189076
         3.6        0.45     1.37442    0.166703
        3.76        0.25    0.610233    0.122615
        3.92        0.66    0.518372   0.0936681
        4.08        0.68    0.340233   0.0650926
        4.24           0    0.522093   0.0776651
         4.4           0    0.195349   0.0584627
        4.56           0   0.0411628   0.0157461
        4.72           0   0.0367442   0.0253557
        4.88           0    0.017907   0.0102461
        5.04           0   0.0255814   0.0160256
         5.2           0  0.00651163  0.00450807
        5.36           0   0.0109302   0.0108024
        5.52           0           0           0
        5.68           0           0           0
        5.84           0           0           0
           6           0           0           0
        6.16           0           0           0
        6.32           0           0           0
        6.48           0           0           0
        6.64           0           0           0
         6.8           0           0           0
        6.96           0           0           0
        7.12           0           0           0
        7.28           0           0           0
        7.44           0           0           0
         7.6           0           0           0
        7.76           0           0           0
        7.92           0           0           0
        0.08           0   0.0556818   0.0234618
        0.24           0    0.365682   0.0770219
         0.4        0.58    0.968182    0.112896
        0.56        2.39     1.49182    0.133541
        0.72        1.83     1.54455    0.124297
        0.88        1.78     2.38727    0.182462
        1.04           7     4.72205    0.318491
         1.2        4.51     5.90068    0.383999
        1.36       12.71     7.28864    0.431956
        1.52        8.69     7.43864    0.367827
        1.68        9.64     7.86932    0.431883
        1.84        9.85     8.63568    0.384619
           2        8.37     7.87909    0.321873
        2.16        8.49     7.85045    0.321761
        2.32        3.34     7.49841    0.727928
        2.48        8.07     6.61568    0.573064
        2.64           5     7.47455    0.685786
         2.8        4.51     6.26409    0.345653
        2.96        3.12     4.17341    0.250041
        3.12        2.25     3.12818    0.313839
        3.28        1.87     2.98909    0.277867
        3.44        1.53     1.78727    0.184873
         3.6        1.18        1.37    0.162973
        3.76        0.29    0.602955    0.120044
        3.92           0    0.506591   0.0922772
        4.08        0.59    0.345909   0.0638603
        4.24        0.41    0.519545   0.0759417
         4.4           0    0.190909   0.0573023
        4.56           0   0.0402273    0.015416
        4.72           0   0.0359091   0.0247932
        4.88           0      0.0175   0.0100213
        5.04           0       0.025   0.0156719
         5.2           0  0.00636364  0.00440805
        5.36           0   0.0106818   0.0105597
        5.52           0           0           0
        5.68           0           0           0
        5.84           0           0           0
           6           0           0           0
        6.16           0           0           0
        6.32           0           0           0
        6.48           0           0           0
        6.64           0           0           0
         6.8           0           0           0
        6.96           0           0           0
        7.12           0           0           0
        7.28           0           0           0
        7.44           0           0           0
         7.6           0           0           0
        7.76           0           0           0
        7.92           0           0           0
        0.08           0   0.0544444    0.022973
        0.24           0    0.357556   0.0757378
         0.4           0    0.946667    0.112419
        0.56        1.87     1.50022    0.130838
        0.72        2.45     1.56467    0.123153
        0.88        2.81     2.39667    0.178649
        1.04        5.23     4.73333    0.311613
         1.2        7.69     5.94044    0.377518
        1.36       11.47     7.38156    0.432236
        1.52        9.37     7.48156    0.362148
        1.68        8.06     7.87356    0.422307
        1.84       10.61     8.67956    0.378566
           2        8.53     7.89356    0.315045
        2.16        8.72     7.86978     0.31519
        2.32        3.68     7.41356     0.71668
        2.48        7.23     6.62933    0.560492
        2.64           4     7.39733    0.674879
         2.8        3.99     6.21356    0.341646
        2.96         4.8     4.18733    0.244872
        3.12        3.29     3.13178    0.306885
        3.28        1.15     2.94822    0.274681
        3.44        1.05     1.77089    0.181489
         3.6           1     1.36178    0.159559
        3.76           0    0.589556    0.118122
        3.92        0.26    0.501111   0.0903891
        4.08        0.34    0.345778   0.0624413
        4.24         0.4    0.516889   0.0743006
         4.4           0    0.186667   0.0561858
        4.56           0   0.0393333   0.0150993
        4.72           0   0.0351111   0.0242551
        4.88           0   0.0171111  0.00980613
        5.04           0   0.0244444   0.0153335
         5.2           0  0.00622222  0.00431236
        5.36           0   0.0104444   0.0103277
        5.52           0           0           0
        5.68           0           0           0
        5.84           0           0           0
           6           0           0           0
        6.16           0           0           0
        6.32           0           0           0
        6.48           0           0           0
        6.64           0           0           0
         6.8           0           0           0
        6.96           0           0           0
        7.12           0           0           0
        7.28           0           0           0
        7.44           0           0           0
         7.6           0           0           0
        7.76           0           0           0
        7.92           0           0           0
        0.08           0   0.0532609   0.0225041
        0.24           0    0.349783   0.0744891
         0.4        0.47    0.936304    0.110452
        0.56        2.28     1.51717    0.129087
        0.72        2.99     1.59565    0.124312
        0.88        4.55     2.44348    0.180795
        1.04        6.47     4.77109    0.307118
         1.2        6.35     5.94935    0.369417
        1.36        9.41     7.42565    0.425083
        1.52        5.83     7.44565    0.356051
        1.68       12.63     7.97696    0.425597
        1.84        9.63     8.70022      0.3709
           2        9.29     7.92391    0.309655
        2.16        7.51     7.86196    0.308436
        2.32        4.32      7.3463    0.704249
        2.48        4.53      6.5837    0.550162
        2.64         5.7     7.36043    0.661215
         2.8        3.23      6.1487     0.34032
        2.96        4.99     4.20478     0.24017
        3.12        4.51     3.16174    0.301673
        3.28        0.14     2.88717     0.27541
        3.44        1.15     1.75739    0.178045
         3.6        0.85     1.35065    0.156477
        3.76        1.05    0.599565    0.115977
        3.92        0.12    0.492826    0.088803
        4.08           0    0.338261   0.0615346
        4.24           0    0.505652   0.0735301
         4.4           0    0.182609   0.0551107
        4.56           0   0.0384783   0.0147953
        4.72           0   0.0343478   0.0237398
        4.88           0   0.0167391  0.00960001
        5.04           0    0.023913   0.0150094
         5.2           0  0.00608696  0.00422073
        5.36           0   0.0102174   0.0101057
        5.52           0           0           0
        5.68           0           0           0
        5.84           0           0           0
           6           0           0           0
        6.16           0           0           0
        6.32           0           0           0
        6.48           0           0           0
        6.64           0           0           0
         6.8           0           0           0
        6.96           0           0           0
        7.12           0           0           0
        7.28           0           0           0
        7.44           0           0           0
         7.6           0           0           0
        7.76           0           0           0
        7.92           0           0           0
        0.08           0   0.0521277   0.0220538
        0.24           0     0.34234   0.0732751
         0.4           2    0.958936    0.110396
        0.56        1.37     1.51404    0.126378
        0.72        2.51     1.61511     0.12318
        0.88        3.26     2.46085    0.177781
        1.04        6.57     4.80936    0.302959
         1.2        9.13     6.01702    0.367703
        1.36        7.06     7.41787    0.416109
        1.52        7.08     7.43787     0.34856
        1.68       10.61     8.03298    0.420212
        1.84       10.84     8.74574    0.365792
           2        12.3     8.01702    0.316756
        2.16        6.76     7.83851    0.302763
        2.32        2.74      7.2483    0.696051
        2.48        5.49     6.56043    0.538948
        2.64        5.51     7.32106    0.648318
         2.8        3.33     6.08872    0.338322
        2.96        3.34     4.18638    0.235764
        3.12        3.61     3.17128    0.295405
        3.28        0.82     2.84319     0.27304
        3.44        1.55     1.75298    0.174312
         3.6        0.12     1.32447    0.155323
        3.76        0.82    0.604255    0.113605
        3.92        0.54     0.49383   0.0869193
        4.08        0.64    0.344681   0.0605594
        4.24           0    0.494894   0.0727485
         4.4           0    0.178723   0.0540749
        4.56           0   0.0376596   0.0145031
        4.72           0    0.033617   0.0232459
        4.88           0    0.016383  0.00940236
        5.04           0   0.0234043   0.0146987
         5.2           0  0.00595745  0.00413292
        5.36           0        0.01  0.00989305
        5.52           0           0           0
        5.68           0           0           0
        5.84           0           0           0
           6           0           0           0
        6.16           0           0           0
        6.32           0           0           0
        6.48           0           0           0
        6.64           0           0           0
         6.8           0           0           0
        6.96           0           0           0
        7.12           0           0           0
        7.28           0           0           0
        7.44           0           0           0
         7.6           0           0           0
        7.76           0           0           0
        7.92           0           0           0
        0.08           0   0.0510417    0.021621
        0.24           0    0.335208   0.0720948
         0.4        1.08    0.961458    0.108125
        0.56        4.19     1.56979    0.135485
        0.72        0.73     1.59667    0.121986
        0.88        1.96     2.45042    0.174383
        1.04        8.71     4.89063    0.307353
         1.2        7.92     6.05667    0.362173
        1.36        6.71     7.40313    0.407702
        1.52        7.07     7.43021    0.341383
        1.68        9.43     8.06208    0.412465
        1.84       12.63     8.82667    0.367013
           2        12.4     8.10833     0.32305
        2.16        7.37     7.82875    0.296613
        2.32        1.37     7.12583    0.692239
        2.48        7.16     6.57292    0.527865
        2.64        5.78     7.28896    0.635606
         2.8        1.26     5.98812    0.345907
        2.96        3.17     4.16521    0.231801
        3.12        3.22     3.17229    0.289252
        3.28        1.62     2.81771    0.268538
        3.44        1.26     1.74271    0.170982
         3.6        1.06     1.31896    0.152185
        3.76        0.75    0.607292    0.111278
        3.92        1.15      0.5075   0.0861768
        4.08           0      0.3375   0.0597219
        4.24           0    0.484583   0.0719598
         4.4           0       0.175   0.0530764
        4.56           0    0.036875   0.0142222
        4.72           0   0.0329167   0.0227722
        4.88           0   0.0160417  0.00921267
        5.04           0   0.0229167   0.0144005
         5.2           0  0.00583333  0.00404868
        5.36           0  0.00979167  0.00968913
        5.52           0           0           0
        5.68           0           0           0
        5.84           0           0           0
           6           0           0           0
        6.16           0           0           0
        6.32           0           0           0
        6.48           0           0           0
        6.64           0           0           0
         6.8           0           0           0
        6.96           0           0           0
        7.12           0           0           0
        7.28           0           0           0
        7.44           0           0           0
         7.6           0           0           0
        7.76           0           0           0
        7.92           0           0           0
        0.08           0        0.05   0.0212049
        0.24           0    0.328367   0.0709473
         0.4        1.18    0.965918     0.10601
        0.56        3.86     1.61653    0.140551
        0.72        1.96     1.60408    0.119722
        0.88        4.03     2.48265    0.173778
        1.04        5.61     4.90531    0.301431
         1.2       10.43     6.14592    0.365614
        1.36        4.37     7.34122    0.404053
        1.52        6.77     7.41673    0.334682
        1.68       10.17      8.1051    0.406284
        1.84       12.58     8.90327     0.36743
           2        9.51     8.13694    0.317721
        2.16        7.11     7.81408    0.290922
        2.32        3.58     7.05347    0.681884
        2.48        6.51     6.57163    0.517094
        2.64        6.13     7.26531    0.623074
         2.8        2.03     5.90735    0.348152
        2.96        2.89     4.13918    0.228526
        3.12        3.71     3.18327    0.283557
        3.28        3.56     2.83286    0.263484
        3.44        0.01     1.70735     0.17111
         3.6        1.81     1.32898    0.149409
        3.76        0.19    0.598776    0.109333
        3.92           0    0.497143   0.0850381
        4.08           0    0.330612    0.058899
        4.24           0    0.474694   0.0711675
         4.4           0    0.171429   0.0521132
        4.56           0   0.0361224   0.0139518
        4.72           0   0.0322449   0.0223174
        4.88           0   0.0157143  0.00903047
        5.04           0    0.022449   0.0141142
         5.2           0  0.00571429   0.0039678
        5.36           0  0.00959184  0.00949346
        5.52           0           0           0
        5.68           0           0           0
        5.84           0           0           0
           6           0           0           0
        6.16           0           0           0
        6.32           0           0           0
        6.48           0           0           0
        6.64           0           0           0
         6.8           0           0           0
        6.96           0           0           0
        7.12           0           0           0
        7.28           0           0           0
        7.44           0           0           0
         7.6           0           0           0
        7.76           0           0           0
        7.92           0           0           0
        0.08           0       0.049   0.0208043
        0.24        0.53      0.3324   0.0696428
         0.4        1.13      0.9692    0.103941
        0.56        1.88      1.6218    0.137838
        0.72         3.2       1.636    0.121508
        0.88        3.12      2.4954    0.170769
        1.04        6.41      4.9354    0.296901
         1.2       10.07      6.2244    0.366628
        1.36        5.65      7.3074    0.397385
        1.52        7.88       7.426    0.328116
        1.68        8.51      8.1132    0.398239
        1.84        9.27      8.9106    0.360154
           2       13.82      8.2506    0.331073
        2.16        5.26       7.763    0.289553
        2.32        4.23       6.997     0.67058
        2.48        5.08      6.5418    0.507612
        2.64         5.6       7.232    0.611502
         2.8         4.6      5.8812    0.342169
        2.96        2.76      4.1116    0.225614
        3.12        2.43      3.1682    0.278286
        3.28        3.67      2.8496    0.258746
        3.44        1.56      1.7044    0.167714
         3.6        1.34      1.3292    0.146421
        3.76           0      0.5868      0.1078
        3.92           0      0.4872   0.0839166
        4.08           0       0.324    0.058091
        4.24           0      0.4652   0.0703746
         4.4           0       0.168   0.0511836
        4.56           0      0.0354   0.0136915
        4.72           0      0.0316   0.0218803
        4.88           0      0.0154  0.00885533
        5.04           0       0.022   0.0138391
         5.2           0      0.0056  0.00389009
        5.36           0      0.0094  0.00930553
        5.52           0           0           0
        5.68           0           0           0
        5.84           0           0           0
           6           0           0           0
        6.16           0           0           0
        6.32           0           0           0
        6.48           0           0           0
        6.64           0           0           0
         6.8           0           0           0
        6.96           0           0           0
        7.12           0           0           0
        7.28           0           0           0
        7.44           0           0           0
         7.6           0           0           0
        7.76           0           0           0
        7.92           0           0           0
        0.08           0   0.0480392   0.0204186
        0.24        1.06    0.346667   0.0697233
         0.4        1.01        0.97    0.101906
        0.56        1.51     1.61961    0.135153
        0.72        1.75     1.63824    0.119146
        0.88        4.68     2.53824     0.17271
        1.04        5.23     4.94118    0.291135
         1.2        6.14     6.22275    0.359443
        1.36       11.77      7.3949    0.399111
        1.52        3.73     7.35353    0.329589
        1.68       12.48     8.19882    0.399529
        1.84        9.29     8.91804    0.353169
           2       11.78      8.3198    0.331736
        2.16        4.52     7.69941    0.290774
        2.32        6.15     6.98039    0.657637
        2.48        5.65     6.52431     0.49796
        2.64        4.81     7.18451    0.601353
         2.8        5.29     5.86961    0.335656
        2.96        2.08     4.07176     0.22468
        3.12        3.49     3.17451    0.272901
        3.28        2.22     2.83725    0.253967
        3.44        3.36     1.73686    0.167537
         3.6           0     1.30314    0.145851
        3.76           0    0.575294    0.106299
        3.92           0    0.477647   0.0828132
        4.08           0    0.317647   0.0572983
        4.24           0    0.456078   0.0695833
         4.4           0    0.164706   0.0502859
        4.56           0   0.0347059   0.0134406
        4.72           0   0.0309804   0.0214601
        4.88           0    0.015098  0.00868684
        5.04           0   0.0215686   0.0135744
         5.2           0   0.0054902  0.00381536
        5.36           0  0.00921569  0.00912489
        5.52           0           0           0
        5.68           0           0           0
        5.84           0           0           0
           6           0           0           0
        6.16           0           0           0
        6.32           0           0           0
        6.48           0           0           0
        6.64           0           0           0
         6.8           0           0           0
        6.96           0           0           0
        7.12           0           0           0
        7.28           0           0           0
        7.44           0           0           0
         7.6           0           0           0
        7.76           0           0           0
        7.92           0           0           0
        0.08        0.03   0.0476923   0.0200289
        0.24        1.08    0.360769   0.0697941
         0.4        0.92    0.969038   0.0999505
        0.56        2.12     1.62923    0.132896
        0.72        1.94     1.64404    0.116996
        0.88        4.71        2.58    0.174365
        1.04        3.35     4.91058     0.28714
         1.2        4.82     6.19577    0.353542
        1.36       11.47     7.47327    0.399055
        1.52        8.74     7.38019    0.324327
        1.68       10.15     8.23635    0.393604
        1.84        6.25     8.86673    0.350085
           2       10.25     8.35692    0.327426
        2.16        6.97     7.68538     0.28552
        2.32        7.17     6.98404       0.645
        2.48        5.23     6.49942    0.489005
        2.64        6.36     7.16865    0.589998
         2.8        8.07     5.91192    0.331858
        2.96        2.55      4.0425    0.222257
        3.12        2.66     3.16462    0.267832
        3.28        1.02     2.80231    0.251476
        3.44        2.14     1.74462    0.164495
         3.6           0     1.27808    0.145183
        3.76           0    0.564231    0.104828
        3.92           0    0.468462   0.0817285
        4.08           0    0.311538    0.056521
        4.24           0    0.447308   0.0687957
         4.4           0    0.161538   0.0494185
        4.56           0   0.0340385   0.0131987
        4.72           0   0.0303846   0.0210556
        4.88           0   0.0148077  0.00852464
        5.04           0   0.0211538   0.0133197
         5.2           0  0.00538462  0.00374345
        5.36           0  0.00903846  0.00895113
        5.52           0           0           0
        5.68           0           0           0
        5.84           0           0           0
           6           0           0           0
        6.16           0           0           0
        6.32           0           0           0
        6.48           0           0           0
        6.64           0           0           0
         6.8           0           0           0
        6.96           0           0           0
        7.12           0           0           0
        7.28           0           0           0
        7.44           0           0           0
         7.6           0           0           0
        7.76           0           0           0
        7.92           0           0           0
        0.08           0   0.0467925   0.0196712
        0.24           0    0.353962   0.0688084
         0.4        1.94    0.987358   0.0997295
        0.56        1.34     1.62377    0.130501
        0.72        3.07     1.67094    0.117841
        0.88        4.47     2.61566    0.174684
        1.04        3.78     4.88925    0.282513
         1.2        7.51     6.22057     0.34774
        1.36        9.53     7.51208    0.393408
        1.52         6.5     7.36358    0.318633
        1.68       10.81     8.28491    0.389162
        1.84        8.95      8.8683    0.343483
           2        6.61     8.32396    0.322903
        2.16        9.41     7.71792    0.281981
        2.32        5.74     6.96057    0.633258
        2.48        2.23     6.41887    0.486368
        2.64        7.96     7.18358    0.579055
         2.8        9.89     5.98698    0.333977
        2.96        1.58     3.99604    0.222867
        3.12        2.56     3.15321    0.263022
        3.28        2.23     2.79151    0.246963
        3.44        1.89     1.74736    0.161414
         3.6           0     1.25396    0.144433
        3.76           0    0.553585     0.10339
        3.92           0    0.459623    0.080663
        4.08           0     0.30566   0.0557594
        4.24           0    0.438868   0.0680134
         4.4           0    0.158491     0.04858
        4.56           0   0.0333962   0.0129653
        4.72           0   0.0298113   0.0206662
        4.88           0   0.0145283  0.00836837
        5.04           0   0.0207547   0.0130744
         5.2           0  0.00528302   0.0036742
        5.36           0  0.00886792  0.00878387
        5.52           0           0           0
        5.68           0           0           0
        5.84           0           0           0
           6           0           0           0
        6.16           0           0           0
        6.32           0           0           0
        6.48           0           0           0
        6.64           0           0           0
         6.8           0           0           0
        6.96           0           0           0
        7.12           0           0           0
        7.28           0           0           0
        7.44           0           0           0
         7.6           0           0           0
        7.76           0           0           0
        7.92           0           0           0
        0.08           0   0.0459259    0.019326
        0.24           0    0.347407   0.0678456
         0.4        2.27     1.01111    0.100671
        0.56        0.92     1.61074    0.128733
        0.72        4.53     1.72389    0.126997
        0.88        5.72     2.67315    0.180661
        1.04        3.87     4.87037    0.277912
         1.2        6.67     6.22889      0.3414
        1.36        7.23     7.50685    0.386158
        1.52        7.39     7.36407    0.312732
        1.68        9.34     8.30444    0.382445
        1.84       11.42     8.91556    0.340357
           2         7.5      8.3087    0.317284
        2.16        7.26     7.70944    0.276887
        2.32        4.54     6.91574    0.623115
        2.48        6.63     6.42278    0.477377
        2.64        5.38     7.15019    0.569294
         2.8        5.86     5.98463      0.3278
        2.96        4.82      4.0113    0.219261
        3.12        2.65     3.14389    0.258316
        3.28        2.09     2.77852    0.242731
        3.44         1.8     1.74833    0.158428
         3.6        0.11     1.23278    0.143303
        3.76           0    0.543333    0.101982
        3.92           0    0.451111    0.079617
        4.08           0         0.3   0.0550134
        4.24           0    0.430741   0.0672377
         4.4           0    0.155556   0.0477689
        4.56           0   0.0327778   0.0127399
        4.72           0   0.0292593   0.0202908
        4.88           0   0.0142593  0.00821772
        5.04           0   0.0203704   0.0128379
         5.2           0  0.00518519  0.00360746
        5.36           0   0.0087037  0.00862274
        5.52           0           0           0
        5.68           0           0           0
        5.84           0           0           0
           6           0           0           0
        6.16           0           0           0
        6.32           0           0           0
        6.48           0           0           0
        6.64           0           0           0
         6.8           0           0           0
        6.96           0           0           0
        7.12           0           0           0
        7.28           0           0           0
        7.44           0           0           0
         7.6           0           0           0
        7.76           0           0           0
        7.92           0           0           0
        0.08           0   0.0450909   0.0189926
        0.24        0.09    0.342727   0.0667733
         0.4         3.1     1.04909    0.105763
        0.56        1.23     1.60382    0.126578
        0.72        3.36     1.75364    0.128125
        0.88        6.65     2.74545    0.191299
        1.04        4.27     4.85945    0.273073
         1.2         9.8     6.29382    0.341311
        1.36        4.38        7.45    0.383299
        1.52        7.54     7.36727    0.307063
        1.68        7.87     8.29655    0.375573
        1.84        9.28     8.92218    0.334233
           2        8.12     8.30527    0.311534
        2.16        7.13     7.69891    0.272053
        2.32        6.15     6.90182    0.611941
        2.48        6.42     6.42273    0.468698
        2.64        3.94     7.09182    0.561927
         2.8        5.43     5.97455    0.321995
        2.96        7.42     4.07327    0.223863
        3.12        2.56     3.13327    0.253837
        3.28        2.26     2.76909    0.238501
        3.44           1     1.73473     0.15613
         3.6           0     1.21036     0.14244
        3.76           0    0.533455    0.100605
        3.92           0    0.442909   0.0785908
        4.08           0    0.294545   0.0542829
        4.24           0    0.422909   0.0664697
         4.4           0    0.152727   0.0469841
        4.56           0   0.0321818   0.0125222
        4.72           0   0.0287273   0.0199289
        4.88           0       0.014   0.0080724
        5.04           0        0.02   0.0126098
         5.2           0  0.00509091   0.0035431
        5.36           0  0.00854545  0.00846741
        5.52           0           0           0
        5.68           0           0           0
        5.84           0           0           0
           6           0           0           0
        6.16           0           0           0
        6.32           0           0           0
        6.48           0           0           0
        6.64           0           0           0
         6.8           0           0           0
        6.96           0           0           0
        7.12           0           0           0
        7.28           0           0           0
        7.44           0           0           0
         7.6           0           0           0
        7.76           0           0           0
        7.92           0           0           0
        0.08           0   0.0442857   0.0186705
        0.24        0.74    0.349821   0.0659567
         0.4        1.52      1.0575    0.104208
        0.56        3.13     1.63107    0.127218
        0.72        2.18     1.76125    0.126063
        0.88        5.79     2.79982    0.195456
        1.04        5.43     4.86964    0.268387
         1.2        7.82     6.32107    0.336302
        1.36        5.38     7.41304    0.378232
        1.52        9.28     7.40143    0.303473
        1.68        7.45     8.28143    0.369171
        1.84         8.8        8.92    0.328272
           2        8.48     8.30839    0.305986
        2.16        5.87     7.66625    0.269148
        2.32        6.51     6.89482    0.601054
        2.48         6.5     6.42411     0.46033
        2.64        4.23     7.04071    0.554212
         2.8        7.43     6.00054    0.317292
        2.96         4.3     4.07732    0.219902
        3.12        3.73     3.14393    0.249528
        3.28        1.65     2.74911    0.235077
        3.44        1.78     1.73554    0.153345
         3.6           0     1.18875    0.141527
        3.76           0    0.523929   0.0992586
        3.92           0       0.435   0.0775843
        4.08           0    0.289286   0.0535678
        4.24           0    0.415357   0.0657104
         4.4           0        0.15   0.0462241
        4.56           0   0.0316071   0.0123118
        4.72           0   0.0282143   0.0195796
        4.88           0     0.01375  0.00793212
        5.04           0   0.0196429   0.0123897
         5.2           0       0.005    0.003481
        5.36           0  0.00839286  0.00831758
        5.52           0           0           0
        5.68           0           0           0
        5.84           0           0           0
           6           0           0           0
        6.16           0           0           0
        6.32           0           0           0
        6.48           0           0           0
        6.64           0           0           0
         6.8           0           0           0
        6.96           0           0           0
        7.12           0           0           0
        7.28           0           0           0
        7.44           0           0           0
         7.6           0           0           0
        7.76           0           0           0
        7.92           0           0           0
        0.08        0.01   0.0436842   0.0183526
        0.24        0.99    0.361053   0.0657488
         0.4         0.6     1.04947    0.102689
        0.56        2.41     1.64474    0.125718
        0.72        2.77     1.77895    0.125088
        0.88        7.04     2.87421    0.205696
        1.04        6.58     4.89965     0.26535
         1.2        4.53     6.28965    0.331867
        1.36        8.35     7.42947    0.371954
        1.52        6.41     7.38404    0.298647
        1.68       10.84     8.32632    0.365413
        1.84        7.31     8.89175    0.323725
           2        7.16     8.28825    0.301281
        2.16        4.71     7.61439    0.269377
        2.32        8.45     6.92211    0.591128
        2.48        7.18     6.43737    0.452445
        2.64         3.9     6.98561    0.547221
         2.8        6.82     6.01491    0.312051
        2.96        4.15      4.0786    0.216047
        3.12        4.15     3.16158    0.245774
        3.28        1.64     2.72965    0.231757
        3.44        1.88     1.73807    0.150675
         3.6        0.12        1.17     0.14028
        3.76           0    0.514737   0.0979419
        3.92           0    0.427368   0.0765976
        4.08           0    0.284211   0.0528679
        4.24           0     0.40807   0.0649604
         4.4           0    0.147368    0.045488
        4.56           0   0.0310526   0.0121083
        4.72           0   0.0277193   0.0192424
        4.88           0   0.0135088  0.00779663
        5.04           0   0.0192982   0.0121772
         5.2           0  0.00491228  0.00342103
        5.36           0  0.00824561  0.00817296
        5.52           0           0           0
        5.68           0           0           0
        5.84           0           0           0
           6           0           0           0
        6.16           0           0           0
        6.32           0           0           0
        6.48           0           0           0
        6.64           0           0           0
         6.8           0           0           0
        6.96           0           0           0
        7.12           0           0           0
        7.28           0           0           0
        7.44           0           0           0
         7.6           0           0           0
        7.76           0           0           0
        7.92           0           0           0
        0.08        0.74   0.0556897    0.021609
        0.24        0.61    0.365345   0.0647552
         0.4        1.18     1.05172    0.100943
        0.56        2.33     1.65655    0.124105
        0.72        3.67     1.81155    0.127109
        0.88         6.1     2.92983    0.209534
        1.04        5.41     4.90845    0.260921
         1.2        5.11     6.26931    0.326768
        1.36         4.9     7.38586    0.368089
        1.52        9.37     7.41828    0.295454
        1.68        9.78     8.35138    0.359971
        1.84        8.08     8.87776    0.318446
           2        7.46     8.27397    0.296424
        2.16        7.69     7.61569    0.264736
        2.32         8.3     6.94586    0.581413
        2.48        5.71     6.42483    0.444818
        2.64        2.77     6.91293    0.542591
         2.8         5.9     6.01293    0.306678
        2.96        5.83     4.10879    0.214422
        3.12        2.06     3.14259    0.242269
        3.28        2.91     2.73276    0.227782
        3.44        1.09      1.7269    0.148491
         3.6           1     1.16707    0.137892
        3.76           0    0.505862   0.0966545
        3.92           0        0.42   0.0756305
        4.08           0     0.27931   0.0521829
        4.24           0    0.401034   0.0642202
         4.4           0    0.144828   0.0447747
        4.56           0   0.0305172   0.0119113
        4.72           0   0.0272414   0.0189165
        4.88           0   0.0132759  0.00766568
        5.04           0   0.0189655   0.0119718
         5.2           0  0.00482759   0.0033631
        5.36           0  0.00810345  0.00803329
        5.52           0           0           0
        5.68           0           0           0
        5.84           0           0           0
           6           0           0           0
        6.16           0           0           0
        6.32           0           0           0
        6.48           0           0           0
        6.64           0           0           0
         6.8           0           0           0
        6.96           0           0           0
        7.12           0           0           0
        7.28           0           0           0
        7.44           0           0           0
         7.6           0           0           0
        7.76           0           0           0
        7.92           0           0           0
        0.08           0   0.0547458   0.0212634
        0.24        0.49    0.367458   0.0636921
         0.4        1.98     1.06746     0.10045
        0.56        1.65     1.65644    0.122001
        0.72        3.41     1.83864    0.127809
        0.88        5.49     2.97322    0.210428
        1.04        4.79     4.90644    0.256506
         1.2        5.06     6.24881    0.321872
        1.36           5     7.34542    0.364064
        1.52       10.15     7.46458    0.294052
        1.68        9.16     8.36508     0.35413
        1.84        9.95     8.89593    0.313567
           2        11.3     8.32525    0.295804
        2.16        6.96     7.60458    0.260482
        2.32        6.29     6.93475    0.571665
        2.48        5.78      6.4139    0.437413
        2.64        1.96     6.82898     0.53985
         2.8        4.87     5.99356    0.302091
        2.96        6.63     4.15153    0.215004
        3.12        2.08     3.12458    0.238831
        3.28        0.54     2.69559    0.226933
        3.44        3.45      1.7561    0.148819
         3.6         0.4     1.15407    0.136167
        3.76        0.09    0.498814    0.095273
        3.92        0.09    0.414407   0.0745552
        4.08        0.13     0.27678   0.0513598
        4.24         0.3    0.399322   0.0631546
         4.4           0    0.142373    0.044083
        4.56           0        0.03   0.0117207
        4.72           0   0.0267797   0.0186016
        4.88           0   0.0130508  0.00753906
        5.04           0   0.0186441   0.0117732
         5.2           0  0.00474576  0.00330709
        5.36           0   0.0079661   0.0078983
        5.52           0           0           0
        5.68           0           0           0
        5.84           0           0           0
           6           0           0           0
        6.16           0           0           0
        6.32           0           0           0
        6.48           0           0           0
        6.64           0           0           0
         6.8           0           0           0
        6.96           0           0           0
        7.12           0           0           0
        7.28           0           0           0
        7.44           0           0           0
         7.6           0           0           0
        7.76           0           0           0
        7.92           0           0           0
        0.08           0   0.0538333   0.0209286
        0.24        0.06    0.362333   0.0628364
         0.4         1.5     1.07467   0.0990346
        0.56        2.34     1.66783    0.120499
        0.72        5.55      1.9005    0.139849
        0.88        2.44     2.96433    0.207108
        1.04        5.67     4.91917    0.252547
         1.2        4.33     6.21683    0.318092
        1.36        9.42        7.38    0.359635
        1.52        8.37     7.47967    0.289538
        1.68       11.03      8.4095    0.351003
        1.84       11.08     8.93233    0.310447
           2        5.99     8.28633    0.293423
        2.16        7.51       7.603    0.256145
        2.32        6.37     6.92533    0.562215
        2.48        5.77     6.40317    0.430255
        2.64        3.74      6.7775    0.533302
         2.8        2.43     5.93417    0.302838
        2.96        6.76       4.195    0.215771
        3.12        2.91       3.121    0.234878
        3.28        0.76     2.66333    0.225432
        3.44        1.56     1.75283    0.146374
         3.6        1.04     1.15217     0.13391
        3.76        0.07    0.491667   0.0939528
        3.92        0.53    0.416333   0.0733375
        4.08        0.27    0.276667   0.0505039
        4.24         0.5       0.401   0.0621243
         4.4           0        0.14   0.0434121
        4.56           0      0.0295    0.011536
        4.72           0   0.0263333   0.0182969
        4.88           0   0.0128333  0.00741654
        5.04           0   0.0183333    0.011581
         5.2           0  0.00466667  0.00325292
        5.36           0  0.00783333  0.00776778
        5.52           0           0           0
        5.68           0           0           0
        5.84           0           0           0
           6           0           0           0
        6.16           0           0           0
        6.32           0           0           0
        6.48           0           0           0
        6.64           0           0           0
         6.8           0           0           0
        6.96           0           0           0
        7.12           0           0           0
        7.28           0           0           0
        7.44           0           0           0
         7.6           0           0           0
        7.76           0           0           0
        7.92           0           0           0
        0.08        0.02   0.0532787   0.0205928
        0.24        0.35    0.362131   0.0618066
         0.4        0.78     1.06984   0.0975289
        0.56        3.93     1.70492    0.124099
        0.72        5.05     1.95213    0.146778
        0.88        4.25     2.98541    0.204783
        1.04        5.33      4.9259    0.248496
         1.2        6.39     6.21967     0.31289
        1.36        8.52     7.39869    0.354224
        1.52         7.8     7.48492    0.284839
        1.68         8.7     8.41426    0.345281
        1.84        9.16     8.93607     0.30538
           2        7.54      8.2741    0.288868
        2.16        7.91     7.60803    0.251996
        2.32        6.33     6.91557    0.553083
        2.48        5.74      6.3923    0.423339
        2.64        1.97     6.69869    0.530351
         2.8        2.47     5.87738    0.303152
        2.96        6.02     4.22492    0.214298
        3.12        4.96     3.15115    0.232954
        3.28        0.91     2.63459    0.223562
        3.44        1.24     1.74443    0.144216
         3.6        0.63     1.14361    0.131988
        3.76         0.3    0.488525   0.0924651
        3.92        1.38    0.432131   0.0738171
        4.08        0.32    0.277377    0.049681
        4.24           0    0.394426   0.0614527
         4.4           0    0.137705   0.0427611
        4.56           0   0.0290164    0.011357
        4.72           0   0.0259016    0.018002
        4.88           0    0.012623  0.00729794
        5.04           0   0.0180328   0.0113951
         5.2           0  0.00459016  0.00320049
        5.36           0  0.00770492   0.0076415
        5.52           0           0           0
        5.68           0           0           0
        5.84           0           0           0
           6           0           0           0
        6.16           0           0           0
        6.32           0           0           0
        6.48           0           0           0
        6.64           0           0           0
         6.8           0           0           0
        6.96           0           0           0
        7.12           0           0           0
        7.28           0           0           0
        7.44           0           0           0
         7.6           0           0           0
        7.76           0           0           0
        7.92           0           0           0
        0.08           0   0.0524194   0.0202786
        0.24        0.63    0.366452   0.0609605
         0.4        0.58     1.06194   0.0962753
        0.56        3.53     1.73435     0.12554
        0.72        6.03      2.0179    0.158463
        0.88        6.71     3.04548    0.210107
        1.04        5.79     4.93984    0.244879
         1.2        3.47     6.17532     0.31097
        1.36        9.83      7.4379    0.350675
        1.52        5.67     7.45565    0.281745
        1.68        9.41     8.43032    0.340085
        1.84        6.81     8.90177    0.302374
           2        6.98     8.25323    0.284962
        2.16        8.19     7.61742    0.248106
        2.32        5.92     6.89952    0.544395
        2.48        6.56       6.395    0.416519
        2.64        3.35     6.64468     0.52454
         2.8        4.34     5.85258    0.299274
        2.96        5.42     4.24419    0.211707
        3.12        2.94     3.14774    0.229221
        3.28        2.61     2.63419    0.219956
        3.44        0.23        1.72    0.143943
         3.6        0.65     1.13565      0.1301
        3.76        1.35    0.502419   0.0920118
        3.92        0.43    0.432097   0.0726266
        4.08        0.57    0.282097   0.0491034
        4.24           0    0.388065   0.0607899
         4.4           0    0.135484    0.042129
        4.56           0   0.0285484   0.0111835
        4.72           0   0.0254839   0.0177165
        4.88           0   0.0124194  0.00718307
        5.04           0   0.0177419    0.011215
         5.2           0  0.00451613  0.00314973
        5.36           0  0.00758065  0.00751926
        5.52           0           0           0
        5.68           0           0           0
        5.84           0           0           0
           6           0           0           0
        6.16           0           0           0
        6.32           0           0           0
        6.48           0           0           0
        6.64           0           0           0
         6.8           0           0           0
        6.96           0           0           0
        7.12           0           0           0
        7.28           0           0           0
        7.44           0           0           0
         7.6           0           0           0
        7.76           0           0           0
        7.92           0           0           0
        0.08         0.1   0.0531746   0.0199708
        0.24        0.44    0.367619   0.0600041
         0.4        1.65     1.07127   0.0951985
        0.56        1.13     1.72476    0.123913
        0.72        5.93        2.08    0.167674
        0.88        5.94     3.09143    0.211735
        1.04        8.31     4.99333    0.246766
         1.2        4.57     6.14984    0.307077
        1.36        6.98     7.43063    0.345184
        1.52        9.08     7.48143    0.278451
        1.68       10.08     8.45651    0.335693
        1.84        7.43     8.87841    0.298475
           2        7.47     8.24079     0.28071
        2.16        6.39     7.59794    0.244931
        2.32        3.43     6.84444    0.538532
        2.48        8.15     6.42286    0.410838
        2.64        0.57     6.54825    0.525001
         2.8        7.66     5.88127    0.295896
        2.96        4.17     4.24302     0.20835
        3.12        3.52     3.15365    0.225659
        3.28           2     2.62413    0.216695
        3.44           0      1.6927    0.144225
         3.6           0     1.11762    0.129277
        3.76        2.31    0.531111   0.0949193
        3.92        0.69     0.43619    0.071589
        4.08           0    0.277619   0.0485277
        4.24           0    0.381905   0.0601363
         4.4           0    0.133333   0.0415151
        4.56           0   0.0280952   0.0110151
        4.72           0   0.0250794   0.0174399
        4.88           0   0.0122222  0.00707176
        5.04           0   0.0174603   0.0110405
         5.2           0  0.00444444  0.00310055
        5.36           0  0.00746032  0.00740087
        5.52           0           0           0
        5.68           0           0           0
        5.84           0           0           0
           6           0           0           0
        6.16           0           0           0
        6.32           0           0           0
        6.48           0           0           0
        6.64           0           0           0
         6.8           0           0           0
        6.96           0           0           0
        7.12           0           0           0
        7.28           0           0           0
        7.44           0           0           0
         7.6           0           0           0
        7.76           0           0           0
        7.92           0           0           0
        0.08           0   0.0523437    0.019676
        0.24        0.89    0.375781   0.0596191
         0.4        1.11     1.07187    0.093713
        0.56        0.05     1.69859    0.124709
        0.72        4.77     2.12203    0.170241
        0.88         7.1     3.15406    0.217494
        1.04        7.36     5.03031    0.245665
         1.2         7.2     6.16625    0.302717
        1.36        8.69     7.45031    0.340351
        1.52        8.07     7.49063    0.274252
        1.68        8.11     8.45109    0.330492
        1.84        8.07     8.86578    0.294079
           2         7.4     8.22766    0.276631
        2.16        6.24     7.57672    0.242022
        2.32        2.96     6.78375    0.533527
        2.48        8.53     6.45578    0.405736
        2.64        2.84     6.49031    0.519986
         2.8        5.99     5.88297    0.291277
        2.96        7.38     4.29203    0.210781
        3.12        0.24     3.10813    0.226679
        3.28        1.74     2.61031    0.213749
        3.44        0.26     1.67031    0.143698
         3.6           0     1.10016    0.128431
        3.76           3    0.569688    0.100971
        3.92           0    0.429375   0.0707941
        4.08           0    0.273281   0.0479629
        4.24           0    0.375937    0.059492
         4.4           0     0.13125   0.0409187
        4.56           0   0.0276563   0.0108518
        4.72           0   0.0246875   0.0171718
        4.88           0   0.0120313  0.00696384
        5.04           0   0.0171875   0.0108714
         5.2           0    0.004375  0.00305288
        5.36           0  0.00734375  0.00728615
        5.52           0           0           0
        5.68           0           0           0
        5.84           0           0           0
           6           0           0           0
        6.16           0           0           0
        6.32           0           0           0
        6.48           0           0           0
        6.64           0           0           0
         6.8           0           0           0
        6.96           0           0           0
        7.12           0           0           0
        7.28           0           0           0
        7.44           0           0           0
         7.6           0           0           0
        7.76           0           0           0
        7.92           0           0           0
        0.08           0   0.0515385   0.0193898
        0.24           0        0.37   0.0589815
         0.4        0.49     1.06292   0.0926978
        0.56        0.77     1.68431    0.123606
        0.72        4.83     2.16369    0.172644
        0.88        5.15     3.18477    0.216305
        1.04         9.5     5.09908    0.251326
         1.2        9.33     6.21492    0.301947
        1.36        5.87       7.426    0.335982
        1.52        6.43     7.47431    0.270517
        1.68       10.05     8.47569    0.326322
        1.84       11.05     8.89938    0.291468
           2        7.88     8.22231    0.272427
        2.16        4.03     7.52215    0.244372
        2.32        2.82     6.72277    0.528792
        2.48        6.68     6.45923    0.399509
        2.64        4.35     6.45738    0.513027
         2.8        9.39     5.93692    0.291751
        2.96        4.38     4.29338    0.207542
        3.12        0.07     3.06138     0.22796
        3.28        1.14     2.58769    0.211654
        3.44        0.79     1.65677    0.142124
         3.6           0     1.08323    0.127566
        3.76        2.74    0.603077    0.104793
        3.92        0.26    0.426769   0.0697529
        4.08           0    0.269077   0.0474089
        4.24           0    0.370154   0.0588572
         4.4           0    0.129231    0.040339
        4.56           0   0.0272308   0.0106932
        4.72           0   0.0243077   0.0169118
        4.88           0   0.0118462  0.00685917
        5.04           0   0.0169231   0.0107073
         5.2           0  0.00430769  0.00300665
        5.36           0  0.00723077  0.00717493
        5.52           0           0           0
        5.68           0           0           0
        5.84           0           0           0
           6           0           0           0
        6.16           0           0           0
        6.32           0           0           0
        6.48           0           0           0
        6.64           0           0           0
         6.8           0           0           0
        6.96           0           0           0
        7.12           0           0           0
        7.28           0           0           0
        7.44           0           0           0
         7.6           0           0           0
        7.76           0           0           0
        7.92           0           0           0
        0.08           0   0.0507576   0.0191117
        0.24        0.25    0.368182   0.0581159
         0.4        0.29     1.05121   0.0920301
        0.56        1.85     1.68682    0.121759
        0.72        3.89     2.18985    0.171998
        0.88        7.02     3.24288    0.220695
        1.04        7.68     5.13818    0.250541
         1.2        6.22       6.215    0.297372
        1.36        7.13     7.42152    0.330921
        1.52        9.41     7.50364    0.268004
        1.68        8.58     8.47727    0.321381
        1.84        9.94     8.91515    0.287478
           2        7.14     8.20591    0.268792
        2.16        5.15     7.48621    0.243298
        2.32        3.55      6.6747    0.522961
        2.48        8.02     6.48288    0.394155
        2.64        2.96     6.40439    0.507984
         2.8        8.83     5.98076    0.290604
        2.96        5.62     4.31348    0.205369
        3.12        0.47     3.02212    0.227862
        3.28           1     2.56364     0.20981
        3.44        0.01     1.63182    0.142144
         3.6         0.6     1.07591    0.125843
        3.76        1.91    0.622879     0.10506
        3.92        0.48    0.427576   0.0687007
        4.08           0       0.265   0.0468656
        4.24           0    0.364545    0.058232
         4.4           0    0.127273   0.0397753
        4.56           0   0.0268182   0.0105391
        4.72           0   0.0239394   0.0166596
        4.88           0   0.0116667  0.00675759
        5.04           0   0.0166667   0.0105482
         5.2           0  0.00424242  0.00296181
        5.36           0  0.00712121  0.00706706
        5.52           0           0           0
        5.68           0           0           0
        5.84           0           0           0
           6           0           0           0
        6.16           0           0           0
        6.32           0           0           0
        6.48           0           0           0
        6.64           0           0           0
         6.8           0           0           0
        6.96           0           0           0
        7.12           0           0           0
        7.28           0           0           0
        7.44           0           0           0
         7.6           0           0           0
        7.76           0           0           0
        7.92           0           0           0
        0.08           0        0.05   0.0188415
        0.24           0    0.362687   0.0575077
         0.4        1.69     1.06075    0.091149
        0.56        3.19     1.70925    0.121991
        0.72        3.66     2.21179    0.170825
        0.88        5.84     3.28164    0.220779
        1.04        3.92        5.12    0.247461
         1.2        7.23     6.23015    0.293319
        1.36        8.58     7.43881    0.326434
        1.52        6.35     7.48642    0.264556
        1.68        8.93     8.48403    0.316655
        1.84        11.1     8.94776    0.285031
           2        7.77      8.1994    0.264859
        2.16        4.41      7.4403     0.24396
        2.32        5.36     6.65507    0.515523
        2.48        7.74     6.50164    0.388718
        2.64        5.26     6.38731    0.500689
         2.8         6.4     5.98701    0.286334
        2.96        5.31     4.32836    0.202842
        3.12        1.26     2.99582    0.225974
        3.28           1      2.5403    0.207972
        3.44         0.3     1.61194    0.141405
         3.6        2.47     1.09672    0.125673
        3.76        0.23    0.617015    0.103655
        3.92           0    0.421194   0.0679711
        4.08           0    0.261045   0.0463327
        4.24           0    0.359104   0.0576165
         4.4           0    0.125373    0.039227
        4.56           0   0.0264179   0.0103894
        4.72           0   0.0235821   0.0164148
        4.88           0   0.0114925  0.00665897
        5.04           0   0.0164179   0.0103937
         5.2           0   0.0041791  0.00291828
        5.36           0  0.00701493  0.00696238
        5.52           0           0           0
        5.68           0           0           0
        5.84           0           0           0
           6           0           0           0
        6.16           0           0           0
        6.32           0           0           0
        6.48           0           0           0
        6.64           0           0           0
         6.8           0           0           0
        6.96           0           0           0
        7.12           0           0           0
        7.28           0           0           0
        7.44           0           0           0
         7.6           0           0           0
        7.76           0           0           0
        7.92           0           0           0
        0.08           0   0.0492647   0.0185787
        0.24           0    0.357353   0.0569088
         0.4        1.76     1.07103   0.0903868
        0.56        2.44        1.72     0.12067
        0.72        4.22     2.24132    0.170846
        0.88        5.66     3.31662    0.220285
        1.04        4.83     5.11574    0.243858
         1.2        8.67     6.26603    0.291192
        1.36        4.59     7.39691     0.32431
        1.52        6.84     7.47691    0.260836
        1.68       12.58     8.54426    0.317676
        1.84        9.23     8.95191    0.280869
           2        7.82     8.19382    0.261023
        2.16        4.92     7.40324    0.243172
        2.32        7.45     6.66676    0.508075
        2.48        5.86     6.49221    0.383116
        2.64         5.6     6.37574     0.49346
         2.8        5.25     5.97618    0.282329
        2.96        4.63     4.33279    0.199907
        3.12        1.65     2.97603    0.223516
        3.28           1     2.51765    0.206144
        3.44           0     1.58824    0.141299
         3.6        2.35     1.11515    0.125169
        3.76        0.65      0.6175    0.102132
        3.92           0       0.415   0.0672532
        4.08           0    0.257206   0.0458101
        4.24           0    0.353824   0.0570107
         4.4           0    0.123529   0.0386934
        4.56           0   0.0260294   0.0102439
        4.72           0   0.0232353   0.0161771
        4.88           0   0.0113235  0.00656319
        5.04           0   0.0161765   0.0102436
         5.2           0  0.00411765  0.00287601
        5.36           0  0.00691176  0.00686075
        5.52           0           0           0
        5.68           0           0           0
        5.84           0           0           0
           6           0           0           0
        6.16           0           0           0
        6.32           0           0           0
        6.48           0           0           0
        6.64           0           0           0
         6.8           0           0           0
        6.96           0           0           0
        7.12           0           0           0
        7.28           0           0           0
        7.44           0           0           0
         7.6           0           0           0
        7.76           0           0           0
        7.92           0           0           0
        0.08           0   0.0485507   0.0183232
        0.24           0    0.352174   0.0563192
         0.4        1.01     1.07014   0.0890812
        0.56        2.14     1.72609    0.119074
        0.72        2.53     2.24551    0.168422
        0.88        4.86     3.33899    0.218225
        1.04        6.12     5.13029    0.240758
         1.2       10.84     6.33232    0.294421
        1.36        3.38      7.3387    0.324793
        1.52        5.33      7.4458    0.258905
        1.68        8.82     8.54826    0.313097
        1.84       12.68     9.00594    0.281948
           2        8.82      8.2029    0.257398
        2.16        7.46     7.40406    0.239649
        2.32        6.08     6.65826    0.500783
        2.48         4.7     6.46623    0.378443
        2.64        8.98     6.41348    0.487749
         2.8        5.55        5.97    0.278304
        2.96        3.85      4.3258    0.197132
        3.12        0.79     2.94435     0.22251
        3.28        1.61     2.50449    0.203575
        3.44        0.15     1.56739     0.14078
         3.6        2.15     1.13014     0.12425
        3.76        0.15    0.610725    0.100876
        3.92           0    0.408986   0.0665469
        4.08           0    0.253478   0.0452976
        4.24           0    0.348696   0.0564146
         4.4           0    0.121739    0.038174
        4.56           0   0.0256522   0.0101024
        4.72           0   0.0228986   0.0159461
        4.88           0   0.0111594  0.00647012
        5.04           0    0.015942   0.0100979
         5.2           0  0.00405797  0.00283495
        5.36           0  0.00681159  0.00676205
        5.52           0           0           0
        5.68           0           0           0
        5.84           0           0           0
           6           0           0           0
        6.16           0           0           0
        6.32           0           0           0
        6.48           0           0           0
        6.64           0           0           0
         6.8           0           0           0
        6.96           0           0           0
        7.12           0           0           0
        7.28           0           0           0
        7.44           0           0           0
         7.6           0           0           0
        7.76           0           0           0
        7.92           0           0           0
        0.08           0   0.0478571   0.0180746
        0.24        1.09    0.362714   0.0564923
         0.4        0.46     1.06143    0.088234
        0.56        2.37     1.73529    0.117728
        0.72        2.38     2.24743    0.166027
        0.88        4.67       3.358    0.215934
        1.04        7.07       5.158    0.238908
         1.2       10.36     6.38986    0.295783
        1.36        5.28     7.30929    0.321482
        1.52        6.22     7.42829    0.255798
        1.68        8.19     8.54314    0.308666
        1.84        8.73       9.002    0.277947
           2        9.05       8.215    0.254005
        2.16        7.95     7.41186    0.236352
        2.32        8.68     6.68714    0.494461
        2.48        5.28     6.44929    0.373416
        2.64        7.68     6.43157    0.481117
         2.8        3.85     5.93971    0.275972
        2.96        2.14     4.29457    0.196774
        3.12        1.35     2.92157    0.220494
        3.28         1.6     2.49157    0.201077
        3.44         0.6     1.55357    0.139446
         3.6         2.1       1.144    0.123245
        3.76         0.9    0.614857   0.0995198
        3.92           0    0.403143   0.0658522
        4.08           0    0.249857    0.044795
        4.24           0    0.343714   0.0558282
         4.4           0        0.12   0.0376683
        4.56           0   0.0252857  0.00996468
        4.72           0   0.0225714   0.0157217
        4.88           0       0.011  0.00637966
        5.04           0   0.0157143  0.00995617
         5.2           0       0.004  0.00279504
        5.36           0  0.00671429  0.00666615
        5.52           0           0           0
        5.68           0           0           0
        5.84           0           0           0
           6           0           0           0
        6.16           0           0           0
        6.32           0           0           0
        6.48           0           0           0
        6.64           0           0           0
         6.8           0           0           0
        6.96           0           0           0
        7.12           0           0           0
        7.28           0           0           0
        7.44           0           0           0
         7.6           0           0           0
        7.76           0           0           0
        7.92           0           0           0
        0.08           0   0.0471831   0.0178325
        0.24        0.27    0.361408   0.0557118
         0.4        0.46     1.05296   0.0873969
        0.56        2.89     1.75155    0.117188
        0.72         3.6     2.26648    0.164777
        0.88        3.98     3.36676    0.213071
        1.04        8.55     5.20577    0.240272
         1.2        7.36     6.40352    0.291933
        1.36        6.54     7.29845    0.317137
        1.52        6.24     7.41155    0.252742
        1.68       11.38      8.5831    0.306894
        1.84       10.39     9.02155    0.274719
           2        6.68     8.19338    0.251346
        2.16        5.98     7.39169    0.233882
        2.32        6.08     6.67859     0.48757
        2.48        7.66     6.46634    0.368546
        2.64        7.94     6.45282    0.474809
         2.8           3     5.89831    0.275173
        2.96        0.71     4.24408    0.200374
        3.12        2.52     2.91592    0.217461
        3.28        1.77     2.48141    0.198501
        3.44           1     1.54577    0.137699
         3.6        2.64     1.16507    0.123298
        3.76        0.36    0.611268   0.0981828
        3.92           0    0.397465    0.065169
        4.08           0    0.246338   0.0443021
        4.24           0    0.338873   0.0552513
         4.4           0     0.11831   0.0371756
        4.56           0   0.0249296  0.00983069
        4.72           0   0.0222535   0.0155034
        4.88           0   0.0108451  0.00629168
        5.04           0    0.015493   0.0098184
         5.2           0  0.00394366  0.00275624
        5.36           0  0.00661972  0.00657294
        5.52           0           0           0
        5.68           0           0           0
        5.84           0           0           0
           6           0           0           0
        6.16           0           0           0
        6.32           0           0           0
        6.48           0           0           0
        6.64           0           0           0
         6.8           0           0           0
        6.96           0           0           0
        7.12           0           0           0
        7.28           0           0           0
        7.44           0           0           0
         7.6           0           0           0
        7.76           0           0           0
        7.92           0           0           0
        0.08        0.54   0.0540278   0.0188528
        0.24         0.4    0.361944   0.0549406
         0.4        0.29     1.04236   0.0868231
        0.56        2.87     1.76708    0.116585
        0.72         3.1     2.27806    0.162895
        0.88        3.79     3.37264    0.210192
        1.04        7.17     5.23306    0.238479
         1.2        6.47     6.40444     0.28788
        1.36        9.54     7.32958    0.314256
        1.52       10.01     7.44764    0.251795
        1.68        8.15     8.57708     0.30269
        1.84       11.22     9.05208    0.272595
           2         5.3     8.15319    0.251047
        2.16        3.64     7.33958    0.236367
        2.32        3.29     6.63153    0.483065
        2.48       11.93     6.54222    0.371157
        2.64        6.91     6.45917    0.468257
         2.8        3.19     5.86069     0.27391
        2.96        1.19     4.20167    0.202031
        3.12        3.52     2.92431    0.214603
        3.28        1.61     2.46931    0.196113
        3.44        1.75     1.54861    0.135816
         3.6        2.12     1.17833    0.122296
        3.76           0    0.602778   0.0971856
        3.92           0    0.391944   0.0644973
        4.08           0    0.242917   0.0438187
        4.24           0    0.334167    0.054684
         4.4           0    0.116667   0.0366956
        4.56           0   0.0245833  0.00970025
        4.72           0   0.0219444   0.0152912
        4.88           0   0.0106944   0.0062061
        5.04           0   0.0152778   0.0096844
         5.2           0  0.00388889   0.0027185
        5.36           0  0.00652778  0.00648229
        5.52           0           0           0
        5.68           0           0           0
        5.84           0           0           0
           6           0           0           0
        6.16           0           0           0
        6.32           0           0           0
        6.48           0           0           0
        6.64           0           0           0
         6.8           0           0           0
        6.96           0           0           0
        7.12           0           0           0
        7.28           0           0           0
        7.44           0           0           0
         7.6           0           0           0
        7.76           0           0           0
        7.92           0           0           0
        0.08           0   0.0532877    0.018609
        0.24           1    0.370685   0.0548788
         0.4        1.73     1.05178   0.0861432
        0.56        2.37     1.77534     0.11528
        0.72        4.05     2.30233    0.162462
        0.88         2.8     3.36479    0.207459
        1.04         8.3     5.27507    0.238884
         1.2        5.67     6.39438    0.284112
        1.36       10.41     7.37178    0.312772
        1.52        8.29     7.45918     0.24861
        1.68        6.82     8.55301    0.299499
        1.84       12.71     9.10219    0.273428
           2        4.24     8.09959    0.253266
        2.16           5     7.30753    0.235292
        2.32        6.05     6.62356    0.476513
        2.48        9.86     6.58767    0.368845
        2.64        4.76     6.43589    0.462421
         2.8        3.52     5.82863    0.272028
        2.96        3.35        4.19      0.1996
        3.12        1.41     2.90356    0.212663
        3.28        2.21     2.46575    0.193459
        3.44         1.4     1.54658    0.133971
         3.6        2.05     1.19027    0.121203
        3.76           0    0.594521   0.0962044
        3.92           0    0.386575   0.0638369
        4.08           0    0.239589   0.0433446
        4.24           0    0.329589   0.0541262
         4.4           0    0.115068   0.0362277
        4.56           0   0.0242466  0.00957321
        4.72           0   0.0216438   0.0150847
        4.88           0   0.0105479  0.00612281
        5.04           0   0.0150685  0.00955399
         5.2           0  0.00383562  0.00268179
        5.36           0  0.00643836  0.00639411
        5.52           0           0           0
        5.68           0           0           0
        5.84           0           0           0
           6           0           0           0
        6.16           0           0           0
        6.32           0           0           0
        6.48           0           0           0
        6.64           0           0           0
         6.8           0           0           0
        6.96           0           0           0
        7.12           0           0           0
        7.28           0           0           0
        7.44           0           0           0
         7.6           0           0           0
        7.76           0           0           0
        7.92           0           0           0
        0.08           0   0.0525676   0.0183715
        0.24        0.41    0.371216   0.0541398
         0.4        2.37     1.06959   0.0868015
        0.56        2.53     1.78554    0.114173
        0.72        3.68     2.32095     0.16133
        0.88        4.27     3.37703    0.205016
        1.04        7.53     5.30554    0.237592
         1.2        9.44     6.43554    0.283238
        1.36        8.19     7.38284     0.30874
        1.52        6.73     7.44932    0.245446
        1.68        6.65      8.5273    0.296554
        1.84        9.83     9.11203     0.26991
           2        6.04     8.07176    0.251368
        2.16        7.51     7.31027    0.232128
        2.32        5.72     6.61135     0.47023
        2.48        6.89     6.59176    0.363883
        2.64        5.21     6.41932    0.456469
         2.8         5.1     5.81878     0.26853
        2.96        2.42     4.16608    0.198331
        3.12        0.48     2.87081    0.212296
        3.28        2.69     2.46878    0.190868
        3.44        1.31     1.54338    0.132199
         3.6         1.4     1.19311    0.119598
        3.76         1.6    0.608108   0.0958591
        3.92           0    0.381351   0.0631876
        4.08           0    0.236351   0.0428796
        4.24           0    0.325135   0.0535777
         4.4           0    0.113514   0.0357715
        4.56           0   0.0239189  0.00944945
        4.72           0   0.0213514   0.0148837
        4.88           0   0.0104054  0.00604173
        5.04           0   0.0148649  0.00942706
         5.2           0  0.00378378  0.00264605
        5.36           0  0.00635135  0.00630829
        5.52           0           0           0
        5.68           0           0           0
        5.84           0           0           0
           6           0           0           0
        6.16           0           0           0
        6.32           0           0           0
        6.48           0           0           0
        6.64           0           0           0
         6.8           0           0           0
        6.96           0           0           0
        7.12           0           0           0
        7.28           0           0           0
        7.44           0           0           0
         7.6           0           0           0
        7.76           0           0           0
        7.92           0           0           0
        0.08           0   0.0518667   0.0181399
        0.24        0.76      0.3764   0.0536655
         0.4        0.72     1.06493   0.0857692
        0.56        3.76     1.81187    0.115646
        0.72        4.26      2.3468    0.161237
        0.88        4.06     3.38613    0.202485
        1.04        8.15     5.34347    0.237432
         1.2       10.07       6.484    0.283577
        1.36        6.86     7.37587    0.304703
        1.52        4.56      7.4108    0.245178
        1.68        7.72     8.51653    0.292795
        1.84        10.9     9.13587    0.267362
           2         6.1     8.04547    0.249388
        2.16        8.76      7.3296    0.229837
        2.32        4.83      6.5876     0.46456
        2.48        3.33     6.54827    0.361621
        2.64        7.25      6.4304    0.450517
         2.8        5.06     5.80867    0.265141
        2.96        2.78      4.1476    0.196546
        3.12        1.07      2.8468    0.210819
        3.28        1.59     2.45707    0.188683
        3.44        2.41     1.55493     0.13094
         3.6           1     1.19053    0.118031
        3.76           2    0.626667   0.0963607
        3.92           0    0.376267   0.0625493
        4.08           0      0.2332   0.0424235
        4.24           0      0.3208   0.0530384
         4.4           0       0.112   0.0353265
        4.56           0      0.0236  0.00932884
        4.72           0   0.0210667    0.014688
        4.88           0   0.0102667  0.00596277
        5.04           0   0.0146667  0.00930344
         5.2           0  0.00373333  0.00261125
        5.36           0  0.00626667  0.00622475
        5.52           0           0           0
        5.68           0           0           0
        5.84           0           0           0
           6           0           0           0
        6.16           0           0           0
        6.32           0           0           0
        6.48           0           0           0
        6.64           0           0           0
         6.8           0           0           0
        6.96           0           0           0
        7.12           0           0           0
        7.28           0           0           0
        7.44           0           0           0
         7.6           0           0           0
        7.76           0           0           0
        7.92           0           0           0
        0.08           0   0.0511842    0.017914
        0.24        1.13    0.386316   0.0538677
         0.4        0.11     1.05237    0.085556
        0.56         3.6     1.83539    0.116493
        0.72        4.35     2.37316    0.161255
        0.88        4.24     3.39737    0.200132
        1.04       10.84     5.41579    0.245075
         1.2        8.21     6.50671    0.280753
        1.36        4.02     7.33171    0.303876
        1.52        6.34     7.39671    0.242357
        1.68        7.33     8.50092    0.289359
        1.84       10.45     9.15316    0.264402
           2        9.17     8.06026    0.246545
        2.16        8.12        7.34    0.227048
        2.32        5.51     6.57342    0.458664
        2.48        2.51     6.49513    0.360746
        2.64        7.15     6.43987    0.444688
         2.8        3.84     5.78276    0.262914
        2.96        1.92     4.11829    0.196133
        3.12        2.84     2.84671    0.208045
        3.28        0.32     2.42895    0.188284
        3.44        2.32       1.565    0.129603
         3.6        1.68     1.19697    0.116653
        3.76           2    0.644737   0.0967723
        3.92           0    0.371316   0.0619219
        4.08           0    0.230132   0.0419762
        4.24           0    0.316579   0.0525083
         4.4           0    0.110526   0.0348924
        4.56           0   0.0232895  0.00921126
        4.72           0   0.0207895   0.0144973
        4.88           0   0.0101316  0.00588584
        5.04           0   0.0144737  0.00918303
         5.2           0  0.00368421  0.00257735
        5.36           0  0.00618421  0.00614339
        5.52           0           0           0
        5.68           0           0           0
        5.84           0           0           0
           6           0           0           0
        6.16           0           0           0
        6.32           0           0           0
        6.48           0           0           0
        6.64           0           0           0
         6.8           0           0           0
        6.96           0           0           0
        7.12           0           0           0
        7.28           0           0           0
        7.44           0           0           0
         7.6           0           0           0
        7.76           0           0           0
        7.92           0           0           0
        0.08           0   0.0505195   0.0176937
        0.24           1    0.394286   0.0537544
         0.4           0      1.0387   0.0855296
        0.56        3.73        1.86     0.11755
        0.72        5.89     2.41883    0.165503
        0.88        3.22     3.39506    0.197546
        1.04        9.51     5.46896    0.247593
         1.2        6.48     6.50636    0.277107
        1.36        6.93     7.32649    0.299974
        1.52        6.64     7.38688    0.239408
        1.68        8.07     8.49532    0.285655
        1.84        9.55     9.15831    0.261019
           2        7.94      8.0587    0.243348
        2.16        9.95      7.3739    0.226615
        2.32        3.89     6.53857    0.454029
        2.48         3.6     6.45753    0.358015
        2.64        6.57     6.44156    0.438916
         2.8        3.46      5.7526    0.261224
        2.96        2.74     4.10039    0.194401
        3.12        2.83     2.84649    0.205343
        3.28        0.26     2.40078    0.187933
        3.44        1.74     1.56727     0.12794
         3.6        2.23     1.21039    0.115907
        3.76        1.77    0.659351   0.0966126
        3.92           0    0.366494   0.0613052
        4.08           0    0.227143   0.0415373
        4.24           0    0.312468    0.051987
         4.4           0    0.109091   0.0344688
        4.56           0    0.022987  0.00909659
        4.72           0   0.0205195   0.0143115
        4.88           0        0.01  0.00581087
        5.04           0   0.0142857   0.0090657
         5.2           0  0.00363636  0.00254432
        5.36           0   0.0061039  0.00606413
        5.52           0           0           0
        5.68           0           0           0
        5.84           0           0           0
           6           0           0           0
        6.16           0           0           0
        6.32           0           0           0
        6.48           0           0           0
        6.64           0           0           0
         6.8           0           0           0
        6.96           0           0           0
        7.12           0           0           0
        7.28           0           0           0
        7.44           0           0           0
         7.6           0           0           0
        7.76           0           0           0
        7.92           0           0           0
        0.08           0   0.0498718   0.0174787
        0.24           1    0.402051   0.0536233
         0.4           0     1.02538   0.0854634
        0.56           3     1.87462    0.116948
        0.72        4.86     2.45013    0.166314
        0.88        4.45     3.40859    0.195476
        1.04       11.78     5.54987      0.2573
         1.2        5.32     6.49115    0.273972
        1.36        5.02     7.29692    0.297582
        1.52        6.43     7.37462    0.236653
        1.68        8.89     8.50038    0.282038
        1.84        7.39     9.13564    0.258655
           2        8.79     8.06808    0.240409
        2.16       13.02     7.44628    0.234986
        2.32        3.61     6.50103    0.449758
        2.48        2.44     6.40603    0.357111
        2.64        5.43     6.42859    0.433481
         2.8        4.72     5.73936    0.258211
        2.96        3.15     4.08821     0.19229
        3.12         2.7     2.84462    0.202719
        3.28           1     2.38282     0.18638
        3.44           1        1.56    0.126506
         3.6        2.04     1.22103    0.114908
        3.76        1.92    0.675513   0.0967164
        3.92        0.04    0.362308    0.060662
        4.08           0    0.224231   0.0411067
        4.24           0    0.308462   0.0514747
         4.4           0    0.107692   0.0340553
        4.56           0   0.0226923  0.00898474
        4.72           0   0.0202564   0.0141305
        4.88           0  0.00987179  0.00573779
        5.04           0   0.0141026  0.00895132
         5.2           0  0.00358974  0.00251213
        5.36           0  0.00602564  0.00598689
        5.52           0           0           0
        5.68           0           0           0
        5.84           0           0           0
           6           0           0           0
        6.16           0           0           0
        6.32           0           0           0
        6.48           0           0           0
        6.64           0           0           0
         6.8           0           0           0
        6.96           0           0           0
        7.12           0           0           0
        7.28           0           0           0
        7.44           0           0           0
         7.6           0           0           0
        7.76           0           0           0
        7.92           0           0           0
        0.08           0   0.0492405   0.0172689
        0.24           1     0.40962    0.053476
         0.4        0.72     1.02152    0.084469
        0.56        3.24      1.8919    0.116738
        0.72        6.34     2.49937    0.171343
        0.88        3.97      3.4157    0.193131
        1.04       11.12     5.62038    0.263526
         1.2         4.2     6.46215    0.272035
        1.36        5.93     7.27962    0.294318
        1.52        5.43        7.35    0.234934
        1.68        8.24     8.49709    0.278487
        1.84         8.4     9.12633    0.255548
           2        9.28     8.08342    0.237855
        2.16        8.26     7.45658    0.232237
        2.32        6.49     6.50089    0.444065
        2.48        2.56     6.35734    0.355893
        2.64        5.24     6.41354    0.428255
         2.8        6.52     5.74924    0.255131
        2.96        4.04     4.08759    0.189857
        3.12        1.67     2.82975    0.200698
        3.28        0.35     2.35709    0.185789
        3.44        1.52     1.55949    0.124906
         3.6        1.48      1.2243    0.113501
        3.76           1     0.67962   0.0955793
        3.92           1     0.37038   0.0604288
        4.08           0    0.221392   0.0406842
        4.24           0    0.304557    0.050971
         4.4           0    0.106329   0.0336515
        4.56           0   0.0224051   0.0088756
        4.72           0        0.02   0.0139539
        4.88           0  0.00974684  0.00566652
        5.04           0   0.0139241  0.00883979
         5.2           0   0.0035443  0.00248074
        5.36           0  0.00594937  0.00591159
        5.52           0           0           0
        5.68           0           0           0
        5.84           0           0           0
           6           0           0           0
        6.16           0           0           0
        6.32           0           0           0
        6.48           0           0           0
        6.64           0           0           0
         6.8           0           0           0
        6.96           0           0           0
        7.12           0           0           0
        7.28           0           0           0
        7.44           0           0           0
         7.6           0           0           0
        7.76           0           0           0
        7.92           0           0           0
        0.08           0    0.048625    0.017064
        0.24           1       0.417   0.0533143
         0.4           1     1.02125   0.0834136
        0.56        4.33     1.92238     0.11919
        0.72        6.42     2.54837     0.17607
        0.88        6.12      3.4495    0.193652
        1.04        8.32     5.65412    0.262384
         1.2        3.02     6.41913    0.272016
        1.36        6.73     7.27275    0.290719
        1.52        4.18     7.31037    0.235315
        1.68        8.97       8.503    0.275068
        1.84        7.88     9.11075    0.252828
           2        8.42     8.08762    0.234919
        2.16        8.26     7.46663    0.229551
        2.32        5.39       6.487    0.438731
        2.48         3.8     6.32537    0.352877
        2.64        4.95     6.39525    0.423292
         2.8        8.27     5.78075     0.25388
        2.96        3.94     4.08575    0.187493
        3.12           2     2.81938    0.198457
        3.28        0.38     2.33237    0.185103
        3.44        1.62     1.56025    0.123347
         3.6           1      1.2215    0.112116
        3.76        1.13     0.68525   0.0945502
        3.92        0.87    0.376625   0.0599953
        4.08           0    0.218625   0.0402697
        4.24           0     0.30075   0.0504758
         4.4           0       0.105    0.033257
        4.56           0    0.022125  0.00876908
        4.72           0     0.01975   0.0137818
        4.88           0    0.009625    0.005597
        5.04           0     0.01375  0.00873101
         5.2           0      0.0035  0.00245013
        5.36           0    0.005875  0.00583817
        5.52           0           0           0
        5.68           0           0           0
        5.84           0           0           0
           6           0           0           0
        6.16           0           0           0
        6.32           0           0           0
        6.48           0           0           0
        6.64           0           0           0
         6.8           0           0           0
        6.96           0           0           0
        7.12           0           0           0
        7.28           0           0           0
        7.44           0           0           0
         7.6           0           0           0
        7.76           0           0           0
        7.92           0           0           0
        0.08           0   0.0480247   0.0168639
        0.24        1.03    0.424568   0.0531906
         0.4        1.12     1.02247   0.0823927
        0.56        4.46      1.9537    0.121766
        0.72        7.34     2.60753    0.183565
        0.88        7.04     3.49383    0.196269
        1.04        6.21     5.66099    0.259234
         1.2        4.58     6.39642    0.269603
        1.36        5.07     7.24556    0.288399
        1.52        6.16     7.29617    0.232838
        1.68        7.18     8.48667    0.272157
        1.84        8.95     9.10877    0.249715
           2         6.8     8.07173    0.232556
        2.16        8.24     7.47617    0.226916
        2.32        4.75     6.46556    0.433838
        2.48        5.15     6.31086    0.348819
        2.64        4.25     6.36877    0.418894
         2.8        7.19     5.79815    0.251341
        2.96        5.81     4.10704    0.186382
        3.12        1.92     2.80827    0.196317
        3.28        0.75     2.31284    0.183846
        3.44        0.36     1.54543    0.122711
         3.6        1.64     1.22667    0.110851
        3.76           1    0.689136   0.0934628
        3.92           1    0.384321   0.0597462
        4.08           0    0.215926   0.0398629
        4.24           0    0.297037    0.049989
         4.4           0    0.103704   0.0328717
        4.56           0   0.0218519  0.00866507
        4.72           0   0.0195062   0.0136138
        4.88           0  0.00950617  0.00552916
        5.04           0   0.0135802  0.00862487
         5.2           0  0.00345679  0.00242026
        5.36           0  0.00580247  0.00576654
        5.52           0           0           0
        5.68           0           0           0
        5.84           0           0           0
           6           0           0           0
        6.16           0           0           0
        6.32           0           0           0
        6.48           0           0           0
        6.64           0           0           0
         6.8           0           0           0
        6.96           0           0           0
        7.12           0           0           0
        7.28           0           0           0
        7.44           0           0           0
         7.6           0           0           0
        7.76           0           0           0
        7.92           0           0           0
        0.08           0    0.047439   0.0166684
        0.24           1    0.431585   0.0530028
         0.4        1.95     1.03378   0.0821607
        0.56        3.38      1.9711    0.121517
        0.72        4.66     2.63256    0.183025
        0.88         8.6      3.5561    0.203514
        1.04        7.52     5.68366    0.257062
         1.2        4.62     6.37476    0.267184
        1.36        3.47     7.19951    0.288534
        1.52        6.88      7.2911    0.230054
        1.68        7.35      8.4728    0.269191
        1.84         8.5     9.10134     0.24678
           2        7.23     8.06146    0.229946
        2.16        6.71     7.46683    0.224341
        2.32        5.41     6.45268    0.428738
        2.48        7.44     6.32463    0.344837
        2.64        3.59     6.33488    0.415154
         2.8        5.92     5.79963    0.248281
        2.96        6.15     4.13195    0.185767
        3.12        3.21     2.81317    0.193984
        3.28        0.41     2.28963    0.183062
        3.44           0     1.52659    0.122653
         3.6           2      1.2361      0.1099
        3.76           1    0.692927   0.0923998
        3.92           1    0.391829   0.0594875
        4.08           0    0.213293   0.0394636
        4.24           0    0.293415   0.0495105
         4.4           0    0.102439   0.0324952
        4.56           0   0.0215854  0.00856349
        4.72           0   0.0192683   0.0134498
        4.88           0  0.00939024  0.00546295
        5.04           0   0.0134146  0.00852127
         5.2           0  0.00341463  0.00239111
        5.36           0  0.00573171  0.00569665
        5.52           0           0           0
        5.68           0           0           0
        5.84           0           0           0
           6           0           0           0
        6.16           0           0           0
        6.32           0           0           0
        6.48           0           0           0
        6.64           0           0           0
         6.8           0           0           0
        6.96           0           0           0
        7.12           0           0           0
        7.28           0           0           0
        7.44           0           0           0
         7.6           0           0           0
        7.76           0           0           0
        7.92           0           0           0
        0.08           0   0.0468675   0.0164774
        0.24           1    0.438434   0.0528048
         0.4        1.48     1.03916   0.0813465
        0.56        2.66      1.9794    0.120336
        0.72        2.71     2.63349    0.180822
        0.88        7.65     3.60542    0.206953
        1.04       10.19     5.73795    0.259636
         1.2        4.55     6.35277    0.264868
        1.36        4.83     7.17096    0.286467
        1.52        5.43     7.26867    0.228373
        1.68       10.67     8.49928    0.267246
        1.84        6.48     9.06976    0.245819
           2        6.49     8.04253    0.227954
        2.16        6.02      7.4494    0.222314
        2.32        8.01     6.47145    0.423983
        2.48        5.67     6.31675    0.340772
        2.64        8.43     6.36012    0.410919
         2.8        2.42     5.75892    0.248606
        2.96        3.79     4.12783    0.183575
        3.12        5.06     2.84024    0.193527
        3.28        0.46     2.26759    0.182179
        3.44           0     1.50819    0.122547
         3.6         2.7     1.25373    0.109982
        3.76         0.3    0.688193   0.0914078
        3.92           1    0.399157   0.0592203
        4.08           0    0.210723   0.0390717
        4.24           0     0.28988     0.04904
         4.4           0    0.101205   0.0321271
        4.56           0   0.0213253  0.00846427
        4.72           0   0.0190361   0.0132898
        4.88           0  0.00927711   0.0053983
        5.04           0    0.013253  0.00842014
         5.2           0  0.00337349  0.00236266
        5.36           0  0.00566265  0.00562843
        5.52           0           0           0
        5.68           0           0           0
        5.84           0           0           0
           6           0           0           0
        6.16           0           0           0
        6.32           0           0           0
        6.48           0           0           0
        6.64           0           0           0
         6.8           0           0           0
        6.96           0           0           0
        7.12           0           0           0
        7.28           0           0           0
        7.44           0           0           0
         7.6           0           0           0
        7.76           0           0           0
        7.92           0           0           0
        0.08           0   0.0463095   0.0162906
        0.24           1    0.445119   0.0525976
         0.4        1.86     1.04893   0.0809629
        0.56        3.53     1.99786    0.120311
        0.72        3.94     2.64905    0.179337
        0.88        6.69     3.64214    0.207722
        1.04        8.08     5.76583    0.258037
         1.2         5.1     6.33786    0.262135
        1.36        5.46      7.1506     0.28378
        1.52        8.35     7.28155    0.226016
        1.68        9.58     8.51214    0.264374
        1.84        6.52      9.0394     0.24476
           2        5.15      8.0081    0.227826
        2.16        4.39     7.41298    0.222631
        2.32        5.64     6.46155    0.419051
        2.48        8.63     6.34429    0.337826
        2.64        8.38     6.38417     0.40673
         2.8        0.95     5.70167    0.252152
        2.96        5.04     4.13869     0.18171
        3.12        4.21     2.85655    0.191908
        3.28         1.5     2.25845    0.180239
        3.44           0     1.49024    0.122396
         3.6        2.28     1.26595    0.109349
        3.76        0.72    0.688571   0.0903204
        3.92           1     0.40631   0.0589457
        4.08           0    0.208214   0.0386871
        4.24           0    0.286429   0.0485775
         4.4           0         0.1   0.0317672
        4.56           0   0.0210714  0.00836731
        4.72           0   0.0188095   0.0131335
        4.88           0  0.00916667  0.00533516
        5.04           0   0.0130952  0.00832138
         5.2           0  0.00333333  0.00233487
        5.36           0  0.00559524  0.00556183
        5.52           0           0           0
        5.68           0           0           0
        5.84           0           0           0
           6           0           0           0
        6.16           0           0           0
        6.32           0           0           0
        6.48           0           0           0
        6.64           0           0           0
         6.8           0           0           0
        6.96           0           0           0
        7.12           0           0           0
        7.28           0           0           0
        7.44           0           0           0
         7.6           0           0           0
        7.76           0           0           0
        7.92           0           0           0
        0.08           0   0.0457647   0.0161081
        0.24           1    0.451647   0.0523824
         0.4        0.75     1.04541   0.0800867
        0.56        7.26     2.05976    0.133879
        0.72        4.72     2.67341    0.178875
        0.88        4.36     3.65059     0.20545
        1.04        8.03     5.79247    0.256373
         1.2        4.88     6.32071    0.259611
        1.36        7.68     7.15682    0.280509
        1.52        7.17     7.28024    0.223361
        1.68        9.57     8.52459    0.261556
        1.84        6.58     9.01047    0.243584
           2        2.73       7.946    0.233455
        2.16        4.66     7.38059    0.222355
        2.32        4.85     6.44259     0.41455
        2.48        6.21     6.34271    0.333856
        2.64        7.22       6.394    0.402064
         2.8        5.27     5.69659    0.249236
        2.96        5.81     4.15835    0.180633
        3.12        3.21     2.86071    0.189696
        3.28        1.56     2.25024    0.178306
        3.44        0.48     1.47835    0.121532
         3.6        2.19     1.27682    0.108602
        3.76        0.81        0.69   0.0892691
        3.92           1    0.413294   0.0586646
        4.08           0    0.205765   0.0383094
        4.24           0    0.283059   0.0481227
         4.4           0   0.0988235   0.0314153
        4.56           0   0.0208235  0.00827254
        4.72           0   0.0185882   0.0129809
        4.88           0  0.00905882  0.00527349
        5.04           0   0.0129412  0.00822491
         5.2           0  0.00329412  0.00230773
        5.36           0  0.00552941  0.00549679
        5.52           0           0           0
        5.68           0           0           0
        5.84           0           0           0
           6           0           0           0
        6.16           0           0           0
        6.32           0           0           0
        6.48           0           0           0
        6.64           0           0           0
         6.8           0           0           0
        6.96           0           0           0
        7.12           0           0           0
        7.28           0           0           0
        7.44           0           0           0
         7.6           0           0           0
        7.76           0           0           0
        7.92           0           0           0
        0.08           0   0.0452326   0.0159296
        0.24           1    0.458023   0.0521599
         0.4        0.29     1.03663   0.0796357
        0.56        7.34     2.12116    0.145723
        0.72        3.69     2.68523    0.177185
        0.88         3.2     3.64535    0.203128
        1.04        7.74     5.81512     0.25439
         1.2        5.16     6.30721    0.256943
        1.36        6.96     7.15453    0.277257
        1.52       11.64     7.33093    0.226444
        1.68        6.44     8.50035    0.259636
        1.84        7.06     8.98779    0.241806
           2        5.16      7.9136    0.232977
        2.16        5.24      7.3557    0.221159
        2.32        5.65     6.43337    0.409832
        2.48        7.77      6.3593    0.330386
        2.64        5.76     6.38663    0.397456
         2.8         3.5     5.67105    0.247644
        2.96        6.01     4.17988    0.179811
        3.12        2.44     2.85581    0.187553
        3.28        1.87     2.24581    0.176287
        3.44        0.94     1.47209     0.12028
         3.6        2.14     1.28686    0.107802
        3.76           0    0.681977   0.0885909
        3.92           1    0.420116   0.0583778
        4.08           0    0.203372   0.0379386
        4.24           0    0.279767   0.0476755
         4.4           0   0.0976744    0.031071
        4.56           0   0.0205814  0.00817989
        4.72           0   0.0183721   0.0128317
        4.88           0  0.00895349  0.00521322
        5.04           0   0.0127907  0.00813064
         5.2           0  0.00325581  0.00228122
        5.36           0  0.00546512  0.00543325
        5.52           0           0           0
        5.68           0           0           0
        5.84           0           0           0
           6           0           0           0
        6.16           0           0           0
        6.32           0           0           0
        6.48           0           0           0
        6.64           0           0           0
         6.8           0           0           0
        6.96           0           0           0
        7.12           0           0           0
        7.28           0           0           0
        7.44           0           0           0
         7.6           0           0           0
        7.76           0           0           0
        7.92           0           0           0
        0.08           0   0.0447126    0.015755
        0.24        1.08    0.465172    0.052048
         0.4        0.92     1.03529   0.0787317
        0.56        4.39     2.14724    0.146363
        0.72        3.95     2.69977    0.175744
        0.88        6.49     3.67805    0.203407
        1.04        6.07     5.81805    0.251483
         1.2        5.86     6.30207    0.254041
        1.36        7.48     7.15828    0.274095
        1.52        9.42     7.35494    0.225111
        1.68        8.96     8.50563    0.256705
        1.84        5.64     8.94931    0.242069
           2        4.44     7.87368    0.233695
        2.16        5.32      7.3323    0.219851
        2.32        8.02     6.45161    0.405527
        2.48        7.46     6.37195     0.32683
        2.64        3.67      6.3554    0.394112
         2.8        6.03     5.67517    0.244832
        2.96        6.57     4.20736    0.179831
        3.12        2.23     2.84862    0.185535
        3.28        0.04     2.22046    0.176075
        3.44        0.96     1.46621    0.119041
         3.6           2     1.29506    0.106874
        3.76        0.98    0.685402   0.0876388
        3.92        0.02    0.415517   0.0578876
        4.08           0    0.201034   0.0375744
        4.24           0    0.276552   0.0472359
         4.4           0   0.0965517   0.0307341
        4.56           0   0.0203448  0.00808929
        4.72           0   0.0181609    0.012686
        4.88           0  0.00885057  0.00515431
        5.04           0   0.0126437  0.00803852
         5.2           0  0.00321839   0.0022553
        5.36           0   0.0054023  0.00537116
        5.52           0           0           0
        5.68           0           0           0
        5.84           0           0           0
           6           0           0           0
        6.16           0           0           0
        6.32           0           0           0
        6.48           0           0           0
        6.64           0           0           0
         6.8           0           0           0
        6.96           0           0           0
        7.12           0           0           0
        7.28           0           0           0
        7.44           0           0           0
         7.6           0           0           0
        7.76           0           0           0
        7.92           0           0           0
        0.08           0   0.0442045   0.0155841
        0.24           2    0.482614   0.0543002
         0.4           0     1.02352   0.0787111
        0.56        4.56     2.17466    0.147245
        0.72        3.33     2.70693    0.173893
        0.88        5.03     3.69341    0.201675
        1.04        6.98     5.83125    0.248971
         1.2        6.74     6.30705    0.251203
        1.36        7.02      7.1567    0.270985
        1.52        7.41     7.35557    0.222553
        1.68        9.74     8.51966    0.254171
        1.84        5.33     8.90818    0.242787
           2        5.12     7.84239    0.233125
        2.16        8.11     7.34114     0.21753
        2.32        5.56     6.44148    0.401045
        2.48        9.76     6.41045    0.325376
        2.64        4.36     6.33273    0.390286
         2.8         5.8     5.67659    0.242054
        2.96        5.18     4.21841    0.178127
        3.12        1.94      2.8383    0.183714
        3.28        0.67     2.20284    0.174953
        3.44        0.94     1.46023    0.117839
         3.6        1.42     1.29648    0.105669
        3.76           1    0.688977   0.0867158
        3.92           0    0.410795   0.0574221
        4.08           0     0.19875   0.0372168
        4.24           0    0.273409   0.0468035
         4.4           0   0.0954545   0.0304044
        4.56           0   0.0201136  0.00800067
        4.72           0   0.0179545   0.0125435
        4.88           0     0.00875  0.00509672
        5.04           0      0.0125  0.00794846
         5.2           0  0.00318182  0.00222997
        5.36           0  0.00534091  0.00531048
        5.52           0           0           0
        5.68           0           0           0
        5.84           0           0           0
           6           0           0           0
        6.16           0           0           0
        6.32           0           0           0
        6.48           0           0           0
        6.64           0           0           0
         6.8           0           0           0
        6.96           0           0           0
        7.12           0           0           0
        7.28           0           0           0
        7.44           0           0           0
         7.6           0           0           0
        7.76           0           0           0
        7.92           0           0           0
        0.08           0   0.0437079   0.0154169
        0.24        1.79    0.497303   0.0556416
         0.4        0.21     1.01438   0.0783556
        0.56           4     2.19517    0.147012
        0.72           4     2.72146    0.172545
        0.88        3.88     3.69551     0.19942
        1.04        8.27     5.85865    0.247677
         1.2        6.32     6.30719     0.24838
        1.36        4.46      7.1264    0.269629
        1.52        8.05     7.36337     0.22019
        1.68        9.64     8.53225    0.251627
        1.84        6.99     8.88663    0.241014
           2        5.04      7.8109    0.232622
        2.16       11.32     7.38584    0.219632
        2.32         5.3     6.42865    0.396744
        2.48        8.67     6.43584    0.322709
        2.64        4.17     6.30843    0.386656
         2.8        4.18     5.65978    0.239917
        2.96        5.42     4.23191    0.176636
        3.12        2.24     2.83157    0.181773
        3.28        1.05     2.18989    0.173467
        3.44           1     1.45506    0.116628
         3.6        1.79     1.30202    0.104627
        3.76        0.21    0.683596   0.0859083
        3.92           0     0.40618   0.0569621
        4.08           0    0.196517   0.0368656
        4.24           0    0.270337   0.0463784
         4.4           0    0.094382   0.0300817
        4.56           0   0.0198876  0.00791396
        4.72           0   0.0177528   0.0124042
        4.88           0  0.00865169   0.0050404
        5.04           0   0.0123596  0.00786039
         5.2           0  0.00314607   0.0022052
        5.36           0   0.0052809  0.00525115
        5.52           0           0           0
        5.68           0           0           0
        5.84           0           0           0
           6           0           0           0
        6.16           0           0           0
        6.32           0           0           0
        6.48           0           0           0
        6.64           0           0           0
         6.8           0           0           0
        6.96           0           0           0
        7.12           0           0           0
        7.28           0           0           0
        7.44           0           0           0
         7.6           0           0           0
        7.76           0           0           0
        7.92           0           0           0
        0.08           0   0.0432222   0.0152533
        0.24           1    0.502889    0.055303
         0.4           1     1.01422   0.0774852
        0.56        2.35     2.19689    0.145389
        0.72        6.55       2.764    0.175793
        0.88         3.2        3.69     0.19728
        1.04        8.53     5.88833    0.246698
         1.2        4.62     6.28844    0.246327
        1.36        5.34     7.10656    0.267363
        1.52        8.77       7.379    0.218297
        1.68        7.86     8.52478    0.248942
        1.84       10.54       8.905    0.239035
           2        2.98     7.75722    0.236149
        2.16        10.9     7.42489    0.220635
        2.32        7.12     6.43633     0.39241
        2.48           9     6.46433    0.320379
        2.64         5.5     6.29944    0.382464
         2.8        2.35       5.623    0.240053
        2.96        4.23     4.23189    0.174674
        3.12        1.34       2.815    0.180507
        3.28        1.82     2.18578    0.171588
        3.44           1        1.45    0.115442
         3.6        1.44     1.30356    0.103476
        3.76        0.56    0.682222   0.0849647
        3.92           0    0.401667   0.0565077
        4.08           0    0.194333   0.0365206
        4.24           0    0.267333   0.0459602
         4.4           0   0.0933333   0.0297658
        4.56           0   0.0196667  0.00782912
        4.72           0   0.0175556   0.0122679
        4.88           0  0.00855556  0.00498531
        5.04           0   0.0122222  0.00777425
         5.2           0  0.00311111  0.00218098
        5.36           0  0.00522222  0.00519313
        5.52           0           0           0
        5.68           0           0           0
        5.84           0           0           0
           6           0           0           0
        6.16           0           0           0
        6.32           0           0           0
        6.48           0           0           0
        6.64           0           0           0
         6.8           0           0           0
        6.96           0           0           0
        7.12           0           0           0
        7.28           0           0           0
        7.44           0           0           0
         7.6           0           0           0
        7.76           0           0           0
        7.92           0           0           0
        0.08           0   0.0427473   0.0150931
        0.24           1    0.508352   0.0549645
         0.4           1     1.01407   0.0766338
        0.56        2.23     2.19725    0.143792
        0.72        6.49     2.80495    0.178566
        0.88        4.03     3.69374    0.195148
        1.04        6.74     5.89769    0.244164
         1.2         4.6     6.26989    0.244318
        1.36        7.96     7.11593    0.264589
        1.52       10.58     7.41418    0.218714
        1.68        5.75     8.49429    0.248067
        1.84        9.79     8.91473    0.236606
           2        4.84     7.72516     0.23572
        2.16        7.86     7.42967    0.218262
        2.32        7.93     6.45275    0.388441
        2.48        8.15     6.48286    0.317393
        2.64         5.6     6.29176    0.378339
         2.8        2.32      5.5867    0.240144
        2.96        3.15        4.22    0.173158
        3.12        3.83     2.82615    0.178868
        3.28        0.48     2.16703    0.170723
        3.44        2.22     1.45846    0.114483
         3.6        0.45     1.29418    0.102763
        3.76           1    0.685714   0.0841028
        3.92           0    0.397253   0.0560588
        4.08           0    0.192198   0.0361817
        4.24           0    0.264396   0.0455489
         4.4           0   0.0923077   0.0294563
        4.56           0   0.0194505  0.00774606
        4.72           0   0.0173626   0.0121346
        4.88           0  0.00846154  0.00493142
        5.04           0   0.0120879  0.00768998
         5.2           0  0.00307692  0.00215728
        5.36           0  0.00516484  0.00513638
        5.52           0           0           0
        5.68           0           0           0
        5.84           0           0           0
           6           0           0           0
        6.16           0           0           0
        6.32           0           0           0
        6.48           0           0           0
        6.64           0           0           0
         6.8           0           0           0
        6.96           0           0           0
        7.12           0           0           0
        7.28           0           0           0
        7.44           0           0           0
         7.6           0           0           0
        7.76           0           0           0
        7.92           0           0           0
        0.08           0   0.0422826   0.0149361
        0.24           1    0.513696   0.0546262
         0.4           1     1.01391    0.075801
        0.56        3.08     2.20685    0.142549
        0.72        5.02     2.82902    0.178241
        0.88        5.88      3.7175    0.194468
        1.04        7.02     5.90989    0.241815
         1.2        5.15     6.25772    0.241965
        1.36        8.03     7.12587      0.2619
        1.52         8.2     7.42272    0.216503
        1.68        5.64     8.46326    0.247303
        1.84        9.95     8.92598    0.234301
           2        7.76     7.72554    0.233158
        2.16        6.63     7.42098    0.216063
        2.32         8.1     6.47065    0.384631
        2.48         6.1      6.4787    0.313971
        2.64        4.34     6.27054    0.374821
         2.8        3.94      5.5688      0.2382
        2.96        2.51     4.20141    0.172271
        3.12        3.56     2.83413    0.177101
        3.28        0.83      2.1525    0.169485
        3.44        3.26     1.47804    0.114901
         3.6           0     1.28011    0.102604
        3.76           1     0.68913    0.083258
        3.92           0    0.392935   0.0556155
        4.08           0    0.190109   0.0358486
        4.24           0    0.261522   0.0451444
         4.4           0   0.0913043   0.0291532
        4.56           0   0.0192391  0.00766475
        4.72           0   0.0171739   0.0120042
        4.88           0  0.00836957  0.00487867
        5.04           0   0.0119565  0.00760751
         5.2           0  0.00304348  0.00213409
        5.36           0   0.0051087  0.00508086
        5.52           0           0           0
        5.68           0           0           0
        5.84           0           0           0
           6           0           0           0
        6.16           0           0           0
        6.32           0           0           0
        6.48           0           0           0
        6.64           0           0           0
         6.8           0           0           0
        6.96           0           0           0
        7.12           0           0           0
        7.28           0           0           0
        7.44           0           0           0
         7.6           0           0           0
        7.76           0           0           0
        7.92           0           0           0
        0.08           0    0.041828   0.0147825
        0.24           1    0.518925   0.0542885
         0.4         0.2     1.00516   0.0754895
        0.56        2.33     2.20817    0.141022
        0.72        5.87     2.86172    0.179299
        0.88        7.61     3.75935     0.19683
        1.04        5.99     5.91075    0.239216
         1.2           6     6.25495     0.23938
        1.36        7.22     7.12688    0.259086
        1.52           8     7.42892    0.214264
        1.68        5.53     8.43172    0.246647
        1.84        10.1      8.9386    0.232122
           2        5.05     7.69677    0.232419
        2.16        8.66      7.4343     0.21415
        2.32        8.33     6.49065    0.381015
        2.48        6.92     6.48344     0.31063
        2.64        3.19     6.23742    0.372251
         2.8        5.91     5.57247    0.235667
        2.96        1.49     4.17226    0.172868
        3.12        2.44     2.82989    0.175247
        3.28        2.15     2.15247    0.167662
        3.44        3.01     1.49452     0.11484
         3.6           0     1.26634     0.10242
        3.76           1    0.692473   0.0824298
        3.92           0     0.38871   0.0551778
        4.08           0    0.188065   0.0355214
        4.24           0     0.25871   0.0447465
         4.4           0   0.0903226   0.0288563
        4.56           0   0.0190323  0.00758513
        4.72           0   0.0169892   0.0118765
        4.88           0  0.00827957  0.00482704
        5.04           0    0.011828   0.0075268
         5.2           0  0.00301075  0.00211139
        5.36           0  0.00505376  0.00502652
        5.52           0           0           0
        5.68           0           0           0
        5.84           0           0           0
           6           0           0           0
        6.16           0           0           0
        6.32           0           0           0
        6.48           0           0           0
        6.64           0           0           0
         6.8           0           0           0
        6.96           0           0           0
        7.12           0           0           0
        7.28           0           0           0
        7.44           0           0           0
         7.6           0           0           0
        7.76           0           0           0
        7.92           0           0           0
        0.08           0    0.041383   0.0146319
        0.24        1.51    0.529468   0.0547252
         0.4        0.37    0.998404   0.0749882
        0.56        3.66     2.22362    0.140365
        0.72         4.2     2.87596    0.177956
        0.88        5.81     3.78117    0.195941
        1.04        7.39     5.92649    0.237188
         1.2        6.88      6.2616    0.236925
        1.36         4.5     7.09894    0.257832
        1.52        10.7     7.46372    0.214792
        1.68        6.42     8.41032    0.244949
        1.84        10.4     8.95415    0.230172
           2        6.04     7.67915    0.230614
        2.16        5.41     7.41277    0.212952
        2.32        9.31     6.52064     0.37814
        2.48        6.09     6.47926    0.307354
        2.64        3.67     6.21011    0.369291
         2.8        3.84     5.55404    0.233879
        2.96         3.8      4.1683    0.171074
        3.12        1.42     2.81489    0.174024
        3.28        2.65     2.15777    0.165962
        3.44        2.93     1.50979    0.114629
         3.6           0     1.25287    0.102212
        3.76           1    0.695745   0.0816178
        3.92           0    0.384574   0.0547455
        4.08           0    0.186064   0.0351998
        4.24           0    0.255957    0.044355
         4.4           0   0.0893617   0.0285653
        4.56           0   0.0188298  0.00750714
        4.72           0   0.0168085   0.0117516
        4.88           0  0.00819149   0.0047765
        5.04           0   0.0117021  0.00744778
         5.2           0  0.00297872  0.00208917
        5.36           0       0.005  0.00497333
        5.52           0           0           0
        5.68           0           0           0
        5.84           0           0           0
           6           0           0           0
        6.16           0           0           0
        6.32           0           0           0
        6.48           0           0           0
        6.64           0           0           0
         6.8           0           0           0
        6.96           0           0           0
        7.12           0           0           0
        7.28           0           0           0
        7.44           0           0           0
         7.6           0           0           0
        7.76           0           0           0
        7.92           0           0           0
        0.08           0   0.0409474   0.0144844
        0.24        1.43    0.538947    0.054964
         0.4        1.76     1.00642   0.0746261
        0.56        3.84     2.24063    0.139915
        0.72        2.65     2.87358    0.176098
        0.88        3.23     3.77537    0.193964
        1.04        9.96     5.96895    0.238461
         1.2        6.06     6.25947    0.234441
        1.36        6.59     7.09358    0.255174
        1.52        7.16     7.46053    0.212555
        1.68        8.89     8.41537    0.242423
        1.84        6.83     8.93179    0.228833
           2        8.51     7.68789    0.228352
        2.16        6.72     7.40547    0.210835
        2.32       10.47     6.56221    0.376438
        2.48        5.78     6.47189    0.304207
        2.64        3.96     6.18642    0.366163
         2.8        3.46       5.532    0.232454
        2.96        1.85     4.14389    0.171005
        3.12        2.01     2.80642    0.172398
        3.28        3.37     2.17053    0.164705
        3.44        2.28     1.51789    0.113709
         3.6        0.19     1.24168    0.101747
        3.76           1    0.698947   0.0808215
        3.92           0    0.380526   0.0543187
        4.08           0    0.184105   0.0348837
        4.24           0    0.253263   0.0439699
         4.4           0   0.0884211   0.0282801
        4.56           0   0.0186316  0.00743073
        4.72           0   0.0166316   0.0116292
        4.88           0  0.00810526  0.00472699
        5.04           0   0.0115789   0.0073704
         5.2           0  0.00294737  0.00206742
        5.36           0  0.00494737  0.00492126
        5.52           0           0           0
        5.68           0           0           0
        5.84           0           0           0
           6           0           0           0
        6.16           0           0           0
        6.32           0           0           0
        6.48           0           0           0
        6.64           0           0           0
         6.8           0           0           0
        6.96           0           0           0
        7.12           0           0           0
        7.28           0           0           0
        7.44           0           0           0
         7.6           0           0           0
        7.76           0           0           0
        7.92           0           0           0
        0.08           0   0.0405208   0.0143398
        0.24           2    0.554167   0.0564592
         0.4        0.19    0.997917   0.0743318
        0.56        2.57     2.24406    0.138499
        0.72        4.41     2.88958     0.17499
        0.88        2.36     3.76063    0.192503
        1.04       10.67     6.01792    0.240953
         1.2        4.99     6.24625    0.232371
        1.36        8.13     7.10438    0.252744
        1.52        5.61     7.44125    0.211213
        1.68         9.7     8.42875    0.240267
        1.84        9.05     8.93302    0.226453
           2         7.5     7.68594    0.225982
        2.16        7.83      7.4099    0.208685
        2.32       10.95     6.60792    0.375281
        2.48         4.4     6.45031    0.301803
        2.64        3.42      6.1576    0.363481
         2.8        4.32     5.51938    0.230375
        2.96        0.66      4.1076    0.173032
        3.12         1.9     2.79698    0.170861
        3.28        3.92     2.18875    0.163994
        3.44        1.42     1.51688    0.112529
         3.6           1     1.23917    0.100718
        3.76           1    0.702083   0.0800404
        3.92           0    0.376563   0.0538973
        4.08           0    0.182187    0.034573
        4.24           0    0.250625   0.0435909
         4.4           0      0.0875   0.0280005
        4.56           0   0.0184375  0.00735586
        4.72           0   0.0164583   0.0115093
        4.88           0  0.00802083  0.00467851
        5.04           0   0.0114583  0.00729461
         5.2           0  0.00291667  0.00204611
        5.36           0  0.00489583  0.00487027
        5.52           0           0           0
        5.68           0           0           0
        5.84           0           0           0
           6           0           0           0
        6.16           0           0           0
        6.32           0           0           0
        6.48           0           0           0
        6.64           0           0           0
         6.8           0           0           0
        6.96           0           0           0
        7.12           0           0           0
        7.28           0           0           0
        7.44           0           0           0
         7.6           0           0           0
        7.76           0           0           0
        7.92           0           0           0
        0.08           0   0.0401031    0.014198
        0.24        2.23    0.571443   0.0584608
         0.4        0.18    0.989485   0.0740422
        0.56        1.48     2.23619    0.137295
        0.72        3.16     2.89237    0.173208
        0.88        4.51     3.76835    0.190674
        1.04       11.14     6.07072    0.244186
         1.2        4.75     6.23082    0.230487
        1.36       10.53     7.13969    0.252594
        1.52         7.8     7.44495    0.209068
        1.68        4.95     8.39289    0.240452
        1.84        6.92     8.91227    0.225067
           2        6.75     7.67629    0.223858
        2.16       10.16     7.43825    0.208451
        2.32       11.33      6.6566    0.374557
        2.48        7.63     6.46247    0.298936
        2.64        1.17     6.10619    0.363352
         2.8        4.07     5.50443    0.228484
        2.96        1.07     4.07629    0.174059
        3.12        4.01     2.80948    0.169556
        3.28        0.16     2.16784    0.163632
        3.44        2.88     1.53093    0.112243
         3.6        0.12     1.22763    0.100339
        3.76           1    0.705155   0.0792741
        3.92           0     0.37268   0.0534813
        4.08           0    0.180309   0.0342676
        4.24           0    0.248041    0.043218
         4.4           0   0.0865979   0.0277264
        4.56           0   0.0182474  0.00728248
        4.72           0   0.0162887   0.0113919
        4.88           0  0.00793814  0.00463101
        5.04           0   0.0113402  0.00722037
         5.2           0   0.0028866  0.00202524
        5.36           0  0.00484536  0.00482032
        5.52           0           0           0
        5.68           0           0           0
        5.84           0           0           0
           6           0           0           0
        6.16           0           0           0
        6.32           0           0           0
        6.48           0           0           0
        6.64           0           0           0
         6.8           0           0           0
        6.96           0           0           0
        7.12           0           0           0
        7.28           0           0           0
        7.44           0           0           0
         7.6           0           0           0
        7.76           0           0           0
        7.92           0           0           0
        0.08           0   0.0396939    0.014059
        0.24           2     0.58602    0.059654
         0.4           0    0.979388   0.0739719
        0.56        0.11     2.21449    0.137598
        0.72        3.45     2.89806    0.171534
        0.88        5.58     3.78684    0.189622
        1.04        9.57     6.10643    0.244291
         1.2        6.55     6.23408    0.228158
        1.36       10.69     7.17592    0.252601
        1.52        5.41     7.42418    0.207963
        1.68        5.76     8.36602    0.239494
        1.84        8.49     8.90796    0.222812
           2         7.6     7.67551    0.221575
        2.16        11.1     7.47561    0.209646
        2.32        7.06     6.66071    0.370757
        2.48         9.9     6.49755    0.297937
        2.64        1.73     6.06153    0.362378
         2.8           4     5.48908    0.226668
        2.96        1.88     4.05388    0.173719
        3.12        3.12     2.81265    0.167856
        3.28           0     2.14571    0.163451
        3.44        2.97     1.54561    0.112054
         3.6        0.03     1.21541    0.100056
        3.76           1    0.708163   0.0785223
        3.92           0    0.368878   0.0530706
        4.08           0    0.178469   0.0339673
        4.24           0     0.24551   0.0428511
         4.4           0   0.0857143   0.0274575
        4.56           0   0.0180612  0.00721055
        4.72           0   0.0161224   0.0112769
        4.88           0  0.00785714  0.00458446
        5.04           0   0.0112245  0.00714762
         5.2           0  0.00285714  0.00200478
        5.36           0  0.00479592  0.00477139
        5.52           0           0           0
        5.68           0           0           0
        5.84           0           0           0
           6           0           0           0
        6.16           0           0           0
        6.32           0           0           0
        6.48           0           0           0
        6.64           0           0           0
         6.8           0           0           0
        6.96           0           0           0
        7.12           0           0           0
        7.28           0           0           0
        7.44           0           0           0
         7.6           0           0           0
        7.76           0           0           0
        7.92           0           0           0
        0.08           0   0.0392929   0.0139227
        0.24           2    0.600303   0.0607371
         0.4           0    0.969495   0.0738833
        0.56           0     2.19212    0.138014
        0.72        4.38     2.91303    0.170453
        0.88        3.85     3.78747    0.187708
        1.04        9.14     6.13707    0.243738
         1.2         8.6     6.25798    0.227102
        1.36        8.24     7.18667    0.250278
        1.52        7.04      7.4203    0.205899
        1.68        6.49     8.34707    0.237824
        1.84       11.77     8.93687    0.222429
           2        8.12        7.68    0.219383
        2.16        8.82     7.48919    0.207968
        2.32        6.52     6.65929    0.367015
        2.48         6.3     6.49556    0.294934
        2.64        3.13     6.03192    0.359926
         2.8         4.6      5.4801    0.224556
        2.96        2.97     4.04293    0.172309
        3.12        2.03     2.80475    0.166346
        3.28           0     2.12404     0.16323
        3.44           2      1.5502    0.111016
         3.6        0.66      1.2098   0.0992027
        3.76        1.34    0.714545   0.0779881
        3.92           0    0.365152   0.0526652
        4.08           0    0.176667    0.033672
        4.24           0     0.24303     0.04249
         4.4           0   0.0848485   0.0271938
        4.56           0   0.0178788  0.00714002
        4.72           0   0.0159596   0.0111642
        4.88           0  0.00777778  0.00453884
        5.04           0   0.0111111  0.00707632
         5.2           0  0.00282828  0.00198474
        5.36           0  0.00474747  0.00472344
        5.52           0           0           0
        5.68           0           0           0
        5.84           0           0           0
           6           0           0           0
        6.16           0           0           0
        6.32           0           0           0
        6.48           0           0           0
        6.64           0           0           0
         6.8           0           0           0
        6.96           0           0           0
        7.12           0           0           0
        7.28           0           0           0
        7.44           0           0           0
         7.6           0           0           0
        7.76           0           0           0
        7.92           0           0           0
        0.08           0      0.0389   0.0137891
        0.24        1.38      0.6081   0.0606282
         0.4        0.62       0.966    0.073227
        0.56           0      2.1702    0.138364
        0.72        5.11       2.935    0.170158
        0.88        2.45      3.7741    0.186307
        1.04       10.87      6.1844    0.245853
         1.2        9.05      6.2859    0.226541
        1.36        4.56      7.1604    0.249149
        1.52        7.89       7.425    0.203893
        1.68        8.81      8.3517     0.23549
        1.84       10.27      8.9502    0.220603
           2        7.62      7.6794     0.21719
        2.16       10.03      7.5146    0.207434
        2.32        7.97      6.6724    0.363579
        2.48        2.28      6.4534    0.294982
        2.64        5.31      6.0247    0.356399
         2.8        6.58      5.4911     0.22258
        2.96        1.35       4.016    0.172678
        3.12        1.18      2.7885    0.165474
        3.28        1.02       2.113    0.161971
        3.44         2.1      1.5557    0.110042
         3.6        0.15      1.1992   0.0987752
        3.76        0.41      0.7115   0.0772676
        3.92        0.99      0.3714   0.0525079
        4.08           0      0.1749   0.0333816
        4.24           0      0.2406   0.0421345
         4.4           0       0.084   0.0269351
        4.56           0      0.0177  0.00707086
        4.72           0      0.0158   0.0110537
        4.88           0      0.0077  0.00449412
        5.04           0       0.011  0.00700643
         5.2           0      0.0028   0.0019651
        5.36           0      0.0047  0.00467644
        5.52           0           0           0
        5.68           0           0           0
        5.84           0           0           0
           6           0           0           0
        6.16           0           0           0
        6.32           0           0           0
        6.48           0           0           0
        6.64           0           0           0
         6.8           0           0           0
        6.96           0           0           0
        7.12           0           0           0
        7.28           0           0           0
        7.44           0           0           0
         7.6           0           0           0
        7.76           0           0           0
        7.92           0           0           0
