# VELOCITY:     SINGLE_BLOCK_AVE_POFV:       PROGRESSIVE_AVE_POFV:        ERROR:
        0.08       0.003       0.003           0
        0.24       0.862       0.862           0
         0.4       1.949       1.949           0
        0.56       2.673       2.673           0
        0.72       1.875       1.875           0
        0.88       0.864       0.864           0
        1.04       3.116       3.116           0
         1.2       5.754       5.754           0
        1.36       6.735       6.735           0
        1.52       6.204       6.204           0
        1.68       6.059       6.059           0
        1.84       7.757       7.757           0
           2       7.866       7.866           0
        2.16       7.364       7.364           0
        2.32       5.527       5.527           0
        2.48       5.736       5.736           0
        2.64       7.478       7.478           0
         2.8       6.033       6.033           0
        2.96       2.957       2.957           0
        3.12       2.588       2.588           0
        3.28       2.386       2.386           0
        3.44       3.637       3.637           0
         3.6        2.83        2.83           0
        3.76       1.147       1.147           0
        3.92       1.236       1.236           0
        4.08       0.695       0.695           0
        4.24       0.514       0.514           0
         4.4       0.181       0.181           0
        4.56       0.421       0.421           0
        4.72       0.474       0.474           0
        4.88       2.202       2.202           0
        5.04       0.638       0.638           0
         5.2       0.079       0.079           0
        5.36       0.446       0.446           0
        5.52       0.048       0.048           0
        5.68       0.542       0.542           0
        5.84       0.429       0.429           0
           6        0.12        0.12           0
        6.16       0.004       0.004           0
        6.32       0.004       0.004           0
        6.48       0.437       0.437           0
        6.64        0.13        0.13           0
         6.8           0           0           0
        6.96           0           0           0
        7.12           0           0           0
        7.28           0           0           0
        7.44           0           0           0
         7.6           0           0           0
        7.76           0           0           0
        7.92           0           0           0
        0.08           0      0.0015  0.00106066
        0.24       0.075      0.4685    0.278247
         0.4       1.469       1.709    0.169706
        0.56       2.535       2.604   0.0487904
        0.72       3.412      2.6435    0.543412
        0.88       2.832       1.848    0.695793
        1.04       3.176       3.146   0.0212132
         1.2       3.995      4.8745      0.6219
        1.36       4.637       5.686    0.741755
        1.52       5.588       5.896    0.217789
        1.68       6.922      6.4905    0.305117
        1.84       7.714      7.7355   0.0152028
           2       7.898       7.882   0.0113137
        2.16       6.556        6.96    0.285671
        2.32       5.921       5.724      0.1393
        2.48         6.1       5.918    0.128693
        2.64         5.6       6.539    0.663973
         2.8       7.171       6.602    0.402344
        2.96       4.611       3.784    0.584777
        3.12       3.748       3.168    0.410122
        3.28        2.39       2.388  0.00141421
        3.44       1.269       2.453    0.837214
         3.6       2.795      2.8125   0.0123744
        3.76        0.41      0.7785    0.260569
        3.92        2.64       1.938    0.496389
        4.08       1.653       1.174    0.338704
        4.24       1.054       0.784    0.190919
         4.4       0.725       0.453    0.192333
        4.56       0.076      0.2485    0.121976
        4.72       1.473      0.9735      0.3532
        4.88       1.666       1.934    0.189505
        5.04        0.21       0.424    0.151321
         5.2        0.51      0.2945    0.152382
        5.36       0.316       0.381   0.0459619
        5.52       0.256       0.152   0.0735391
        5.68       0.121      0.3315    0.148846
        5.84       0.006      0.2175    0.149553
           6       0.351      0.2355   0.0816708
        6.16        0.06       0.032    0.019799
        6.32       0.011      0.0075  0.00247487
        6.48       0.015       0.226      0.1492
        6.64       0.033      0.0815   0.0342947
         6.8           0           0           0
        6.96           0           0           0
        7.12           0           0           0
        7.28           0           0           0
        7.44           0           0           0
         7.6           0           0           0
        7.76           0           0           0
        7.92           0           0           0
        0.08           0       0.001 0.000816497
        0.24       0.176       0.371    0.201859
         0.4       0.752        1.39    0.283973
        0.56       1.976     2.39467    0.173987
        0.72       3.551       2.946     0.43846
        0.88       3.056     2.25067    0.568561
        1.04       2.881     3.05767   0.0734973
         1.2       3.746     4.49833    0.515973
        1.36       6.742       6.038    0.571958
        1.52       6.911     6.23433     0.31208
        1.68       6.826     6.60233    0.222966
        1.84       6.702       7.391    0.281466
           2       5.323       7.029    0.696512
        2.16       5.265       6.395    0.499086
        2.32       6.339       5.929    0.191418
        2.48       5.574     5.80333     0.12699
        2.64       6.999     6.69233    0.460013
         2.8       6.072     6.42533    0.304556
        2.96       5.359       4.309    0.579426
        3.12       3.918       3.418    0.341207
        3.28       1.889     2.22167    0.135814
        3.44       3.248       2.718    0.598615
         3.6       3.162       2.929   0.0954789
        3.76       1.287       0.948    0.222103
        3.92       1.859     1.91167    0.331624
        4.08       1.046     1.13133    0.228474
        4.24       1.026    0.864667    0.143311
         4.4       1.223    0.709667    0.245682
        4.56       1.805    0.767333     0.43136
        4.72       1.028    0.991667    0.235933
        4.88       1.507     1.79167    0.171659
        5.04       0.395    0.414333    0.101189
         5.2       0.203       0.264    0.104596
        5.36       0.044    0.268667   0.0967027
        5.52       0.008       0.104   0.0627659
        5.68        0.01    0.224333      0.1323
        5.84       0.015        0.15    0.113921
           6       0.058    0.176333   0.0727894
        6.16       0.019   0.0276667   0.0136653
        6.32           0       0.005  0.00262467
        6.48           0    0.150667    0.116949
        6.64           0   0.0543333    0.031855
         6.8           0           0           0
        6.96           0           0           0
        7.12           0           0           0
        7.28           0           0           0
        7.44           0           0           0
         7.6           0           0           0
        7.76           0           0           0
        7.92           0           0           0
        0.08           0     0.00075 0.000649519
        0.24       0.356     0.36725    0.151429
         0.4       0.895     1.26625    0.238424
        0.56       0.492       1.919    0.432113
        0.72       1.388      2.5565    0.471086
        0.88       5.018      2.9425    0.735398
        1.04       4.597      3.4425    0.337803
         1.2       7.305         5.2     0.72042
        1.36       9.074       6.797    0.784904
        1.52       4.756     5.86475     0.39652
        1.68       6.113        6.48     0.19796
        1.84       5.188     6.84025    0.521591
           2       3.121       6.052    0.994375
        2.16       4.106     5.82275    0.621059
        2.32        4.74     5.63175    0.294752
        2.48       5.551     5.74025    0.109799
        2.64       6.766     6.71075    0.345378
         2.8       6.988       6.566    0.258872
        2.96       6.417       4.836    0.630196
        3.12       5.076      3.8325    0.440846
        3.28       2.715       2.345    0.147594
        3.44       2.437     2.64775    0.453065
         3.6       2.988     2.94375   0.0727396
        3.76       1.293     1.03425    0.182557
        3.92       1.004     1.68475    0.316984
        4.08        1.93       1.331     0.24344
        4.24       3.118       1.428    0.499561
         4.4       1.228     0.83925    0.215745
        4.56        0.49       0.698    0.329045
        4.72       0.375      0.8375    0.221668
        4.88       0.721       1.524    0.265159
        5.04       0.997        0.56     0.14722
         5.2       0.294      0.2715   0.0787151
        5.36       0.183     0.24725    0.074861
        5.52       0.269     0.14525   0.0590946
        5.68       0.011       0.171    0.109448
        5.84           0      0.1125   0.0914047
           6           0     0.13225   0.0666168
        6.16           0     0.02075   0.0118711
        6.32           0     0.00375  0.00224653
        6.48           0       0.113   0.0935808
        6.64           0     0.04075   0.0266303
         6.8           0           0           0
        6.96           0           0           0
        7.12           0           0           0
        7.28           0           0           0
        7.44           0           0           0
         7.6           0           0           0
        7.76           0           0           0
        7.92           0           0           0
        0.08       0.232       0.047   0.0413705
        0.24       0.535      0.4008    0.124804
         0.4       0.551      1.1232    0.229678
        0.56       0.935      1.7222    0.387925
        0.72       3.059       2.657     0.38744
        0.88       3.352      3.0244    0.592861
        1.04       4.594      3.6728    0.339796
         1.2       6.386      5.4372    0.614145
        1.36       7.066      6.8508    0.629765
        1.52       4.334      5.5586    0.419056
        1.68       3.513      5.8866    0.553877
        1.84       3.465      6.1652    0.733942
           2       4.964      5.8344    0.818963
        2.16       7.186      6.0954    0.553468
        2.32       7.259      5.9572    0.374615
        2.48       5.475      5.6872   0.0998356
        2.64       7.788      6.9262    0.336865
         2.8       7.906       6.834    0.316778
        2.96       4.299      4.7286    0.513227
        3.12       3.334      3.7328    0.363776
        3.28       2.427      2.3614    0.118983
        3.44       3.831      2.8844    0.419731
         3.6       2.753      2.9056   0.0674582
        3.76       1.738       1.175    0.192816
        3.92       1.998      1.7474    0.259705
        4.08       2.156       1.496    0.244353
        4.24       2.805      1.7034    0.469463
         4.4       1.287      0.9288    0.190276
        4.56       1.374      0.8332    0.289683
        4.72       0.298      0.7296    0.201895
        4.88       0.775      1.3742    0.250898
        5.04       0.163      0.4806     0.13753
         5.2       0.034       0.224   0.0759637
        5.36       0.128      0.2234   0.0635746
        5.52           0      0.1162   0.0539455
        5.68           0      0.1368    0.092748
        5.84           0        0.09   0.0758425
           6           0      0.1058   0.0583084
        6.16           0      0.0166   0.0101965
        6.32           0       0.003  0.00191833
        6.48           0      0.0904   0.0775457
        6.64           0      0.0326   0.0225168
         6.8           0           0           0
        6.96           0           0           0
        7.12           0           0           0
        7.28           0           0           0
        7.44           0           0           0
         7.6           0           0           0
        7.76           0           0           0
        7.92           0           0           0
        0.08       0.067   0.0503333   0.0346095
        0.24       0.181    0.364167    0.109248
         0.4       1.814     1.23833    0.218357
        0.56       2.659     1.87833    0.353297
        0.72       3.456     2.79017    0.344994
        0.88       3.111     3.03883    0.494227
        1.04       3.962       3.721    0.286562
         1.2       4.448     5.27233    0.533458
        1.36       4.905      6.5265    0.602546
        1.52       4.282     5.34583    0.399593
        1.68       2.362     5.29917    0.707535
        1.84       4.645     5.91183     0.65389
           2       5.598       5.795    0.683416
        2.16       5.184      5.9435    0.481617
        2.32       7.632     6.23633    0.402971
        2.48       6.427      5.8105    0.139967
        2.64        7.88     7.08517    0.316011
         2.8      10.503      7.4455    0.617492
        2.96       4.035       4.613    0.440516
        3.12       5.289     3.99217    0.384652
        3.28       4.154     2.66017    0.290199
        3.44       3.492     2.98567    0.361786
         3.6       1.763     2.71517    0.182704
        3.76       1.318     1.19883    0.162146
        3.92       1.606     1.72383    0.217487
        4.08       0.972     1.40867    0.218678
        4.24       0.878     1.56583     0.41088
         4.4       0.941    0.930833    0.158574
        4.56        2.04     1.03433    0.303294
        4.72       0.764    0.735333    0.168327
        4.88       1.414     1.38083    0.209169
        5.04       0.218    0.436833    0.121373
         5.2           0    0.186667   0.0718941
        5.36           0    0.186167   0.0629446
        5.52           0   0.0968333    0.048306
        5.68           0       0.114   0.0800434
        5.84           0       0.075   0.0646684
           6           0   0.0881667   0.0511872
        6.16           0   0.0138333  0.00886446
        6.32           0      0.0025  0.00166249
        6.48           0   0.0753333   0.0660688
        6.64           0   0.0271667   0.0194085
         6.8           0           0           0
        6.96           0           0           0
        7.12           0           0           0
        7.28           0           0           0
        7.44           0           0           0
         7.6           0           0           0
        7.76           0           0           0
        7.92           0           0           0
        0.08       0.037   0.0484286   0.0297176
        0.24       0.352    0.362429   0.0936548
         0.4       1.482     1.27314    0.189917
        0.56       3.937     2.17243    0.407234
        0.72       2.698       2.777     0.29596
        0.88       1.799     2.86171    0.454253
        1.04       3.237     3.65186    0.253829
         1.2       5.054     5.24114    0.458161
        1.36       3.989       6.164    0.615932
        1.52        5.66     5.39071     0.34502
        1.68       3.657     5.06457    0.644178
        1.84       4.759     5.74714    0.580847
           2       8.232     6.14314    0.668605
        2.16       6.465       6.018    0.418537
        2.32        6.24     6.23686    0.345404
        2.48        6.55     5.91614    0.154788
        2.64       6.801     7.04457    0.273462
         2.8       4.521     7.02771     0.65555
        2.96       7.766     5.06343    0.562559
        3.12       4.264       4.031    0.331656
        3.28         4.4     2.90871    0.338856
        3.44        3.84     3.10771    0.330047
         3.6       2.039     2.61857     0.18034
        3.76       1.233     1.20371    0.139056
        3.92         2.1     1.77757    0.192942
        4.08        0.72     1.31029    0.208397
        4.24        0.23       1.375    0.394015
         4.4       0.758    0.906143    0.137829
        4.56       2.734     1.27714    0.343681
        4.72       1.221    0.804714    0.157933
        4.88       0.501     1.25514    0.213742
        5.04        0.04    0.380143    0.116524
         5.2       0.223    0.191857   0.0618106
        5.36       0.176    0.184714   0.0539693
        5.52       0.242    0.117571   0.0456401
        5.68       0.043    0.103857   0.0692483
        5.84           0   0.0642857   0.0563106
           6           0   0.0755714   0.0453979
        6.16           0   0.0118571  0.00781529
        6.32           0  0.00214286  0.00146285
        6.48           0   0.0645714   0.0575003
        6.64           0   0.0232857   0.0170195
         6.8           0           0           0
        6.96           0           0           0
        7.12           0           0           0
        7.28           0           0           0
        7.44           0           0           0
         7.6           0           0           0
        7.76           0           0           0
        7.92           0           0           0
        0.08       0.047     0.04825   0.0260035
        0.24       0.412    0.368625   0.0821527
         0.4       0.583     1.18687    0.184735
        0.56       2.054     2.15762    0.356599
        0.72       2.343     2.72275     0.26389
        0.88       1.629     2.70763    0.422799
        1.04       4.885       3.806    0.264799
         1.2       4.609     5.16212    0.407648
        1.36       6.003     6.14388     0.53927
        1.52       4.018     5.21913    0.341909
        1.68       5.059     5.06387    0.563656
        1.84       4.486      5.5895    0.529201
           2       7.685     6.33587    0.612178
        2.16       8.149     6.28437    0.442949
        2.32       6.902        6.32    0.312075
        2.48       6.775      6.0235    0.168608
        2.64       4.237     6.69363    0.406229
         2.8       6.165     6.91988    0.582409
        2.96       5.313     5.09463    0.493103
        3.12        4.95     4.14588    0.309455
        3.28       5.898     3.28237    0.458346
        3.44         4.2     3.24425    0.315772
         3.6       1.032     2.42025    0.243547
        3.76       1.479     1.23813    0.125859
        3.92         3.4     1.98037    0.253949
        4.08       0.556       1.216    0.202556
        4.24       0.338     1.24537    0.365464
         4.4       0.879     0.90275    0.120642
        4.56        1.33     1.28375    0.300784
        4.72       0.847        0.81     0.13828
        4.88       0.501     1.16087    0.206769
        5.04       0.095      0.3445    0.107271
         5.2       0.088    0.178875   0.0554308
        5.36       0.733     0.25325   0.0796243
        5.52        0.32    0.142875   0.0464225
        5.68           0    0.090875   0.0617972
        5.84           0     0.05625   0.0498419
           6           0    0.066125   0.0406941
        6.16           0    0.010375   0.0069775
        6.32           0    0.001875  0.00130429
        6.48           0      0.0565   0.0508761
        6.64           0    0.020375   0.0151389
         6.8           0           0           0
        6.96           0           0           0
        7.12           0           0           0
        7.28           0           0           0
        7.44           0           0           0
         7.6           0           0           0
        7.76           0           0           0
        7.92           0           0           0
        0.08           0   0.0428889   0.0236604
        0.24       0.057       0.334   0.0799892
         0.4       0.067     1.06244     0.20181
        0.56        0.74     2.00011     0.35004
        0.72       2.561     2.70478    0.235181
        0.88       3.511     2.79689    0.385129
        1.04       5.724     4.01911    0.309471
         1.2       4.079     5.04178    0.379703
        1.36        3.22       5.819    0.568853
        1.52       4.353     5.12289    0.317173
        1.68       3.358     4.87433    0.531942
        1.84       6.584         5.7    0.481799
           2       6.622     6.36767    0.544983
        2.16       7.115     6.37667    0.403232
        2.32       9.565     6.68056    0.438756
        2.48       8.242        6.27    0.276538
        2.64       5.413     6.55133    0.385208
         2.8       8.188     7.06078    0.534469
        2.96       6.705     5.27356    0.469657
        3.12       4.532     4.18878    0.278029
        3.28       3.274     3.28144     0.40742
        3.44       1.908     3.09578    0.313655
         3.6       1.418     2.30889    0.240602
        3.76       1.795         1.3    0.126171
        3.92       2.599     2.04911     0.23485
        4.08       1.066     1.19933    0.180734
        4.24       1.874     1.31522    0.331464
         4.4       1.198    0.935556    0.111609
        4.56       0.967     1.24856    0.269415
        4.72       0.265    0.749444    0.135528
        4.88           0     1.03189    0.220385
        5.04           0    0.306222    0.101953
         5.2           0       0.159   0.0527147
        5.36           0    0.225111   0.0755859
        5.52        0.72       0.207   0.0731975
        5.68        0.28    0.111889   0.0583945
        5.84           0        0.05    0.044694
           6           0   0.0587778   0.0368299
        6.16           0  0.00922222  0.00629673
        6.32           0  0.00166667  0.00117589
        6.48           0   0.0502222   0.0456089
        6.64           0   0.0181111    0.013625
         6.8           0           0           0
        6.96           0           0           0
        7.12           0           0           0
        7.28           0           0           0
        7.44           0           0           0
         7.6           0           0           0
        7.76           0           0           0
        7.92           0           0           0
        0.08           0      0.0386   0.0216796
        0.24       0.348      0.3354   0.0720025
         0.4       0.422      0.9984    0.191521
        0.56       0.439       1.844    0.348111
        0.72       1.426      2.5769    0.243964
        0.88       4.248       2.942    0.372954
        1.04       2.708       3.888    0.305036
         1.2       3.507      4.8883    0.371458
        1.36       2.639       5.501    0.594241
        1.52       4.363      5.0469    0.294418
        1.68        7.33      5.1199    0.532421
        1.84       5.088      5.6388    0.437489
           2        6.51      6.3819    0.490671
        2.16       7.152      6.4542    0.370288
        2.32       8.973      6.9098    0.450808
        2.48       8.237      6.4667    0.311071
        2.64       8.515      6.7477    0.393568
         2.8       6.361      6.9908    0.485582
        2.96        5.94      5.3402    0.427394
        3.12        4.53      4.2229    0.252311
        3.28       3.675      3.3208    0.368574
        3.44       2.311      3.0173    0.291942
         3.6       3.845      2.4625    0.261012
        3.76       2.252      1.3952     0.14509
        3.92        2.09      2.0532    0.211401
        4.08       2.212      1.3006    0.188913
        4.24       0.866      1.2703    0.301347
         4.4       0.328      0.8748     0.11581
        4.56       0.405      1.1642    0.255338
        4.72       0.101      0.6846     0.13661
        4.88        0.07      0.9357    0.218331
        5.04       0.074       0.283   0.0943654
         5.2        0.07      0.1501   0.0481887
        5.36       0.303      0.2329   0.0684274
        5.52       0.662      0.2525   0.0787598
        5.68           0      0.1007   0.0536162
        5.84           0       0.045   0.0405033
           6           0      0.0529   0.0336126
        6.16           0      0.0083   0.0057342
        6.32           0      0.0015  0.00107005
        6.48           0      0.0452   0.0413236
        6.64           0      0.0163   0.0123823
         6.8           0           0           0
        6.96           0           0           0
        7.12           0           0           0
        7.28           0           0           0
        7.44           0           0           0
         7.6           0           0           0
        7.76           0           0           0
        7.92           0           0           0
        0.08           0   0.0350909   0.0199907
        0.24       0.903       0.387   0.0818847
         0.4       0.256    0.930909    0.185622
        0.56       0.192     1.69382    0.347353
        0.72       0.999     2.43345    0.260566
        0.88       2.815     2.93045    0.339227
        1.04       2.354     3.74855    0.307535
         1.2       3.452     4.75773    0.359907
        1.36       4.333     5.39482    0.549624
        1.52       5.302     5.07009    0.268565
        1.68       5.627       5.166    0.486011
        1.84       5.402     5.61727    0.398247
           2       7.205     6.45673    0.451734
        2.16       6.697     6.47627    0.337283
        2.32      10.692     7.25364    0.524817
        2.48       6.327       6.454    0.283051
        2.64        9.04     6.95609    0.409258
         2.8       5.979     6.89882    0.450066
        2.96       6.464     5.44236    0.400564
        3.12       4.388     4.23791     0.22982
        3.28       4.117     3.39318    0.342101
        3.44        4.18       3.123    0.283893
         3.6       2.154     2.43445    0.238786
        3.76       1.624       1.416    0.133383
        3.92        2.59       2.102    0.197735
        4.08       1.155     1.28736    0.172202
        4.24       1.476       1.289    0.274531
         4.4       0.879    0.875182    0.105282
        4.56       0.595     1.11245    0.237311
        4.72       0.477    0.665727    0.125487
        4.88       0.004       0.851    0.214283
        5.04       0.006    0.257818   0.0890833
         5.2       0.316    0.165182   0.0461076
        5.36           0    0.211727   0.0654004
        5.52           0    0.229545   0.0748702
        5.68           0   0.0915455   0.0495174
        5.84           0   0.0409091   0.0370272
           6           0   0.0480909   0.0308991
        6.16           0  0.00754545  0.00526232
        6.32           0  0.00136364  0.00098142
        6.48           0   0.0410909   0.0377706
        6.64           0   0.0148182   0.0113449
         6.8           0           0           0
        6.96           0           0           0
        7.12           0           0           0
        7.28           0           0           0
        7.44           0           0           0
         7.6           0           0           0
        7.76           0           0           0
        7.92           0           0           0
        0.08           0   0.0321667   0.0185374
        0.24       1.103    0.446667    0.094327
         0.4       0.668       0.909    0.171441
        0.56        1.92     1.71267    0.318918
        0.72       2.412     2.43167    0.238859
        0.88       2.272     2.87558    0.315365
        1.04       2.204     3.61983    0.307665
         1.2       2.934     4.60575    0.360578
        1.36       2.978     5.19342    0.539462
        1.52       4.384     5.01292    0.252197
        1.68       6.517     5.27858    0.458365
        1.84       5.472     5.60517    0.365243
           2       7.191     6.51792    0.418213
        2.16       7.459     6.55817    0.318963
        2.32       7.404     7.26617    0.481232
        2.48      10.205     6.76658     0.39609
        2.64       6.439       6.913    0.377415
         2.8       6.103      6.8325    0.417418
        2.96       5.654        5.46    0.367572
        3.12        4.31     4.24392    0.210747
        3.28       4.604     3.49408    0.328135
        3.44       2.877      3.1025    0.260974
         3.6         2.2     2.41492    0.219685
        3.76       2.868       1.537    0.168435
        3.92        0.99     2.00933    0.201806
        4.08       1.008     1.26408    0.159418
        4.24       2.122     1.35842    0.260282
         4.4        2.07     0.97475    0.135653
        4.56       1.094     1.11092     0.21754
        4.72       0.097    0.618333    0.123657
        4.88       0.021    0.781833    0.207289
        5.04       0.186    0.251833   0.0818605
         5.2       0.067       0.157   0.0429851
        5.36       0.128     0.20475   0.0603214
        5.52       0.039    0.213667   0.0702947
        5.68           0   0.0839167   0.0459749
        5.84           0      0.0375   0.0340982
           6           0   0.0440833   0.0285828
        6.16           0  0.00691667  0.00486121
        6.32           0     0.00125  0.00090619
        6.48           0   0.0376667   0.0347779
        6.64           0   0.0135833   0.0104665
         6.8           0           0           0
        6.96           0           0           0
        7.12           0           0           0
        7.28           0           0           0
        7.44           0           0           0
         7.6           0           0           0
        7.76           0           0           0
        7.92           0           0           0
        0.08           0   0.0296923   0.0172758
        0.24           1    0.489231   0.0961962
         0.4           0    0.839077    0.171922
        0.56       2.669     1.78623    0.302751
        0.72       1.652     2.37169     0.22789
        0.88       2.282     2.82992    0.294393
        1.04        2.35     3.52215    0.299103
         1.2       2.629     4.45369    0.363491
        1.36       5.657     5.22908    0.499142
        1.52       5.511     5.05123    0.235689
        1.68       6.294     5.35669    0.429709
        1.84       5.769     5.61777    0.337365
           2       6.726     6.53392    0.386349
        2.16       8.607     6.71577    0.331082
        2.32       5.472     7.12815    0.463582
        2.48       9.157     6.95046    0.406066
        2.64       7.623     6.96762    0.352312
         2.8        6.76     6.82692    0.385346
        2.96       3.372     5.29938    0.372741
        3.12       4.582     4.26992    0.196134
        3.28        3.45     3.49069    0.302912
        3.44       3.507     3.13362    0.242747
         3.6       2.634     2.43177    0.203431
        3.76        1.55       1.538    0.155481
        3.92       0.996     1.93138    0.200773
        4.08       2.884     1.38869    0.189704
        4.24       1.873       1.398    0.243251
         4.4       0.882    0.967615    0.125405
        4.56       0.179     1.03923    0.212289
        4.72       0.496    0.608923    0.114502
        4.88       0.239    0.740077    0.195504
        5.04       0.599    0.278538   0.0798007
         5.2       0.338    0.170923   0.0418728
        5.36       0.107    0.197231    0.056148
        5.52       0.005    0.197615   0.0666948
        5.68       0.005   0.0778462   0.0428372
        5.84       0.007   0.0351538   0.0315559
           6       0.008   0.0413077   0.0265186
        6.16       0.016  0.00761538  0.00453721
        6.32       0.113  0.00984615  0.00830117
        6.48           0   0.0347692   0.0322232
        6.64           0   0.0125385  0.00971342
         6.8           0           0           0
        6.96           0           0           0
        7.12           0           0           0
        7.28           0           0           0
        7.44           0           0           0
         7.6           0           0           0
        7.76           0           0           0
        7.92           0           0           0
        0.08           0   0.0275714   0.0161715
        0.24       1.064    0.530286   0.0976938
         0.4       0.605    0.822357    0.160453
        0.56        1.01     1.73079    0.286158
        0.72        1.04     2.27657    0.230611
        0.88         1.5     2.73493    0.288284
        1.04       1.721      3.3935    0.304152
         1.2       2.994     4.34943    0.352164
        1.36       4.984     5.21157    0.463796
        1.52       5.269     5.06679    0.219367
        1.68       6.715     5.45371    0.409823
        1.84       8.525     5.82543    0.371724
           2       8.911     6.70371    0.394301
        2.16       7.649     6.78243    0.314072
        2.32       6.238     7.06457    0.434808
        2.48       6.668     6.93029    0.377562
        2.64       8.943     7.10871    0.354277
         2.8       5.301     6.71793    0.372917
        2.96       5.382     5.30529    0.346163
        3.12       4.468     4.28407    0.182634
        3.28       3.852      3.5165    0.282372
        3.44       2.775       3.108    0.226755
         3.6       1.855     2.39057    0.193027
        3.76       2.187     1.58436    0.151128
        3.92       1.927     1.93107    0.186432
        4.08        1.26      1.3795    0.176376
        4.24       1.252     1.38757      0.2261
         4.4       0.578    0.939786    0.119496
        4.56       0.298    0.986286    0.203621
        4.72       0.255    0.583643    0.109078
        4.88        0.99    0.757929    0.182352
        5.04       1.534    0.368214    0.113834
         5.2        0.25    0.176571    0.039261
        5.36           0    0.183143   0.0538758
        5.52           0      0.1835    0.063407
        5.68           0   0.0722857   0.0401367
        5.84           0   0.0326429   0.0294016
           6           0   0.0383571    0.024788
        6.16           0  0.00707143   0.0042456
        6.32           0  0.00914286  0.00773796
        6.48           0   0.0322857   0.0300171
        6.64           0   0.0116429   0.0090608
         6.8           0           0           0
        6.96           0           0           0
        7.12           0           0           0
        7.28           0           0           0
        7.44           0           0           0
         7.6           0           0           0
        7.76           0           0           0
        7.92           0           0           0
        0.08           0   0.0257333   0.0151975
        0.24        0.07      0.4996   0.0958791
         0.4       0.153    0.777733    0.155838
        0.56       1.156     1.69247    0.269634
        0.72       0.489      2.1574    0.244094
        0.88       1.779      2.6712    0.276019
        1.04        2.05     3.30393     0.29677
         1.2       2.112     4.20027    0.358888
        1.36       3.636     5.10653    0.444611
        1.52       5.972     5.12713    0.212882
        1.68       7.724     5.60507    0.409497
        1.84       7.243     5.91993    0.358755
           2       9.508     6.89067    0.409946
        2.16       8.951       6.927    0.324708
        2.32       9.073     7.19847    0.425938
        2.48       9.521       7.103    0.389899
        2.64       5.613       7.009    0.344405
         2.8       6.014       6.671    0.350996
        2.96        5.74     5.33427    0.324296
        3.12        2.83     4.18713     0.19449
        3.28       3.347      3.5052    0.263774
        3.44       3.298     3.12067    0.211992
         3.6       2.288     2.38373    0.180279
        3.76       2.134       1.621    0.145428
        3.92       1.815     1.92333    0.174164
        4.08       1.492       1.387    0.164777
        4.24       0.434       1.324    0.219782
         4.4       0.553       0.914    0.114278
        4.56       0.521    0.955267    0.192394
        4.72       0.775      0.5964     0.10255
        4.88       0.724    0.755667     0.17021
        5.04       0.366    0.368067    0.106245
         5.2       0.326    0.186533   0.0378864
        5.36       0.293    0.190467   0.0507794
        5.52           0    0.171267   0.0603484
        5.68           0   0.0674667   0.0377491
        5.84           0   0.0304667   0.0275219
           6           0      0.0358    0.023267
        6.16           0      0.0066  0.00398865
        6.32           0  0.00853333  0.00724607
        6.48           0   0.0301333    0.028093
        6.64           0   0.0108667  0.00848992
         6.8           0           0           0
        6.96           0           0           0
        7.12           0           0           0
        7.28           0           0           0
        7.44           0           0           0
         7.6           0           0           0
        7.76           0           0           0
        7.92           0           0           0
        0.08           0    0.024125   0.0143325
        0.24           0    0.468375    0.094835
         0.4       0.017    0.730187     0.15318
        0.56       0.618     1.62531    0.261011
        0.72       1.004     2.08531    0.239246
        0.88       1.855     2.62019     0.26344
        1.04       3.868     3.33919    0.280308
         1.2       3.055     4.12869    0.343522
        1.36       5.399     5.12481    0.417199
        1.52       5.785     5.16825    0.203508
        1.68       5.077     5.57206    0.385231
        1.84       7.575     6.02338    0.350929
           2       7.453     6.92581    0.385828
        2.16       6.804     6.91931    0.304505
        2.32       7.957     7.24587    0.401946
        2.48       6.143       7.043    0.370118
        2.64       7.685     7.05125    0.325461
         2.8       7.665     6.73313    0.334512
        2.96       7.318     5.45825     0.32687
        3.12       7.662     4.40431    0.278325
        3.28       2.898     3.46725    0.250003
        3.44       1.747     3.03481    0.215427
         3.6       1.827     2.34894    0.172337
        3.76       0.706     1.56381    0.147153
        3.92       0.722     1.84825    0.178732
        4.08       0.896     1.35631     0.15731
        4.24       0.985     1.30281    0.207064
         4.4       2.309     1.00119    0.136398
        4.56       0.661    0.936875    0.181247
        4.72       0.526       0.592   0.0962347
        4.88       1.132    0.779188    0.161188
        5.04       0.292    0.363312   0.0997114
         5.2       0.275    0.192063   0.0359197
        5.36       0.007       0.179   0.0488832
        5.52       0.037    0.162875   0.0571571
        5.68        0.04     0.06575   0.0354288
        5.84           0   0.0285625   0.0258676
           6           0   0.0335625   0.0219201
        6.16           0   0.0061875  0.00376063
        6.32           0       0.008  0.00681279
        6.48           0     0.02825   0.0264002
        6.64           0   0.0101875  0.00798642
         6.8           0           0           0
        6.96           0           0           0
        7.12           0           0           0
        7.28           0           0           0
        7.44           0           0           0
         7.6           0           0           0
        7.76           0           0           0
        7.92           0           0           0
        0.08           0   0.0227059   0.0135595
        0.24       0.007    0.441235   0.0930588
         0.4       0.322    0.706176    0.146039
        0.56       0.843     1.57929    0.249681
        0.72       1.247       2.036    0.230199
        0.88        2.77       2.629    0.248091
        1.04       3.197     3.33082    0.263944
         1.2       3.938     4.11747    0.323497
        1.36       5.223     5.13059    0.392697
        1.52       5.179     5.16888    0.191538
        1.68       4.869     5.53071    0.364783
        1.84       7.554     6.11341    0.341641
           2       7.398     6.95359    0.364131
        2.16       7.648     6.96218    0.289594
        2.32       5.022     7.11506    0.399022
        2.48       8.258     7.11447     0.35518
        2.64       7.627     7.08512    0.308074
         2.8       5.464     6.65847    0.323058
        2.96        6.99     5.54835     0.31982
        3.12       5.083     4.44424    0.264801
        3.28       4.921     3.55276    0.249494
        3.44       2.354     2.99476    0.206444
         3.6       2.459     2.35541    0.162321
        3.76       3.489     1.67706    0.176782
        3.92       1.452     1.82494    0.169731
        4.08       0.339     1.29647    0.159032
        4.24        1.59     1.31971    0.195572
         4.4       1.318     1.01982    0.129642
        4.56       0.075    0.886176    0.177534
        4.72       0.012    0.557882   0.0964322
        4.88       0.016    0.734294    0.157835
        5.04       0.134    0.349824    0.094754
         5.2       0.091    0.186118   0.0342952
        5.36       0.111       0.175   0.0461711
        5.52       0.751    0.197471   0.0634062
        5.68       0.249   0.0765294   0.0349461
        5.84           0   0.0268824   0.0244005
           6           0   0.0315882   0.0207194
        6.16           0  0.00582353  0.00355699
        6.32           0  0.00752941  0.00642827
        6.48           0   0.0265882   0.0248995
        6.64           0  0.00958824  0.00753908
         6.8           0           0           0
        6.96           0           0           0
        7.12           0           0           0
        7.28           0           0           0
        7.44           0           0           0
         7.6           0           0           0
        7.76           0           0           0
        7.92           0           0           0
        0.08           0   0.0214444   0.0128647
        0.24       0.459    0.442222   0.0878941
         0.4       0.422    0.690389    0.138776
        0.56       0.399     1.51372    0.244269
        0.72       0.263      1.9375    0.237551
        0.88       0.787     2.52667     0.25454
        1.04       3.002     3.31256    0.249912
         1.2        4.65     4.14706    0.306875
        1.36       6.401     5.20117     0.37717
        1.52       6.269        5.23    0.190399
        1.68       6.665     5.59372    0.349918
        1.84       9.581     6.30606    0.373041
           2       7.094     6.96139    0.343985
        2.16       7.151     6.97267    0.273695
        2.32        5.83     7.04367    0.383188
        2.48       5.997     7.05239     0.34083
        2.64        5.67      7.0065    0.300822
         2.8       8.403     6.75539    0.319317
        2.96       5.754     5.55978    0.302256
        3.12       5.261     4.48961    0.253948
        3.28       2.374     3.48728    0.244076
        3.44       1.514      2.9125    0.210729
         3.6       6.105     2.56372    0.253938
        3.76       3.192     1.76122    0.185919
        3.92       1.377     1.80006    0.162116
        4.08       0.215     1.23639    0.161147
        4.24       0.113     1.25267     0.19586
         4.4        0.85     1.01039    0.122782
        4.56       0.245    0.850556    0.171208
        4.72        0.23    0.539667   0.0927793
        4.88       0.133    0.700889     0.15256
        5.04       0.534    0.360056   0.0900407
         5.2       0.234    0.188778   0.0324929
        5.36       0.038    0.167389   0.0442289
        5.52       0.692    0.224944   0.0655662
        5.68       0.096   0.0776111   0.0330214
        5.84           0   0.0253889   0.0230906
           6           0   0.0298333   0.0196425
        6.16           0      0.0055  0.00337406
        6.32           0  0.00711111  0.00608474
        6.48           0   0.0251111     0.02356
        6.64           0  0.00905556  0.00713904
         6.8           0           0           0
        6.96           0           0           0
        7.12           0           0           0
        7.28           0           0           0
        7.44           0           0           0
         7.6           0           0           0
        7.76           0           0           0
        7.92           0           0           0
        0.08           0   0.0203158   0.0122371
        0.24       0.018    0.419895   0.0860573
         0.4       0.638    0.687632      0.1315
        0.56       1.653     1.52105    0.231522
        0.72       1.273     1.90253    0.227608
        0.88       1.955     2.49658    0.242915
        1.04       2.322     3.26042    0.242135
         1.2       3.445     4.11011     0.29294
        1.36        6.01     5.24374    0.359713
        1.52       5.976     5.26926    0.184382
        1.68       5.699     5.59926    0.331545
        1.84      10.237     6.51295    0.406753
           2       6.399     6.93179    0.327151
        2.16       4.746     6.85547    0.283271
        2.32       8.419     7.11605    0.369794
        2.48       5.086     6.94889     0.33824
        2.64       6.544     6.98216    0.285973
         2.8       6.047     6.71811     0.30468
        2.96       6.011     5.58353    0.287279
        3.12       4.985     4.51568    0.241917
        3.28       3.285     3.47663    0.231462
        3.44       3.943     2.96674    0.206499
         3.6       5.341     2.70989    0.279494
        3.76       1.883     1.76763    0.176244
        3.92       0.833     1.74916    0.161376
        4.08       1.432     1.24668    0.152994
        4.24       0.315     1.20332    0.191668
         4.4       0.403    0.978421     0.12041
        4.56       0.104    0.811263    0.166645
        4.72       1.195    0.574158   0.0940892
        4.88       0.542    0.692526     0.14476
        5.04       0.213    0.352316   0.0856337
         5.2       0.388    0.199263   0.0324304
        5.36       0.262    0.172368   0.0421805
        5.52       0.334    0.230684   0.0623661
        5.68       0.064   0.0768947   0.0312912
        5.84           0   0.0240526   0.0219139
           6           0   0.0282632   0.0186714
        6.16           0  0.00521053  0.00320887
        6.32           0  0.00673684  0.00577599
        6.48           0   0.0237895    0.022357
        6.64           0  0.00857895  0.00677919
         6.8           0           0           0
        6.96           0           0           0
        7.12           0           0           0
        7.28           0           0           0
        7.44           0           0           0
         7.6           0           0           0
        7.76           0           0           0
        7.92           0           0           0
        0.08       0.063     0.02245   0.0118098
        0.24       0.222        0.41   0.0823213
         0.4       0.128     0.65965    0.127867
        0.56       1.102      1.5001    0.220892
        0.72       3.457     1.98025    0.229114
        0.88       4.368     2.59015    0.248137
        1.04        3.97      3.2959    0.232613
         1.2       4.016      4.1054    0.278331
        1.36       6.868     5.32495    0.350776
        1.52       4.855     5.24855    0.176322
        1.68        5.03      5.5708    0.316188
        1.84       5.847     6.47965    0.387776
           2       6.874      6.9289    0.310806
        2.16       5.068      6.7661    0.282856
        2.32       7.315       7.126    0.351438
        2.48        6.15     6.90895    0.323678
        2.64        6.47     6.95655    0.272818
         2.8       6.871     6.72575    0.289542
        2.96       4.517      5.5302    0.277821
        3.12       3.033     4.44155    0.240912
        3.28       3.881     3.49685     0.22077
        3.44       5.719     3.10435    0.237645
         3.6        2.33      2.6909    0.266164
        3.76       0.579      1.7082    0.177169
        3.92       0.727     1.69805    0.161197
        4.08       0.624     1.21555    0.148478
        4.24       2.453      1.2658       0.192
         4.4       1.396      0.9993    0.116185
        4.56       0.705     0.80595    0.158397
        4.72       0.795      0.5852   0.0900303
        4.88       0.237     0.66975    0.139302
        5.04         0.9      0.3797   0.0856186
         5.2       1.098      0.2442   0.0535494
        5.36       0.122     0.16985   0.0401466
        5.52       0.002     0.21925   0.0602869
        5.68       0.003      0.0732    0.029944
        5.84       0.004     0.02305   0.0208411
           6       0.006     0.02715   0.0177709
        6.16       0.195      0.0147  0.00973861
        6.32           0      0.0064    0.005497
        6.48           0      0.0226   0.0212708
        6.64           0     0.00815  0.00645379
         6.8           0           0           0
        6.96           0           0           0
        7.12           0           0           0
        7.28           0           0           0
        7.44           0           0           0
         7.6           0           0           0
        7.76           0           0           0
        7.92           0           0           0
        0.08           0    0.021381   0.0112958
        0.24       0.298    0.404667   0.0785738
         0.4       0.799    0.666286     0.12195
        0.56       0.699     1.46195    0.213642
        0.72       3.336     2.04481    0.227118
        0.88       1.704     2.54795    0.239882
        1.04       2.949     3.27938    0.222122
         1.2       4.443     4.12148    0.265541
        1.36        5.47     5.33186     0.33414
        1.52       6.537      5.3099    0.178281
        1.68       9.211     5.74414    0.345394
        1.84       6.408     6.47624    0.369326
           2        4.35      6.8061    0.319347
        2.16       8.059     6.82767    0.276005
        2.32       9.399     7.23424    0.350975
        2.48       7.457     6.93505    0.309315
        2.64       5.769         6.9    0.265623
         2.8       3.907     6.59152    0.305285
        2.96       3.156     5.41714    0.286674
        3.12       3.143     4.37971    0.237243
        3.28       3.434     3.49386    0.210278
        3.44       2.647     3.08257    0.227324
         3.6       1.137      2.6169    0.263575
        3.76       2.282     1.73552    0.170827
        3.92       2.193     1.72162    0.155234
        4.08        2.68     1.28529    0.156932
        4.24       2.873     1.34233    0.197522
         4.4       0.805    0.990048    0.111021
        4.56       0.854    0.808238    0.150871
        4.72       0.804    0.595619   0.0863439
        4.88       0.218    0.648238    0.134319
        5.04       0.002    0.361714   0.0834093
         5.2       0.003    0.232714   0.0522167
        5.36       0.003    0.161905   0.0390131
        5.52       0.002    0.208905   0.0582969
        5.68       0.005   0.0699524   0.0286937
        5.84       0.004   0.0221429   0.0198684
           6       0.008   0.0262381   0.0169481
        6.16       0.152   0.0212381   0.0112576
        6.32         0.8   0.0441905   0.0372495
        6.48           0   0.0215238   0.0202851
        6.64           0   0.0077619  0.00615812
         6.8           0           0           0
        6.96           0           0           0
        7.12           0           0           0
        7.28           0           0           0
        7.44           0           0           0
         7.6           0           0           0
        7.76           0           0           0
        7.92           0           0           0
        0.08       0.026   0.0215909   0.0107843
        0.24       0.156    0.393364   0.0758109
         0.4        1.49    0.703727    0.122019
        0.56       2.117     1.49173    0.205996
        0.72       1.771     2.03236    0.217135
        0.88       1.133     2.48364    0.237444
        1.04       2.596     3.24832    0.214187
         1.2       2.576     4.05123    0.262599
        1.36        7.79     5.44359    0.337116
        1.52       9.311     5.49177    0.246034
        1.68        7.48     5.82305    0.338586
        1.84        7.87     6.53959    0.357931
           2        4.01       6.679    0.329152
        2.16       8.223     6.89109    0.270649
        2.32       8.575     7.29518    0.340272
        2.48       6.324     6.90727      0.2965
        2.64       5.511     6.83686    0.260945
         2.8       2.314     6.39709    0.347857
        2.96        2.78     5.29727    0.297651
        3.12       4.054     4.36491    0.226921
        3.28       3.366     3.48805      0.2008
        3.44       1.496     3.01045    0.228144
         3.6       3.443     2.65445    0.254255
        3.76       2.347     1.76332    0.165308
        3.92       2.782     1.76982    0.155481
        4.08       2.699     1.34955    0.162423
        4.24       1.833     1.36464    0.189799
         4.4       1.428     1.00995    0.107744
        4.56       0.922    0.813409    0.144102
        4.72       0.409    0.587136   0.0828349
        4.88       0.107    0.623636    0.130448
        5.04       0.061    0.348045   0.0807302
         5.2           0    0.222136   0.0509034
        5.36           0    0.154545   0.0379275
        5.52           0    0.199409   0.0564151
        5.68           0   0.0667727    0.027565
        5.84           0   0.0211364   0.0189908
           6           0   0.0250455   0.0162196
        6.16           0   0.0202727   0.0107872
        6.32           1   0.0876364   0.0553715
        6.48           0   0.0205455   0.0193866
        6.64           0  0.00740909  0.00588831
         6.8           0           0           0
        6.96           0           0           0
        7.12           0           0           0
        7.28           0           0           0
        7.44           0           0           0
         7.6           0           0           0
        7.76           0           0           0
        7.92           0           0           0
        0.08           0   0.0206522   0.0103562
        0.24           0    0.376261    0.074419
         0.4           0     0.67313    0.120489
        0.56       0.944     1.46791    0.198411
        0.72        0.35     1.95922    0.219669
        0.88       3.998     2.54948    0.236073
        1.04       4.028     3.28222     0.20754
         1.2       3.373     4.02174    0.252832
        1.36       8.968     5.59683    0.355584
        1.52       6.856     5.55109    0.242382
        1.68       7.238     5.88457    0.329407
        1.84       8.428      6.6217    0.351659
           2       4.377     6.57891    0.329707
        2.16       7.312     6.90939    0.259499
        2.32       8.221     7.33543     0.32785
        2.48       6.644     6.89583    0.283829
        2.64       2.808      6.6617    0.302737
         2.8       2.614     6.23261     0.36958
        2.96        4.41      5.2587    0.287199
        3.12       5.348     4.40765    0.221044
        3.28       2.576     3.44839    0.195946
        3.44       2.448       2.986    0.219531
         3.6       4.464     2.73313    0.255083
        3.76       1.965     1.77209    0.158353
        3.92       1.717     1.76752    0.148738
        4.08       1.066     1.33722    0.155829
        4.24       2.083     1.39587    0.184099
         4.4       2.697      1.0833    0.125569
        4.56        0.86    0.815435    0.137851
        4.72       1.814    0.640478   0.0948661
        4.88       0.322    0.610522    0.125433
        5.04       0.002       0.333   0.0786097
         5.2       0.002    0.212565   0.0495818
        5.36       0.002    0.147913   0.0368539
        5.52       0.002    0.190826   0.0546113
        5.68       0.002   0.0639565     0.02651
        5.84       0.003   0.0203478   0.0181815
           6       0.003    0.024087   0.0155427
        6.16       0.006   0.0196522   0.0103361
        6.32       0.049   0.0859565   0.0529895
        6.48           0   0.0196522   0.0185643
        6.64           0  0.00708696   0.0056411
         6.8           0           0           0
        6.96           0           0           0
        7.12           0           0           0
        7.28           0           0           0
        7.44           0           0           0
         7.6           0           0           0
        7.76           0           0           0
        7.92           0           0           0
        0.08           0   0.0197917  0.00996033
        0.24       0.024    0.361583   0.0727512
         0.4       0.492    0.665583    0.115705
        0.56       0.209     1.41546    0.196956
        0.72        0.98     1.91842    0.214272
        0.88       5.132     2.65708    0.249558
        1.04       3.762     3.30221    0.199853
         1.2       4.581     4.04504    0.243368
        1.36       4.173      5.5375    0.345681
        1.52       5.613     5.55367    0.232296
        1.68       7.491      5.9515     0.32241
        1.84       6.039     6.59742    0.337844
           2       8.089     6.64183    0.321917
        2.16       4.796     6.82133    0.263204
        2.32       7.502     7.34237    0.314263
        2.48       6.832     6.89317    0.272015
        2.64       8.011     6.71792    0.295297
         2.8        4.92     6.17792    0.358205
        2.96       6.223     5.29887    0.278029
        3.12       3.334     4.36292    0.216313
        3.28       2.339     3.40217    0.193157
        3.44       2.533     2.96712    0.211194
         3.6       1.855     2.69654    0.247064
        3.76       2.284     1.79342    0.153184
        3.92       1.545     1.75825    0.142829
        4.08       1.079     1.32646    0.149707
        4.24       1.233     1.38908    0.176553
         4.4       2.141     1.12738    0.127837
        4.56       2.281      0.8765    0.145003
        4.72       1.833    0.690167    0.103108
        4.88       0.217    0.594125    0.121274
        5.04       0.347    0.333583   0.0753364
         5.2        0.11    0.208292   0.0476997
        5.36           0     0.14175   0.0358299
        5.52           0    0.182875   0.0529115
        5.68           0   0.0612917    0.025539
        5.84           0      0.0195   0.0174437
           6           0   0.0230833   0.0149275
        6.16           0   0.0188333  0.00993777
        6.32           0    0.082375   0.0509025
        6.48           0   0.0188333   0.0178088
        6.64           0  0.00679167  0.00541377
         6.8           0           0           0
        6.96           0           0           0
        7.12           0           0           0
        7.28           0           0           0
        7.44           0           0           0
         7.6           0           0           0
        7.76           0           0           0
        7.92           0           0           0
        0.08           0       0.019  0.00959333
        0.24       0.104     0.35128    0.070567
         0.4       0.807     0.67124    0.111215
        0.56       0.768     1.38956    0.190773
        0.72       3.293      1.9734    0.212639
        0.88       3.246     2.68064    0.240685
        1.04       2.697       3.278    0.193319
         1.2        4.24     4.05284    0.233759
        1.36        5.92      5.5528    0.332193
        1.52        4.85     5.52552    0.224703
        1.68           7     5.99344     0.31223
        1.84       8.313     6.66604    0.331226
           2       8.373     6.71108      0.3164
        2.16       4.006     6.70872    0.275716
        2.32        5.35     7.26268    0.311634
        2.48       7.343     6.91116    0.261729
        2.64       8.527     6.79028    0.292217
         2.8       4.813     6.12332    0.348013
        2.96       4.603     5.27104    0.268297
        3.12       2.745      4.2982    0.217126
        3.28       3.539     3.40764    0.185508
        3.44       2.196     2.93628    0.204986
         3.6       2.562     2.69116     0.23724
        3.76       1.137     1.76716     0.14929
        3.92       2.412      1.7844    0.139489
        4.08       0.797     1.30528    0.145209
        4.24       1.615     1.39812    0.169722
         4.4       2.719     1.19104    0.137667
        4.56       2.095     0.92524    0.147166
        4.72       0.731      0.6918   0.0989968
        4.88        0.51     0.59076     0.11647
        5.04       0.389      0.3358   0.0723556
         5.2       0.035     0.20136   0.0462927
        5.36       0.014     0.13664   0.0347592
        5.52       0.251      0.1856   0.0508651
        5.68           0     0.05884   0.0246348
        5.84           0     0.01872   0.0167633
           6           0     0.02216   0.0143589
        6.16           0     0.01808  0.00956877
        6.32           0     0.07908   0.0489729
        6.48           0     0.01808   0.0171124
        6.64           0     0.00652  0.00520404
         6.8           0           0           0
        6.96           0           0           0
        7.12           0           0           0
        7.28           0           0           0
        7.44           0           0           0
         7.6           0           0           0
        7.76           0           0           0
        7.92           0           0           0
        0.08           0   0.0182692  0.00925215
        0.24       0.269    0.348115   0.0679238
         0.4       1.088    0.687269    0.108086
        0.56       2.749     1.44185    0.190466
        0.72       2.838     2.00665    0.207044
        0.88       3.291     2.70412     0.23257
        1.04       2.342       3.242    0.189206
         1.2       2.971     4.01123    0.228441
        1.36       6.647     5.59488    0.322071
        1.52       4.078     5.46985    0.222851
        1.68       7.901     6.06681    0.308721
        1.84       5.329     6.61462    0.322454
           2       8.219     6.76908    0.309501
        2.16       5.699     6.66988    0.267833
        2.32       6.153        7.22    0.302556
        2.48       6.016     6.87673    0.253917
        2.64       8.577       6.859    0.288946
         2.8       4.754     6.07065    0.338589
        2.96       4.096     5.22585    0.261757
        3.12       3.146     4.25388    0.213249
        3.28       3.977     3.42954    0.179661
        3.44       2.578      2.9225    0.197565
         3.6       2.137     2.66985    0.229071
        3.76       1.627     1.76177    0.143646
        3.92       1.516     1.77408    0.134506
        4.08       1.269     1.30388     0.13963
        4.24       0.598     1.36735    0.165961
         4.4       2.182     1.22915    0.137547
        4.56       2.735    0.994846    0.157107
        4.72       1.963    0.740692    0.106581
        4.88       0.463    0.585846    0.112094
        5.04       0.557    0.344308    0.070071
         5.2       0.071    0.196346   0.0447829
        5.36       0.008    0.131692   0.0337726
        5.52        0.11    0.182692   0.0489918
        5.68       0.046   0.0583462   0.0236923
        5.84           0       0.018   0.0161341
           6           0   0.0213077   0.0138319
        6.16           0   0.0173846  0.00922597
        6.32           0   0.0760385   0.0471837
        6.48           0   0.0173846   0.0164684
        6.64           0  0.00626923  0.00500992
         6.8           0           0           0
        6.96           0           0           0
        7.12           0           0           0
        7.28           0           0           0
        7.44           0           0           0
         7.6           0           0           0
        7.76           0           0           0
        7.92           0           0           0
        0.08       0.051   0.0194815  0.00898854
        0.24       0.186    0.342111   0.0656729
         0.4       0.346     0.67463     0.10482
        0.56       0.675     1.41344    0.185517
        0.72       0.651     1.95644    0.205374
        0.88       2.006     2.67826    0.225389
        1.04       5.253     3.31648    0.196312
         1.2       4.956     4.04622    0.222644
        1.36       4.808     5.56574    0.311458
        1.52       8.082     5.56659     0.23466
        1.68       8.686     6.16381    0.312156
        1.84        5.36     6.56815    0.313841
           2        7.49     6.79578    0.299188
        2.16       8.466     6.73641    0.266046
        2.32       5.694     7.16348    0.296582
        2.48        5.62     6.83019    0.248742
        2.64       4.446     6.76963    0.291738
         2.8       4.383     6.00815    0.331768
        2.96       3.973     5.17944    0.256142
        3.12       3.184     4.21426       0.209
        3.28       4.129     3.45544    0.174865
        3.44       3.474     2.94293      0.1913
         3.6        3.21     2.68985    0.221459
        3.76       3.928       1.842    0.159162
        3.92       1.558     1.76607    0.129762
        4.08       1.149     1.29815    0.134577
        4.24       1.061       1.356    0.160202
         4.4       0.161     1.18959    0.138025
        4.56       1.609     1.01759    0.152926
        4.72       0.691    0.738852    0.102649
        4.88       0.096    0.567704      0.1094
        5.04       1.022    0.369407   0.0718307
         5.2       0.629     0.21237   0.0459017
        5.36       0.004    0.126963   0.0328512
        5.52       0.786    0.205037    0.052024
        5.68       0.045   0.0578519     0.02282
        5.84       0.003   0.0174444   0.0155461
           6       0.077   0.0233704   0.0134725
        6.16       0.052   0.0186667  0.00897291
        6.32           0   0.0732222   0.0455201
        6.48           0   0.0167407    0.015871
        6.64           0  0.00603704  0.00482974
         6.8           0           0           0
        6.96           0           0           0
        7.12           0           0           0
        7.28           0           0           0
        7.44           0           0           0
         7.6           0           0           0
        7.76           0           0           0
        7.92           0           0           0
        0.08           0   0.0187857  0.00869441
        0.24       0.879    0.361286   0.0660674
         0.4       0.517       0.669    0.101227
        0.56       0.313     1.37414    0.183007
        0.72       0.444     1.90243    0.205019
        0.88       2.354     2.66668    0.217637
        1.04       2.602     3.29096    0.190952
         1.2       4.067     4.04696    0.214694
        1.36       7.096     5.62039    0.305092
        1.52       9.132     5.69393     0.25853
        1.68        8.28     6.23939    0.310022
        1.84       7.085     6.58661    0.303175
           2       6.787     6.79546    0.288502
        2.16       4.328     6.65039    0.270092
        2.32       5.153     7.09168    0.294554
        2.48       7.452     6.85239    0.240848
        2.64       4.739     6.69711    0.290193
         2.8       3.875     5.93196     0.32855
        2.96       4.184     5.14389    0.249449
        3.12       4.832     4.23632    0.202697
        3.28        4.99     3.51025       0.177
        3.44        4.75     3.00746    0.195051
         3.6       2.651     2.68846    0.213554
        3.76       3.176     1.88964     0.16045
        3.92        1.95     1.77264    0.125294
        4.08       0.952     1.28579    0.130337
        4.24       1.282     1.35336    0.154502
         4.4       0.233     1.15543    0.137258
        4.56       1.195     1.02393    0.147596
        4.72       0.166    0.718393    0.101002
        4.88       0.308    0.558429    0.105886
        5.04       0.537    0.375393   0.0695142
         5.2       0.309    0.215821   0.0443919
        5.36       0.382    0.136071   0.0329165
        5.52           0    0.197714   0.0506787
        5.68           0   0.0557857   0.0220983
        5.84           0   0.0168214   0.0150033
           6       0.901   0.0547143   0.0334085
        6.16       0.099   0.0215357  0.00909957
        6.32           0   0.0706071   0.0439694
        6.48           0   0.0161429   0.0153155
        6.64           0  0.00582143  0.00466206
         6.8           0           0           0
        6.96           0           0           0
        7.12           0           0           0
        7.28           0           0           0
        7.44           0           0           0
         7.6           0           0           0
        7.76           0           0           0
        7.92           0           0           0
        0.08       0.004   0.0182759  0.00840954
        0.24       0.257     0.35769    0.063887
         0.4       0.771    0.672517   0.0977977
        0.56        0.56     1.34607    0.178837
        0.72       0.839     1.86576    0.201202
        0.88       2.872     2.67376    0.210247
        1.04       3.457     3.29669    0.184453
         1.2       4.842     4.07438    0.209034
        1.36       7.787      5.6951    0.303581
        1.52       7.073     5.74148    0.253951
        1.68       9.506     6.35203    0.319139
        1.84       5.756     6.55797    0.294071
           2       6.538     6.78659    0.278691
        2.16       5.186      6.5999    0.265456
        2.32       3.693     6.97448    0.306827
        2.48       4.378     6.76707    0.247195
        2.64        6.12     6.67721    0.280868
         2.8       3.584       5.851    0.327044
        2.96        6.26     5.18238    0.243798
        3.12       5.408     4.27672    0.199694
        3.28       5.301       3.572    0.181348
        3.44       3.552     3.02624    0.189227
         3.6       3.258      2.7081    0.207091
        3.76       2.755     1.91948    0.157667
        3.92       3.622     1.83641    0.136239
        4.08       1.332     1.28738    0.125852
        4.24       0.225     1.31445    0.153996
         4.4       0.028     1.11655    0.137921
        4.56       0.009    0.988931    0.146597
        4.72       0.027    0.694552    0.100293
        4.88           1    0.573655    0.103323
        5.04           0    0.362448   0.0683118
         5.2       0.549     0.22731   0.0443229
        5.36       0.451    0.146931    0.033525
        5.52           0    0.190897   0.0493876
        5.68           0   0.0538621   0.0214199
        5.84           0   0.0162414   0.0144972
           6           0   0.0528276   0.0323097
        6.16       0.983   0.0546897   0.0337412
        6.32       0.017   0.0687586   0.0424921
        6.48           0   0.0155862   0.0147974
        6.64           0  0.00562069  0.00450562
         6.8           0           0           0
        6.96           0           0           0
        7.12           0           0           0
        7.28           0           0           0
        7.44           0           0           0
         7.6           0           0           0
        7.76           0           0           0
        7.92           0           0           0
        0.08           0   0.0176667  0.00815126
        0.24           0    0.345767   0.0628602
         0.4           0      0.6501    0.097073
        0.56       0.196     1.30773    0.176937
        0.72        1.86     1.86557    0.194496
        0.88       2.653     2.67307     0.20324
        1.04       3.157     3.29203    0.178363
         1.2       3.933     4.06967    0.202119
        1.36       6.524     5.72273    0.294716
        1.52       7.821      5.8108     0.25477
        1.68       8.229      6.4146    0.314574
        1.84       8.371      6.6184    0.290412
           2       6.389     6.77333    0.269716
        2.16       6.618      6.6005    0.256609
        2.32       4.457     6.89057    0.307861
        2.48       5.086     6.71103    0.245224
        2.64       5.626     6.64217    0.273682
         2.8       5.838     5.85057    0.316143
        2.96       7.629     5.26393    0.248939
        3.12       2.922     4.23157    0.198077
        3.28       3.095      3.5561    0.175999
        3.44       2.543     3.01013    0.183604
         3.6       4.249     2.75947    0.206459
        3.76       1.656      1.9107    0.152656
        3.92       3.034     1.87633    0.137422
        4.08       0.863     1.27323     0.12245
        4.24       0.608      1.2909    0.150652
         4.4       0.191      1.0857    0.136731
        4.56       0.249    0.964267     0.14377
        4.72       0.763    0.696833    0.096976
        4.88       0.719      0.5785   0.0999929
        5.04       0.459    0.365667   0.0661105
         5.2       1.336    0.264267   0.0561781
        5.36       0.363    0.154133   0.0331721
        5.52       0.402    0.197933   0.0482401
        5.68       0.125   0.0562333   0.0208367
        5.84       0.003      0.0158   0.0140207
           6       0.005   0.0512333   0.0312721
        6.16       0.009   0.0531667   0.0326509
        6.32       0.019      0.0671   0.0411081
        6.48           0   0.0150667   0.0143133
        6.64           0  0.00543333  0.00435933
         6.8           0           0           0
        6.96           0           0           0
        7.12           0           0           0
        7.28           0           0           0
        7.44           0           0           0
         7.6           0           0           0
        7.76           0           0           0
        7.92           0           0           0
        0.08           0   0.0170968  0.00790821
        0.24           0    0.334613   0.0618141
         0.4       0.805    0.655097   0.0940702
        0.56        1.38     1.31006    0.171244
        0.72       0.479     1.82084    0.193296
        0.88       1.537     2.63642    0.199961
        1.04       2.969     3.28161    0.172914
         1.2       2.622     4.02297    0.200921
        1.36       4.461     5.68203    0.288006
        1.52       7.814     5.87542    0.254615
        1.68        6.21       6.408    0.304496
        1.84       8.848     6.69032    0.289813
           2       8.698     6.83542    0.268066
        2.16        9.36     6.68952    0.263318
        2.32       7.481     6.90961    0.298518
        2.48       5.074     6.65823    0.242933
        2.64       7.911      6.6831    0.267897
         2.8       3.834     5.78552    0.312566
        2.96        4.51     5.23961    0.242093
        3.12       2.754      4.1839    0.197339
        3.28       3.472     3.55339    0.170342
        3.44       3.176     3.01548    0.177759
         3.6       3.806     2.79323    0.202541
        3.76       2.572     1.93203    0.149215
        3.92       1.991     1.88003    0.133038
        4.08       1.399     1.27729    0.118567
        4.24       0.662     1.27061    0.147152
         4.4       0.247     1.05865     0.13497
        4.56       0.818    0.959548     0.13921
        4.72       1.152    0.711516   0.0949528
        4.88       0.315        0.57   0.0971279
        5.04       1.411    0.399387   0.0720664
         5.2       0.232    0.263226   0.0543756
        5.36           0    0.149161   0.0324725
        5.52           0    0.191548   0.0471046
        5.68           0   0.0544194   0.0202434
        5.84           0   0.0152903   0.0135776
           6           0   0.0495806   0.0303069
        6.16           0   0.0514516   0.0316426
        6.32           0   0.0649355   0.0398389
        6.48           0   0.0145806   0.0138598
        6.64           0  0.00525806  0.00422223
         6.8           0           0           0
        6.96           0           0           0
        7.12           0           0           0
        7.28           0           0           0
        7.44           0           0           0
         7.6           0           0           0
        7.76           0           0           0
        7.92           0           0           0
        0.08           0   0.0165625   0.0076791
        0.24       0.016    0.324656   0.0606789
         0.4       1.043    0.667219   0.0919082
        0.56       1.838     1.32656    0.166686
        0.72       1.076     1.79756    0.188652
        0.88       2.618     2.63584    0.193713
        1.04       2.937     3.27084    0.167845
         1.2       3.637     4.01091    0.195004
        1.36       5.057      5.6625    0.279668
        1.52       6.221     5.88622    0.246887
        1.68       4.301     6.34216    0.302015
        1.84       5.725     6.66016    0.282322
           2       8.528     6.88831    0.264856
        2.16       11.31     6.83391    0.292006
        2.32       7.936     6.94169    0.290908
        2.48       4.459      6.5895     0.24487
        2.64        5.67     6.65144    0.261389
         2.8       5.518     5.77716     0.30291
        2.96       4.735     5.22384    0.235041
        3.12       2.577     4.13369    0.197458
        3.28        2.95     3.53453    0.166059
        3.44       3.736       3.038    0.173624
         3.6       6.571     2.91128    0.228036
        3.76       2.384     1.94616    0.145219
        3.92       1.054     1.85422    0.131361
        4.08       0.818     1.26294    0.115727
        4.24       1.053     1.26381    0.142711
         4.4        1.16     1.06181    0.130789
        4.56       0.081    0.932094     0.13754
        4.72       0.868    0.716406   0.0921113
        4.88       0.883    0.579781   0.0945839
        5.04       0.605    0.405812   0.0701002
         5.2       0.198    0.261188   0.0527145
        5.36       0.437    0.158156   0.0326798
        5.52           0    0.185562   0.0460113
        5.68           0   0.0527188   0.0196821
        5.84           0   0.0148125   0.0131617
           6           0   0.0480312   0.0293994
        6.16           0   0.0498437   0.0306946
        6.32           0   0.0629062   0.0386456
        6.48           0    0.014125   0.0134342
        6.64           0  0.00509375  0.00409348
         6.8           0           0           0
        6.96           0           0           0
        7.12           0           0           0
        7.28           0           0           0
        7.44           0           0           0
         7.6           0           0           0
        7.76           0           0           0
        7.92           0           0           0
        0.08           0   0.0160606  0.00746279
        0.24           0    0.314818   0.0596324
         0.4        0.61    0.665485   0.0891394
        0.56       1.096     1.31958    0.161781
        0.72       2.596     1.82176     0.18448
        0.88       3.249     2.65442    0.188732
        1.04       2.031     3.23327    0.166911
         1.2       4.218     4.01718    0.189196
        1.36       4.085      5.6147    0.275248
        1.52       3.856      5.8247    0.246952
        1.68       7.082     6.36458    0.293694
        1.84       8.305        6.71    0.278132
           2       7.617     6.91039    0.257749
        2.16       5.444     6.79179    0.286179
        2.32       10.64     7.05376    0.302911
        2.48       5.139     6.54555    0.241362
        2.64       7.839     6.68742    0.255934
         2.8       4.481     5.73788    0.296266
        2.96       4.976     5.21633    0.228039
        3.12       3.116     4.10285    0.193867
        3.28       3.722     3.54021    0.161125
        3.44       4.465     3.08124    0.173664
         3.6       2.921     2.91158    0.221126
        3.76         2.4     1.95991    0.141468
        3.92       0.731     1.82018    0.131717
        4.08        2.03     1.28618    0.114531
        4.24       0.987     1.25542    0.138632
         4.4       1.391     1.07179    0.127206
        4.56       0.433     0.91697    0.134201
        4.72       0.972    0.724152   0.0896451
        4.88       0.438    0.575485   0.0918152
        5.04       0.548    0.410121   0.0681082
         5.2       0.153    0.257909   0.0512189
        5.36       0.012    0.153727   0.0319882
        5.52       0.003     0.18003   0.0449484
        5.68       0.003   0.0512121   0.0191432
        5.84       0.003   0.0144545   0.0127678
           6       0.004    0.046697   0.0285388
        6.16       0.003   0.0484242   0.0297973
        6.32       0.005   0.0611515   0.0375143
        6.48       0.006   0.0138788   0.0130294
        6.64       0.338   0.0151818   0.0106977
         6.8       0.052  0.00157576   0.0015517
        6.96           0           0           0
        7.12           0           0           0
        7.28           0           0           0
        7.44           0           0           0
         7.6           0           0           0
        7.76           0           0           0
        7.92           0           0           0
        0.08       0.102   0.0185882  0.00765939
        0.24       0.332    0.315324   0.0578806
         0.4        0.62    0.664147   0.0865277
        0.56       0.778     1.30365    0.157805
        0.72       1.833     1.82209    0.179055
        0.88       3.141     2.66874    0.183723
        1.04       3.616     3.24453    0.162381
         1.2       3.352     3.99762     0.18464
        1.36       3.138     5.54185    0.276623
        1.52       5.865     5.82588    0.239692
        1.68       7.863     6.40865    0.288344
        1.84        7.18     6.72382    0.270295
           2       8.583     6.95959    0.254819
        2.16       7.328     6.80756    0.278196
        2.32       8.048       7.083     0.29541
        2.48       7.499     6.57359    0.235887
        2.64       4.898     6.63479     0.25376
         2.8       6.894     5.77188    0.289498
        2.96        3.95     5.17909    0.224352
        3.12       3.582     4.08753     0.18877
        3.28       3.304     3.53326    0.156535
        3.44        4.94     3.13591    0.176952
         3.6       1.544     2.87135     0.21825
        3.76       1.727     1.95306    0.137473
        3.92        1.25     1.80341    0.128906
        4.08       0.873     1.27403    0.111805
        4.24       1.472     1.26179    0.134701
         4.4       0.613     1.05829    0.124178
        4.56       0.964    0.918353    0.130261
        4.72       0.212    0.709088    0.088265
        4.88       0.019    0.559118   0.0905619
        5.04       0.542       0.414   0.0662154
         5.2       0.092    0.253029   0.0499444
        5.36       0.114    0.152559   0.0310687
        5.52       0.045    0.176059   0.0438015
        5.68       0.461   0.0632647   0.0220503
        5.84       0.074   0.0162059   0.0125118
           6       0.013   0.0457059   0.0277166
        6.16       0.013   0.0473824   0.0289391
        6.32       0.018   0.0598824   0.0364324
        6.48       0.216   0.0198235   0.0139365
        6.64       0.892   0.0409706   0.0274465
         6.8           0  0.00152941  0.00150675
        6.96           0           0           0
        7.12           0           0           0
        7.28           0           0           0
        7.44           0           0           0
         7.6           0           0           0
        7.76           0           0           0
        7.92           0           0           0
        0.08       0.026      0.0188  0.00744348
        0.24       0.205    0.312171   0.0563127
         0.4       0.338    0.654829   0.0845558
        0.56       0.643     1.28477    0.154421
        0.72       1.802     1.82151     0.17394
        0.88       2.395     2.66091     0.17864
        1.04       2.657     3.22774    0.158607
         1.2       4.939     4.02451    0.181313
        1.36       3.843     5.49331    0.272945
        1.52       6.459     5.84397    0.233525
        1.68       5.392      6.3796    0.281565
        1.84       6.337     6.71277    0.262798
           2       5.207     6.90951    0.252411
        2.16       9.186     6.87551    0.278424
        2.32       9.399     7.14917    0.294288
        2.48       5.881      6.5538    0.229976
        2.64       7.305     6.65394    0.247231
         2.8       6.529     5.79351    0.282033
        2.96       6.485      5.2164    0.221023
        3.12       3.168     4.06126    0.185196
        3.28       3.506     3.53249    0.152065
        3.44       3.159     3.13657    0.171898
         3.6       2.627     2.86437    0.212126
        3.76       1.933     1.95249    0.133546
        3.92       1.249     1.78757    0.126192
        4.08       0.708     1.25786    0.109774
        4.24       2.633     1.30097    0.136431
         4.4       0.516      1.0428    0.121593
        4.56       0.922    0.918457    0.126539
        4.72       0.432    0.701171   0.0860974
        4.88       0.119    0.546543   0.0888431
        5.04       0.936    0.428914   0.0659818
         5.2       0.553      0.2616   0.0492473
        5.36       0.098       0.151   0.0302201
        5.52       0.217    0.177229   0.0425656
        5.68       0.019       0.062   0.0214565
        5.84       0.005   0.0158857   0.0121584
           6       0.004   0.0445143   0.0269503
        6.16       0.005   0.0461714   0.0281376
        6.32       0.007   0.0583714   0.0354228
        6.48       0.109   0.0223714   0.0137692
        6.64       0.047   0.0411429   0.0266628
         6.8           0  0.00148571  0.00146434
        6.96           0           0           0
        7.12           0           0           0
        7.28           0           0           0
        7.44           0           0           0
         7.6           0           0           0
        7.76           0           0           0
        7.92           0           0           0
        0.08           0   0.0182778  0.00725501
        0.24       0.556    0.318944   0.0551542
         0.4        0.48    0.649972   0.0823464
        0.56       0.827     1.27206    0.150654
        0.72       1.384     1.80936    0.169532
        0.88        1.71      2.6345     0.17562
        1.04       3.343     3.23094    0.154233
         1.2       3.381     4.00664    0.177156
        1.36       5.654     5.49778      0.2654
        1.52       7.508     5.89019    0.231568
        1.68       4.329     6.32264    0.279446
        1.84       7.641     6.73856     0.25676
           2       9.432     6.97958    0.254939
        2.16       7.002     6.87903    0.270712
        2.32       6.205     7.12294    0.287279
        2.48       5.145     6.51467    0.226893
        2.64       8.272     6.69889    0.244415
         2.8       6.486     5.81275    0.274854
        2.96       6.521     5.25264    0.217834
        3.12       3.703     4.05131    0.180318
        3.28       2.923     3.51556     0.14878
        3.44       1.688     3.09633    0.171768
         3.6       2.186     2.84553    0.207069
        3.76       1.558     1.94153    0.130285
        3.92       1.855     1.78944    0.122701
        4.08       1.258     1.25786    0.106725
        4.24       2.128     1.32394    0.134561
         4.4       0.762       1.035    0.118465
        4.56       0.799    0.915139    0.123068
        4.72       1.038    0.710528   0.0842127
        4.88       0.283    0.539222   0.0866763
        5.04       1.243    0.451528   0.0679136
         5.2       0.551    0.269639    0.048531
        5.36       0.149    0.150944   0.0293807
        5.52           0    0.172306    0.041667
        5.68           0   0.0602778   0.0209295
        5.84           0   0.0154444   0.0118287
           6           0   0.0432778     0.02623
        6.16           0   0.0448889   0.0273852
        6.32           0     0.05675    0.034476
        6.48           0     0.02175   0.0134008
        6.64           0        0.04   0.0259467
         6.8           0  0.00144444  0.00142424
        6.96           0           0           0
        7.12           0           0           0
        7.28           0           0           0
        7.44           0           0           0
         7.6           0           0           0
        7.76           0           0           0
        7.92           0           0           0
        0.08       0.007    0.017973  0.00706533
        0.24       0.043    0.311486   0.0541655
         0.4       1.263    0.666541   0.0817706
        0.56       1.385     1.27511    0.146613
        0.72       1.471     1.80022    0.165197
        0.88       3.594     2.66043    0.172777
        1.04        3.31     3.23308     0.15008
         1.2       4.272     4.01381    0.172513
        1.36       2.736     5.42314    0.268518
        1.52       5.045     5.86735    0.226433
        1.68       5.151     6.29097    0.273682
        1.84       6.286     6.72632    0.250112
           2       9.088     7.03657    0.254338
        2.16       7.713     6.90157    0.264332
        2.32       5.757     7.08603    0.281877
        2.48        6.23     6.50697    0.220891
        2.64       7.576     6.72259    0.238956
         2.8       7.803     5.86654    0.272638
        2.96       5.881     5.26962    0.212608
        3.12       5.749     4.09719    0.181189
        3.28       2.934     3.49984    0.145587
        3.44       1.598     3.05584    0.171833
         3.6       1.234     2.80197    0.206002
        3.76       3.183     1.97508    0.131014
        3.92       0.667     1.75911    0.123078
        4.08       2.788     1.29922    0.111565
        4.24       2.453     1.35446     0.13434
         4.4       0.236     1.01341    0.117215
        4.56       0.549    0.905243    0.120139
        4.72       0.867    0.714757   0.0820428
        4.88       1.031    0.552514   0.0853467
        5.04        0.01    0.439595   0.0671183
         5.2        0.09    0.264784   0.0474616
        5.36           0    0.146865   0.0288685
        5.52           0    0.167649   0.0408003
        5.68           0   0.0586486   0.0204271
        5.84           0    0.015027   0.0115163
           6           0   0.0421081   0.0255472
        6.16           0   0.0436757   0.0266719
        6.32           0   0.0552162   0.0335783
        6.48           0   0.0211622   0.0130515
        6.64           0   0.0389189   0.0252679
         6.8           0  0.00140541  0.00138628
        6.96           0           0           0
        7.12           0           0           0
        7.28           0           0           0
        7.44           0           0           0
         7.6           0           0           0
        7.76           0           0           0
        7.92           0           0           0
        0.08           0      0.0175  0.00689521
        0.24       0.007    0.303474   0.0533294
         0.4       0.911    0.672974   0.0798714
        0.56       2.965     1.31958    0.149347
        0.72       2.295     1.81324    0.161362
        0.88       3.329     2.67803    0.169124
        1.04       2.993     3.22676    0.146263
         1.2       4.406     4.02413    0.168281
        1.36       2.693     5.35129    0.270893
        1.52       4.317     5.82655     0.22412
        1.68       4.237     6.23692    0.271765
        1.84       6.948     6.73216    0.243598
           2       8.103     7.06463    0.249188
        2.16       8.576     6.94563    0.261023
        2.32       4.242     7.01118    0.284222
        2.48       5.826     6.48905    0.215803
        2.64       7.767     6.75008    0.234243
         2.8       5.606     5.85968     0.26555
        2.96       5.312     5.27074    0.207016
        3.12       7.072     4.17547    0.192591
        3.28       5.744     3.55889    0.153267
        3.44       3.176       3.059     0.16734
         3.6       0.929     2.75268    0.206393
        3.76       2.073     1.97766    0.127591
        3.92        2.47     1.77782    0.121252
        4.08       2.043     1.31879    0.110333
        4.24       1.449     1.35695    0.130828
         4.4       0.748     1.00642    0.114339
        4.56       0.897    0.905026    0.116978
        4.72       0.536    0.710053   0.0800185
        4.88       0.004    0.538079   0.0843126
        5.04       0.004    0.428132   0.0663237
         5.2       0.006    0.257974   0.0466986
        5.36       0.186    0.147895   0.0281272
        5.52       0.057    0.164737   0.0398303
        5.68       0.073   0.0590263   0.0198931
        5.84           0   0.0146316   0.0112201
           6           0       0.041   0.0248989
        6.16           0   0.0425263   0.0259948
        6.32           0   0.0537632   0.0327261
        6.48           0   0.0206053   0.0127199
        6.64           0   0.0378947   0.0246237
         6.8           0  0.00136842   0.0013503
        6.96           0           0           0
        7.12           0           0           0
        7.28           0           0           0
        7.44           0           0           0
         7.6           0           0           0
        7.76           0           0           0
        7.92           0           0           0
        0.08       0.011   0.0173333  0.00672043
        0.24        0.12    0.298769   0.0521691
         0.4       2.066    0.708692   0.0854376
        0.56       1.383     1.32121    0.145527
        0.72        1.79     1.81264    0.157225
        0.88       2.976     2.68567     0.16496
        1.04       4.395     3.25672    0.145548
         1.2       4.867     4.04574    0.165348
        1.36       2.668     5.28249    0.272545
        1.52       4.387     5.78964    0.221392
        1.68       6.048     6.23208    0.264839
        1.84       5.126     6.69097    0.240808
           2       6.814     7.05821    0.242882
        2.16       7.304     6.95482    0.254492
        2.32       6.517     6.99851    0.277216
        2.48       7.477     6.51438    0.211752
        2.64       4.084     6.68172    0.238003
         2.8       6.135     5.86674    0.258835
        2.96       6.826     5.31062    0.205513
        3.12       6.788     4.24246    0.198962
        3.28       4.995     3.59572    0.153696
        3.44       4.316     3.09123    0.166124
         3.6       1.351     2.71674    0.204206
        3.76        0.62     1.94285    0.128981
        3.92       2.663     1.80051    0.120249
        4.08       2.317     1.34438    0.110433
        4.24       1.125       1.351    0.127608
         4.4       1.088     1.00851    0.111426
        4.56       0.671    0.899026    0.114132
        4.72       0.145    0.695564   0.0792676
        4.88       0.441     0.53559   0.0821874
        5.04       0.398    0.427359   0.0646275
         5.2       0.069    0.253128   0.0457519
        5.36       0.007    0.144282    0.027637
        5.52       0.012    0.160821   0.0390011
        5.68           0   0.0575128   0.0194405
        5.84           0   0.0142564   0.0109386
           6           0   0.0399487   0.0242827
        6.16           0   0.0414359   0.0253511
        6.32           0   0.0523846    0.031916
        6.48           0   0.0200769   0.0124047
        6.64           0   0.0369231   0.0240115
         6.8           0  0.00133333  0.00131613
        6.96           0           0           0
        7.12           0           0           0
        7.28           0           0           0
        7.44           0           0           0
         7.6           0           0           0
        7.76           0           0           0
        7.92           0           0           0
        0.08           0      0.0169  0.00656637
        0.24       0.009    0.291525   0.0513654
         0.4       1.421      0.7265   0.0851373
        0.56       1.803     1.33325    0.142386
        0.72       3.015      1.8427    0.156142
        0.88       3.019       2.694    0.161046
        1.04       3.069     3.25202    0.141985
         1.2       4.577     4.05902    0.161747
        1.36       3.404     5.23552    0.269747
        1.52       3.597     5.73483     0.22254
        1.68       5.166     6.20543    0.259556
        1.84       7.175     6.70308    0.235091
           2       6.005     7.03187    0.238233
        2.16       7.308     6.96365    0.248283
        2.32       9.304     7.05615    0.276213
        2.48       8.537     6.56495    0.212409
        2.64       5.653       6.656    0.233438
         2.8       4.196     5.82497    0.255712
        2.96       4.776     5.29725    0.200809
        3.12       3.287     4.21858    0.195417
        3.28        3.67     3.59757    0.149865
        3.44       6.259     3.17043     0.17986
         3.6       3.051      2.7251    0.199272
        3.76       3.349       1.978    0.130459
        3.92       1.963     1.80457    0.117311
        4.08        0.36     1.31977     0.11038
        4.24       0.174     1.32157    0.127766
         4.4       1.031     1.00907    0.108642
        4.56       0.268     0.88325    0.112364
        4.72       0.613      0.6935   0.0773128
        4.88       1.372      0.5565     0.08275
        5.04       0.515     0.42955    0.063049
         5.2       0.054     0.24815   0.0448781
        5.36           0    0.140675   0.0271804
        5.52           0      0.1568   0.0382327
        5.68           0    0.056075   0.0190076
        5.84           0      0.0139    0.010671
           6           0     0.03895   0.0236961
        6.16           0      0.0404   0.0247385
        6.32           0    0.051075   0.0311449
        6.48           0    0.019575   0.0121047
        6.64           0       0.036    0.023429
         6.8           0      0.0013  0.00128365
        6.96           0           0           0
        7.12           0           0           0
        7.28           0           0           0
        7.44           0           0           0
         7.6           0           0           0
        7.76           0           0           0
        7.92           0           0           0
        0.08           0   0.0164878  0.00641914
        0.24       0.258    0.290707   0.0501191
         0.4       0.984     0.73278   0.0832921
        0.56       2.659     1.36559    0.142538
        0.72       2.713     1.86393    0.153769
        0.88       1.896     2.67454     0.15829
        1.04        2.67     3.23783     0.13923
         1.2       3.515     4.04576    0.158346
        1.36       3.815     5.20088    0.265383
        1.52       3.695     5.68507    0.222604
        1.68       2.241     6.10873    0.270638
        1.84       5.646     6.67729    0.230767
           2       8.864     7.07656    0.236576
        2.16       9.374     7.02244     0.24909
        2.32       8.777     7.09812    0.272646
        2.48       6.776      6.5701    0.207291
        2.64       7.431      6.6749    0.228509
         2.8       6.205     5.83424    0.249643
        2.96       5.154     5.29376    0.195942
        3.12       5.334     4.24578    0.192535
        3.28       2.877        3.58    0.147237
        3.44        4.55     3.20407    0.178593
         3.6       2.061      2.7089    0.195069
        3.76       2.938     2.00141    0.129362
        3.92       1.909     1.80712    0.114477
        4.08       1.777     1.33093     0.10825
        4.24       0.398     1.29905     0.12662
         4.4       0.223    0.989902     0.10767
        4.56       0.842    0.882244    0.109628
        4.72       1.047    0.702122   0.0759063
        4.88       1.124    0.570341   0.0818812
        5.04       0.247    0.425098   0.0616682
         5.2           0    0.242098   0.0441898
        5.36           0    0.137244   0.0267332
        5.52           0    0.152976    0.037491
        5.68           0   0.0547073   0.0185931
        5.84           0    0.013561   0.0104161
           6           0       0.038   0.0231372
        6.16           0   0.0394146   0.0241547
        6.32           0   0.0498293   0.0304102
        6.48           0   0.0190976   0.0118189
        6.64           0    0.035122    0.022874
         6.8           0  0.00126829  0.00125273
        6.96           0           0           0
        7.12           0           0           0
        7.28           0           0           0
        7.44           0           0           0
         7.6           0           0           0
        7.76           0           0           0
        7.92           0           0           0
        0.08           0   0.0160952   0.0062783
        0.24           0    0.283786   0.0494014
         0.4       0.966    0.738333   0.0814938
        0.56       2.348     1.38898     0.14105
        0.72       0.762     1.83769     0.15233
        0.88       0.967     2.63388    0.159657
        1.04       2.108     3.21093    0.138489
         1.2       4.841     4.06469    0.155703
        1.36       8.155     5.27121    0.268223
        1.52        6.26     5.69876    0.217724
        1.68       4.663     6.07431    0.266374
        1.84       3.021     6.59024    0.241134
           2       6.937     7.07324    0.230967
        2.16        7.32     7.02952     0.24326
        2.32       9.339     7.15148    0.271325
        2.48       7.819     6.59983    0.204477
        2.64       6.977      6.6821    0.223181
         2.8       4.913     5.81231    0.244661
        2.96       3.444     5.24971    0.196164
        3.12       3.982      4.2395    0.188053
        3.28       4.974     3.61319    0.147425
        3.44       4.115     3.22576    0.175652
         3.6       2.588     2.70602    0.190446
        3.76       3.209     2.03017    0.129437
        3.92       1.904     1.80943    0.111775
        4.08        1.54      1.3359    0.105787
        4.24       0.419      1.2781    0.125327
         4.4       1.258    0.996286    0.105296
        4.56       1.325    0.892786    0.107523
        4.72       1.148    0.712738   0.0748377
        4.88       0.668    0.572667   0.0799646
        5.04        0.03     0.41569   0.0609132
         5.2           0    0.236333    0.043512
        5.36           0    0.133976   0.0262956
        5.52           0    0.149333   0.0367749
        5.68           0   0.0534048    0.018196
        5.84           0   0.0132381   0.0101731
           6           0   0.0370952    0.022604
        6.16           0   0.0384762   0.0235979
        6.32           0   0.0486429   0.0297093
        6.48           0   0.0186429   0.0115463
        6.64           0   0.0342857   0.0223446
         6.8           0   0.0012381  0.00122327
        6.96           0           0           0
        7.12           0           0           0
        7.28           0           0           0
        7.44           0           0           0
         7.6           0           0           0
        7.76           0           0           0
        7.92           0           0           0
        0.08           0   0.0157209  0.00614344
        0.24       0.008    0.277372   0.0486671
         0.4       0.237    0.726674   0.0804283
        0.56       1.291      1.3867    0.137788
        0.72       1.611     1.83242    0.148879
        0.88       1.434     2.60598    0.158364
        1.04       2.827       3.202    0.135556
         1.2        3.97     4.06249    0.152098
        1.36       5.233     5.27033    0.261987
        1.52       4.658     5.67456    0.214002
        1.68       5.991     6.07237    0.260186
        1.84       7.148     6.60321    0.235875
           2        8.39     7.10386    0.227616
        2.16       7.672     7.04447    0.238061
        2.32      10.507     7.22951    0.276009
        2.48         6.1     6.58821    0.200052
        2.64       6.749     6.68365    0.217996
         2.8       4.751     5.78763    0.240213
        2.96       2.524     5.18633    0.201584
        3.12       2.423     4.19726    0.188365
        3.28       5.685     3.66137    0.151665
        3.44       4.854     3.26363    0.175602
         3.6       2.644     2.70458    0.186022
        3.76       2.231     2.03484    0.126511
        3.92       2.366     1.82237    0.109922
        4.08       2.102     1.35372    0.104816
        4.24       0.931     1.27002    0.122672
         4.4       1.623     1.01086    0.103851
        4.56       0.652    0.887186    0.105168
        4.72       1.226    0.724674   0.0740431
        4.88       0.162    0.563116   0.0786732
        5.04           0    0.406023   0.0602588
         5.2           0    0.230837   0.0428458
        5.36           0     0.13086    0.025868
        5.52           0     0.14586   0.0360833
        5.68           0   0.0521628   0.0178152
        5.84           0   0.0129302  0.00994117
           6           0   0.0362326   0.0220948
        6.16           0   0.0375814    0.023066
        6.32           0   0.0475116   0.0290399
        6.48           0   0.0182093   0.0112859
        6.64           0   0.0334884   0.0218392
         6.8           0   0.0012093  0.00119516
        6.96           0           0           0
        7.12           0           0           0
        7.28           0           0           0
        7.44           0           0           0
         7.6           0           0           0
        7.76           0           0           0
        7.92           0           0           0
        0.08           0   0.0153636   0.0060142
        0.24       0.151      0.2745   0.0476457
         0.4        1.21    0.737659    0.079347
        0.56       0.979     1.37743    0.134968
        0.72       0.697     1.80661    0.147715
        0.88       1.896     2.58984    0.155584
        1.04       4.413     3.22952     0.13524
         1.2       3.168     4.04216    0.149994
        1.36       3.635     5.23316    0.258656
        1.52       3.244     5.61932     0.21615
        1.68       8.512     6.12782    0.260114
        1.84       9.406     6.66691    0.238961
           2       9.814     7.16545    0.230626
        2.16       7.365     7.05175    0.232762
        2.32       8.967       7.269    0.272546
        2.48       5.723     6.56855     0.19647
        2.64       3.853     6.61932    0.222332
         2.8       3.354     5.73232    0.241037
        2.96       3.056     5.13791    0.202733
        3.12       3.918     4.19091    0.184191
        3.28        5.35     3.69975    0.152997
        3.44       4.274     3.28659    0.173106
         3.6       4.225     2.73914    0.184976
        3.76       2.769     2.05152    0.124732
        3.92       3.041     1.85007    0.110858
        4.08       1.112     1.34823    0.102578
        4.24       1.304      1.2708    0.119886
         4.4       0.364    0.996159    0.102526
        4.56       0.317    0.874227    0.103573
        4.72           1    0.730932   0.0726242
        4.88       0.771    0.567841   0.0770269
        5.04       0.087    0.398773   0.0593239
         5.2       0.025    0.226159   0.0421266
        5.36           0    0.127886   0.0254505
        5.52           0    0.142545   0.0354151
        5.68           0   0.0509773   0.0174497
        5.84           0   0.0126364  0.00971957
           6           0   0.0354091    0.021608
        6.16           0   0.0367273   0.0225576
        6.32           0   0.0464318      0.0284
        6.48           0   0.0177955    0.011037
        6.64           0   0.0327273   0.0213561
         6.8           0  0.00118182  0.00116831
        6.96           0           0           0
        7.12           0           0           0
        7.28           0           0           0
        7.44           0           0           0
         7.6           0           0           0
        7.76           0           0           0
        7.92           0           0           0
        0.08       0.016   0.0153778  0.00588056
        0.24       0.018      0.2688   0.0469266
         0.4       2.125    0.768489   0.0833582
        0.56       0.359      1.3548    0.133853
        0.72       2.742      1.8274    0.145887
        0.88       2.381      2.5852    0.152196
        1.04       3.043     3.22538    0.132298
         1.2       2.502     4.00793    0.150515
        1.36       6.483     5.26093    0.254395
        1.52       5.208     5.61018     0.21154
        1.68        4.07     6.08209    0.258322
        1.84       6.192     6.65636    0.233884
           2       5.525       7.129    0.228364
        2.16      10.294      7.1238     0.23848
        2.32      11.201     7.35638    0.280146
        2.48       5.114     6.53622    0.194744
        2.64       3.962     6.56027    0.225097
         2.8       4.034     5.69458    0.238617
        2.96       5.437     5.14456    0.198337
        3.12       2.988     4.16418    0.182027
        3.28       5.074     3.73029    0.152615
        3.44       4.012     3.30271    0.170008
         3.6       2.759     2.73958    0.180866
        3.76       3.042     2.07353    0.123887
        3.92       3.255     1.88129    0.112706
        4.08       1.307     1.34731    0.100303
        4.24       1.051     1.26591    0.117321
         4.4       0.983    0.995867    0.100248
        4.56       0.831    0.873267    0.101276
        4.72       0.802    0.732511   0.0710275
        4.88       0.222    0.560156   0.0756977
        5.04       0.908    0.410089   0.0590751
         5.2        0.06    0.222467    0.041352
        5.36           0    0.125044   0.0250431
        5.52           0    0.139378   0.0347695
        5.68           0   0.0498444   0.0170986
        5.84           0   0.0123556  0.00950764
           6           0   0.0346222   0.0211421
        6.16           0   0.0359111   0.0220711
        6.32           0      0.0454   0.0277876
        6.48           0      0.0174   0.0107988
        6.64           0       0.032   0.0208939
         6.8           0  0.00115556  0.00114264
        6.96           0           0           0
        7.12           0           0           0
        7.28           0           0           0
        7.44           0           0           0
         7.6           0           0           0
        7.76           0           0           0
        7.92           0           0           0
        0.08           0   0.0150435  0.00576222
        0.24       0.635    0.276761   0.0465768
         0.4       2.228    0.800217    0.087376
        0.56       0.206     1.32983    0.133252
        0.72       1.034     1.81015    0.143732
        0.88       1.364     2.55865    0.151185
        1.04       3.748     3.23674    0.129909
         1.2       2.945     3.98483    0.149006
        1.36       7.999     5.32046    0.255733
        1.52       6.551     5.63063    0.207928
        1.68       8.312     6.13057    0.257214
        1.84       4.418      6.6077    0.233806
           2       4.271     7.06687    0.231698
        2.16       8.881       7.162    0.236336
        2.32       6.877     7.34596     0.27425
        2.48       4.579     6.49367    0.195103
        2.64       6.549     6.56002    0.220203
         2.8       4.809     5.67533    0.234205
        2.96       6.223       5.168    0.195406
        3.12       3.031     4.13954    0.179729
        3.28       3.029     3.71504    0.150056
        3.44       4.104     3.32013    0.167202
         3.6       2.732     2.73941    0.176934
        3.76       3.922     2.11372    0.127544
        3.92       3.874     1.92461    0.118288
        4.08       0.901     1.33761   0.0985902
        4.24       1.526     1.27157    0.114907
         4.4       1.448      1.0057   0.0985494
        4.56         0.6    0.867326   0.0992486
        4.72       0.187    0.720652   0.0704665
        4.88       0.333    0.555217    0.074213
        5.04       0.632    0.414913   0.0579874
         5.2       0.052    0.218761   0.0406187
        5.36           0    0.122326   0.0246458
        5.52           0    0.136348   0.0341454
        5.68           0   0.0487609   0.0167612
        5.84           0    0.012087  0.00930475
           6           0   0.0338696   0.0206959
        6.16           0   0.0351304   0.0216051
        6.32           0    0.044413    0.027201
        6.48           0   0.0170217   0.0105707
        6.64           0   0.0313043   0.0204513
         6.8           0  0.00113043  0.00111808
        6.96           0           0           0
        7.12           0           0           0
        7.28           0           0           0
        7.44           0           0           0
         7.6           0           0           0
        7.76           0           0           0
        7.92           0           0           0
        0.08           0   0.0147234   0.0056485
        0.24           0    0.270872   0.0459566
         0.4       1.364    0.812213   0.0863364
        0.56       2.215     1.34866    0.131741
        0.72       2.871     1.83272    0.142435
        0.88       1.414      2.5343    0.149917
        1.04       4.461     3.26279     0.12973
         1.2       4.001     3.98517    0.145836
        1.36       6.815     5.35226    0.252261
        1.52        4.83      5.6136      0.2042
        1.68       5.169     6.11011    0.252554
        1.84       6.218      6.5994    0.228979
           2       6.275     7.05002     0.22738
        2.16       5.337     7.12317    0.234475
        2.32       7.585     7.35104    0.268462
        2.48       5.074     6.46347    0.193276
        2.64       5.176     6.53057    0.217478
         2.8       6.996     5.70343    0.230901
        2.96       6.739     5.20143    0.194086
        3.12       3.283     4.12132    0.176827
        3.28       4.187     3.72509    0.147199
        3.44       2.928     3.31179    0.163852
         3.6       2.185     2.72762    0.173562
        3.76       3.607     2.14549    0.128727
        3.92       3.184      1.9514    0.118768
        4.08        1.77     1.34681   0.0969208
        4.24       1.511     1.27666    0.112575
         4.4       0.721    0.999638   0.0966386
        4.56       0.084     0.85066   0.0985264
        4.72        0.05    0.706383   0.0703971
        4.88        0.95    0.563617   0.0731078
        5.04       0.756     0.42217    0.057206
         5.2       0.244    0.219298   0.0397581
        5.36           0    0.119723   0.0242585
        5.52           0    0.133447   0.0335419
        5.68           0   0.0477234   0.0164367
        5.84           0   0.0118298  0.00911033
           6           0   0.0331489   0.0202681
        6.16           0    0.034383   0.0211583
        6.32           0   0.0434681   0.0266387
        6.48           0   0.0166596   0.0103519
        6.64           0   0.0306383    0.020027
         6.8           0  0.00110638  0.00109455
        6.96           0           0           0
        7.12           0           0           0
        7.28           0           0           0
        7.44           0           0           0
         7.6           0           0           0
        7.76           0           0           0
        7.92           0           0           0
        0.08       0.131   0.0171458  0.00602793
        0.24       0.175    0.268875   0.0450425
         0.4       1.101    0.818229   0.0847471
        0.56       1.748     1.35698    0.129259
        0.72       3.184     1.86088    0.142222
        0.88       4.217     2.56935    0.150837
        1.04       3.403     3.26571    0.127061
         1.2       3.141     3.96758    0.143854
        1.36       3.985     5.32377    0.248609
        1.52       4.582      5.5921    0.201074
        1.68       4.883     6.08454    0.248583
        1.84       8.442     6.63779    0.227403
           2       5.268      7.0129    0.225653
        2.16       4.528      7.0691    0.235741
        2.32       6.249     7.32808    0.263849
        2.48       5.181     6.43675    0.191088
        2.64       5.585     6.51087    0.213838
         2.8       8.903     5.77008    0.235516
        2.96       6.757     5.23383    0.192729
        3.12         5.2     4.14379    0.174565
        3.28       2.089       3.691    0.148026
        3.44       3.167     3.30877    0.160467
         3.6       2.383     2.72044    0.170095
        3.76        3.48     2.17329    0.129013
        3.92       1.694     1.94604    0.116414
        4.08       3.546     1.39263    0.105175
        4.24       2.999     1.31254    0.115807
         4.4       0.407    0.987292   0.0954108
        4.56       0.287    0.838917    0.097171
        4.72       1.101    0.714604   0.0694089
        4.88       0.154    0.555083    0.072081
        5.04       0.014    0.413667   0.0566427
         5.2       0.016    0.215063   0.0391547
        5.36           0    0.117229    0.023881
        5.52           0    0.130667   0.0329582
        5.68           0   0.0467292   0.0161243
        5.84           0   0.0115833  0.00892386
           6           0   0.0324583   0.0198576
        6.16           0   0.0336667   0.0207296
        6.32           0   0.0425625   0.0260991
        6.48           0   0.0163125   0.0101421
        6.64           0        0.03   0.0196199
         6.8           0  0.00108333  0.00107199
        6.96           0           0           0
        7.12           0           0           0
        7.28           0           0           0
        7.44           0           0           0
         7.6           0           0           0
        7.76           0           0           0
        7.92           0           0           0
        0.08           0   0.0167959  0.00591506
        0.24       0.024    0.263878   0.0443997
         0.4       0.326    0.808184   0.0836108
        0.56       0.468     1.33884    0.127888
        0.72       2.787     1.87978     0.14057
        0.88       4.055     2.59967    0.150775
        1.04       3.713     3.27484    0.124795
         1.2       5.041     3.98949    0.142576
        1.36       5.627     5.32996    0.243612
        1.52        5.82     5.59676    0.197024
        1.68       5.236     6.06722    0.244112
        1.84       7.221     6.64969    0.223074
           2       8.788     7.04912    0.223937
        2.16       7.216      7.0721    0.230949
        2.32       4.945     7.27945    0.262908
        2.48       5.445     6.41651    0.188257
        2.64       4.773     6.47541    0.212395
         2.8       3.324     5.72016    0.235941
        2.96       3.819     5.20496    0.190947
        3.12       3.349     4.12757    0.171754
        3.28       4.214     3.70167     0.14539
        3.44       4.924     3.34173    0.160542
         3.6       2.718     2.72039    0.166624
        3.76       1.135      2.1521    0.128108
        3.92       1.149     1.92978    0.115169
        4.08       4.164     1.44918    0.117254
        4.24       3.328     1.35367    0.120527
         4.4       2.072     1.00943   0.0959973
        4.56       0.994    0.842082   0.0952395
        4.72       0.281    0.705755   0.0685542
        4.88       1.044    0.565061   0.0712972
        5.04           0    0.405224   0.0561123
         5.2           0    0.210673   0.0386008
        5.36           0    0.114837   0.0235131
        5.52           0       0.128   0.0323932
        5.68           0   0.0457755   0.0158234
        5.84           0   0.0113469  0.00874487
           6           0   0.0317959   0.0194634
        6.16           0   0.0329796    0.020318
        6.32           0   0.0416939   0.0255809
        6.48           0   0.0159796  0.00994058
        6.64           0   0.0293878   0.0192291
         6.8           0  0.00106122  0.00105034
        6.96           0           0           0
        7.12           0           0           0
        7.28           0           0           0
        7.44           0           0           0
         7.6           0           0           0
        7.76           0           0           0
        7.92           0           0           0
        0.08           0     0.01646  0.00580629
        0.24        0.11      0.2608   0.0436182
         0.4       0.159      0.7952   0.0829406
        0.56       0.749     1.32704    0.125873
        0.72       2.254     1.88726    0.137958
        0.88       2.178     2.59124    0.147995
        1.04       4.437     3.29808    0.124445
         1.2       3.771     3.98512    0.139792
        1.36       4.731     5.31798    0.239034
        1.52       4.638     5.57758    0.194014
        1.68       6.853     6.08294    0.239735
        1.84       7.144     6.65958    0.218831
           2       7.082     7.04978    0.219459
        2.16       7.808     7.08682    0.226799
        2.32       7.677      7.2874     0.25777
        2.48       5.302     6.39422    0.185806
        2.64       4.493     6.43576    0.211815
         2.8        4.11     5.68796    0.233409
        2.96        5.34     5.20766    0.187147
        3.12       4.818     4.14138    0.168873
        3.28       4.783      3.7233    0.144081
        3.44       5.154     3.37798    0.161371
         3.6        2.27     2.71138    0.163535
        3.76       1.692      2.1429    0.125876
        3.92       1.243     1.91604    0.113682
        4.08       3.512     1.49044    0.121951
        4.24       2.256     1.37172     0.11946
         4.4         1.3     1.01524   0.0942531
        4.56       0.952     0.84428   0.0933601
        4.72       0.972     0.71108   0.0673896
        4.88       0.212       0.558   0.0702201
        5.04           0     0.39712   0.0555723
         5.2           0     0.20646   0.0380581
        5.36           0     0.11254   0.0231548
        5.52           0     0.12544   0.0318464
        5.68           0     0.04486   0.0155334
        5.84           0     0.01112  0.00857292
           6           0     0.03116   0.0190845
        6.16           0     0.03232   0.0199223
        6.32           0     0.04086   0.0250829
        6.48           0     0.01566   0.0097469
        6.64           0      0.0288   0.0188535
         6.8           0     0.00104  0.00102955
        6.96           0           0           0
        7.12           0           0           0
        7.28           0           0           0
        7.44           0           0           0
         7.6           0           0           0
        7.76           0           0           0
        7.92           0           0           0
