# total attempts: 10000
30.0247              29.921             29.8975
30.4347             29.0931             30.2096
30.4347             29.0931             30.2096
29.477             28.4297             30.3544
29.0355             28.5214              29.389
29.2018             27.6507             29.8984
28.6681             27.0373             29.8848
29.1802             26.9956             29.8733
28.6588             26.9392             30.0432
28.8924             27.1001             29.2111
28.8924             27.1001             29.2111
27.941             27.4721             28.9498
28.2449             26.8998             29.3065
27.4868             27.2601             29.4611
28.1668             26.3656             29.3681
28.1668             26.3656             29.3681
29.0045             27.2454             29.9947
28.2721             26.3523             30.4215
27.4957             27.3233             30.2195
27.0412              26.826             30.2958
26.6056             26.7891             29.3076
26.035             25.8248             28.5361
26.132             25.3428             27.8171
26.9366             24.6146             27.2963
26.9366             24.6146             27.2963
26.2548             24.9645             26.4247
26.0546             24.6182             27.3976
25.9284             23.6756             28.0892
25.9284             23.6756             28.0892
25.9284             23.6756             28.0892
25.9284             23.6756             28.0892
25.9284             23.6756             28.0892
25.2179             23.1965             28.8026
25.3135             22.3727             28.9784
25.3135             22.3727             28.9784
25.8336             21.4515              29.204
25.8336             21.4515              29.204
24.9467             20.6072             28.3778
25.7976             21.1933             27.5956
25.7976             21.1933             27.5956
24.8959             20.3491             27.1347
24.8959             20.3491             27.1347
24.2708             19.8666             26.2548
23.5344             18.8925             26.0113
23.5344             18.8925             26.0113
23.5344             18.8925             26.0113
23.7312             18.3894             26.5279
23.7229             19.1644             26.2459
23.7229             19.1644             26.2459
23.7229             19.1644             26.2459
22.723             19.4775             25.8386
23.0409              19.726             26.1007
23.0409              19.726             26.1007
23.0409              19.726             26.1007
22.5454             19.3898             26.8165
23.4461             19.6261             26.1159
23.0241             19.7064              25.867
23.3499              19.036             25.2326
22.367             18.8879             24.3053
21.7845             17.9531             23.9581
21.1964             17.9784             23.8968
21.2371              18.185             23.0026
21.3745             18.9925             22.0715
20.9596             19.1809             21.5248
20.3             18.3322             20.7606
19.3336             18.1686             20.0189
19.6588             17.8595             19.4214
18.7854             16.9046             19.5319
18.7388             17.4074             18.5373
18.5195             18.3433             18.4659
19.1598             18.1566             19.3352
19.1598             18.1566             19.3352
18.7373             18.9528             18.9687
18.7226             19.4272             18.5216
18.7226             19.4272             18.5216
18.1048             19.7617             18.1313
17.3619             20.1556             18.1114
17.4427             20.0251             18.4352
17.8743             19.8017             17.6526
16.9046             19.5174             17.1072
16.7956              19.248             16.8148
16.6111             18.4342              17.689
16.9321             18.9835             18.0089
16.3323             19.1849             17.7866
16.4679              18.431             18.2747
16.697             19.0268             18.3691
16.375             19.0961             17.9019
16.375             19.0961             17.9019
16.375             19.0961             17.9019
16.1829             18.8727             17.2411
15.5095             19.6228             16.8604
15.5095             19.6228             16.8604
15.5095             19.6228             16.8604
15.7798             18.9748             16.6767
14.8801             19.7266             17.0089
13.9496             18.8122             17.9404
13.9496             18.8122             17.9404
13.4815             18.3154             18.7549
13.669             17.5177             18.3112
12.9737             17.1387              18.899
12.9737             17.1387              18.899
12.9737             17.1387              18.899
12.9737             17.1387              18.899
12.9737             17.1387              18.899
12.9737             17.1387              18.899
12.7569              16.805              19.282
12.7569              16.805              19.282
13.6056             16.9364             19.3664
13.6056             16.9364             19.3664
13.6056             16.9364             19.3664
12.8128             17.4815             19.2612
12.0067             17.9208             19.0937
12.027             17.6865              18.535
12.8619             17.1576             17.9386
12.8619             17.1576             17.9386
12.3427             17.7252             18.7526
11.7259             16.9175             19.6794
12.0066             17.5951             19.8073
11.7121             17.9678             19.6972
11.4086              17.866             18.8448
11.4086              17.866             18.8448
11.4086              17.866             18.8448
10.9472             17.0962             19.5613
10.1101             16.3723             19.5044
10.2258              15.647             18.6703
9.98134             14.7997             19.4418
9.7071             15.3131             18.9798
9.7071             15.3131             18.9798
9.19837             14.4385             19.5293
9.18554             14.4357             18.8796
9.85879             15.2514              18.265
9.79741             15.5225             18.0481
9.79741             15.5225             18.0481
9.82506             15.7183             17.6357
9.14181             14.9528             17.9882
9.14181             14.9528             17.9882
9.13163             15.7346             18.3651
9.09626             15.2693             18.6207
9.30231             15.5298             18.6295
9.30231             15.5298             18.6295
9.76417             15.3606             18.7408
9.75739             14.6885             19.0294
9.75739             14.6885             19.0294
9.23049             14.1358             18.6513
8.98065             14.7106             18.8781
8.28561             15.1162             18.9675
8.28561             15.1162             18.9675
8.28561             15.1162             18.9675
7.96366             15.9948             18.4459
8.25158              16.205             18.3684
8.8303             15.3572             18.9425
9.11995             14.9301             18.5214
8.40598             14.0471             17.7549
8.40598             14.0471             17.7549
7.60727             14.9134             17.1912
7.04558             14.2669             16.1923
7.02722              13.321             16.0284
7.97118              13.896             16.1694
7.10007              14.793             16.8529
6.23156             14.8432             16.3215
6.51791             14.4472             16.4374
6.23588             14.7491             16.6992
6.46362             14.6232             16.7701
5.51481             14.5226             17.2271
4.72227             15.1255             18.0927
5.61099             14.1369             18.3154
5.03552              13.989             17.5158
5.03443             13.2401              18.107
5.18162             13.2878             17.8909
5.6172             13.3103             17.9198
6.21131             12.9204              18.352
6.51557             12.3756             19.3355
6.85604             11.7288             19.4402
7.20751             11.2742             18.6446
7.17979             11.1326             18.1781
8.0206             11.6147             17.2698
8.0206             11.6147             17.2698
8.11239             10.6509             16.8371
7.72403             10.3068             17.1763
7.72403             10.3068             17.1763
8.24781             10.4543             16.9207
7.25255             10.3169              17.106
7.28003             10.3008             17.9341
6.39452             10.0449               18.57
6.39452             10.0449               18.57
6.70681             9.39299             18.9167
6.70681             9.39299             18.9167
6.70681             9.39299             18.9167
7.00482             10.0313             18.0836
7.14065             9.65601               18.36
7.52616             9.94944              19.278
7.52616             9.94944              19.278
6.55635              10.363             19.0152
5.88993             9.91754             19.9667
5.88993             9.91754             19.9667
5.03551             9.05955             19.5605
5.03551             9.05955             19.5605
4.34907             8.30518             19.8145
4.20666             7.34686             19.7232
4.31637             7.57408             18.7526
4.94109             6.79255             18.5471
5.61173              7.6236             18.2656
4.82621             6.95352             18.2001
5.55147             6.22767             17.9927
5.03108             6.74708             17.0885
4.05332             6.43431             16.6606
3.27477             5.64917             16.0749
3.27477             5.64917             16.0749
3.27477             5.64917             16.0749
3.66062             4.83053             16.1871
4.53716             4.87909             15.8088
4.53716             4.87909             15.8088
4.18211             4.36704              14.902
4.06708              5.3397             14.5609
4.06708              5.3397             14.5609
4.51365             5.84329             15.0293
4.51365             5.84329             15.0293
4.51365             5.84329             15.0293
3.83613             4.97233             14.1066
4.22149             4.77852              13.692
3.27492             4.73778             13.7457
4.09072             5.33682             13.5739
5.08098             5.23707             14.1577
5.84673             5.55697             14.8009
4.96499             4.88096             14.6793
4.89857             4.50928             14.4444
5.70195             4.95989             13.8404
5.70195             4.95989             13.8404
4.86118             5.87153             14.1872
5.39413             6.51508             13.7097
5.39413             6.51508             13.7097
5.39413             6.51508             13.7097
5.39413             6.51508             13.7097
5.08869             6.02101             13.3285
5.08869             6.02101             13.3285
5.08869             6.02101             13.3285
5.08869             6.02101             13.3285
5.08869             6.02101             13.3285
4.44254             6.74281             13.1755
4.10175             6.71233             13.9926
4.10175             6.71233             13.9926
4.99607              7.1227             13.5036
5.57545             6.47949             13.2116
5.67841             7.37371             13.0931
5.67841             7.37371             13.0931
5.67841             7.37371             13.0931
5.19164             7.85049             12.2409
5.19164             7.85049             12.2409
5.19164             7.85049             12.2409
4.6295             7.78506             12.9729
5.32461             7.96549             12.2327
5.55104             7.64321             12.0507
4.68378              7.7795             11.4837
4.42808             7.34851             12.3928
4.43845             6.68344             11.6717
4.43845             6.68344             11.6717
4.00252             7.27962             11.1465
4.44559             6.66462             10.8215
3.73686             7.21704             10.1376
3.95156             7.27163             10.3627
4.51949             6.98346             11.0952
4.51949             6.98346             11.0952
4.51949             6.98346             11.0952
4.07708             7.94224             10.9506
4.82035             8.11236             10.3526
4.82035             8.11236             10.3526
4.33119             7.53178             11.0544
4.48186             7.27219             10.8739
4.53092             6.62346             10.7576
4.53092             6.62346             10.7576
4.53092             6.62346             10.7576
5.30315             5.85128             10.5555
5.06978             6.69006             9.74068
5.06978             6.69006             9.74068
5.45253             6.09804             10.3215
5.45253             6.09804             10.3215
4.78077             6.16442             10.5164
5.70096             5.95189             9.63774
4.87975             6.37281             9.36542
5.09739             6.14809             9.16548
4.72799             6.54542             8.84519
4.27919             7.02076             9.83949
4.27919             7.02076             9.83949
4.27919             7.02076             9.83949
4.27919             7.02076             9.83949
3.34489             6.07757             9.39968
3.51172              5.4092             9.56903
2.79801             5.03978             10.2072
3.45028             5.60159             9.82775
2.93461             5.05294             9.82231
3.14388             4.30446             9.32172
3.72053             3.69846             8.71839
3.91753              2.9076             7.87621
4.84983              3.5257             6.94072
5.28501              3.1356             6.62093
5.28501              3.1356             6.62093
5.28501              3.1356             6.62093
4.53021               2.606             5.78458
5.21503             3.34113             5.01963
5.21503             3.34113             5.01963
6.17991             3.87729             5.99441
7.01889             4.47569             5.09442
6.72214             5.11369             4.42257
6.0446              4.1144              4.8203
5.2828             4.02212             4.22495
4.51811             4.69749             4.60208
3.74384             5.52462             4.26066
3.96889             5.31335             4.03646
3.96889             5.31335             4.03646
3.63131             5.27114              4.7761
3.66285             4.58252             4.11029
3.66285             4.58252             4.11029
3.41522             5.34683             4.55209
2.8044             5.00739             5.40423
2.08279             4.96788             4.54218
1.20267             5.48707             4.45639
1.38418             4.80959              5.1834
1.21022              4.9331             5.14934
1.78668             4.38623             4.96945
1.78668             4.38623             4.96945
1.78668             4.38623             4.96945
2.27555             4.16027             4.46981
2.27555             4.16027             4.46981
2.27555             4.16027             4.46981
2.59081              4.3886             4.17144
2.59081              4.3886             4.17144
1.84357             5.26893             4.03889
1.06808             5.19808             4.96677
0.911072             5.24267              5.1834
0.642896              5.6057             4.25203
-0.256387             5.78229             3.32715
-0.146606             6.54809             2.56247
-0.146606             6.54809             2.56247
0.776989             6.54079             2.09679
0.776989             6.54079             2.09679
1.5472              6.1829             2.91032
1.5472              6.1829             2.91032
1.5472              6.1829             2.91032
2.34137             6.45861             3.48969
1.78103             6.24569             2.81059
1.78103             6.24569             2.81059
2.0686             5.59648             3.18278
1.36579             5.25315              3.4428
0.441109             5.73932             3.23967
-0.377431             5.55226             3.70833
-0.121096             5.39197             4.13224
-0.733382             5.96954             4.77604
-0.00271894             6.13818             5.72599
-0.507505             6.82743             4.75882
0.339396             6.56404             4.37933
0.108706             5.99892             4.83138
0.108706             5.99892             4.83138
0.886522             5.04832             4.89756
0.212998               5.461             4.68067
0.212998               5.461             4.68067
0.429922             5.62189             3.68515
0.937243             4.92209             4.03409
0.672596             5.81241             4.79107
0.94352             4.83581             4.18006
1.65709             5.26199             3.21137
1.65709             5.26199             3.21137
1.5312             4.77887             3.26616
1.5312             4.77887             3.26616
0.957081             4.67947             2.58865
1.24317             3.75081              1.7293
0.361019             3.45727             1.63618
-0.348684             3.13287            0.969379
-0.348684             3.13287            0.969379
-1.06035             3.29953             1.81957
-0.933658             3.75949             1.77538
-1.60316              3.0374             2.18527
-1.60316              3.0374             2.18527
-1.60316              3.0374             2.18527
-1.60316              3.0374             2.18527
-0.662043             2.76015             3.05529
-0.662043             2.76015             3.05529
-1.58028             3.57547             2.53183
-1.58028             3.57547             2.53183
-2.02269             2.76834             2.37535
-2.02269             2.76834             2.37535
-2.02269             2.76834             2.37535
-1.89406             3.28169             2.13863
-1.58945             3.13491             2.35403
-2.57867             2.41231             2.50595
-2.44983              3.2343             1.54467
-2.44983              3.2343             1.54467
-3.11092             2.96694             1.18392
-2.5134             3.86248            0.903564
-1.544             3.10061             1.30385
-1.44663             3.64293            0.921873
-1.44663             3.64293            0.921873
-1.44663             3.64293            0.921873
-1.93047             3.32249          -0.0535827
-1.92013             2.91288           -0.888249
-1.18604             2.48409           -0.463068
-1.20905             2.72993           -0.154091
-0.464334             1.85926           -0.684069
-0.464334             1.85926           -0.684069
-1.0008            0.996392           -0.134901
-0.954983            0.270367            0.697079
-1.71193            0.667393           -0.270956
-1.71193            0.667393           -0.270956
-2.49708            0.217088           -0.474808
-2.12229           -0.306928            0.499913
-2.12229           -0.306928            0.499913
-1.47589           0.0209437            0.332642
-1.38579           -0.956382          -0.0717551
-0.723494            -1.23022            0.084172
-0.281088            -1.41135           -0.239257
-0.281088            -1.41135           -0.239257
-0.281088            -1.41135           -0.239257
-0.500272            -1.45932             0.25838
-1.23548           -0.687466            0.595337
-0.348328            -1.22348           -0.165847
-1.03386            -1.21197           0.0938519
-1.03386            -1.21197           0.0938519
-0.415214           -0.289542           -0.636281
0.317134           -0.236097           -0.227153
-0.000176876           -0.764601            0.383138
-0.947758           -0.304209             1.35336
-1.20451           -0.144004             1.76442
-0.82647          -0.0549896             2.50975
-0.82647          -0.0549896             2.50975
-0.82647          -0.0549896             2.50975
-0.82647          -0.0549896             2.50975
-0.82647          -0.0549896             2.50975
-0.423281            0.581465             3.44197
-0.423281            0.581465             3.44197
-1.04597            0.638156             3.49239
-0.867345            0.682941              2.8743
-0.867345            0.682941              2.8743
-1.05029            0.640551              2.8577
-1.05029            0.640551              2.8577
-0.0842246             1.24839             2.96935
-0.0842246             1.24839             2.96935
-0.428927             1.83256             2.29112
-0.428927             1.83256             2.29112
-0.428927             1.83256             2.29112
-0.415611             2.42738             2.89326
-0.809066             2.45311             2.63927
-0.828055              1.9612             1.96196
-0.828055              1.9612             1.96196
-1.17561             2.36823             1.51419
-1.18905             1.83745             1.72368
-1.18905             1.83745             1.72368
-1.60962              1.1586             2.70083
-1.60962              1.1586             2.70083
-2.36864             1.31672             1.85458
-2.36864             1.31672             1.85458
-2.94047            0.811451             1.81162
-2.94047            0.811451             1.81162
-2.94047            0.811451             1.81162
-2.49259            0.215582             1.69263
-2.49259            0.215582             1.69263
-1.98719            -0.56886             2.62593
-2.6208           -0.943288             2.58936
-3.53268             -1.3083             2.05862
-2.5898           -0.721994              2.2249
-2.5898           -0.721994              2.2249
-2.5898           -0.721994              2.2249
-2.5898           -0.721994              2.2249
-2.55725           -0.616474             2.00765
-2.06673           -0.668195             1.07339
-1.6665           -0.971998            0.467104
-2.3361            -1.41695            0.485594
-2.49093           -0.649661          -0.0383683
-2.49093           -0.649661          -0.0383683
-2.08612            0.124842            0.849152
-1.26234            0.159059             1.40121
-0.743592           -0.336407             2.01759
-0.743592           -0.336407             2.01759
-0.743592           -0.336407             2.01759
-0.849582           -0.135015             1.32527
-0.630312           -0.227423             1.76417
-0.173419           -0.483252             1.89373
-0.499555            0.107087             1.83515
0.115677             1.03282             1.65833
0.115677             1.03282             1.65833
-0.369004             1.39773               1.177
-0.369004             1.39773               1.177
-0.139052             2.08429            0.494677
-0.468978             1.54366           -0.219968
-1.01073             1.24995           -0.522098
-0.56894            0.426154            -1.06878
-0.970352            0.565001           -0.918951
-0.970352            0.565001           -0.918951
0.0177449            0.829621           -0.979126
0.0177449            0.829621           -0.979126
0.203613            0.389281           -0.668834
0.346075             1.27137            -1.33676
1.06852            0.644019            -1.25319
1.06852            0.644019            -1.25319
1.06852            0.644019            -1.25319
0.250519            0.439192           -0.358845
0.250519            0.439192           -0.358845
0.250519            0.439192           -0.358845
0.250519            0.439192           -0.358845
0.250519            0.439192           -0.358845
-0.0151371           -0.560095           -0.408259
-0.862443           0.0285775           -0.217178
-0.00369652           -0.317924            0.190059
0.466389           -0.473331            0.857362
1.37778            0.509732            0.349932
1.21621              1.2062            0.500639
0.950374            0.724355            0.145604
0.198497           -0.253748           -0.424422
0.198497           -0.253748           -0.424422
0.198497           -0.253748           -0.424422
0.198497           -0.253748           -0.424422
0.198497           -0.253748           -0.424422
0.275097            0.745067           -0.806831
-0.413439            0.384868           -0.206939
-0.413439            0.384868           -0.206939
-0.612148             0.80707           -0.124072
0.115598            0.142606             -1.0491
0.115598            0.142606             -1.0491
0.115598            0.142606             -1.0491
-0.832923            0.865866           -0.442128
-0.495469            0.647297           -0.400713
-0.495469            0.647297           -0.400713
-0.495469            0.647297           -0.400713
0.197053            0.846625           -0.918804
-0.0941893            0.562976          -0.0706981
-0.0941893            0.562976          -0.0706981
-0.0624124            0.547908           -0.320239
-0.207767            0.302034           -0.901833
0.520796            0.923745           -0.824878
0.11313             1.01478            -1.04937
0.11313             1.01478            -1.04937
0.11313             1.01478            -1.04937
0.11313             1.01478            -1.04937
0.11313             1.01478            -1.04937
1.11047           0.0780312            -1.61157
0.612394            0.383774            -1.71509
1.47007            0.325433            -1.19318
1.47007            0.325433            -1.19318
1.76391            0.284987            -1.33279
1.33687             1.09704           -0.836923
1.44392            0.307837          0.00181521
0.941276           0.0485023           -0.226809
0.309653            0.186101           -0.329057
-0.224863           -0.554545            0.331118
0.0636418          -0.0353846           -0.246708
0.0636418          -0.0353846           -0.246708
-0.64771            0.594391           -0.217735
-0.64771            0.594391           -0.217735
-0.569908             0.77956           -0.595434
-0.604329          -0.0177197            0.147906
-0.604329          -0.0177197            0.147906
-0.604329          -0.0177197            0.147906
-0.604329          -0.0177197            0.147906
-0.604329          -0.0177197            0.147906
-0.604329          -0.0177197            0.147906
-0.470971           -0.854458            0.264554
0.244425           -0.289542          -0.0265854
1.11637            -1.06116            0.703099
0.199399             -1.8011            0.913677
0.199399             -1.8011            0.913677
-0.0180664            -1.74649             1.06481
-0.0180664            -1.74649             1.06481
-0.663143            -1.29208             1.58544
-0.663143            -1.29208             1.58544
-0.751231            -1.02117            0.925599
-0.721785           -0.141626             1.32622
-0.721785           -0.141626             1.32622
-1.34375           -0.716688              1.7179
-0.70928            -1.21967             1.25067
-1.44079           -0.427446            0.581015
-1.44079           -0.427446            0.581015
-1.44079           -0.427446            0.581015
-0.613207           -0.807592            0.874299
-0.990523            -1.09831           0.0157124
-0.313884            -1.24773            0.892969
-0.804597           -0.571647           0.0985361
-0.409279            0.277113           -0.528964
0.268728             0.73732          -0.0965939
0.268728             0.73732          -0.0965939
0.268728             0.73732          -0.0965939
1.23664            0.830115           -0.453109
0.547073            0.973404            -1.06124
0.0133074            0.828442            -1.32162
-0.210126            0.405127            -2.09231
0.0975816             0.55053            -1.14839
-0.448455             1.26989           -0.263158
-0.599419             1.21143            0.607863
-0.292633             1.78625           0.0872548
-0.292633             1.78625           0.0872548
-0.292633             1.78625           0.0872548
-0.598167             1.80939           -0.484733
-0.598167             1.80939           -0.484733
-1.00613             1.10953           -0.890991
-1.00613             1.10953           -0.890991
-1.00613             1.10953           -0.890991
-1.00613             1.10953           -0.890991
-1.00613             1.10953           -0.890991
-1.43104            0.240239            -1.22698
-1.43104            0.240239            -1.22698
-2.40946            0.980341            -1.24032
-2.98365             1.22784           -0.954802
-2.34739            0.656213           -0.962946
-2.0009             0.74779           -0.973591
-1.00675           0.0807615           -0.845662
-0.434937           -0.288129           -0.902755
-0.434937           -0.288129           -0.902755
0.0221167           -0.475326           -0.350419
0.784135           -0.961061           -0.250629
0.784135           -0.961061           -0.250629
0.0857581           -0.851918            -1.04043
0.0857581           -0.851918            -1.04043
0.0857581           -0.851918            -1.04043
-0.2248            -1.46634            -1.73886
0.693125            -1.68392            -1.39788
0.693125            -1.68392            -1.39788
0.32292            -2.44548           -0.950009
0.473245            -2.13656           -0.137488
0.626729            -1.73732           -0.364145
0.903115            -1.38227          -0.0304487
0.862869           -0.576955           -0.475836
0.795563          -0.0718452            0.517809
0.795563          -0.0718452            0.517809
0.795563          -0.0718452            0.517809
-0.169151           -0.107923            0.306127
-0.169151           -0.107923            0.306127
-0.169151           -0.107923            0.306127
-0.169151           -0.107923            0.306127
-0.479425            0.792255            0.588523
-0.479425            0.792255            0.588523
0.373222            0.134074            0.286584
0.373222            0.134074            0.286584
0.373222            0.134074            0.286584
0.373222            0.134074            0.286584
0.373222            0.134074            0.286584
0.373222            0.134074            0.286584
-0.111083             0.16779             1.03474
0.609807            0.422409            0.303598
0.609807            0.422409            0.303598
-0.278011            0.709686           -0.205807
0.259666            0.562599           -0.337801
0.259666            0.562599           -0.337801
0.0261678            0.317021            0.373228
0.0261678            0.317021            0.373228
0.0261678            0.317021            0.373228
0.603947          -0.0431963            0.264864
0.603947          -0.0431963            0.264864
0.275715           0.0973625           -0.166022
0.610782            0.485761           -0.848009
0.610782            0.485761           -0.848009
0.749228           -0.139861            -1.31748
0.785558            0.590185           -0.688724
0.785558            0.590185           -0.688724
0.785558            0.590185           -0.688724
0.785558            0.590185           -0.688724
0.691706           -0.121465            -0.97988
1.17198            0.343688            -1.08182
2.13936         -0.00445155            -2.04012
2.28926            0.122415            -1.94202
1.60683           0.0670503            -2.86716
1.6397            0.131528            -2.36733
1.6397            0.131528            -2.36733
1.40105             0.49066            -1.77512
2.32385            0.310736           -0.846563
2.32385            0.310736           -0.846563
2.1581            0.536444           -0.029428
1.16935           -0.414138            -0.30211
1.16935           -0.414138            -0.30211
0.491346           -0.555997            -1.14061
1.29164            0.431626           -0.729772
2.08851            0.113803        -0.000426479
2.01384            0.416485            0.345388
2.01384            0.416485            0.345388
1.6295            0.315259            0.774049
1.29756             1.09311            0.783011
0.763049            0.852315            0.565686
0.791116            0.566255           -0.298908
0.791116            0.566255           -0.298908
1.25788          -0.0855235            0.321266
1.25788          -0.0855235            0.321266
1.25788          -0.0855235            0.321266
0.535174            0.634026           -0.212963
0.535174            0.634026           -0.212963
-0.217865          -0.0984743           -0.535361
0.271702            0.503118            0.276021
0.271702            0.503118            0.276021
0.271702            0.503118            0.276021
0.271702            0.503118            0.276021
0.494094            0.758586            0.563023
0.494094            0.758586            0.563023
0.494094            0.758586            0.563023
-0.286777            0.733474             1.03145
-0.286777            0.733474             1.03145
-0.563919            0.943002             1.96695
-0.332052           0.0468967             1.60206
-0.332052           0.0468967             1.60206
-0.326479             0.68119             1.23557
-0.00282555             1.03915            0.695119
-0.00282555             1.03915            0.695119
0.119526            0.753609            0.244918
0.119526            0.753609            0.244918
0.119526            0.753609            0.244918
-0.57905            0.920745          0.00157737
-0.554385              1.2302            0.400356
-0.104411            0.723864           -0.345129
-1.07361             0.85418           -0.249535
-1.34421             1.53298           -0.853347
-1.74278             1.81869           -0.302613
-1.74278             1.81869           -0.302613
-0.939452             2.57462            0.529253
-0.958214             1.64814           -0.405726
-0.958214             1.64814           -0.405726
-0.958214             1.64814           -0.405726
-0.352459             1.80117           -0.106297
-0.352459             1.80117           -0.106297
-0.536016            0.822602           -0.221298
0.4119            0.654674           -0.948347
0.4119            0.654674           -0.948347
0.4119            0.654674           -0.948347
-0.0570033             1.40557           -0.639775
-0.500696             2.16214           -0.556056
-0.112744             2.73848            -1.07503
-0.112744             2.73848            -1.07503
-0.112744             2.73848            -1.07503
-0.112744             2.73848            -1.07503
-0.533334             2.75673            -1.48213
-0.533334             2.75673            -1.48213
-0.000361401             2.93473            -1.14647
-0.000361401             2.93473            -1.14647
0.330015             3.11434           -0.515961
0.330015             3.11434           -0.515961
0.330015             3.11434           -0.515961
0.330015             3.11434           -0.515961
0.172186             2.66037            -0.43994
0.579923             2.17475            -1.03733
0.0622428              1.3404             -1.2227
0.0622428              1.3404             -1.2227
-0.25865             0.62769           -0.580838
-0.25865             0.62769           -0.580838
-0.0142925          -0.0933254           0.0768423
-0.0142925          -0.0933254           0.0768423
-0.0142925          -0.0933254           0.0768423
-0.0142925          -0.0933254           0.0768423
-0.0142925          -0.0933254           0.0768423
-0.0142925          -0.0933254           0.0768423
-0.615846            0.291906           0.0435487
-0.615846            0.291906           0.0435487
-0.615846            0.291906           0.0435487
-0.30076            0.505244            0.268645
-0.30076            0.505244            0.268645
-0.30076            0.505244            0.268645
-0.0595135            0.294134            0.433499
-0.49877           0.0620562            0.114146
-0.49877           0.0620562            0.114146
-0.49877           0.0620562            0.114146
0.122899            0.399427            -0.29312
0.122899            0.399427            -0.29312
0.332834             0.47769           -0.654418
0.776302           -0.493415           -0.924103
0.776302           -0.493415           -0.924103
0.250065            -1.12795            -1.29375
0.341484           -0.460673            -1.80046
0.341484           -0.460673            -1.80046
0.341484           -0.460673            -1.80046
1.21076            0.223739            -1.54296
1.21076            0.223739            -1.54296
1.21076            0.223739            -1.54296
1.21076            0.223739            -1.54296
1.65304             0.41987            -1.73932
1.65304             0.41987            -1.73932
1.78933            0.472609            -1.46799
1.46406           -0.420027           -0.552613
0.839206            -1.05005            -1.16418
0.696759            -1.05567            -1.29088
0.856033           -0.138887           -0.826545
0.791031          -0.0747517           -0.809593
-0.0959583           -0.367064           -0.236439
-0.912453             0.38766            0.274495
-0.912453             0.38766            0.274495
-0.164219            0.350354           -0.213676
-0.613697            0.284572           0.0917613
-0.613697            0.284572           0.0917613
0.246359           -0.568151            0.239553
-0.464901            0.155127             1.05753
-0.152837            0.347572             1.03691
-0.152837            0.347572             1.03691
-0.152837            0.347572             1.03691
-0.152837            0.347572             1.03691
-0.152837            0.347572             1.03691
-0.152837            0.347572             1.03691
-0.152837            0.347572             1.03691
0.20968            0.224259            0.497976
-0.350582          -0.0796558             1.04445
-0.581341            -0.80288            0.229811
-0.581341            -0.80288            0.229811
-0.657151           0.0657498            0.827857
-0.657151           0.0657498            0.827857
-0.643632            0.212866           -0.033145
-0.405749            0.492431           -0.425182
-0.436786           -0.461448           -0.695765
-0.436786           -0.461448           -0.695765
-0.629486           -0.989968            0.162303
-0.629486           -0.989968            0.162303
0.0293772           -0.342023           -0.238045
-0.355297            0.388615           -0.299076
-0.355297            0.388615           -0.299076
-0.355297            0.388615           -0.299076
-0.355297            0.388615           -0.299076
-0.355297            0.388615           -0.299076
-0.498198            0.121858            0.110762
-0.498198            0.121858            0.110762
-0.621597           -0.615923            0.652442
-0.598593          -0.0527598             1.06547
-0.620934            0.144485             0.51245
-0.620934            0.144485             0.51245
-0.759564           -0.146834           0.0998607
-0.759564           -0.146834           0.0998607
-0.759564           -0.146834           0.0998607
-0.759564           -0.146834           0.0998607
0.227869           -0.303513            0.317266
0.227869           -0.303513            0.317266
0.227869           -0.303513            0.317266
0.338317           -0.191402            0.469432
0.338317           -0.191402            0.469432
1.29713          -0.0365665         -0.00335505
1.29713          -0.0365665         -0.00335505
1.81852            -1.03252            0.793152
1.46869            -1.46916              1.4854
2.15155            -1.29832             1.70914
2.15155            -1.29832             1.70914
1.9813            -2.10301             0.93049
1.31605            -2.84247             1.86492
2.2091             -2.0531             1.25047
2.86405            -1.97823            0.393701
3.27294            -1.31527            0.529407
3.00606           -0.521647             1.46324
3.00606           -0.521647             1.46324
3.366           -0.623711            0.530637
3.366           -0.623711            0.530637
2.84483           -0.417184            0.338234
2.84483           -0.417184            0.338234
3.05236           -0.841995            0.730575
2.87969            -1.42119           0.0621333
2.20463           -0.908048            0.845918
1.32431          -0.0612585             1.08131
1.12603            0.384118             1.14683
0.87037             1.29371             1.04075
0.87037             1.29371             1.04075
0.678496            0.963214            0.704949
1.41021             1.02499           -0.154134
2.00264             1.27323           -0.895942
1.01067             1.01891           -0.894962
1.22553             0.24637            -1.48756
0.6089           -0.319772            -1.38763
0.6089           -0.319772            -1.38763
0.6089           -0.319772            -1.38763
-0.176488             0.39451            -1.68623
-0.176488             0.39451            -1.68623
-0.228464           -0.379036            -2.50593
0.0261282            -1.04816            -3.43698
0.542562           -0.632017            -3.61687
0.542562           -0.632017            -3.61687
0.542562           -0.632017            -3.61687
0.0826982           -0.947699            -2.70179
0.0826982           -0.947699            -2.70179
-0.866659            -1.40711            -1.90458
-0.811506           -0.462832            -1.88275
-1.71158            0.146704            -1.44718
-1.54393           -0.839408            -2.38901
-1.97923             -1.4061            -2.30627
-1.32691            -2.17332            -1.96529
-1.32691            -2.17332            -1.96529
-0.450787            -2.11362            -1.30499
0.426167              -1.335           -0.667968
0.426167              -1.335           -0.667968
1.28268            -1.02588           -0.443263
1.28268            -1.02588           -0.443263
1.28268            -1.02588           -0.443263
1.28268            -1.02588           -0.443263
1.19381            -1.01329             -1.4239
0.628886           -0.329976            -1.69091
0.628886           -0.329976            -1.69091
-0.14961           -0.526035            -2.10873
-0.14961           -0.526035            -2.10873
-0.14961           -0.526035            -2.10873
-0.685865           0.0429659            -1.19179
0.276317            0.937453           -0.706225
0.276317            0.937453           -0.706225
0.276317            0.937453           -0.706225
-0.204531             1.66492            -0.71233
-0.204531             1.66492            -0.71233
0.126041             2.38912             -1.2728
0.745042             1.69097           -0.906411
0.745042             1.69097           -0.906411
0.745042             1.69097           -0.906411
0.721915             2.42357           0.0855627
0.721915             2.42357           0.0855627
0.721915             2.42357           0.0855627
1.3764             2.48365            0.550024
1.91023              2.1624            0.467068
1.91023              2.1624            0.467068
1.05133             2.55425           -0.352115
1.05133             2.55425           -0.352115
1.05133             2.55425           -0.352115
1.05133             2.55425           -0.352115
1.05133             2.55425           -0.352115
0.859338             2.41993            0.137986
0.859338             2.41993            0.137986
0.910843             1.57754           -0.190022
0.985097            0.752585            0.427002
1.17258           -0.222477             1.15586
1.07757            0.495414             1.41536
0.648173            0.583355            0.501778
0.549725             1.27527            0.621561
0.885642            0.340106            0.974678
0.228963           -0.480052             1.44058
0.946727            0.514092             1.51399
0.0527212            0.492676             2.32224
-0.895402          -0.0235692             1.65484
-1.7228            0.515037            0.981656
-1.7228            0.515037            0.981656
-1.7228            0.515037            0.981656
-1.7228            0.515037            0.981656
-1.7228            0.515037            0.981656
-0.891658            0.311847             1.37387
-0.976738            0.547231            0.435432
-0.0335541            0.310599            0.778657
-0.0335541            0.310599            0.778657
0.133673           -0.572617             1.64525
0.203812           -0.742487            0.895957
0.656561            -1.47892          -0.0537978
1.19381            -1.31451           -0.324953
1.19381            -1.31451           -0.324953
1.19381            -1.31451           -0.324953
1.19381            -1.31451           -0.324953
1.19381            -1.31451           -0.324953
1.93824           -0.884541            0.117052
1.07511            -1.62093            0.817125
1.91744            -2.32933             1.70297
1.52291            -2.63156            0.983139
1.52291            -2.63156            0.983139
1.13427            -2.13239            0.700356
0.288014            -1.50283           -0.114246
0.672914            -1.97818           -0.518536
0.066418            -1.48848           0.0181124
0.066418            -1.48848           0.0181124
0.562162            -1.08631           -0.842743
1.54951           -0.614368            -1.40537
2.21644           -0.425184            -1.62644
2.92533            -1.12104            -2.18198
3.13483           -0.835775            -2.30055
3.13483           -0.835775            -2.30055
3.13483           -0.835775            -2.30055
3.13483           -0.835775            -2.30055
2.24797            -1.61762            -2.47005
1.7619            -1.64231            -2.78037
1.60819            -1.41258            -2.04531
1.60819            -1.41258            -2.04531
1.53749            -1.82344             -1.7644
1.66381            -1.64696            -1.30896
1.72892            -1.81498             -2.2962
1.33627            -1.68629            -1.97225
1.72586            -1.20038            -1.06504
2.26633            -1.46758            -0.72708
2.26633            -1.46758            -0.72708
2.26633            -1.46758            -0.72708
2.26633            -1.46758            -0.72708
3.24191            -1.99002           -0.454899
2.76666            -1.66419           -0.609084
3.04262            -1.54463           -0.234293
3.6687            -2.03177           -0.331604
2.81116            -1.14491            -1.02946
2.25998           -0.751733            -1.87574
1.9717            -1.30409            -1.20084
1.9717            -1.30409            -1.20084
1.03507            -2.28569            -1.35925
1.03507            -2.28569            -1.35925
1.03507            -2.28569            -1.35925
1.41129            -1.39489           -0.583042
1.41129            -1.39489           -0.583042
1.34977           -0.823142           -0.705286
1.34977           -0.823142           -0.705286
1.34977           -0.823142           -0.705286
1.34977           -0.823142           -0.705286
1.34977           -0.823142           -0.705286
1.64943           -0.358845           -0.162882
2.63308           0.0327529           -0.566664
2.63308           0.0327529           -0.566664
2.32532           -0.794187            0.166307
2.32532           -0.794187            0.166307
2.57813           -0.203728            0.764673
1.66727           0.0586368            0.652247
1.23163            -0.75155             0.15303
1.23163            -0.75155             0.15303
1.23163            -0.75155             0.15303
1.47985           -0.322996             1.05662
1.47985           -0.322996             1.05662
0.796886           -0.377265            0.815067
-0.0946851            0.617166            0.504172
0.818342            0.281032           -0.159709
0.818342            0.281032           -0.159709
0.818342            0.281032           -0.159709
0.199928            -0.13816           -0.605629
0.199928            -0.13816           -0.605629
-0.0628824            0.508922           -0.330604
0.206496              1.2086           -0.708059
-0.0071695             1.17148           -0.562976
-0.0071695             1.17148           -0.562976
0.0838633             1.03631           -0.451114
0.0838633             1.03631           -0.451114
0.0838633             1.03631           -0.451114
-0.519615            0.841762           -0.475457
-0.519615            0.841762           -0.475457
-0.519615            0.841762           -0.475457
-0.417668            0.668411           -0.352121
-0.417668            0.668411           -0.352121
-0.417668            0.668411           -0.352121
-0.417668            0.668411           -0.352121
0.000244729             1.27639            -1.00645
-0.456695             1.88409           -0.518012
0.376853             1.29706            0.075723
0.382685            0.972173            0.544672
0.382685            0.972173            0.544672
1.17511            0.217275            0.882332
1.4174            0.888741            0.531121
0.619801          -0.0346715            0.347416
0.619801          -0.0346715            0.347416
-0.17884            0.463386             0.71376
-0.17884            0.463386             0.71376
-0.17884            0.463386             0.71376
-0.17884            0.463386             0.71376
0.787915           -0.523708           0.0918421
1.09134          -0.0741774          -0.0720393
0.150029           -0.781624           -0.838795
0.150029           -0.781624           -0.838795
-0.274875           -0.592896           0.0978038
-0.274875           -0.592896           0.0978038
-0.0645086           -0.787208            0.442063
0.479783             -1.3538           -0.296562
0.479783             -1.3538           -0.296562
1.32218             -1.3042            0.105867
0.628559             -1.9814           -0.589037
-0.0417777            -1.33415            -1.45191
0.521217            -1.62239             -1.1634
0.521217            -1.62239             -1.1634
0.521217            -1.62239             -1.1634
0.521217            -1.62239             -1.1634
0.521217            -1.62239             -1.1634
0.521217            -1.62239             -1.1634
0.521217            -1.62239             -1.1634
0.521217            -1.62239             -1.1634
1.00471             -1.3102           -0.734156
1.28171            -1.06217           -0.645498
0.876228            -1.53092           0.0973677
0.645573            -1.56755          -0.0857727
1.10118           -0.684955           -0.820348
1.10118           -0.684955           -0.820348
1.6628           0.0991823            0.167984
1.71332            0.389285            0.295356
1.71332            0.389285            0.295356
1.71332            0.389285            0.295356
0.768604            0.825479           -0.527638
0.219318            0.175275            -1.11873
0.219318            0.175275            -1.11873
0.219318            0.175275            -1.11873
0.219318            0.175275            -1.11873
0.219318            0.175275            -1.11873
0.338027           -0.250943            -0.99983
0.359366            0.577993           -0.789049
0.359366            0.577993           -0.789049
0.359366            0.577993           -0.789049
0.359366            0.577993           -0.789049
0.359366            0.577993           -0.789049
-0.275019            0.770993           -0.648107
-0.437775              1.0914           -0.711692
0.286811            0.150976            0.109037
0.286811            0.150976            0.109037
0.286811            0.150976            0.109037
0.326167           -0.165318         -0.00160347
0.326167           -0.165318         -0.00160347
0.446828             -1.0626          -0.0973343
0.446828             -1.0626          -0.0973343
0.446828             -1.0626          -0.0973343
0.446828             -1.0626          -0.0973343
-0.453238            -1.96477            0.189463
-0.453238            -1.96477            0.189463
0.0632118            -1.90702            0.736938
0.84925            -2.48104            0.706373
0.84925            -2.48104            0.706373
0.84925            -2.48104            0.706373
1.32257            -1.88381             1.07827
0.444156             -1.2135            0.673384
0.444156             -1.2135            0.673384
0.444156             -1.2135            0.673384
0.444156             -1.2135            0.673384
0.444156             -1.2135            0.673384
0.897589           -0.743321            0.289975
0.897589           -0.743321            0.289975
0.897589           -0.743321            0.289975
0.502841            -1.02097            0.505838
0.502841            -1.02097            0.505838
0.800646            -0.49647            0.755566
0.460636            -1.24628            0.613618
1.03078           -0.649136            0.983949
1.03078           -0.649136            0.983949
1.69514         -0.00398633            0.355242
2.44741           -0.497702            0.241862
2.44741           -0.497702            0.241862
2.44741           -0.497702            0.241862
3.05683           -0.843111            -0.64071
2.59052            -1.26328           -0.952795
3.04888           -0.651767            -1.53953
3.89739           -0.970666            -2.11619
4.05736            -1.09797            -1.81792
3.3124            -1.11721           -0.957943
3.08749           -0.873831           -0.730775
3.5087             -1.4829           -0.717524
3.37653            -1.13794           0.0108234
3.37653            -1.13794           0.0108234
2.82979            -1.22801            0.141796
3.54026             -1.2087             0.38148
3.66626            -2.20321            0.703562
2.97037            -1.64495             1.38297
2.74298           -0.781266            0.882939
2.74298           -0.781266            0.882939
1.95558             -1.5089         0.000422481
1.95558             -1.5089         0.000422481
1.95558             -1.5089         0.000422481
1.95558             -1.5089         0.000422481
1.95558             -1.5089         0.000422481
1.95558             -1.5089         0.000422481
2.11615           -0.538156           -0.903173
2.11615           -0.538156           -0.903173
1.9148           -0.935199            -0.53042
1.57938            -1.02607            0.245522
1.57938            -1.02607            0.245522
0.953797            -1.56214            0.710649
0.438476            -1.50868            0.364138
0.438476            -1.50868            0.364138
0.576346            -2.28781             1.13079
-0.375115            -2.57046             1.89602
0.0466633            -2.57229             1.21714
-0.688093            -1.74614             1.58971
-0.276587            -2.37117             1.49993
0.191606            -2.63726            0.503514
0.375644            -2.64644           -0.117088
-0.582316            -2.72527           0.0124532
-1.18723            -2.51846            -0.10923
-1.70387            -2.37997            0.186929
-1.70387            -2.37997            0.186929
-1.05875            -1.96113             1.07338
-1.05875            -1.96113             1.07338
-1.24204            -1.04514            0.528116
-0.613069           -0.949621           0.0566791
-0.613069           -0.949621           0.0566791
0.249083            -1.18316           0.0236233
0.249083            -1.18316           0.0236233
-0.155038           -0.647382           -0.475909
-0.155038           -0.647382           -0.475909
-0.155038           -0.647382           -0.475909
-0.155038           -0.647382           -0.475909
-0.790415           -0.338174            0.206828
-0.293992            0.412095            0.060545
0.204671           -0.450504            0.260134
0.204671           -0.450504            0.260134
0.204671           -0.450504            0.260134
0.204671           -0.450504            0.260134
0.204671           -0.450504            0.260134
0.204671           -0.450504            0.260134
0.204671           -0.450504            0.260134
0.204671           -0.450504            0.260134
0.204671           -0.450504            0.260134
0.204671           -0.450504            0.260134
0.204671           -0.450504            0.260134
0.184184            0.166135            0.101365
0.184184            0.166135            0.101365
0.184184            0.166135            0.101365
0.184184            0.166135            0.101365
-0.218385            0.510659           -0.433834
-0.0275761            0.221218           -0.791611
-0.482286            0.691508           -0.512369
-0.346815           0.0237551           -0.163887
-0.346815           0.0237551           -0.163887
-0.346815           0.0237551           -0.163887
-0.130381           -0.192276           -0.177974
-0.130381           -0.192276           -0.177974
-0.130381           -0.192276           -0.177974
0.817184            0.420713            0.819683
0.817184            0.420713            0.819683
1.19128            0.441112             1.16378
1.72324            0.736086            0.338802
1.5416             1.33412           -0.429019
1.5416             1.33412           -0.429019
2.11569            0.726488            0.477455
2.00084            0.894399           -0.414896
2.00084            0.894399           -0.414896
2.02946            0.344299            -1.23598
2.31287             1.30414           -0.600599
3.09337            0.861368            0.029363
2.88967           0.0849324            0.500359
1.97284            0.469572            0.993891
2.90213              1.2093            0.992599
2.26151            0.609057         0.000389001
2.83084             -0.1028           -0.681085
2.30367            0.595512            -1.33272
2.21435             1.25847           -0.702249
2.54997              1.7754           -0.300953
1.81906             1.74362           -0.847131
1.60897             1.73938             -1.2967
1.60897             1.73938             -1.2967
1.60897             1.73938             -1.2967
0.803981             1.90246           -0.403667
0.889789             2.05578          -0.0454604
0.307341             1.56214           -0.164096
-0.0521608             1.74408            0.296879
0.411133             1.50708           -0.365224
1.01623            0.561999            -1.17804
1.01623            0.561999            -1.17804
0.530885           0.0585951            -1.03284
-0.230648            0.314769           -0.201626
-0.230648            0.314769           -0.201626
-0.230648            0.314769           -0.201626
-0.230648            0.314769           -0.201626
-0.230648            0.314769           -0.201626
-0.230648            0.314769           -0.201626
-0.230648            0.314769           -0.201626
-0.230648            0.314769           -0.201626
-0.230648            0.314769           -0.201626
-0.230648            0.314769           -0.201626
-0.270887            0.242818           0.0810354
-0.270887            0.242818           0.0810354
-0.270887            0.242818           0.0810354
-0.270887            0.242818           0.0810354
-0.663167            0.707729           -0.111185
-0.663167            0.707729           -0.111185
-0.866238        -0.000200199            0.841972
-0.866238        -0.000200199            0.841972
-0.954548           -0.930268          -0.0313529
-0.558592           -0.683887            -0.16271
-0.400581           -0.824224           -0.159833
-0.400581           -0.824224           -0.159833
-0.190858            -1.16612            0.263095
-0.882576           -0.189845             1.02626
-0.882576           -0.189845             1.02626
-0.503852           -0.830896             1.15835
-1.13834          -0.0685253              1.6012
-1.0155           -0.775652             1.52333
-1.0155           -0.775652             1.52333
-0.186575           -0.849271            0.727501
-0.186575           -0.849271            0.727501
-0.186575           -0.849271            0.727501
-0.467643            -1.33426            0.511589
-0.467643            -1.33426            0.511589
-0.740003            -1.71681           -0.277714
-0.969177            -1.41287           -0.331941
-0.969177            -1.41287           -0.331941
-0.622001           -0.904642           0.0675285
0.0980591            -1.28129            0.546244
-0.164893            -0.67037            0.740528
-0.29417           -0.880631            0.166257
-1.10852           -0.822859             0.40236
-0.810655            -1.15532            0.645524
0.172032           -0.373456            0.975759
0.172032           -0.373456            0.975759
0.172032           -0.373456            0.975759
-0.0150806           -0.686796            0.988185
-0.491345            -1.65628            0.918548
-0.570835            -1.82479             1.82121
-0.338395            -2.58199              1.0642
-0.338395            -2.58199              1.0642
-1.26416            -2.05919            0.716764
-1.50815            -1.61954             1.35348
-2.0284           -0.860975             1.38575
-1.15013           -0.758576            0.676615
-0.945404          -0.0853797             1.51866
-0.342933           -0.851909             1.43169
-1.09015           0.0297989            0.586215
-0.66203           -0.404235           -0.236616
-0.66203           -0.404235           -0.236616
-0.66203           -0.404235           -0.236616
-0.66203           -0.404235           -0.236616
-0.66203           -0.404235           -0.236616
-0.66203           -0.404235           -0.236616
-1.04495           -0.348676           -0.274301
-1.04495           -0.348676           -0.274301
-1.49756           -0.862466           -0.912774
-2.39489           -0.699298            -1.15614
-2.39489           -0.699298            -1.15614
-2.39489           -0.699298            -1.15614
-2.39489           -0.699298            -1.15614
-2.90499            -0.40181           -0.568576
-2.90499            -0.40181           -0.568576
-3.22521            0.401029           -0.849648
-2.46125          -0.0493349            -1.39518
-1.82493           0.0121997            -1.27746
-1.82493           0.0121997            -1.27746
-1.82493           0.0121997            -1.27746
-1.27161           -0.897463           -0.910645
-0.537514           -0.598064            -1.66996
-0.537514           -0.598064            -1.66996
-0.564338           -0.368954            -1.32137
-0.564338           -0.368954            -1.32137
-0.319201            -1.31351           -0.429613
-0.319201            -1.31351           -0.429613
-0.703264           -0.545955            0.263036
-0.703264           -0.545955            0.263036
-0.800202            0.080478           -0.500052
0.0519837           -0.108055           -0.563103
-0.329356           -0.292958             0.11202
0.358783           -0.379658           -0.239566
0.358783           -0.379658           -0.239566
-0.3829           -0.723369            -0.17819
0.484575           0.0939001            -1.16891
0.484575           0.0939001            -1.16891
0.484575           0.0939001            -1.16891
-0.385985            0.578468            -1.41438
-0.27702          -0.0843392            -1.23825
0.492105           0.0232678           -0.901119
0.492105           0.0232678           -0.901119
-0.275363           0.0880268           0.0635689
0.163492            0.414962            0.526715
1.14809            0.363646            0.427513
0.531049           -0.194005             1.40266
0.531049           -0.194005             1.40266
0.531049           -0.194005             1.40266
0.616232            0.252612            0.463005
0.616232            0.252612            0.463005
-0.10801            0.806553             0.21415
-0.480913            0.245637            0.392126
-0.261656            0.644513           -0.219323
-0.182529           -0.347248           -0.935005
-1.09964            0.555496            -1.61684
-1.09964            0.555496            -1.61684
-1.09964            0.555496            -1.61684
-0.95426            0.973663            -1.65857
-0.95426            0.973663            -1.65857
-0.364757             1.93223            -1.20426
-0.635173            0.983546           -0.668784
-0.480105            0.401369            0.247935
-0.480105            0.401369            0.247935
-0.480105            0.401369            0.247935
-0.480105            0.401369            0.247935
-0.480105            0.401369            0.247935
-0.591299           -0.345101           -0.383375
0.237595           -0.816767           -0.764051
-0.610096          -0.0815445            -1.26159
-0.978565           -0.859636            -1.00105
-0.182007          -0.0629156            -1.22604
-0.182007          -0.0629156            -1.22604
-0.182007          -0.0629156            -1.22604
-1.16683            0.659353           -0.563222
-0.506941            0.920338             0.17857
-0.781674          -0.0784913             0.54342
-0.781674          -0.0784913             0.54342
-0.160421            0.304875            0.551015
-0.160421            0.304875            0.551015
-0.160421            0.304875            0.551015
-0.318858            0.817656             1.17847
-0.422507           0.0181391            0.809936
-0.503054            0.269452             1.13284
-0.503054            0.269452             1.13284
-0.503054            0.269452             1.13284
-0.503054            0.269452             1.13284
-0.503054            0.269452             1.13284
-0.885592            -0.30018             1.71048
-1.8333            0.161733            0.988399
-1.10178           -0.646409             1.42835
-1.10178           -0.646409             1.42835
-0.408529           -0.154575            0.574893
-0.408529           -0.154575            0.574893
-0.408529           -0.154575            0.574893
-0.0300641           -0.375625            0.166818
-0.0300641           -0.375625            0.166818
0.875829             0.17884           -0.245373
1.00149           -0.162826            -1.02723
1.19889          -0.0487965           -0.163627
1.19889          -0.0487965           -0.163627
1.19889          -0.0487965           -0.163627
1.4032            0.124473           -0.754115
1.96643             0.75774           -0.808769
1.84601            0.377528            -0.54598
1.84601            0.377528            -0.54598
1.76431             0.60108            -1.05968
1.79354            0.648202           -0.206305
0.925537            0.411076            0.773541
0.729207            0.335581             1.02081
0.729207            0.335581             1.02081
-0.078798            0.209533            0.928644
-0.078798            0.209533            0.928644
-0.640176           -0.388984            0.441277
-0.805775            -1.21265            0.287674
-0.805775            -1.21265            0.287674
-0.0300477              -1.001            0.664495
-0.0300477              -1.001            0.664495
-0.798526             -0.0427           -0.195692
-0.767415           -0.696343           -0.574594
-0.767415           -0.696343           -0.574594
-0.767415           -0.696343           -0.574594
-0.767415           -0.696343           -0.574594
-0.767415           -0.696343           -0.574594
-1.45104           -0.581073           -0.548155
-0.900999            -0.64395           -0.697244
-0.469725            -1.23754           -0.947607
-0.469725            -1.23754           -0.947607
0.454007            -1.20324           -0.209109
0.454007            -1.20324           -0.209109
0.454007            -1.20324           -0.209109
0.454007            -1.20324           -0.209109
0.0491794            -1.07573              0.3239
-0.394474           -0.380964            0.462181
-0.394474           -0.380964            0.462181
0.340185           -0.449548           -0.204371
0.340185           -0.449548           -0.204371
0.340185           -0.449548           -0.204371
-0.296041          0.00415002           -0.045163
-0.846659           -0.488477           -0.753107
0.0479431           -0.502629          -0.0582224
0.0479431           -0.502629          -0.0582224
0.0479431           -0.502629          -0.0582224
0.0479431           -0.502629          -0.0582224
0.0479431           -0.502629          -0.0582224
0.0479431           -0.502629          -0.0582224
-0.459385            -0.17895           -0.701704
-0.459385            -0.17895           -0.701704
-0.459385            -0.17895           -0.701704
-0.512383            -1.03733            -1.08386
-0.512383            -1.03733            -1.08386
0.425542            -1.17915           -0.241278
0.702913            -0.33897            0.619922
1.32897            0.214074           -0.240016
1.0309             0.96536           -0.881365
1.04359            0.993137         -0.00759372
1.04359            0.993137         -0.00759372
0.482077            0.977242            0.675891
0.592583            0.220394            0.505376
0.592583            0.220394            0.505376
0.592583            0.220394            0.505376
0.592583            0.220394            0.505376
0.168617              1.1376             1.18504
0.390623             1.38754            0.385919
0.390623             1.38754            0.385919
-0.167565              1.8676            0.341143
-0.0773041             1.81413           -0.196421
-0.397902             1.10703            -0.71989
-0.397902             1.10703            -0.71989
-1.18495            0.396875           -0.743092
-0.968479             1.07317            -1.20621
-0.968479             1.07317            -1.20621
-0.968479             1.07317            -1.20621
-0.968479             1.07317            -1.20621
-1.68923             0.93248           -0.923239
-1.63564            0.635213           -0.489457
-0.857835           0.0537379           -0.725458
-0.458861            0.232798            -1.00802
-0.953852            -0.30731            -1.11124
-0.926935            -1.29306           -0.496061
-0.0498973           -0.461307           -0.915995
-0.612123           -0.429497           -0.850963
0.125471            0.399869            -1.79315
0.292389           -0.404473             -2.1765
0.340219            0.396618            -1.43944
0.759557           -0.594872            -1.47868
0.759557           -0.594872            -1.47868
0.759557           -0.594872            -1.47868
1.00217            -0.91173           -0.638818
0.232336            -1.30127            0.201726
0.942201            -1.37003            0.775502
1.67682           -0.550688          -0.0103614
1.47971            0.397235            0.600193
1.33961           -0.137249          -0.0878283
1.95843          -0.0477165           -0.761306
1.79602           -0.759336          -0.0601184
1.79602           -0.759336          -0.0601184
1.98948           0.0411765           -0.677752
1.25485            0.402502           -0.672506
0.85797            0.538651            -1.16331
0.560927             1.24308            -1.63806
0.560927             1.24308            -1.63806
0.560927             1.24308            -1.63806
-0.060246             0.27718            -2.31872
-0.189774            0.315003            -1.72269
-0.189774            0.315003            -1.72269
-0.0412374           -0.496265            -2.08267
-0.0412374           -0.496265            -2.08267
-0.775158              0.2908             -2.0599
0.0158059           -0.628971            -1.11198
-0.135617            0.262309           -0.853333
-0.657062           -0.624222           -0.509315
-0.657062           -0.624222           -0.509315
-0.459823           -0.768268            0.432089
-0.042816           -0.903907            0.778029
-0.042816           -0.903907            0.778029
0.653215            -1.08532             1.40178
0.653215            -1.08532             1.40178
0.418385           -0.876091            0.785761
0.176009           0.0509196            0.269118
0.176009           0.0509196            0.269118
0.176009           0.0509196            0.269118
0.176009           0.0509196            0.269118
0.176009           0.0509196            0.269118
0.176009           0.0509196            0.269118
-0.435546             0.28136           -0.170273
-0.435546             0.28136           -0.170273
-0.435546             0.28136           -0.170273
0.0708244           0.0100285            0.313665
0.0708244           0.0100285            0.313665
0.0708244           0.0100285            0.313665
0.754983            0.454758            0.289211
0.754983            0.454758            0.289211
-0.0301456            0.978174            0.656992
0.698356             1.61942            0.333691
0.997081            0.723278            0.806118
0.997081            0.723278            0.806118
1.28444            0.928882            0.167111
0.580524            0.487558           -0.754176
0.324617            0.142948            -0.72105
1.01449            0.925808           -0.109293
1.02842          -0.0204188           -0.743118
0.27114           -0.836451           -0.226012
0.27114           -0.836451           -0.226012
0.27114           -0.836451           -0.226012
0.27114           -0.836451           -0.226012
-0.609896           -0.138245            -1.16467
-0.203176           -0.176847           -0.323846
-0.203176           -0.176847           -0.323846
0.730774           0.0229386            0.200976
0.730774           0.0229386            0.200976
0.730774           0.0229386            0.200976
0.730774           0.0229386            0.200976
0.95708             0.33744           -0.398304
0.95708             0.33744           -0.398304
0.151146             1.15411           -0.241993
-0.14177            0.756303            -1.23338
-0.14177            0.756303            -1.23338
-0.551382            0.829574           -0.617407
-0.551382            0.829574           -0.617407
-0.551382            0.829574           -0.617407
-0.551382            0.829574           -0.617407
-0.551382            0.829574           -0.617407
-0.551382            0.829574           -0.617407
-0.551382            0.829574           -0.617407
0.023034            0.923148           -0.703616
0.023034            0.923148           -0.703616
0.023034            0.923148           -0.703616
-0.322563             1.49441            0.258821
-1.04096             1.32944           -0.669359
-1.04096             1.32944           -0.669359
-0.230689            0.570933           -0.209712
-0.230689            0.570933           -0.209712
-0.230689            0.570933           -0.209712
-0.230689            0.570933           -0.209712
-0.862767             1.14719           -0.678029
-0.0976671             1.36953            0.275418
-0.0976671             1.36953            0.275418
0.886939             1.40382            0.202243
0.337695              1.2788          -0.0467465
-0.586162             1.04228           -0.837294
-0.586162             1.04228           -0.837294
-0.707396            0.470906           -0.923916
-0.707396            0.470906           -0.923916
0.0188723            0.084132            -1.41382
0.0188723            0.084132            -1.41382
0.038125          -0.0212959            -1.15257
0.196602             0.12563           -0.588229
0.196602             0.12563           -0.588229
0.196602             0.12563           -0.588229
0.196602             0.12563           -0.588229
-0.33597           -0.140175             0.21935
-0.33597           -0.140175             0.21935
-0.33597           -0.140175             0.21935
-0.33597           -0.140175             0.21935
-0.33597           -0.140175             0.21935
-0.33597           -0.140175             0.21935
-0.10912           -0.978512             0.35756
-0.10912           -0.978512             0.35756
-0.10912           -0.978512             0.35756
0.144459            -1.16479           -0.514764
0.323657           -0.931245           -0.488134
0.323657           -0.931245           -0.488134
0.420722           0.0601506          -0.0579342
0.420722           0.0601506          -0.0579342
0.294267            0.110397           -0.505114
-0.387054           -0.632109            0.251173
-0.816351            0.141981             0.30836
-1.29636          -0.0995805           -0.407901
-1.2043           0.0436524           0.0204209
-0.635273           -0.198036            0.791624
-0.635273           -0.198036            0.791624
-0.199698           -0.546527             1.62497
0.695922           -0.422797             1.19092
0.314106           -0.873634            0.334753
0.314106           -0.873634            0.334753
0.314106           -0.873634            0.334753
0.314106           -0.873634            0.334753
0.314106           -0.873634            0.334753
0.314106           -0.873634            0.334753
0.314106           -0.873634            0.334753
0.314106           -0.873634            0.334753
0.1562           0.0775601            -0.17259
0.577492            0.139144           -0.840274
0.261846           -0.836889            -1.63182
0.261846           -0.836889            -1.63182
0.261846           -0.836889            -1.63182
-0.0196481           -0.535007            -2.29434
-0.0196481           -0.535007            -2.29434
-0.197074           -0.418472            -2.38708
0.282534            0.572057            -1.98105
-0.500881             1.26708            -1.47307
0.0357505            0.562744           -0.683377
-0.915206            0.356816            0.267952
-0.915206            0.356816            0.267952
-0.915206            0.356816            0.267952
-0.067528            0.207333             1.18044
-0.696741            0.245756            0.505747
-0.696741            0.245756            0.505747
-0.696741            0.245756            0.505747
-0.696741            0.245756            0.505747
-0.696741            0.245756            0.505747
-0.696741            0.245756            0.505747
-0.696741            0.245756            0.505747
-0.696741            0.245756            0.505747
0.0607612            -0.12942           -0.413986
0.0607612            -0.12942           -0.413986
0.0607612            -0.12942           -0.413986
0.742475           0.0438845           0.0593799
0.605164           0.0300388            0.546895
0.605164           0.0300388            0.546895
0.976657            0.214122            0.753212
0.976657            0.214122            0.753212
1.20222            0.917918          -0.0959929
1.88549            0.693245           -0.273197
2.05573             1.23617             -1.1073
2.05573             1.23617             -1.1073
1.70894            0.545861            -1.36601
1.70894            0.545861            -1.36601
1.57188             1.08208           -0.410312
1.57188             1.08208           -0.410312
1.57188             1.08208           -0.410312
0.776217             1.88599           -0.622962
0.28884             2.52384           -0.464004
0.13251             2.11807           -0.299472
-0.749074             1.93278            0.171253
-1.41756             1.52411           -0.665868
-0.814339            0.694362            -1.49754
-0.0845195           -0.093134            -1.98088
-0.0845195           -0.093134            -1.98088
-0.980673            0.658185            -2.38261
-0.845098            0.205053            -2.07219
0.152764            0.571519             -1.9824
0.152764            0.571519             -1.9824
-0.668756            0.595974            -1.10535
-0.668756            0.595974            -1.10535
-0.668756            0.595974            -1.10535
-1.14045            0.353481            -1.21182
-1.14045            0.353481            -1.21182
-1.14045            0.353481            -1.21182
-0.633366              1.3085           -0.897611
-0.303185            0.309082            -1.40287
-0.303185            0.309082            -1.40287
-1.03928             1.03433           -0.677102
-1.03928             1.03433           -0.677102
-0.570017            0.914326            -1.24706
-0.570017            0.914326            -1.24706
0.0312635            0.527658            -1.10814
-0.917917            0.266626           -0.265165
-0.739376            0.495326           -0.729115
-0.0959925             1.34182            -1.05216
0.388839             1.25298           -0.391264
-0.402075            0.334345            -1.35682
0.303793            0.494074            -1.90175
1.29243           -0.288366            -1.27779
1.67799           -0.797573            -0.30364
1.81585          0.00900574            -1.13814
0.969628            0.645199            -0.43232
0.969628            0.645199            -0.43232
1.89468            0.557189           -0.602583
1.44772            0.947073            0.275942
1.44772            0.947073            0.275942
1.40231            0.332467            0.463538
1.40231            0.332467            0.463538
1.40231            0.332467            0.463538
1.40231            0.332467            0.463538
1.35127            0.503121          -0.0846761
1.35127            0.503121          -0.0846761
1.35127            0.503121          -0.0846761
1.21205            0.371663           -0.439848
1.1233           -0.140463          -0.0740919
1.1233           -0.140463          -0.0740919
1.43185            0.621494            0.462244
0.706036           -0.335574           -0.378067
0.131761            0.252974           0.0974617
0.131761            0.252974           0.0974617
0.131761            0.252974           0.0974617
0.442187          -0.0635102          -0.0451329
0.700115            0.549863           -0.165195
0.700115            0.549863           -0.165195
0.700115            0.549863           -0.165195
0.261266            0.802757           -0.135856
0.261266            0.802757           -0.135856
0.966703          0.00569668             0.17013
0.478914           -0.680899           0.0801161
0.514197            0.132149            0.710044
1.35219           -0.531388            0.827179
1.35219           -0.531388            0.827179
1.71299           -0.154484            0.677138
1.74083           -0.664385           -0.285889
0.837559           -0.233775           -0.500436
0.837559           -0.233775           -0.500436
0.837559           -0.233775           -0.500436
0.544577           -0.943411           -0.591808
0.544577           -0.943411           -0.591808
0.459508           -0.874092           0.0643886
1.17405           -0.243802           -0.832487
0.66111            0.540989           -0.209308
0.66111            0.540989           -0.209308
0.66111            0.540989           -0.209308
0.0779757              1.3907           -0.177079
1.07369             1.01872           -0.407154
1.12924             1.24415            -0.63435
1.43995             1.06296           -0.412551
0.759385             1.85452            -0.83705
0.813789             1.96298           -0.174702
0.207356             1.14799           -0.217898
-0.266887            0.917536           -0.490565
-0.266887            0.917536           -0.490565
-0.266887            0.917536           -0.490565
-0.0287936            0.566083            0.469602
-0.0287936            0.566083            0.469602
-0.0287936            0.566083            0.469602
-0.0287936            0.566083            0.469602
0.24629             1.03261            0.475647
0.697699             0.75835            0.363588
-0.169776            0.239462           0.0738901
0.266142             0.12414            0.510592
0.266142             0.12414            0.510592
-0.475261           -0.708058            0.718918
-0.870127           -0.372996              1.1642
-1.01247           -0.228044            0.243166
-0.746728           0.0293954             1.18351
-0.746728           0.0293954             1.18351
-1.37606            0.695624            0.791248
-1.37606            0.695624            0.791248
-1.37606            0.695624            0.791248
-1.76978           -0.217993           0.0837853
-1.53668           -0.729498            0.555827
-1.10032            -1.70041            0.111861
-1.10032            -1.70041            0.111861
-0.199066           -0.790554            0.919521
0.550642           -0.478975            0.944078
0.550642           -0.478975            0.944078
0.272644           -0.672863             1.02842
-0.277076            -1.40253             1.10163
-0.328616            -1.25864            0.844985
0.366025            -1.42265            0.156802
0.366025            -1.42265            0.156802
0.262254            -1.04323           -0.337176
0.0713668            -1.10001           -0.581878
0.0713668            -1.10001           -0.581878
-0.684377            -1.09054           -0.313072
-0.823098           -0.177127           -0.469133
-0.823098           -0.177127           -0.469133
-0.823098           -0.177127           -0.469133
-0.961723           -0.823483          -0.0609358
-0.961723           -0.823483          -0.0609358
-0.0316982           -0.599127           -0.855957
-0.0316982           -0.599127           -0.855957
-0.0995767            0.151431            -1.51008
-0.327343              1.0412           -0.768847
-1.23727            0.684015          -0.0197404
-1.23727            0.684015          -0.0197404
-0.253993            0.702132            0.263192
-0.253993            0.702132            0.263192
0.135908            0.137771            0.766518
0.135908            0.137771            0.766518
-0.0839341             1.04466            0.187992
-0.755171            0.258458           -0.312383
-0.755171            0.258458           -0.312383
-0.599715           -0.090201           -0.842539
-0.599715           -0.090201           -0.842539
-1.58419            0.516092            -0.66577
-2.53973            0.299791            -0.62347
-1.96859            0.721976           -0.404603
-2.57959            0.414268           0.0913403
-2.57959            0.414268           0.0913403
-2.40195           -0.251188           -0.312554
-2.40195           -0.251188           -0.312554
-2.01029            0.290707            -0.22177
-1.9798            0.558566            -0.62082
-1.9798            0.558566            -0.62082
-2.46061            0.873566            0.185832
-2.46061            0.873566            0.185832
-2.26903             0.92249             1.04256
-1.46331            0.427639             0.71311
-1.44008             1.24114              1.2778
-1.05465             1.50446            0.512576
-1.05465             1.50446            0.512576
-1.81604             2.37797           -0.219269
-1.81604             2.37797           -0.219269
-1.81604             2.37797           -0.219269
-0.914038             1.89866            0.351036
-0.509701             2.14807            0.172492
-0.509701             2.14807            0.172492
0.405497             1.33244            0.177707
0.405497             1.33244            0.177707
0.405497             1.33244            0.177707
0.331758              2.3068           -0.745393
0.331758              2.3068           -0.745393
0.331758              2.3068           -0.745393
-0.153354             2.19144           -0.558049
-0.153354             2.19144           -0.558049
-0.40793             2.15299           -0.308436
-0.72044             2.55372           0.0710103
-0.72044             2.55372           0.0710103
-0.282224             2.13047            0.746924
-0.282224             2.13047            0.746924
0.0234003             1.16144             1.50456
-0.360015             1.72073            0.974473
-0.360015             1.72073            0.974473
-0.629954             1.37233            0.953046
-0.629954             1.37233            0.953046
-0.629954             1.37233            0.953046
-0.629954             1.37233            0.953046
-0.629954             1.37233            0.953046
-0.34884             1.21105             0.57931
-0.100282            0.679792             1.07512
0.346516            0.329805            0.484728
0.346516            0.329805            0.484728
0.346516            0.329805            0.484728
0.346516            0.329805            0.484728
0.233767           -0.506155          -0.0663728
-0.0248523           -0.884736            0.621354
-0.0118827           -0.150029           -0.282988
-0.0118827           -0.150029           -0.282988
0.018961            0.547716           -0.403471
0.018961            0.547716           -0.403471
0.347137           -0.416622            -0.19436
0.347137           -0.416622            -0.19436
0.347137           -0.416622            -0.19436
0.347137           -0.416622            -0.19436
0.0708073           -0.624964            -0.25591
0.0708073           -0.624964            -0.25591
0.704025           -0.113766            -0.54266
0.16073           -0.868954            -1.51469
0.182003           -0.364582            -1.72555
0.182003           -0.364582            -1.72555
0.182003           -0.364582            -1.72555
-0.647333            0.543655            -1.54517
-0.647333            0.543655            -1.54517
-0.412879             1.14687           -0.972298
-0.414634            0.814199           -0.729705
0.231368            0.794142            0.243246
0.231368            0.794142            0.243246
0.58794           -0.190832           -0.047585
0.58794           -0.190832           -0.047585
0.58794           -0.190832           -0.047585
-0.246031           -0.425591            0.464757
-0.246031           -0.425591            0.464757
-0.0775175          -0.0593991           -0.272247
-0.0775175          -0.0593991           -0.272247
-0.0775175          -0.0593991           -0.272247
-0.0775175          -0.0593991           -0.272247
-0.0775175          -0.0593991           -0.272247
0.214329           -0.167439           -0.999639
0.214329           -0.167439           -0.999639
0.214329           -0.167439           -0.999639
0.214329           -0.167439           -0.999639
-0.12562            -1.01084            -1.28483
-0.264068           -0.913887            -1.11764
0.293559           -0.409697            -1.92981
0.298869            0.313465            -1.97029
-0.521537           -0.530868            -1.21219
-0.717583            0.126841            -1.09577
-0.539366            0.603643           -0.297337
-0.539366            0.603643           -0.297337
-0.0541097            0.820261           -0.258092
0.254925            0.694949            0.208051
-0.47879          -0.0260922            0.516683
-0.47879          -0.0260922            0.516683
-0.459753           -0.516378            0.438472
-0.459753           -0.516378            0.438472
0.347372           -0.728888           -0.411866
0.645241            0.181002            0.477367
0.645241            0.181002            0.477367
0.645241            0.181002            0.477367
0.645241            0.181002            0.477367
0.645241            0.181002            0.477367
0.645241            0.181002            0.477367
0.645241            0.181002            0.477367
0.260538            0.312896            0.277507
0.260538            0.312896            0.277507
0.368878           -0.309057            0.164212
0.368878           -0.309057            0.164212
0.48694            0.368807            0.030474
0.48694            0.368807            0.030474
1.26805            0.113401           -0.347281
0.486904             0.37213            -0.13033
0.486904             0.37213            -0.13033
0.486904             0.37213            -0.13033
0.486904             0.37213            -0.13033
0.486904             0.37213            -0.13033
0.486904             0.37213            -0.13033
0.486904             0.37213            -0.13033
1.00993            0.139508           -0.124625
1.00993            0.139508           -0.124625
1.10487           -0.397201           -0.455271
1.10487           -0.397201           -0.455271
1.10487           -0.397201           -0.455271
1.4214           -0.459277           -0.511099
1.4214           -0.459277           -0.511099
1.4214           -0.459277           -0.511099
1.6293             0.18793          -0.0820309
1.6293             0.18793          -0.0820309
1.6293             0.18793          -0.0820309
1.78543            0.195956           0.0548018
1.78543            0.195956           0.0548018
1.78543            0.195956           0.0548018
1.78543            0.195956           0.0548018
1.78543            0.195956           0.0548018
2.08353            0.450703           -0.611264
1.41313            0.201589             -1.2252
1.41313            0.201589             -1.2252
1.6888            0.601604             -1.0475
0.749629          -0.0969176            -1.38121
0.749629          -0.0969176            -1.38121
0.749629          -0.0969176            -1.38121
0.749629          -0.0969176            -1.38121
0.749629          -0.0969176            -1.38121
0.749629          -0.0969176            -1.38121
0.432077           -0.473808           -0.675322
0.432077           -0.473808           -0.675322
0.432077           -0.473808           -0.675322
-0.0601367           -0.424516            -1.17868
0.247901            -1.19503             -0.3665
0.247901            -1.19503             -0.3665
0.247901            -1.19503             -0.3665
0.247901            -1.19503             -0.3665
-0.219824           -0.989801            0.311143
-0.0316966           -0.325251             1.11114
-0.818114            0.194129             1.17164
0.0600602            0.212911             1.29587
0.940072             1.20834             1.53847
0.108298            0.619585             1.52162
0.108298            0.619585             1.52162
-0.532691             1.41079             1.33866
-0.152569             1.25934            0.861085
-1.0822             1.32205               1.749
-0.442645             1.01961             1.92403
-1.28073            0.905407             1.24111
-1.28073            0.905407             1.24111
-1.28073            0.905407             1.24111
-0.304218            0.704604            0.634399
-0.304218            0.704604            0.634399
0.576919            0.548309             1.21602
0.576919            0.548309             1.21602
1.36262            0.937169             1.45914
0.437073             1.74632             1.31363
0.437073             1.74632             1.31363
0.0228831             1.32302             1.79247
0.0228831             1.32302             1.79247
-0.780752            0.833597             1.23472
-0.498947            0.912301             0.71062
0.338349             1.22124           -0.239776
-0.160553             1.65103            0.249396
-0.160553             1.65103            0.249396
-0.160553             1.65103            0.249396
0.539591             1.19959             0.64566
-0.358125             1.44602            0.492378
0.47289               2.253            0.468451
0.98064             2.39286           -0.460409
0.98064             2.39286           -0.460409
1.88829             1.78582            -0.31678
1.94514             1.05096           -0.166325
1.28042              1.6213           0.0242944
1.2956             1.53329           -0.473863
0.898073             2.16953           -0.916756
0.898073             2.16953           -0.916756
0.290397             1.19919           -0.517474
-0.116832             1.91445            -0.46583
-0.116832             1.91445            -0.46583
-0.116832             1.91445            -0.46583
-0.776167             1.95083           -0.454838
-0.776167             1.95083           -0.454838
-0.776167             1.95083           -0.454838
-0.776167             1.95083           -0.454838
0.197385             1.30954            -1.17372
0.475052             1.43477            -1.87408
-0.0387262            0.746101            -2.08479
-0.0387262            0.746101            -2.08479
-0.454254            0.231251            -1.88806
-1.29919           -0.215614             -0.9858
-1.29919           -0.215614             -0.9858
-1.29919           -0.215614             -0.9858
-1.29919           -0.215614             -0.9858
-2.28685           -0.605603           -0.504975
-1.53202            -1.17888            -1.12604
-0.870291             -1.6318            -1.28569
-1.20944            -1.59121           -0.862801
-1.32135            -1.67223           -0.799232
-1.32135            -1.67223           -0.799232
-1.32135            -1.67223           -0.799232
-1.32135            -1.67223           -0.799232
-1.32135            -1.67223           -0.799232
-1.32135            -1.67223           -0.799232
-1.32135            -1.67223           -0.799232
-1.84708            -1.24338           -0.278829
-2.71475            -1.10283            0.433363
-2.1357           -0.894708            0.494674
-1.9901           -0.409756           -0.446025
-1.94243           -0.743016          -0.0937061
-0.980016           -0.864256           -0.595407
-0.756969            -1.43038            0.118443
-1.00989            -1.33823           -0.215799
-1.55925            -1.33027            -0.38057
-0.863877             -1.3231            -1.15492
-0.863877             -1.3231            -1.15492
-0.692876            -1.40858           -0.436602
-0.417595            -1.44225            0.535868
-0.417595            -1.44225            0.535868
-0.417595            -1.44225            0.535868
-0.417595            -1.44225            0.535868
-0.70966            -1.08317            0.215354
-0.280898            -0.45659             0.04855
-0.565672            0.484102            0.622847
0.0856338            0.482001            0.474858
-0.418195            0.993104            0.280633
-0.418195            0.993104            0.280633
-0.447576            0.250934            0.483119
-0.18108            0.188856            0.741874
-0.18108            0.188856            0.741874
-1.08168             1.11326             1.08001
-1.9426             1.15445            0.210037
-1.9426             1.15445            0.210037
-1.57128            0.650315           -0.451578
-0.698318             1.05562           -0.971825
0.180999             1.59734           -0.256754
0.3201             1.00765           -0.571919
0.082456             0.59135            0.360141
0.082456             0.59135            0.360141
0.082456             0.59135            0.360141
-0.459583            0.891784            0.991904
-0.459583            0.891784            0.991904
-0.472371            0.352252             1.00578
-0.472371            0.352252             1.00578
0.0776422            0.365957             0.91095
0.0776422            0.365957             0.91095
0.0776422            0.365957             0.91095
0.0776422            0.365957             0.91095
0.37585             1.02662            0.712117
0.37585             1.02662            0.712117
0.37585             1.02662            0.712117
0.349194             0.32366             1.17001
0.349194             0.32366             1.17001
0.349194             0.32366             1.17001
-0.377789            0.559938             1.07322
-0.0316666             1.36273             0.89332
0.498396            0.374837             1.67668
0.498396            0.374837             1.67668
0.807605           0.0214555             2.15369
0.916798            0.498426             2.49126
0.988646           0.0923243             1.79615
0.988646           0.0923243             1.79615
0.617975           -0.262065             1.06448
0.0354497           -0.638622             1.08568
0.938185            0.348765            0.333028
0.575008            0.541432            0.335224
0.408407             0.33923             0.35913
0.408407             0.33923             0.35913
-0.335406           -0.262629           0.0149478
0.0583214            0.520969          -0.0991658
-0.4204           -0.266334           -0.684754
-0.638059           -0.395324           -0.821623
-0.638059           -0.395324           -0.821623
-0.487178           0.0265818           -0.225249
-0.487178           0.0265818           -0.225249
-0.487178           0.0265818           -0.225249
0.383894           -0.399294           -0.757185
0.383894           -0.399294           -0.757185
-0.502705           -0.216721           -0.754422
-0.720391           -0.385732            -0.87082
-1.21413            0.317365            -1.13958
-0.720866             0.72692            -1.21649
-0.40664            0.247911            -1.16544
-0.40664            0.247911            -1.16544
-0.240782           -0.399687           -0.346018
-0.240782           -0.399687           -0.346018
0.0343331            -0.87048            -1.19483
-0.958531           -0.572389            -0.84563
-0.636373           -0.790735           -0.490752
0.235102            -1.06468           0.0158331
0.319478            -1.54349           0.0976558
1.01547            -1.39901            0.177215
1.01547            -1.39901            0.177215
0.478047            -1.11297           0.0639026
1.00337           -0.197552           -0.254677
0.244713           -0.290532           -0.774513
0.244713           -0.290532           -0.774513
0.244713           -0.290532           -0.774513
-0.356829           -0.285978           -0.352313
-0.356829           -0.285978           -0.352313
0.256087           -0.150679           -0.361566
0.256087           -0.150679           -0.361566
-0.411482            0.438436           -0.283078
-0.411482            0.438436           -0.283078
-0.411482            0.438436           -0.283078
0.15975            0.501042           0.0267006
0.15975            0.501042           0.0267006
-0.534227             1.06943            -0.21998
-0.534227             1.06943            -0.21998
-0.534227             1.06943            -0.21998
0.196771             1.48744           -0.979442
0.196771             1.48744           -0.979442
0.535965            0.919914           -0.962524
0.535965            0.919914           -0.962524
0.535965            0.919914           -0.962524
0.166374            0.538754           -0.181984
0.166374            0.538754           -0.181984
0.166374            0.538754           -0.181984
0.100286            0.670873           -0.836345
0.733162             1.13617           -0.268937
0.733162             1.13617           -0.268937
0.733162             1.13617           -0.268937
0.733162             1.13617           -0.268937
0.733162             1.13617           -0.268937
0.733162             1.13617           -0.268937
1.35616             1.48013           0.0610848
1.35616             1.48013           0.0610848
1.02128            0.719326            0.405585
1.02128            0.719326            0.405585
1.02128            0.719326            0.405585
1.02128            0.719326            0.405585
1.02128            0.719326            0.405585
1.00053            0.768186            0.895118
0.143594             1.73248             1.40112
0.0644225             2.23447              1.0161
-0.0519927             2.33128             1.78347
-0.955363             2.13699              1.3809
-1.01614             2.92854              1.3295
-1.01614             2.92854              1.3295
-1.99933             3.86547             1.12044
-1.99933             3.86547             1.12044
-1.0189             3.23135             1.58654
-1.0189             3.23135             1.58654
-1.0189             3.23135             1.58654
-1.99238             3.29492             1.85339
-2.77011             4.07528               2.597
-1.81037             4.74484             2.19695
-1.44007             4.31323             1.53072
-1.44007             4.31323             1.53072
-1.44007             4.31323             1.53072
-1.44007             4.31323             1.53072
-1.44007             4.31323             1.53072
-0.467643             4.98786             1.98816
-1.27181             5.97705             2.49752
-1.19328             6.61277             1.65084
-0.301004             6.05469             1.50972
-0.994633             6.50404            0.534829
-0.994633             6.50404            0.534829
-0.649022             6.84647            0.597943
-1.28901             6.26794            0.183809
-1.50488             6.10089           -0.318343
-2.04492             5.56061           -0.383167
-1.05258             5.62271           -0.494762
-2.00799              6.1058           -0.615999
-1.82452             6.09662            -1.01282
-1.47679             5.12482            -0.49077
-0.798032             5.60852           -0.350957
-0.159014             6.37596           -0.229324
-0.408053             5.82774            0.452287
-0.886112             5.47372            0.844512
-0.0997539             5.36053             1.23223
-0.0997539             5.36053             1.23223
-0.835881             4.66591             1.46155
-0.835881             4.66591             1.46155
-0.835881             4.66591             1.46155
-1.41066             4.03945             0.95411
-1.41066             4.03945             0.95411
-0.571735             4.68707           0.0337416
-0.571735             4.68707           0.0337416
-0.571735             4.68707           0.0337416
-0.571735             4.68707           0.0337416
-0.491356             3.77108          -0.0551379
-0.491356             3.77108          -0.0551379
-0.491356             3.77108          -0.0551379
-0.491356             3.77108          -0.0551379
-0.827313             2.97118            0.125119
-1.05099             2.91295             1.07771
-0.611864             3.28166            0.585769
-0.136288             2.89873             1.11445
0.153062             2.25756             2.05978
0.64641             2.74454             3.03674
0.741659             3.00505             2.07453
0.741659             3.00505             2.07453
0.741659             3.00505             2.07453
0.685313             2.44902             2.58436
0.685313             2.44902             2.58436
0.685313             2.44902             2.58436
1.56258             2.54605             2.91139
1.46981             2.45724             3.03021
1.84723             1.63631             2.65433
1.42274              1.0505             2.70188
1.42274              1.0505             2.70188
1.37109             1.71299             2.38001
1.37109             1.71299             2.38001
1.37109             1.71299             2.38001
1.40954             1.40152             2.92503
2.16215             1.95513             3.44703
2.16215             1.95513             3.44703
2.40914             1.54541             3.95242
2.40914             1.54541             3.95242
2.37984            0.653151             3.47952
2.35441            0.867552             3.10639
2.15964              0.9943              3.6008
2.28083             1.90839             3.43129
2.28083             1.90839             3.43129
2.28083             1.90839             3.43129
2.46762             1.72361             3.04971
2.46762             1.72361             3.04971
1.79399             1.77758              3.6126
2.54701             0.85512              2.7504
2.54701             0.85512              2.7504
1.94124           0.0596708             2.43273
1.94124           0.0596708             2.43273
1.72368            -0.43486             2.65075
1.72368            -0.43486             2.65075
1.75757            0.280763             2.85655
2.35632            0.413288             2.23488
2.22485              1.1589             3.18348
2.02854             1.19535             2.45343
1.25441             1.55848             2.87604
0.580077            0.796501             1.91631
0.773621           0.0934442             1.27864
0.773621           0.0934442             1.27864
0.368555           -0.468633            0.726796
0.368555           -0.468633            0.726796
0.368555           -0.468633            0.726796
0.368555           -0.468633            0.726796
0.368555           -0.468633            0.726796
0.368555           -0.468633            0.726796
1.17639           0.0402031         -0.00856017
1.17639           0.0402031         -0.00856017
1.17639           0.0402031         -0.00856017
1.17639           0.0402031         -0.00856017
1.1657           -0.326542           -0.721859
1.1657           -0.326542           -0.721859
1.02749            0.528733           -0.446534
1.02749            0.528733           -0.446534
1.02749            0.528733           -0.446534
0.309411           -0.458754           -0.587309
0.223645            0.441605           -0.101864
0.223645            0.441605           -0.101864
0.223645            0.441605           -0.101864
0.223645            0.441605           -0.101864
0.223645            0.441605           -0.101864
1.0848            0.289374            0.870938
1.49594           -0.435521            0.702199
1.49594           -0.435521            0.702199
1.49594           -0.435521            0.702199
1.49594           -0.435521            0.702199
1.52753            0.315765            -0.20217
1.52753            0.315765            -0.20217
1.52753            0.315765            -0.20217
1.38857           -0.252914           -0.973934
1.38857           -0.252914           -0.973934
0.769057            0.302246           -0.391191
0.415084           -0.463291           -0.883095
0.415084           -0.463291           -0.883095
0.271542           -0.389168            -0.68239
0.271542           -0.389168            -0.68239
0.512464            -0.57169           -0.311246
0.512464            -0.57169           -0.311246
0.512464            -0.57169           -0.311246
-0.259197           -0.218714           -0.486244
-0.805139           -0.076814           -0.298283
-0.551533           -0.498573            0.620089
-0.551533           -0.498573            0.620089
-0.551533           -0.498573            0.620089
-0.551533           -0.498573            0.620089
-0.551533           -0.498573            0.620089
-1.03938           -0.253567            0.231467
-0.0462193          -0.0902109            0.633689
-0.704977            0.654053             1.27429
0.214195            0.714691            0.888462
0.672528              1.1863            0.327038
0.976128            0.878621           0.0763397
1.77195             1.25386          -0.0593222
1.22611             1.79474            0.583043
0.882607             1.90744            0.347068
0.131497             1.25788            0.262187
0.131497             1.25788            0.262187
-0.365578             1.19069            0.542182
-0.811982             0.28019            0.185207
-0.811982             0.28019            0.185207
-0.702969            -0.12654            0.893927
-0.657832          -0.0830966            0.195306
-0.657832          -0.0830966            0.195306
-0.959651            0.398047           0.0249143
-0.183224            0.442837            0.829147
-0.183224            0.442837            0.829147
-0.488445            0.277441           -0.151417
-0.488445            0.277441           -0.151417
-0.488445            0.277441           -0.151417
-0.778156            0.262482            0.668767
-1.10609          -0.0808192            0.230516
-1.10609          -0.0808192            0.230516
-1.44659            0.178849            0.429953
-1.44659            0.178849            0.429953
-1.51183            0.600047            0.934201
-1.37447           -0.341565             1.13806
-1.37447           -0.341565             1.13806
-1.45145              0.4131            0.883216
-1.33234            -0.56952            0.981523
-1.33234            -0.56952            0.981523
-0.447274             0.19922            0.186006
-0.447274             0.19922            0.186006
-0.447274             0.19922            0.186006
-0.447274             0.19922            0.186006
0.414845           -0.173091           -0.360344
-0.416393           0.0765102            0.260406
0.381571           -0.141975           0.0368017
0.271386            0.614462           -0.155202
0.271386            0.614462           -0.155202
0.271386            0.614462           -0.155202
0.271386            0.614462           -0.155202
0.583526            0.333064          -0.0495203
0.678206           -0.428578          -0.0994317
1.60524            0.274561            0.323701
1.73857           0.0621094           -0.451511
1.73857           0.0621094           -0.451511
2.65905           -0.226959            0.241741
2.64246            0.529444            0.214539
2.67091            0.672819           -0.752857
2.67091            0.672819           -0.752857
2.53444            0.922859            -1.67067
1.79768            0.648228            -2.41132
1.79768            0.648228            -2.41132
1.79768            0.648228            -2.41132
1.79768            0.648228            -2.41132
1.23956             1.23289            -2.80585
1.46916            0.314778            -2.90028
0.54443           -0.661403            -2.75566
0.54443           -0.661403            -2.75566
0.29232           -0.971211            -2.76912
0.634644           -0.221051            -2.93301
0.0814302          -0.0937715            -2.24979
0.325764          -0.0944303            -2.61111
0.70394            0.623288            -1.75005
0.966794            0.344692            -2.41592
0.966794            0.344692            -2.41592
0.966794            0.344692            -2.41592
0.108029            0.600594            -2.03121
0.108029            0.600594            -2.03121
0.108029            0.600594            -2.03121
-0.223558            0.385575            -1.26338
-0.223558            0.385575            -1.26338
-0.223558            0.385575            -1.26338
-0.223558            0.385575            -1.26338
-0.223558            0.385575            -1.26338
-0.223558            0.385575            -1.26338
-0.0680888             0.68217           -0.929281
0.142221            0.638704           -0.240604
0.142221            0.638704           -0.240604
-0.60555            0.708048          -0.0696067
-0.60555            0.708048          -0.0696067
-1.29399            0.102149           -0.579158
-1.29399            0.102149           -0.579158
-0.724784           -0.316347           -0.500503
-0.724784           -0.316347           -0.500503
-0.331034            0.178242            0.012733
-0.331034            0.178242            0.012733
0.342643           0.0550234          -0.0915498
0.342643           0.0550234          -0.0915498
0.342643           0.0550234          -0.0915498
0.925354           -0.585613             0.68095
0.968656            -1.38648            0.567275
0.968656            -1.38648            0.567275
0.814911            -1.20116            0.879303
0.814911            -1.20116            0.879303
1.44274           -0.711461            0.857254
1.44274           -0.711461            0.857254
1.85764            -1.20378            0.089532
1.85764            -1.20378            0.089532
1.21167           -0.762311            0.566304
0.905973             -1.5153            0.401489
1.24669            -1.68012             0.18366
1.19178             -1.2429           -0.495184
0.398029            -1.36789           -0.441195
0.398029            -1.36789           -0.441195
0.398029            -1.36789           -0.441195
0.284663           -0.904992           0.0758817
0.227273           0.0853334           -0.437942
0.771848            0.341786          -0.0873014
0.740209            0.422175            0.244874
0.740209            0.422175            0.244874
0.986521           -0.480506            0.955285
0.711951           0.0197314            0.442229
0.109018          -0.0571426            0.277751
0.109018          -0.0571426            0.277751
0.109018          -0.0571426            0.277751
0.109018          -0.0571426            0.277751
-0.086644           0.0621283            0.123332
0.345875            0.130816            0.151147
-0.217916             1.03503           -0.384214
-0.217916             1.03503           -0.384214
-0.217916             1.03503           -0.384214
-0.389352             1.17941           -0.134778
-1.21405            0.661831           -0.798457
-1.21405            0.661831           -0.798457
-0.996572            0.475806           0.0591267
-0.996572            0.475806           0.0591267
-1.01123            0.818334           -0.299771
-1.01123            0.818334           -0.299771
-1.01123            0.818334           -0.299771
-0.708086          -0.0569522           -0.541297
-0.506311             0.38546           -0.627017
-0.777885            0.118303          -0.0628548
-0.777885            0.118303          -0.0628548
0.0993877             0.91315            0.569317
0.737203            0.292657           0.0462838
1.37376           0.0785522            -0.10524
1.03109           -0.388188            0.433166
1.03109           -0.388188            0.433166
0.119282           -0.800474             1.01118
0.119282           -0.800474             1.01118
0.119282           -0.800474             1.01118
0.567448            -1.13131            0.669737
0.567448            -1.13131            0.669737
-0.254375             -0.7829            0.761643
-1.18324            0.142924           0.0556155
-1.9042            0.150521           -0.521657
-1.37052            0.477958          -0.0800563
-1.12563            0.815635            0.152669
-0.426372            0.288181            0.789941
0.513046           -0.610122            0.554911
-0.25253           -0.150451            0.395846
-0.545859            0.255105            0.534555
-0.545859            0.255105            0.534555
-0.545859            0.255105            0.534555
-0.545859            0.255105            0.534555
-0.545859            0.255105            0.534555
-0.545859            0.255105            0.534555
0.0882133          -0.0344185             0.60285
0.720234           -0.249999            0.656224
-0.12943            0.364568            0.924425
0.206513           -0.138579            0.257098
0.206513           -0.138579            0.257098
0.00216981          -0.0869125           -0.255618
0.00216981          -0.0869125           -0.255618
0.00216981          -0.0869125           -0.255618
0.00216981          -0.0869125           -0.255618
0.00216981          -0.0869125           -0.255618
0.00216981          -0.0869125           -0.255618
0.00216981          -0.0869125           -0.255618
0.00216981          -0.0869125           -0.255618
0.00216981          -0.0869125           -0.255618
0.00216981          -0.0869125           -0.255618
0.00216981          -0.0869125           -0.255618
0.00216981          -0.0869125           -0.255618
0.598804            0.642683           -0.991381
0.598804            0.642683           -0.991381
-0.337185           -0.112163            -1.84524
-0.827809          -0.0995053            -1.57375
-1.40359           -0.155514            -1.01365
-1.40359           -0.155514            -1.01365
-1.40359           -0.155514            -1.01365
-1.81915           0.0201024          -0.0933622
-1.81915           0.0201024          -0.0933622
-1.20401           -0.307985           -0.102326
-1.20401           -0.307985           -0.102326
-1.81412            0.625237            0.705091
-2.1992           -0.221083            0.190424
-2.1992           -0.221083            0.190424
-1.68393           -0.336778           0.0109163
-1.68393           -0.336778           0.0109163
-1.19647           -0.924227           -0.881722
-0.41968            -1.71928            -1.32205
-0.41968            -1.71928            -1.32205
-1.29969            -1.42063            -1.25753
-1.78677            -1.84963           -0.279907
-1.3395            -1.83599           -0.304017
-0.527886            -1.25708           -0.245661
-0.355489            -1.35572          -0.0672052
-0.552885            -1.17239           -0.054424
0.213003             -1.2666           -0.497708
0.0795466             -2.2592         -0.00991891
1.04919            -1.28471           -0.877953
0.981171            -1.44478           -0.420739
1.06139           -0.805189           -0.683463
0.557496         -0.00574422            -1.39307
0.595228            -0.16427            -1.54173
0.35494           -0.393004            -1.02239
0.35494           -0.393004            -1.02239
0.35494           -0.393004            -1.02239
-0.177092            0.235612           -0.585982
-0.177092            0.235612           -0.585982
-0.177092            0.235612           -0.585982
0.597635            0.429925           -0.309284
1.32978            0.527447           -0.473647
1.84002            0.634532           -0.415995
1.92324            0.786735            0.534114
1.92324            0.786735            0.534114
1.15485              1.0278          -0.0197623
1.00271            0.890842           -0.369374
0.39059            0.658149            0.405051
0.122062            0.626145            0.661605
0.522846            0.159855           -0.240082
1.113           -0.574815           -0.366593
1.113           -0.574815           -0.366593
0.520801            0.273272            0.477334
-0.393307           -0.357804           -0.286663
-0.145544            0.256477            0.297002
-0.145544            0.256477            0.297002
-0.145544            0.256477            0.297002
-0.145544            0.256477            0.297002
-0.251256            0.482163          -0.0469364
-0.251256            0.482163          -0.0469364
-0.251256            0.482163          -0.0469364
-0.251256            0.482163          -0.0469364
-0.251256            0.482163          -0.0469364
-0.251256            0.482163          -0.0469364
0.645513            0.556898           -0.327732
0.527326            0.021968           -0.770739
0.527326            0.021968           -0.770739
0.527326            0.021968           -0.770739
-0.177314           -0.940935           0.0021077
0.107849            -1.20099            0.124308
0.107849            -1.20099            0.124308
-0.156207           -0.747492          -0.0916107
-0.156207           -0.747492          -0.0916107
0.74854            0.245116           -0.507961
0.74854            0.245116           -0.507961
0.517416             1.07994             0.42154
-0.0504496            0.729851          -0.0601135
0.927003            0.585449            0.924743
0.927003            0.585449            0.924743
0.927003            0.585449            0.924743
1.36592            0.250266            0.871139
1.37997             1.02519             0.13738
0.53416            0.117727            0.823589
-0.319522            0.075709             0.45563
-0.525979           -0.768331            0.377705
-0.172103            -1.15435             1.19693
0.583098            -1.45107             1.23215
0.891396             -1.9229            0.712485
0.18821            -2.14417            0.394367
0.15369            -2.09644             0.42409
-0.211659            -1.28937             1.05664
-0.474396            -1.06026            0.238006
-1.03895           -0.722966            0.436676
-1.03895           -0.722966            0.436676
-1.05886            -0.62003            0.977301
-1.05886            -0.62003            0.977301
-1.05886            -0.62003            0.977301
-0.572345            -1.14217            0.316246
-0.532051            -1.76492            0.103884
-0.532051            -1.76492            0.103884
-0.532051            -1.76492            0.103884
-1.13735            -1.70907          -0.0771699
-1.13735            -1.70907          -0.0771699
-1.72765            -1.92737           -0.137769
-2.08842            -1.69387          -0.0181951
-2.17249            -1.71012            0.364993
-1.28202            -2.34649             1.27415
-1.28202            -2.34649             1.27415
-0.644319            -3.15466             0.53726
0.276573            -3.11251             1.24177
0.276573            -3.11251             1.24177
1.24779            -4.03177              1.4467
0.757458            -3.57125             2.29316
0.591155            -3.27738             1.88202
0.103533            -3.49208             1.12683
0.103533            -3.49208             1.12683
0.461761            -3.34352             1.05883
0.461761            -3.34352             1.05883
0.461761            -3.34352             1.05883
-0.00149383            -2.83661             1.44346
-0.354081            -2.24943            0.807027
-0.746187            -1.28712             1.15996
0.148452           -0.438567            0.837612
-0.0769665            -0.73766            0.101341
-0.0769665            -0.73766            0.101341
-0.0769665            -0.73766            0.101341
0.344326           -0.462854            0.308174
0.344326           -0.462854            0.308174
-0.113832           -0.458759           -0.416258
0.356027           -0.229215            0.215091
-0.146385           -0.290477           -0.418925
0.0596978           -0.424024           -0.518689
-0.135129           -0.360629           -0.354576
0.52136           -0.137113           -0.153374
0.52136           -0.137113           -0.153374
0.52136           -0.137113           -0.153374
0.52136           -0.137113           -0.153374
1.03647          -0.0354542             0.14619
0.117534           -0.713413           -0.640459
0.998586           -0.640457           -0.571938
0.998586           -0.640457           -0.571938
0.631114           -0.458295           0.0452203
0.631114           -0.458295           0.0452203
0.741848          -0.0661736            0.384985
0.180515            0.736923            0.156645
0.643876             1.32495          -0.0459362
0.956382            0.901101           -0.300775
0.014861            0.981254            -0.15494
0.014861            0.981254            -0.15494
0.014861            0.981254            -0.15494
0.774124           0.0275473           -0.877052
1.41674            0.831174            -0.76118
1.41674            0.831174            -0.76118
1.11919           0.0473989           -0.540297
0.272056           -0.525856           0.0590451
1.01671           -0.171882            0.200643
0.36926             0.82368           -0.796887
0.36926             0.82368           -0.796887
0.36926             0.82368           -0.796887
1.28854            0.133178           -0.478694
1.28854            0.133178           -0.478694
1.06618            0.995356            0.192581
1.25082             1.05259            0.395553
0.66797            0.426693             0.97228
0.510857             1.00919            0.341652
0.510857             1.00919            0.341652
0.489128            0.930914            0.630329
0.489128            0.930914            0.630329
0.830427           0.0663039            0.505132
0.830427           0.0663039            0.505132
0.830427           0.0663039            0.505132
0.441487            0.550485            0.219496
0.441487            0.550485            0.219496
0.959673            0.115429           -0.434858
1.43032            0.435354            -1.02217
1.99705            0.506398           -0.160244
1.9782           -0.192109             0.56892
1.63975           0.0559357             1.07552
1.13819           -0.441925            0.220164
0.430945             0.14234            0.175059
0.995316           -0.332744           0.0848714
1.13791          -0.0795495           -0.071899
0.348973            0.307618           -0.455252
0.348973            0.307618           -0.455252
0.348973            0.307618           -0.455252
0.489294           -0.487905           -0.716228
0.489294           -0.487905           -0.716228
0.489294           -0.487905           -0.716228
0.287321           -0.205221            -0.14057
0.287321           -0.205221            -0.14057
0.287321           -0.205221            -0.14057
0.287321           -0.205221            -0.14057
0.287321           -0.205221            -0.14057
-0.242796           -0.317061            0.402556
-0.242796           -0.317061            0.402556
-0.111922            0.237567            0.724114
-0.111922            0.237567            0.724114
-0.0363001           -0.639452             1.29825
-0.369435           -0.799332             2.24352
-0.369435           -0.799332             2.24352
-0.369435           -0.799332             2.24352
-0.902839           -0.157699             1.26357
0.0282694            -0.88216            0.560282
0.231236            -1.00861            0.290291
0.231236            -1.00861            0.290291
0.231236            -1.00861            0.290291
0.972137           -0.195945           -0.315539
0.972137           -0.195945           -0.315539
1.41428           -0.250621           0.0127975
1.41428           -0.250621           0.0127975
1.43578            -0.59424           -0.363589
1.59116            -1.14547           -0.788925
0.938044            -1.67307           -0.145967
0.938044            -1.67307           -0.145967
0.0805327            -2.50068           -0.320339
0.0805327            -2.50068           -0.320339
-0.777807            -2.29101          -0.0538044
-0.777807            -2.29101          -0.0538044
-0.777807            -2.29101          -0.0538044
-0.777807            -2.29101          -0.0538044
-0.0095666            -2.80535           -0.100692
-0.957763            -2.10826           -0.471585
-0.538293            -1.47814          -0.0808821
-0.538293            -1.47814          -0.0808821
-0.850197            -1.07723            -0.46126
-0.850197            -1.07723            -0.46126
-0.330439           -0.764593           -0.662208
0.10345            0.159726           -0.514215
0.10345            0.159726           -0.514215
-0.0901864           -0.326805            -1.24367
-0.693773           -0.656067           -0.655475
-0.894856           0.0172004             -1.3765
-1.02922            0.586375           -0.610979
-1.45506             1.55535            0.370699
-0.966604            0.669579             1.18107
-0.966604            0.669579             1.18107
-0.966604            0.669579             1.18107
-0.966604            0.669579             1.18107
-0.335221              1.2649            0.881082
-1.23315            0.304696            0.455717
-1.73           -0.655201             1.35127
-0.828179           -0.696614            0.996247
-0.828179           -0.696614            0.996247
-0.37614           -0.439081            0.999374
0.163616           0.0556265             1.65986
0.163616           0.0556265             1.65986
1.12169           -0.272828            0.795399
0.839059           -0.925514           -0.134646
0.839059           -0.925514           -0.134646
0.839059           -0.925514           -0.134646
0.0966569            -1.88269            0.114461
0.661073            -2.04229             0.54626
1.13108            -2.12756            0.562647
0.36109            -2.36197              1.1877
-0.0234611             -1.4912             2.05888
-1.01215            -1.11867             1.12045
-0.56318           -0.479584             1.74109
0.297779           0.0764637              1.8508
0.297779           0.0764637              1.8508
-0.152256           -0.675322            0.897366
-0.152256           -0.675322            0.897366
-0.973131           -0.527635            0.251388
-0.973131           -0.527635            0.251388
-0.973131           -0.527635            0.251388
-0.10229            0.080983             1.21154
0.162072            0.495521             1.16356
-0.100255              1.4244             0.92926
0.0469575             1.52578            0.220931
-0.31316               1.344            0.402191
-0.31316               1.344            0.402191
-0.14262             1.83132           -0.153363
-0.14262             1.83132           -0.153363
-0.14262             1.83132           -0.153363
-0.14262             1.83132           -0.153363
-0.14262             1.83132           -0.153363
0.0723828             2.18794           -0.210048
0.0723828             2.18794           -0.210048
0.182558             1.61534           -0.465745
0.182558             1.61534           -0.465745
0.182558             1.61534           -0.465745
-0.7424            0.823658           -0.621371
-1.22786            0.628815           -0.483079
-1.27811            0.416859           -0.901741
-1.94139            0.888104            -1.64595
-1.94139            0.888104            -1.64595
-1.40652             1.60422           -0.870099
-1.40652             1.60422           -0.870099
-1.40652             1.60422           -0.870099
-1.31593            0.966999            -1.82353
-2.28957            0.145135             -2.1908
-2.08615             1.10723            -1.91158
-2.08615             1.10723            -1.91158
-2.54877             0.66775            -1.74918
-2.54877             0.66775            -1.74918
-2.8691          -0.0335482            -1.75959
-2.42044           -0.582831            -2.43805
-1.60501            -1.34849            -1.98764
-0.708174            -1.78035            -2.23787
-1.1896           -0.901351            -2.57949
-0.344518           -0.433108            -3.55482
0.0622814          -0.0129109            -3.48882
0.436633           -0.232103            -4.33134
-0.300728           -0.972947            -4.87059
-0.185929           -0.245936            -5.03004
-0.526982            0.624919            -4.69069
-1.28666           0.0583074            -4.59157
-1.29027            0.739537            -4.21585
-1.10441             1.09891            -4.61198
-0.261416            0.169364            -4.56043
-0.255859           -0.536541            -5.40527
-0.255859           -0.536541            -5.40527
0.266406           -0.370072             -5.9344
0.266406           -0.370072             -5.9344
0.579107           0.0126868             -5.2821
1.41041           -0.241827            -5.27156
1.969            0.593414            -4.57248
2.15           -0.401322            -4.45198
2.77917           -0.260026             -3.9474
3.2106           -0.347865             -4.1221
3.2106           -0.347865             -4.1221
2.67579           -0.320134            -3.76576
2.67579           -0.320134            -3.76576
2.67579           -0.320134            -3.76576
2.63453           0.0564276            -3.87455
3.50771           0.0912958            -4.60321
3.50771           0.0912958            -4.60321
3.62054           -0.904388            -4.86298
4.12431           -0.545668             -4.3179
3.42083            -0.52522            -3.34094
4.17071            0.145799            -3.67737
3.24873            0.240758             -3.6057
3.24873            0.240758             -3.6057
4.10678             1.14162            -2.63717
4.10678             1.14162            -2.63717
4.10678             1.14162            -2.63717
4.10678             1.14162            -2.63717
3.81723            0.552504            -3.31881
3.81723            0.552504            -3.31881
4.69826             1.17463             -3.9627
4.2679             0.19842            -4.02044
3.35761            0.502647            -4.12759
3.74265            -0.37079            -3.57832
3.00169            0.454789            -3.99636
2.15271          -0.0770805            -3.26634
1.83992          -0.0899767            -2.60668
1.83244            -1.03197            -2.62804
1.83244            -1.03197            -2.62804
1.16174           -0.975099            -2.13718
1.16174           -0.975099            -2.13718
0.424792            -0.95181            -2.39117
0.424792            -0.95181            -2.39117
0.352364           -0.857882             -2.6512
-0.633806            -1.65103            -2.19315
-1.12631             -2.0405            -1.45969
-1.20099             -2.3842            -0.60205
-0.864223             -1.7827           -0.483733
-0.0666126            -1.15689           -0.467298
-0.0666126            -1.15689           -0.467298
0.380402           -0.367166          -0.0219063
-0.207921            0.292343            0.559877
0.313657            0.120894           -0.437876
0.313657            0.120894           -0.437876
1.10332            0.683392            0.386971
1.83194            0.259725            0.135739
2.10165           -0.338582            0.353491
1.13758            0.650562           -0.448228
1.14464            0.503368            0.306308
1.83179          -0.0852187            0.516203
0.839213            0.306931             1.06398
0.032511            0.451466             1.14136
-0.6403             1.25959            0.418207
-0.369543            0.923486            0.434815
-0.826585            0.821078           -0.500589
-1.26944            0.548679           -0.686243
-1.26944            0.548679           -0.686243
-0.732335              1.4178            0.220939
-0.732335              1.4178            0.220939
-0.732335              1.4178            0.220939
-0.403479            0.595103           -0.523496
-0.403479            0.595103           -0.523496
-0.403479            0.595103           -0.523496
-0.57042            0.156299             0.38801
-0.57042            0.156299             0.38801
-0.392877            0.408157            0.205246
0.0782349            0.506452              1.1591
0.0782349            0.506452              1.1591
0.995965              1.2321            0.983022
0.995965              1.2321            0.983022
1.354             0.56321            0.239723
0.476184            0.552847            0.913583
1.14534             1.05135              1.0366
0.926456            0.669112            0.369082
0.616559            0.639861          -0.0859612
0.248753            -0.24724            0.311295
0.6069           -0.624522            0.992672
0.6069           -0.624522            0.992672
0.6069           -0.624522            0.992672
-0.174898             0.20367            0.258688
-0.174898             0.20367            0.258688
0.343148            0.706164          -0.0389872
0.343148            0.706164          -0.0389872
0.343148            0.706164          -0.0389872
-0.110844            0.536252           -0.447714
0.222805           -0.274194             -0.4154
0.222805           -0.274194             -0.4154
0.032409          -0.0424668            0.132753
0.032409          -0.0424668            0.132753
0.032409          -0.0424668            0.132753
-0.533837           -0.904227            -0.19286
-1.5213            -1.30381           -0.563257
-1.5213            -1.30381           -0.563257
-0.617471           -0.869907           -0.282519
-0.617471           -0.869907           -0.282519
-0.454186            -1.10134            0.529897
-0.454186            -1.10134            0.529897
-1.26106           -0.562866            0.198507
-0.497403           -0.190824           -0.451473
-0.497403           -0.190824           -0.451473
-0.497403           -0.190824           -0.451473
-0.497403           -0.190824           -0.451473
-1.27701            0.698674            0.420433
-1.25209             1.21157            0.876833
-1.37029            0.251273            0.426372
-1.03696          -0.0819074            0.261056
-1.03696          -0.0819074            0.261056
-1.03696          -0.0819074            0.261056
-0.219361           0.0174544           -0.165229
-0.219361           0.0174544           -0.165229
-0.219361           0.0174544           -0.165229
-0.219361           0.0174544           -0.165229
-0.219361           0.0174544           -0.165229
-0.219361           0.0174544           -0.165229
-0.219361           0.0174544           -0.165229
-0.465386             1.01395            0.659581
0.167499             0.91167             1.00693
0.167499             0.91167             1.00693
0.394662             0.42848             1.51948
0.394662             0.42848             1.51948
0.888113             1.17789            0.611726
1.6668            0.199962           -0.193604
1.44499             1.03565            0.248875
1.44499             1.03565            0.248875
0.830098             1.12795            0.223904
0.438274            0.883514            0.488754
0.438274            0.883514            0.488754
0.686274            0.187435            0.595323
0.686274            0.187435            0.595323
0.679701           -0.392155            -0.10524
0.679701           -0.392155            -0.10524
0.940667            0.174986            -0.19395
0.803662           -0.376962            0.136759
0.803662           -0.376962            0.136759
0.803662           -0.376962            0.136759
1.65369            0.489034            0.276871
2.47311             1.37189             1.12982
2.47311             1.37189             1.12982
2.47311             1.37189             1.12982
2.22679            0.996478            0.750294
1.79689           0.0228276            0.351095
1.47666           -0.891462            0.312547
1.47666           -0.891462            0.312547
1.66753           -0.623446            0.886151
1.66753           -0.623446            0.886151
1.66753           -0.623446            0.886151
2.58106           -0.787838             1.68209
3.04315           -0.467602             1.27038
2.10623           -0.291376              1.8392
1.25196           -0.622702             1.96986
1.20577            -1.55708             1.59972
0.912336            -1.87063             1.83797
0.912336            -1.87063             1.83797
0.912336            -1.87063             1.83797
0.122345            -2.84246             1.43619
0.122345            -2.84246             1.43619
0.122345            -2.84246             1.43619
0.22439            -2.87552             1.93005
0.22439            -2.87552             1.93005
-0.243158             -2.1539             1.07287
0.574427            -1.86098            0.864192
0.574427            -1.86098            0.864192
0.502651            -1.53804            0.856324
-0.487569           -0.556623            0.856062
-0.487569           -0.556623            0.856062
-0.049449              -1.012             1.14986
-1.00972           -0.760217            0.252318
-0.0466661            -1.19492           -0.237937
-0.358907           -0.936229            0.438657
0.322554           -0.657233             1.16248
0.322554           -0.657233             1.16248
-0.576563            -1.24712            0.711297
-0.332089            -2.16077            0.918544
0.598085            -1.27774          -0.0641439
0.598085            -1.27774          -0.0641439
0.598085            -1.27774          -0.0641439
0.598085            -1.27774          -0.0641439
0.507561            -1.57188            0.522758
0.507561            -1.57188            0.522758
-0.00462085           -0.665846            0.157762
-0.00462085           -0.665846            0.157762
-0.267026           -0.930458           -0.539121
0.461798         -0.00511751           0.0521877
0.563169           0.0474322           -0.068781
0.563169           0.0474322           -0.068781
0.563169           0.0474322           -0.068781
0.048584           0.0879048             0.15016
0.048584           0.0879048             0.15016
0.048584           0.0879048             0.15016
0.048584           0.0879048             0.15016
0.048584           0.0879048             0.15016
0.048584           0.0879048             0.15016
0.048584           0.0879048             0.15016
0.048584           0.0879048             0.15016
0.048584           0.0879048             0.15016
0.048584           0.0879048             0.15016
0.048584           0.0879048             0.15016
0.048584           0.0879048             0.15016
-0.24485          -0.0917086            -0.16151
-0.24485          -0.0917086            -0.16151
-0.24485          -0.0917086            -0.16151
-0.24485          -0.0917086            -0.16151
-0.24485          -0.0917086            -0.16151
-0.24485          -0.0917086            -0.16151
-0.24485          -0.0917086            -0.16151
-0.24485          -0.0917086            -0.16151
0.332924           -0.320586           -0.515468
0.879901           0.0577443            -1.31697
0.879901           0.0577443            -1.31697
0.879901           0.0577443            -1.31697
-0.0534946           -0.738391             -1.1255
-0.222924            -1.21933           -0.953258
-0.222924            -1.21933           -0.953258
0.593952            -1.57914          -0.0771348
-0.181922            -1.27175            0.742437
-0.954449            -1.21145            0.498181
-1.21558            -1.07109           -0.303998
-0.529612            -1.52229           -0.947954
-0.529612            -1.52229           -0.947954
-0.906725           -0.951703           -0.829593
-0.994474           -0.359801           -0.971414
-0.994474           -0.359801           -0.971414
-1.03205            0.344865             -1.1961
-1.03205            0.344865             -1.1961
-0.0557298           -0.248997            -0.84786
-0.381622           -0.528003          -0.0461795
-0.463509           -0.904468           -0.760425
0.369523          -0.0114669          -0.0475348
0.369523          -0.0114669          -0.0475348
0.445377           -0.105159            0.628999
-0.385278            0.217483           -0.039551
0.509342           -0.273163            0.277003
-0.248668           -0.952375           -0.180159
0.0309638           -0.173932            0.275127
0.0309638           -0.173932            0.275127
0.0309638           -0.173932            0.275127
0.494563            0.338821            0.865719
0.44578           0.0594211            0.982595
0.0188195           -0.873805             1.18153
0.473776          -0.0272204            0.573857
0.0797165           -0.546531            0.715504
-0.560236               0.167             1.38837
-0.560236               0.167             1.38837
-0.560236               0.167             1.38837
-0.560236               0.167             1.38837
-0.560236               0.167             1.38837
-0.560236               0.167             1.38837
-0.560236               0.167             1.38837
-0.068181            0.178506            0.784102
0.0304359            -0.46798            0.420128
0.0304359            -0.46798            0.420128
0.0304359            -0.46798            0.420128
0.0304359            -0.46798            0.420128
0.0304359            -0.46798            0.420128
0.0304359            -0.46798            0.420128
0.0304359            -0.46798            0.420128
-0.882635            0.272264            0.763128
-0.882635            0.272264            0.763128
-0.882635            0.272264            0.763128
-0.882635            0.272264            0.763128
-0.882635            0.272264            0.763128
-0.882635            0.272264            0.763128
-0.882635            0.272264            0.763128
-0.882635            0.272264            0.763128
-0.743265            0.954878             1.50447
-0.633312              1.4415             1.58135
-0.87372            0.971226             1.66223
-1.03164            0.390015             2.27588
-1.03164            0.390015             2.27588
-1.03164            0.390015             2.27588
-1.03164            0.390015             2.27588
-1.39907            0.754131             1.70047
-1.1742             1.32779             1.37889
-0.63155            0.803735             1.91173
-0.63155            0.803735             1.91173
0.368129          -0.0754658             1.15252
-0.497929            -1.02182            0.343719
-0.497929            -1.02182            0.343719
-0.677307           -0.932655           -0.162593
-1.57485           -0.466886            -1.06842
-1.23743            -1.41129           -0.737601
-0.660187           -0.448266           -0.478853
-0.78568          -0.0990791            0.351786
-0.0323073           -0.210083            0.443954
-0.0323073           -0.210083            0.443954
-0.300389            0.115493            0.160879
0.258489           -0.824364          -0.0854664
0.457937          0.00185332           -0.649577
0.457937          0.00185332           -0.649577
0.457937          0.00185332           -0.649577
0.457937          0.00185332           -0.649577
0.457937          0.00185332           -0.649577
0.457937          0.00185332           -0.649577
0.423919         -0.00980555            0.234851
0.423919         -0.00980555            0.234851
0.721929            0.815295           -0.565215
1.58412            0.209416            0.189529
1.58412            0.209416            0.189529
1.58412            0.209416            0.189529
0.907796           0.0087351           0.0627365
0.907796           0.0087351           0.0627365
0.385116            0.820385           -0.306331
-0.184545            0.377616           0.0780233
-0.366819            0.213783            0.688672
-0.694781           -0.293991            0.536771
-0.694781           -0.293991            0.536771
-0.694781           -0.293991            0.536771
-0.694781           -0.293991            0.536771
-0.694781           -0.293991            0.536771
-0.0763275           -0.550987            0.338692
-0.0763275           -0.550987            0.338692
-0.0763275           -0.550987            0.338692
0.655121           -0.854831           -0.606443
0.655121           -0.854831           -0.606443
0.655121           -0.854831           -0.606443
0.655121           -0.854831           -0.606443
0.647565           -0.478678          -0.0504473
0.534631           -0.762505         -0.00686296
0.534631           -0.762505         -0.00686296
-0.314575           -0.540584           -0.808809
-0.314575           -0.540584           -0.808809
-0.545084            0.292384            0.168037
-0.8398             1.19959           0.0137186
-0.461424            0.972465           0.0947123
0.15044             0.40705           -0.728193
-0.065641           -0.435233           -0.520081
0.00842239            0.139343           -0.718736
0.00842239            0.139343           -0.718736
-0.0541459           -0.285222           -0.108843
-0.0541459           -0.285222           -0.108843
-0.0541459           -0.285222           -0.108843
-0.0541459           -0.285222           -0.108843
-0.187556           -0.286859            -1.09056
-0.752974           -0.286433           -0.140389
-0.752974           -0.286433           -0.140389
-0.346081            0.442198            0.345347
-0.346081            0.442198            0.345347
-0.169689             1.21544           -0.277444
-1.07473             0.52713           -0.172808
-1.07496             0.62861           -0.942631
-1.24037             0.61887            -0.54825
-1.24037             0.61887            -0.54825
-0.44441            0.407072            0.350781
0.393909            -0.43787           0.0619395
0.148921           0.0775558              0.3956
0.148921           0.0775558              0.3956
0.148921           0.0775558              0.3956
0.148921           0.0775558              0.3956
0.148921           0.0775558              0.3956
0.148921           0.0775558              0.3956
0.148921           0.0775558              0.3956
0.148921           0.0775558              0.3956
0.148921           0.0775558              0.3956
0.148921           0.0775558              0.3956
0.148921           0.0775558              0.3956
0.148921           0.0775558              0.3956
0.148921           0.0775558              0.3956
0.148921           0.0775558              0.3956
0.40741            0.192733              1.0377
0.40741            0.192733              1.0377
1.22283           -0.555105            0.671651
1.628            -1.27122            0.550325
1.77273           -0.896208            0.200686
1.77273           -0.896208            0.200686
1.72381           0.0657221            0.266377
1.72381           0.0657221            0.266377
0.954341            0.556323            0.698339
1.60647             0.65078            0.377215
0.956462            0.500645             1.04628
1.36713             1.40593             0.92529
2.14979             1.73152             1.77524
2.99439             2.17641            0.943648
2.86412             3.10128            0.235632
3.65411              2.3931             1.21298
3.13253             2.04774             1.34887
3.13253             2.04774             1.34887
3.61994             1.44755             1.85071
3.2637            0.855464             1.51831
3.2637            0.855464             1.51831
3.18446            0.294801             1.54503
3.18446            0.294801             1.54503
3.18446            0.294801             1.54503
2.2553           -0.609513             1.14333
2.2553           -0.609513             1.14333
2.2553           -0.609513             1.14333
2.76272          -0.0608255             1.36177
1.99948           -0.181807             1.31073
1.60641            -0.48138             1.34135
2.56193           -0.841756             1.03871
1.58326            -1.55891            0.686108
1.96752            -2.22531            -0.30306
1.96752            -2.22531            -0.30306
2.51433             -2.0551           -0.209465
2.93158            -1.45515           -0.474985
3.28383            -1.71969           0.0501473
2.77047            -2.02521            0.955315
2.77047            -2.02521            0.955315
2.24483            -2.36917             1.52562
3.2242            -2.04562            0.960074
3.2242            -2.04562            0.960074
3.2242            -2.04562            0.960074
3.2242            -2.04562            0.960074
3.2242            -2.04562            0.960074
2.33398            -2.64273             1.16198
2.79378            -1.92329              2.0659
3.31311              -1.268             1.86545
3.31311              -1.268             1.86545
3.31311              -1.268             1.86545
2.97078           -0.939452             1.54057
2.4826           -0.661056             1.23115
2.4826           -0.661056             1.23115
2.4826           -0.661056             1.23115
2.4826           -0.661056             1.23115
2.62768            -1.29947            0.820307
1.76304            -1.28966             1.22526
1.60688           -0.665374            0.428136
0.628226           -0.914182           -0.327684
0.628226           -0.914182           -0.327684
1.45083           -0.238175           -0.784452
1.91355           -0.697866            -1.32409
1.34781           -0.122331            -1.21418
1.34781           -0.122331            -1.21418
1.34781           -0.122331            -1.21418
0.737213            0.424821            -1.51092
0.737213            0.424821            -1.51092
-0.16922             1.40356           -0.704556
-0.53987             1.12865          -0.0902201
-0.53987             1.12865          -0.0902201
-0.53987             1.12865          -0.0902201
-0.00752509            0.508828           -0.655389
0.929906          -0.0458063           -0.447635
0.929906          -0.0458063           -0.447635
0.929906          -0.0458063           -0.447635
0.929906          -0.0458063           -0.447635
0.438346           -0.591616           -0.366656
-0.2435           -0.243368           -0.442892
0.537841            0.155431           -0.998699
0.333838             -0.7999           -0.907972
0.333838             -0.7999           -0.907972
-0.144532           -0.303008           -0.274327
-0.144532           -0.303008           -0.274327
-0.622634            0.624456            0.310737
-0.622634            0.624456            0.310737
-0.622634            0.624456            0.310737
-0.622634            0.624456            0.310737
-0.622634            0.624456            0.310737
-0.622634            0.624456            0.310737
-0.102097            0.263025            0.280482
-0.102097            0.263025            0.280482
-0.102097            0.263025            0.280482
-0.102097            0.263025            0.280482
-0.102097            0.263025            0.280482
-0.102097            0.263025            0.280482
-0.102097            0.263025            0.280482
-0.102097            0.263025            0.280482
-0.102097            0.263025            0.280482
-0.102097            0.263025            0.280482
-0.102097            0.263025            0.280482
-0.102097            0.263025            0.280482
-0.554763             -0.4076            0.125937
-0.107542            -1.33409            0.654915
-0.107542            -1.33409            0.654915
-0.107542            -1.33409            0.654915
-0.0792189            -1.38523          -0.0116529
0.147479             -1.3851           -0.408406
0.0952229            -1.96054            -1.04257
0.0952229            -1.96054            -1.04257
0.0952229            -1.96054            -1.04257
-0.886971            -1.04573            -1.12258
-0.886971            -1.04573            -1.12258
-1.5093           -0.359125           -0.137933
-2.09251           -0.411432            0.843558
-2.5025             0.43687            0.218253
-2.5025             0.43687            0.218253
-2.52943               1.049           -0.170276
-2.02536             0.65531           -0.564914
-2.02536             0.65531           -0.564914
-1.37877            0.984563          -0.0811825
-1.02629            0.175869            0.723926
-0.424723            0.390997           0.0243964
-0.424723            0.390997           0.0243964
-0.424723            0.390997           0.0243964
-0.424723            0.390997           0.0243964
0.569759            0.593603           -0.177456
-0.393118            0.842908             0.64609
-0.393118            0.842908             0.64609
-0.393118            0.842908             0.64609
-0.393118            0.842908             0.64609
-0.393118            0.842908             0.64609
-0.779702            0.903858            0.884105
-0.329158              1.8408            0.894825
-0.329158              1.8408            0.894825
-0.329158              1.8408            0.894825
-1.07178              1.9993             1.20076
-1.74942             1.81398            0.716607
-1.62435             1.49687          -0.0999331
-1.62435             1.49687          -0.0999331
-1.62435             1.49687          -0.0999331
-1.74327             1.04604           0.0155822
-0.82209            0.347784            0.176993
-0.00127808           -0.322551           -0.219925
0.148382            0.393059            0.190293
0.148382            0.393059            0.190293
0.148382            0.393059            0.190293
0.754966           -0.332891            0.518652
1.30486          -0.0643205           0.0810996
1.30486          -0.0643205           0.0810996
1.30486          -0.0643205           0.0810996
1.30486          -0.0643205           0.0810996
1.30486          -0.0643205           0.0810996
0.726367            0.485049           -0.248449
0.726367            0.485049           -0.248449
-0.0611022           -0.201765            0.693138
-0.0611022           -0.201765            0.693138
-0.0611022           -0.201765            0.693138
-0.0611022           -0.201765            0.693138
-0.0611022           -0.201765            0.693138
-0.0611022           -0.201765            0.693138
-0.0611022           -0.201765            0.693138
-0.342663            0.123332            0.429399
0.0441283           -0.204668            0.139597
0.0441283           -0.204668            0.139597
0.0441283           -0.204668            0.139597
0.0441283           -0.204668            0.139597
-0.703792           -0.425968           -0.130339
-0.920439           0.0597827            -0.99628
-0.920439           0.0597827            -0.99628
-1.30029            0.346335            -1.54658
-1.92934           -0.250157           -0.938659
-1.92934           -0.250157           -0.938659
-1.03405           -0.564893           -0.833119
-0.636367            0.147122           -0.279636
-0.636367            0.147122           -0.279636
-0.210101           -0.163095            0.146767
-0.210101           -0.163095            0.146767
-0.445454           -0.738756           -0.820775
-1.17696           0.0734268           -0.918157
-1.17696           0.0734268           -0.918157
-2.15978           -0.282434            -0.78571
-2.71591           -0.738391              -1.308
-2.48211           -0.724151            -1.40867
-2.48211           -0.724151            -1.40867
-2.48211           -0.724151            -1.40867
-2.23167           -0.675698           -0.758385
-2.23167           -0.675698           -0.758385
-1.357          -0.0136896           -0.337267
-1.6628           -0.288255            0.609009
-0.909857            0.659143            0.744582
-0.909857            0.659143            0.744582
-1.30255          -0.0458987            0.887753
-1.15268            0.786867             1.07493
-1.15268            0.786867             1.07493
-1.53649            0.885889             1.23855
-1.53649            0.885889             1.23855
-0.686822            0.218636             2.07576
-0.625429            0.654197             1.84467
0.359957            0.467563               1.739
0.713961           -0.284907             2.37196
1.00881           -0.835462             2.03811
1.00881           -0.835462             2.03811
0.578395            -1.42584              1.9065
0.476226            -1.98146             1.21943
-0.0128278            -1.92849             1.43654
0.548149            -1.62209             0.44567
0.548149            -1.62209             0.44567
0.548149            -1.62209             0.44567
0.548149            -1.62209             0.44567
0.548149            -1.62209             0.44567
0.548149            -1.62209             0.44567
-0.325202            -2.24281           0.0177827
-0.325202            -2.24281           0.0177827
-1.31635            -1.48955            0.972633
-1.08202            -0.82312            0.307765
-1.70722            -0.91455          -0.0644217
-1.21677          0.00820872            0.164301
-0.961298            0.472728             1.04924
-0.486604           -0.122433             1.18447
-0.391042            0.631513             1.36341
0.523306              1.6198            0.730961
0.523306              1.6198            0.730961
0.523306              1.6198            0.730961
0.170059             1.73816            0.808867
0.558479             1.18445             1.25979
0.797455             0.36819            0.598962
0.0438219            0.211911             1.07325
0.0438219            0.211911             1.07325
0.0438219            0.211911             1.07325
0.0438219            0.211911             1.07325
0.0438219            0.211911             1.07325
-0.807017           -0.174505             1.29014
-0.793877           -0.518332            0.536752
-1.27572          -0.0821827           0.0615948
-1.27572          -0.0821827           0.0615948
-0.364831           -0.881977           -0.242237
-0.490939          -0.0947081            0.218718
-0.723812           -0.897614           -0.481193
-0.667358           -0.926177           -0.179966
-0.667358           -0.926177           -0.179966
-0.300589           -0.414935            -1.17508
0.685288            -1.09407           -0.285541
0.685288            -1.09407           -0.285541
0.685288            -1.09407           -0.285541
0.542775           -0.978096            -0.63099
0.542775           -0.978096            -0.63099
0.91652          -0.0338016            0.247674
0.91652          -0.0338016            0.247674
0.91652          -0.0338016            0.247674
0.453026           -0.256768           -0.549458
0.453026           -0.256768           -0.549458
-0.449253           -0.749621           -0.831795
-0.449253           -0.749621           -0.831795
-1.14441           -0.305437           -0.653503
-1.15181           0.0242895           -0.207413
-1.15181           0.0242895           -0.207413
-0.574165           -0.853392            -1.09684
-0.574165           -0.853392            -1.09684
-0.574165           -0.853392            -1.09684
-0.29812            -1.71631            -1.35135
-0.238992            -1.39345             -1.7299
-0.546324            -1.78775            -1.50005
-0.546324            -1.78775            -1.50005
-0.546324            -1.78775            -1.50005
-0.546324            -1.78775            -1.50005
-0.495573            -1.25001           -0.560648
0.298026           -0.906585           -0.996107
0.189617           0.0330905           -0.148025
0.072114           -0.331337           -0.606594
0.13043            0.201868           -0.902465
1.06988           0.0915931           -0.953072
1.06988           0.0915931           -0.953072
1.06988           0.0915931           -0.953072
0.749711            0.684081           -0.645273
0.927305            0.182757            -1.15177
0.00424745           -0.527108           -0.496447
-0.798227           -0.657964            -1.32048
-0.798227           -0.657964            -1.32048
0.171004           -0.105227           -0.348916
-0.0549884            0.407683           -0.254915
-0.0549884            0.407683           -0.254915
0.461067             1.28024           0.0684162
0.303964            0.944638           -0.523147
1.04994            0.763365           -0.185092
1.04994            0.763365           -0.185092
1.04994            0.763365           -0.185092
0.133047          -0.0786882            0.618408
-0.50356           -0.878054            0.294913
0.492139           -0.204041           -0.672282
1.02897           -0.987953          -0.0729058
0.926891           -0.550536            -0.22355
1.02003           -0.248089            0.170265
1.02003           -0.248089            0.170265
1.38459           -0.765465            0.899411
2.10925           -0.789198            0.109277
1.22486              -1.492            0.260528
1.73924           -0.523284             0.45733
1.73924           -0.523284             0.45733
0.892881           -0.449545           -0.227577
-0.0956044           -0.633519           -0.873446
-0.0956044           -0.633519           -0.873446
-0.0956044           -0.633519           -0.873446
-0.43119           -0.864662           -0.366033
-0.43119           -0.864662           -0.366033
-0.43119           -0.864662           -0.366033
-0.43119           -0.864662           -0.366033
-0.43119           -0.864662           -0.366033
-0.576338            -1.18374           -0.217224
-0.576338            -1.18374           -0.217224
-0.672482           -0.221315            0.424583
-0.916566           -0.721331            0.292963
-0.916566           -0.721331            0.292963
-0.916566           -0.721331            0.292963
-0.916566           -0.721331            0.292963
-0.041275            -1.07308           -0.396661
-0.041275            -1.07308           -0.396661
-0.041275            -1.07308           -0.396661
-0.0855987            -0.57503           0.0641765
-0.0855987            -0.57503           0.0641765
0.577533           -0.299784            -0.14069
0.577533           -0.299784            -0.14069
0.577533           -0.299784            -0.14069
0.577533           -0.299784            -0.14069
-0.11827           -0.505585            -0.67348
-0.11827           -0.505585            -0.67348
-0.11827           -0.505585            -0.67348
0.198028            0.244121           -0.634575
0.198028            0.244121           -0.634575
0.0765383            0.159628           -0.787021
0.0765383            0.159628           -0.787021
0.88882          -0.0957251           -0.364149
0.88882          -0.0957251           -0.364149
1.03599           -0.290132            0.172644
1.03599           -0.290132            0.172644
1.57942            0.528216           -0.250876
0.814383            0.909889            0.223832
0.0122986           0.0934544           -0.337892
-0.0228078           -0.843896            0.258251
-0.173606           -0.100316           0.0685269
-0.173606           -0.100316           0.0685269
-0.173606           -0.100316           0.0685269
-0.173606           -0.100316           0.0685269
-0.173606           -0.100316           0.0685269
-0.173606           -0.100316           0.0685269
-0.173606           -0.100316           0.0685269
-0.173606           -0.100316           0.0685269
-0.173606           -0.100316           0.0685269
-0.173606           -0.100316           0.0685269
-0.173606           -0.100316           0.0685269
-0.173606           -0.100316           0.0685269
-0.173606           -0.100316           0.0685269
-0.173606           -0.100316           0.0685269
-0.173606           -0.100316           0.0685269
-0.173606           -0.100316           0.0685269
-0.173606           -0.100316           0.0685269
-0.173606           -0.100316           0.0685269
-0.173606           -0.100316           0.0685269
-0.173606           -0.100316           0.0685269
-0.173606           -0.100316           0.0685269
-0.173606           -0.100316           0.0685269
-0.173606           -0.100316           0.0685269
-0.173606           -0.100316           0.0685269
-0.173606           -0.100316           0.0685269
-0.173606           -0.100316           0.0685269
-0.173606           -0.100316           0.0685269
-0.173606           -0.100316           0.0685269
-0.173606           -0.100316           0.0685269
0.798125           -0.908398           -0.454084
0.605592           -0.979087            0.530775
0.578112          -0.0164037          -0.0150978
0.578112          -0.0164037          -0.0150978
0.578112          -0.0164037          -0.0150978
-0.357926           -0.155212           -0.666035
-0.895079           -0.247369           -0.772066
-0.760409            0.623667           -0.426211
-1.04532            0.492878             0.39767
-0.134871             1.35343             1.10068
0.411678             1.13181             1.01035
-0.0938118             1.02878             1.68306
-0.0938118             1.02878             1.68306
0.493275             1.47026             1.89548
0.467289             1.09118             1.84925
0.467289             1.09118             1.84925
1.44943            0.844411              1.3523
0.944383            0.118087             2.06194
0.041419             1.03814             2.64715
-0.188416             1.01143             2.50538
-0.993884            0.598551             2.84867
-0.172499             0.64739             3.51671
0.154554            0.135209             2.82545
0.154554            0.135209             2.82545
0.154554            0.135209             2.82545
0.837458            0.374455             2.31372
0.837458            0.374455             2.31372
1.08443           -0.408832             1.51212
1.08443           -0.408832             1.51212
1.08443           -0.408832             1.51212
1.54137           -0.887848            0.666788
0.578002            -1.50815            0.397647
-0.158233            -2.06749           0.0519383
-0.597094            -1.52565           -0.248942
-0.285286            -1.06991           -0.276813
-0.435446           -0.596496           -0.842107
-0.435446           -0.596496           -0.842107
-1.40262           -0.506489           0.0472633
-0.559037           -0.409507            0.679729
-0.468372             0.56441             1.07099
-0.468372             0.56441             1.07099
-0.075171           -0.184468            0.112507
-0.075171           -0.184468            0.112507
-0.075171           -0.184468            0.112507
-0.075171           -0.184468            0.112507
-0.075171           -0.184468            0.112507
-0.075171           -0.184468            0.112507
0.0885722         -0.00818312           -0.595032
-0.369092           -0.518352            -0.74332
-0.369092           -0.518352            -0.74332
-0.369092           -0.518352            -0.74332
-1.26255            0.319781            -0.64975
-1.18509             0.72618           -0.361471
-0.327602             1.67234            -1.09773
0.539073             1.18331           -0.962499
1.04464             1.06996            -1.12848
0.320424             1.25705           -0.813392
-0.0561072            0.862178            -1.17592
-0.0561072            0.862178            -1.17592
0.244915            0.964216           -0.777367
0.244915            0.964216           -0.777367
0.497224            0.504808           -0.173455
0.497224            0.504808           -0.173455
1.3304           0.0169242           -0.139079
0.5495            0.648393           -0.171495
0.5495            0.648393           -0.171495
-0.292737             0.81744             0.77776
-0.292737             0.81744             0.77776
0.0810273            0.535659           -0.116125
0.0335899           0.0476232            0.544165
-0.845691           -0.796618           -0.184052
-1.04359            0.188679            0.644573
-0.276972            0.190952           -0.109302
0.155327            0.855502            0.149898
0.0706825            0.142321            0.710458
0.0706825            0.142321            0.710458
0.178322            0.371303           -0.285094
0.178322            0.371303           -0.285094
0.178322            0.371303           -0.285094
0.165908           -0.613281            0.185182
0.165908           -0.613281            0.185182
0.165908           -0.613281            0.185182
0.165908           -0.613281            0.185182
0.000964863           -0.153418           -0.388037
0.291213            0.204689           -0.562603
0.291213            0.204689           -0.562603
0.291213            0.204689           -0.562603
0.291213            0.204689           -0.562603
-0.12373            -0.24816           -0.238986
-0.12373            -0.24816           -0.238986
-0.92486            0.371193           -0.716851
-0.00372497           -0.613718          0.00582744
-0.00372497           -0.613718          0.00582744
-0.265107            0.204144           -0.454557
-0.265107            0.204144           -0.454557
-0.265107            0.204144           -0.454557
-0.265107            0.204144           -0.454557
-0.265107            0.204144           -0.454557
-0.265107            0.204144           -0.454557
-0.317115            0.876812           -0.671617
-0.317115            0.876812           -0.671617
-0.447716             0.54405           -0.422012
-0.425825             1.32155           -0.717069
-0.421867              1.5995           -0.812659
-0.917583            0.651742            -1.06377
-1.59431           0.0184586           -0.827865
-1.59431           0.0184586           -0.827865
-0.714868           -0.190476            -1.39347
-0.494934           -0.165435            -1.28921
-0.831459            0.100186            -1.00179
-0.831459            0.100186            -1.00179
-0.699915             0.24306            -0.22917
-1.30093           -0.122256             0.41311
-1.30093           -0.122256             0.41311
-0.450324           -0.513237            0.514414
-0.988294           -0.720897            0.295142
-0.941945           -0.634231           -0.602366
-0.737693            0.199986            0.184542
-0.530103           0.0923344            0.784293
0.272241            0.154977             1.01697
0.272241            0.154977             1.01697
0.272241            0.154977             1.01697
0.315919           0.0562498            0.653772
0.369719           -0.284422            0.389613
0.369719           -0.284422            0.389613
-0.407254            0.157697            0.289127
-0.407254            0.157697            0.289127
-0.407254            0.157697            0.289127
-0.407254            0.157697            0.289127
-0.407254            0.157697            0.289127
-0.407254            0.157697            0.289127
-0.407254            0.157697            0.289127
-0.407254            0.157697            0.289127
0.57654           -0.208679           -0.624047
0.57654           -0.208679           -0.624047
0.941779           -0.581338           -0.958959
0.941779           -0.581338           -0.958959
1.72636           -0.192519            -1.02896
1.72636           -0.192519            -1.02896
1.72636           -0.192519            -1.02896
0.76726           -0.407906            -1.77424
0.396894             -1.1346           -0.944967
0.82536            -1.32708           -0.271427
0.82536            -1.32708           -0.271427
1.32547           -0.901208           -0.333252
1.32547           -0.901208           -0.333252
1.67081           -0.141186            -1.31061
1.36757            -0.42448           -0.535736
1.54035            -1.00466           -0.399344
1.1837           -0.421644            0.325939
0.343372            -1.04685           -0.540156
0.343372            -1.04685           -0.540156
1.00053           -0.209852            0.381449
1.71075           -0.620796            0.518813
2.52556           -0.897276             0.25293
2.52556           -0.897276             0.25293
2.52556           -0.897276             0.25293
2.52556           -0.897276             0.25293
2.94028            -1.38504            0.158619
2.51096           -0.455556          -0.0958308
2.43578            0.126726           -0.722526
2.53335           -0.375982           -0.688111
2.40727           -0.396504            -0.83208
2.30723            0.441863            -1.03571
1.75963           -0.236503            -1.48243
1.75963           -0.236503            -1.48243
2.01779          -0.0657624            -0.89907
2.01779          -0.0657624            -0.89907
2.01779          -0.0657624            -0.89907
2.41338          -0.0666924           -0.890011
2.41338          -0.0666924           -0.890011
2.60812           -0.429945           -0.388053
2.34741           -0.837909            0.545511
2.04253           -0.307485           -0.140578
1.13494            -0.19753            -0.19661
1.13494            -0.19753            -0.19661
1.05685            0.407668            0.499562
1.05685            0.407668            0.499562
1.08041            0.676779          -0.0836823
0.346991           -0.240754           -0.416872
-0.136144            0.105992            0.035293
-0.136144            0.105992            0.035293
-0.136144            0.105992            0.035293
-0.136144            0.105992            0.035293
-0.136144            0.105992            0.035293
-0.136144            0.105992            0.035293
-0.136144            0.105992            0.035293
0.723287          -0.0209482           -0.278458
0.185594            -0.65442           -0.221399
0.185594            -0.65442           -0.221399
-0.381603          -0.0956754            0.700528
-0.381603          -0.0956754            0.700528
-0.381603          -0.0956754            0.700528
-0.381603          -0.0956754            0.700528
-0.727015            0.576122            0.316262
-0.95661           -0.131344           -0.456417
-0.95661           -0.131344           -0.456417
-1.58887            0.831174           -0.401759
-0.939695             1.14774           -0.828755
-1.12054             1.54915            -1.61716
-0.233773              2.3811            -1.64085
-0.238883             2.64963            -1.77771
-0.297287             1.69897            -2.43904
0.570867             1.41866            -3.24593
0.834257            0.965357            -2.80164
0.834257            0.965357            -2.80164
0.202773              1.4328            -1.98515
-0.346307            0.465508            -2.57286
-0.346307            0.465508            -2.57286
-0.288112             1.24576            -2.65539
0.0669966             1.55869            -2.10863
-0.443433            0.959032            -1.81845
0.325811            0.832722           -0.948071
0.325811            0.832722           -0.948071
0.325811            0.832722           -0.948071
0.325811            0.832722           -0.948071
0.896317             -0.1387           0.0393024
0.741701           -0.200254            0.709353
0.205238           -0.810754             1.37081
0.548731            -1.68412            0.913615
-0.240489            -1.41107             1.75836
-0.248143           -0.617491             1.74269
-0.692632           -0.227296              1.6381
-0.0999362           -0.979143             1.36447
-0.981922           -0.134869             1.36293
-0.981922           -0.134869             1.36293
-0.981922           -0.134869             1.36293
-0.981922           -0.134869             1.36293
-0.281204            0.627438              1.8435
-0.281204            0.627438              1.8435
0.293496            0.987037             1.38801
0.610541             1.34256              1.6431
0.610541             1.34256              1.6431
0.788747             2.20795             0.71185
0.788747             2.20795             0.71185
0.2696             1.29614            0.499386
-0.094349            0.900337             1.09026
-0.637295             1.28147            0.189047
-0.875926             1.43115           -0.178397
-0.875926             1.43115           -0.178397
0.0116737            0.769233           -0.853597
-0.474205            0.578394           -0.673283
-0.474205            0.578394           -0.673283
0.107847          0.00406389           0.0536879
0.107847          0.00406389           0.0536879
0.107847          0.00406389           0.0536879
0.107847          0.00406389           0.0536879
-0.240904             0.83161           -0.322413
-0.240904             0.83161           -0.322413
-0.240904             0.83161           -0.322413
-0.240904             0.83161           -0.322413
-0.240904             0.83161           -0.322413
-0.240904             0.83161           -0.322413
0.0461647            0.802593            -0.11453
-0.163711             0.30975           -0.754712
-0.163711             0.30975           -0.754712
0.0204234            0.190455            -1.03877
0.0204234            0.190455            -1.03877
0.0204234            0.190455            -1.03877
0.27114           -0.488552           -0.804666
0.382915           -0.879438           -0.650118
0.382915           -0.879438           -0.650118
0.382915           -0.879438           -0.650118
-0.210772           -0.503731           -0.300735
-0.210772           -0.503731           -0.300735
0.0698032           -0.286378         -0.00406945
-0.5142           -0.681797           -0.206791
-0.537025            0.282446            0.303451
-0.537025            0.282446            0.303451
-0.537025            0.282446            0.303451
0.372403           -0.671035            0.415334
0.807707           -0.383715            0.335924
1.02054            0.124475             1.08513
1.11726           -0.808529            0.248711
1.44735          -0.0701038            0.764392
1.44735          -0.0701038            0.764392
1.76546           -0.792647             1.29054
1.76546           -0.792647             1.29054
1.85712            -1.60614             1.76818
1.85712            -1.60614             1.76818
2.25477           -0.892392             1.31603
2.27793            -1.06726             1.27197
2.27793            -1.06726             1.27197
2.27793            -1.06726             1.27197
2.27793            -1.06726             1.27197
2.46341           -0.727664             1.86735
2.1754           -0.614192             1.44601
1.43895            -1.41885             1.64793
1.43895            -1.41885             1.64793
0.557992            -1.16143            0.689334
1.19833            -1.31665            0.253735
0.482802            -1.74742            0.206408
0.324571            -1.64827           -0.287918
0.378388            -1.46851            0.222546
0.378388            -1.46851            0.222546
0.901262           -0.794023            0.240802
0.901262           -0.794023            0.240802
0.901262           -0.794023            0.240802
0.901262           -0.794023            0.240802
0.901262           -0.794023            0.240802
1.46283           -0.154242            0.098985
1.46283           -0.154242            0.098985
0.732194            -1.00882            0.435088
-0.148036            -1.30276            0.238401
-0.148036            -1.30276            0.238401
-0.148036            -1.30276            0.238401
-0.148036            -1.30276            0.238401
-0.148036            -1.30276            0.238401
-0.474325           -0.815864           -0.233846
-0.474325           -0.815864           -0.233846
-0.474325           -0.815864           -0.233846
0.0351837          0.00651622            -1.14017
0.403404           -0.250468            -1.63392
0.403404           -0.250468            -1.63392
-0.347164            0.431147            -2.31611
-0.177189             1.20198            -2.41153
0.199753             1.00795            -1.72569
0.46515             1.24744           -0.887525
0.46515             1.24744           -0.887525
0.46515             1.24744           -0.887525
0.46515             1.24744           -0.887525
1.08149             1.32617            -1.04412
0.125366            0.432401             -1.9061
0.125366            0.432401             -1.9061
-0.824263           -0.514549             -2.0736
-0.885883        -0.000548872            -2.07141
-0.0186919            0.786747            -2.34789
-0.311644           0.0560427            -2.20604
-0.443366            0.293565             -1.9832
-0.988927          -0.0300241             -1.5043
-1.24257           -0.375732           -0.817738
-1.24257           -0.375732           -0.817738
-1.24257           -0.375732           -0.817738
-1.47125            0.461666           -0.377813
-1.87675            0.269186           -0.130019
-1.48756           -0.233636           0.0557559
-2.26084           -0.564305            0.160424
-1.42706            0.265216           -0.333164
-1.42706            0.265216           -0.333164
-0.715785            0.114311          -0.0141631
-0.715785            0.114311          -0.0141631
-0.715785            0.114311          -0.0141631
-0.715785            0.114311          -0.0141631
-0.105283           -0.598473             0.25887
-0.356189            -0.50639            0.104503
-0.356189            -0.50639            0.104503
-0.356189            -0.50639            0.104503
-0.356189            -0.50639            0.104503
-0.356189            -0.50639            0.104503
-0.356189            -0.50639            0.104503
-0.356189            -0.50639            0.104503
-0.356189            -0.50639            0.104503
0.605626           -0.636897           0.0402466
-0.229025           -0.475795            0.366455
-0.229025           -0.475795            0.366455
-0.229025           -0.475795            0.366455
-0.229025           -0.475795            0.366455
-0.229025           -0.475795            0.366455
0.166042            0.241727           -0.580374
0.166042            0.241727           -0.580374
0.961575            0.173377            0.218703
0.701685            0.591697           -0.339964
0.647685           -0.200606            0.164055
0.633206           -0.880934           -0.261113
0.633206           -0.880934           -0.261113
0.633206           -0.880934           -0.261113
0.293686            -1.45683            0.485996
-0.480001           -0.544785           -0.408998
-0.480001           -0.544785           -0.408998
-0.480001           -0.544785           -0.408998
-0.480001           -0.544785           -0.408998
0.0375797            -1.53396           -0.392955
0.0375797            -1.53396           -0.392955
0.327784            -0.75643            -1.35284
-0.619489           -0.966065            -1.35047
-0.619489           -0.966065            -1.35047
-0.619489           -0.966065            -1.35047
0.202886           -0.219338            -1.92719
-0.445316           -0.769871            -1.59723
-0.445316           -0.769871            -1.59723
-1.04504            0.227414            -1.06272
-1.17482            0.345422           -0.988799
-1.17482            0.345422           -0.988799
-1.17482            0.345422           -0.988799
-0.793212           -0.444336           -0.122465
-1.41174          -0.0739255           -0.511565
-1.41174          -0.0739255           -0.511565
-1.41174          -0.0739255           -0.511565
-1.41174          -0.0739255           -0.511565
-0.754718            -1.03572           -0.985231
-0.472377            -1.90588            -1.67311
-0.472377            -1.90588            -1.67311
-0.767126            -2.23662            -2.53375
-0.767126            -2.23662            -2.53375
-0.0959653            -3.04341            -1.57209
-0.519892            -3.00711            -1.29052
-0.260027            -2.72311            -1.08218
0.712482            -2.14168           -0.713958
0.712482            -2.14168           -0.713958
0.712482            -2.14168           -0.713958
0.712482            -2.14168           -0.713958
-0.14665            -2.75737           -0.399772
0.33122            -2.24959            0.260474
0.33122            -2.24959            0.260474
0.844738            -1.60754            0.605918
0.0123061             -1.1397           -0.242655
-0.673996            -1.00012            -1.01506
-0.673996            -1.00012            -1.01506
-0.649754            -1.54245            -1.14513
0.338596           -0.957328           -0.172195
0.338596           -0.957328           -0.172195
0.087842            -1.21144            -0.76212
0.087842            -1.21144            -0.76212
-0.702767            -1.81585            -0.54867
-0.702767            -1.81585            -0.54867
-0.199904            -1.14885            -1.12372
-0.199904            -1.14885            -1.12372
-0.199904            -1.14885            -1.12372
0.643298           -0.384598           -0.307096
0.643298           -0.384598           -0.307096
0.678409             0.31671         -0.00381168
0.678409             0.31671         -0.00381168
0.678409             0.31671         -0.00381168
-0.151977            0.041249           -0.923585
-0.151977            0.041249           -0.923585
-0.490963             0.36927           -0.728952
-0.490963             0.36927           -0.728952
-0.490963             0.36927           -0.728952
-0.690647          0.00469108           -0.873824
-0.690647          0.00469108           -0.873824
-0.637603          -0.0310972           -0.923713
0.113753            0.128977           -0.461028
0.113753            0.128977           -0.461028
0.113753            0.128977           -0.461028
0.113753            0.128977           -0.461028
0.113753            0.128977           -0.461028
1.01784           -0.315691           -0.202272
1.01784           -0.315691           -0.202272
0.0603851             -0.2868           -0.532881
-0.288492           -0.226205           -0.235804
-0.288492           -0.226205           -0.235804
0.3367             0.26108            0.301573
0.887665           -0.595233           -0.514213
0.887665           -0.595233           -0.514213
0.887665           -0.595233           -0.514213
0.887665           -0.595233           -0.514213
-0.105754           -0.976913           -0.581988
-0.105754           -0.976913           -0.581988
-0.118115            -1.53677           -0.127437
0.335926           -0.664105            0.380554
0.335926           -0.664105            0.380554
-0.379332          -0.0169297            0.889462
-0.379332          -0.0169297            0.889462
-0.85475            0.609024            0.281791
-0.85475            0.609024            0.281791
-0.542933             1.29188            0.212782
-0.334214            0.608217            0.246843
-1.13011            0.578036           -0.240825
-1.40389           -0.246627            0.202746
-1.22718            0.431239            0.646637
-0.423861          -0.0172043             1.35758
-0.423861          -0.0172043             1.35758
-0.423861          -0.0172043             1.35758
0.444219           -0.824451            0.875985
0.0619795          -0.0988388            0.222033
0.0619795          -0.0988388            0.222033
0.0619795          -0.0988388            0.222033
0.0619795          -0.0988388            0.222033
0.0619795          -0.0988388            0.222033
-0.860744            0.266694           -0.153031
-0.860744            0.266694           -0.153031
-0.860744            0.266694           -0.153031
0.0248577            0.273581           0.0292301
0.0248577            0.273581           0.0292301
0.0248577            0.273581           0.0292301
0.0248577            0.273581           0.0292301
0.0248577            0.273581           0.0292301
0.0248577            0.273581           0.0292301
0.0248577            0.273581           0.0292301
0.0248577            0.273581           0.0292301
0.0248577            0.273581           0.0292301
0.0248577            0.273581           0.0292301
0.0248577            0.273581           0.0292301
0.65993           -0.387879            -0.39901
0.993165           -0.188555            -1.06007
1.25855            -1.00195           -0.420835
1.25855            -1.00195           -0.420835
1.25855            -1.00195           -0.420835
0.481817           -0.055925           -0.321558
-0.223678             0.77128            0.165523
-0.223678             0.77128            0.165523
-0.353184            0.726881             1.14175
-0.771485            0.955444             1.57929
-0.972478            0.972485            0.835373
-0.837244             1.08094            0.976403
-0.97599             2.07741            0.645244
-0.97599             2.07741            0.645244
-0.187597             2.39037          -0.0624417
-0.400926             2.02247            0.789103
-0.400926             2.02247            0.789103
-0.400926             2.02247            0.789103
-0.0224862               1.961             1.44682
-0.597256             1.25315              1.3013
0.346748             1.11257            0.453539
1.28305             1.69396           -0.444044
1.28305             1.69396           -0.444044
0.665533             2.00471           -0.583181
-0.243826             2.45323            0.227293
-0.0244668             1.47805            0.139213
-0.765106            0.659371            0.814471
-0.351592            0.605905              0.0279
-0.421412            0.777528            0.023393
-0.421412            0.777528            0.023393
-0.421412            0.777528            0.023393
0.464155            0.739106           -0.664697
-0.422846            0.754914            -1.53846
-0.0917254             1.15185             -1.8501
-0.0917254             1.15185             -1.8501
0.903936            0.847688            -1.25938
0.0607539            0.770848            -1.39898
-0.652722              1.0832           -0.632461
-0.652722              1.0832           -0.632461
-0.652722              1.0832           -0.632461
-0.932701            0.264486           -0.214785
-1.78369           -0.348738            0.725242
-1.75922           -0.221089            0.768784
-1.75124            -0.23242             1.40917
-1.04937            0.571456              1.8038
-0.123661           -0.345781            0.853509
-0.123661           -0.345781            0.853509
-0.123661           -0.345781            0.853509
-0.0839627           -0.895643          -0.0620689
0.651851            -1.38901           -0.354133
0.11307            -0.61829           -0.726405
-0.259541           -0.391262            0.152739
0.0176333            0.318223            0.571735
0.0176333            0.318223            0.571735
-0.670569           0.0777231            0.568058
-0.670569           0.0777231            0.568058
-0.670569           0.0777231            0.568058
-0.670569           0.0777231            0.568058
-0.022096          -0.0806714            0.641074
0.662598            0.122889             1.22319
0.662598            0.122889             1.22319
0.662598            0.122889             1.22319
0.691836            0.585568             1.41785
0.0645156             1.57921              0.4486
0.734646             1.46325            0.824178
0.734646             1.46325            0.824178
0.734646             1.46325            0.824178
0.127619             1.92545           0.0914284
0.127619             1.92545           0.0914284
-0.849652             1.66837           -0.876124
-0.849652             1.66837           -0.876124
-0.811366             1.21772           -0.802211
-0.811366             1.21772           -0.802211
-0.811366             1.21772           -0.802211
0.036154            0.888253           -0.829151
0.036154            0.888253           -0.829151
0.863301            0.182306           -0.747441
0.863301            0.182306           -0.747441
1.30063             0.32152           -0.939312
1.30063             0.32152           -0.939312
0.330296          -0.0144617            -1.02289
0.293099           -0.204311           -0.390511
0.293099           -0.204311           -0.390511
0.497042             0.59522            -0.65007
0.108139            0.847096            -0.59505
0.108139            0.847096            -0.59505
0.108139            0.847096            -0.59505
0.108139            0.847096            -0.59505
-0.474537             0.53566           -0.451287
-0.474537             0.53566           -0.451287
-0.474537             0.53566           -0.451287
0.165927            0.155085            -1.02824
-0.373351           -0.193448            -1.63814
-0.373351           -0.193448            -1.63814
-0.373351           -0.193448            -1.63814
-0.382275            0.483016           -0.736067
0.00225734            0.325504           -0.049198
0.00225734            0.325504           -0.049198
0.00225734            0.325504           -0.049198
0.160787             1.10842           -0.469775
-0.0362664             1.34396            -0.28084
-0.0362664             1.34396            -0.28084
-0.0362664             1.34396            -0.28084
0.541883             1.36418            0.402191
0.541883             1.36418            0.402191
0.541883             1.36418            0.402191
0.541883             1.36418            0.402191
0.541883             1.36418            0.402191
-0.14846            0.770654            0.465662
-0.14846            0.770654            0.465662
0.592457            0.911305             1.11535
0.592457            0.911305             1.11535
0.975019             1.57647            0.232988
0.0974664            0.713689            -0.71219
0.203922             0.18075             -1.0991
-0.154774           -0.719025           -0.467944
0.0228952            -1.66525            0.296118
-0.329843            -1.39791            0.600858
0.335369            -1.41266             1.31083
0.878059            -1.13433             0.40402
0.878059            -1.13433             0.40402
1.19161           -0.324179            0.932108
1.40599            -1.27668             1.15585
1.39617           -0.729152            0.922044
2.10053            -1.17627             0.26313
1.57245           -0.730801             0.38889
0.735238           -0.115968            0.438045
0.735238           -0.115968            0.438045
0.735238           -0.115968            0.438045
0.735238           -0.115968            0.438045
0.735238           -0.115968            0.438045
0.735238           -0.115968            0.438045
1.02207             0.41734           -0.269648
0.550285             1.25181            0.675215
1.29537             1.03774            0.469812
1.79265            0.467709           -0.158725
1.09035             1.31561           -0.354408
0.576214             1.35596          -0.0613527
0.576214             1.35596          -0.0613527
-0.268799             1.36671            0.449984
-0.268799             1.36671            0.449984
0.210421             1.24413            0.305182
0.210421             1.24413            0.305182
0.360343             1.95277            0.558453
-0.335613             1.77915           -0.200498
-1.01421             1.46807             0.26395
-1.01421             1.46807             0.26395
-0.950781             1.51669           0.0729298
-0.950781             1.51669           0.0729298
-1.21871             1.00047            0.334904
-1.02256             1.47207            0.592411
-1.50311            0.686253            0.566611
-1.6392           0.0824727            0.451523
-1.6392           0.0824727            0.451523
-1.6392           0.0824727            0.451523
-1.02054           -0.273861             1.05092
-1.27893          -0.0842659             1.05456
-0.932097           -0.156188             1.60556
-0.932097           -0.156188             1.60556
-1.31443           -0.408009             1.99465
-1.20661          -0.0164613             2.51243
-2.10102           -0.646144             1.55445
-1.18936           -0.404123             1.23918
-1.18936           -0.404123             1.23918
-0.959517           0.0538049             1.63816
-0.959517           0.0538049             1.63816
-0.959517           0.0538049             1.63816
-0.578487           -0.764306             1.79357
0.0423044           -0.299233             2.27623
0.0423044           -0.299233             2.27623
0.0423044           -0.299233             2.27623
0.0423044           -0.299233             2.27623
-0.128613            -1.22624             1.61943
-0.128613            -1.22624             1.61943
-0.128613            -1.22624             1.61943
0.520301           -0.955737             2.38796
0.520301           -0.955737             2.38796
1.24478         -0.00453328             1.46705
1.24478         -0.00453328             1.46705
0.720412            -0.18056             1.98435
0.720412            -0.18056             1.98435
0.720412            -0.18056             1.98435
0.152288           -0.151439              1.5909
-0.72687           -0.290816             1.25473
-0.10592           -0.739853            0.817067
0.675879           0.0211386             0.79138
0.143702            -0.92349             1.36347
0.143702            -0.92349             1.36347
0.556805             -0.1393              1.3716
0.882458            0.732198            0.765589
0.882458            0.732198            0.765589
0.558995             1.16523             0.60583
0.558995             1.16523             0.60583
0.558995             1.16523             0.60583
0.753048            0.652841           -0.187995
1.33001            0.179084            0.358917
0.365762           -0.788236            0.325412
-0.0151268            0.109514            0.539432
-0.0151268            0.109514            0.539432
-0.0779891           -0.205146           -0.149873
-0.0779891           -0.205146           -0.149873
-0.0779891           -0.205146           -0.149873
-0.0779891           -0.205146           -0.149873
-0.0779891           -0.205146           -0.149873
-0.0779891           -0.205146           -0.149873
-0.0779891           -0.205146           -0.149873
-0.0779891           -0.205146           -0.149873
-0.569256            -1.08393            0.410715
-0.18271            -1.89275             1.11555
-0.188904            -1.47989             1.06203
-0.391021            -1.41079             1.78985
-0.0410014            -0.59727             1.30716
-0.0410014            -0.59727             1.30716
-0.0410014            -0.59727             1.30716
0.276536           -0.160349            0.532375
-0.155034            0.353984            0.113856
-0.155034            0.353984            0.113856
-0.155034            0.353984            0.113856
-0.699635               1.318           -0.592968
0.282059             2.29176            -0.18259
0.282059             2.29176            -0.18259
0.282059             2.29176            -0.18259
-0.112617             2.34437            0.309425
-0.483731             2.12957            0.331152
-0.0483676             1.81632            0.648121
-0.0483676             1.81632            0.648121
-0.0483676             1.81632            0.648121
-0.791369              1.8467            0.381111
0.113371             1.83177            0.218989
0.113371             1.83177            0.218989
0.33441             1.57118             0.06279
0.33441             1.57118             0.06279
0.54754            0.938499           0.0613295
-0.240824           0.0487449            0.592916
-0.240824           0.0487449            0.592916
0.150823          -0.0142806          -0.0881712
0.150823          -0.0142806          -0.0881712
0.150823          -0.0142806          -0.0881712
0.150823          -0.0142806          -0.0881712
0.150823          -0.0142806          -0.0881712
0.150823          -0.0142806          -0.0881712
0.150823          -0.0142806          -0.0881712
-0.56249            0.554022           -0.729181
0.0484811             1.50052             -1.2618
-0.67413             2.42969           -0.782806
-0.67413             2.42969           -0.782806
-0.67413             2.42969           -0.782806
-0.0154205             3.07219           -0.784541
0.150329             2.78958           -0.751163
0.150329             2.78958           -0.751163
-0.657293              1.8421            -1.64626
-0.0991455             1.91851            -1.38918
-0.0991455             1.91851            -1.38918
-0.538267              1.9696            -1.86435
-0.110504             2.48068            -0.92604
-0.110504             2.48068            -0.92604
-0.110504             2.48068            -0.92604
0.516504             2.11011           0.0693294
0.582799             1.92638             1.04161
0.350739              1.3484             1.35367
-0.632448            0.773404               1.881
-0.632448            0.773404               1.881
0.00337072             1.04482             1.25628
0.654718            0.156492             1.24064
-0.264175            0.782558             1.46101
-0.309163             1.16838              1.2872
-0.309163             1.16838              1.2872
-0.617884            0.776397            0.728439
0.352881            0.342158            0.570799
0.352881            0.342158            0.570799
0.352881            0.342158            0.570799
-0.637252            0.405505           -0.407179
-0.637252            0.405505           -0.407179
-0.637252            0.405505           -0.407179
-0.637252            0.405505           -0.407179
-0.303423            0.620258           -0.551714
0.173253            0.497402           -0.349185
0.020841              0.6274            0.613705
0.020841              0.6274            0.613705
0.020841              0.6274            0.613705
-0.234933           -0.309081           -0.128327
-0.234933           -0.309081           -0.128327
-0.234933           -0.309081           -0.128327
-0.234933           -0.309081           -0.128327
-0.234933           -0.309081           -0.128327
-0.234933           -0.309081           -0.128327
-0.234933           -0.309081           -0.128327
-0.323683             0.18927            0.638316
-0.323683             0.18927            0.638316
-0.196189            0.568457            0.113287
-0.196189            0.568457            0.113287
-0.0593506             1.04926            0.808255
-0.0593506             1.04926            0.808255
-0.424747             1.05353            0.233047
-0.424747             1.05353            0.233047
-0.948776            0.953043           0.0440421
-0.391103            0.441381             1.01108
-0.391103            0.441381             1.01108
-0.391103            0.441381             1.01108
0.0803105            0.130077           0.0826407
0.0803105            0.130077           0.0826407
0.0803105            0.130077           0.0826407
0.0803105            0.130077           0.0826407
0.0803105            0.130077           0.0826407
0.0803105            0.130077           0.0826407
0.0803105            0.130077           0.0826407
0.0803105            0.130077           0.0826407
0.0803105            0.130077           0.0826407
0.0803105            0.130077           0.0826407
0.0803105            0.130077           0.0826407
0.0803105            0.130077           0.0826407
0.0803105            0.130077           0.0826407
-0.497338             -0.5419            0.424193
-0.129886           -0.223904            0.412301
-0.129886           -0.223904            0.412301
0.0328851            -1.20908           -0.398998
0.0328851            -1.20908           -0.398998
0.0328851            -1.20908           -0.398998
0.0698668           -0.319854            0.248549
0.0698668           -0.319854            0.248549
0.0698668           -0.319854            0.248549
0.0698668           -0.319854            0.248549
0.0698668           -0.319854            0.248549
0.0698668           -0.319854            0.248549
-0.739527           -0.124928           -0.150705
-0.0283749           -0.952635            0.170589
-0.0607392            -1.27465            0.680302
-0.539833           -0.831124             1.48649
-0.539833           -0.831124             1.48649
0.0112069           0.0962233             1.28593
-0.156827           -0.418339            0.444945
-0.156827           -0.418339            0.444945
0.457389           -0.633043             0.13116
0.457389           -0.633043             0.13116
0.797194           -0.496587            0.147243
0.797194           -0.496587            0.147243
0.765923           -0.123854             0.53032
0.765923           -0.123854             0.53032
0.765923           -0.123854             0.53032
0.949412            0.004809            0.123483
0.949412            0.004809            0.123483
0.949412            0.004809            0.123483
0.747151           -0.964056          -0.0924902
0.747151           -0.964056          -0.0924902
0.747151           -0.964056          -0.0924902
0.747151           -0.964056          -0.0924902
0.747151           -0.964056          -0.0924902
0.747151           -0.964056          -0.0924902
1.03081            -1.43427           0.0924701
1.03081            -1.43427           0.0924701
0.657639            -1.28747           -0.588998
1.15696            -1.98652           0.0590383
1.15696            -1.98652           0.0590383
0.333551            -2.22309            0.421318
1.32197            -1.42654            0.744952
0.596538            -1.12149             0.59251
-0.0735284            -1.15634           -0.203469
-0.0735284            -1.15634           -0.203469
-0.0735284            -1.15634           -0.203469
-0.170739            -1.05974           -0.252425
-0.244174           -0.499604           -0.747505
-0.244174           -0.499604           -0.747505
-1.15533            0.147902           -0.608392
-1.23403            -0.18247           -0.364089
-1.23403            -0.18247           -0.364089
-2.12573            0.621119             0.48997
-1.31765            0.461956           -0.343911
-0.819968            0.924916            -1.05546
-0.819968            0.924916            -1.05546
-0.234036             1.32566            -1.18781
-0.234036             1.32566            -1.18781
-0.234036             1.32566            -1.18781
-0.020712             1.13776            -1.68203
-0.407858            0.872559            -1.42081
-0.364314           0.0121027            -2.06358
-0.364314           0.0121027            -2.06358
-0.320652           -0.168968             -2.3294
-0.842263           -0.555026            -1.98432
-0.711133            -1.43043            -2.00917
-0.920928           -0.739996            -1.38008
-1.12254            -0.01567           -0.731667
-0.220209            0.861682           -0.176921
-0.220209            0.861682           -0.176921
-0.220209            0.861682           -0.176921
-0.213822             1.23878            0.256867
-0.213822             1.23878            0.256867
-0.821267            0.273128             0.10133
-0.649572             1.08241            0.663463
-0.949074            0.498719             0.72084
-0.0500505           -0.319471           0.0734333
0.871464            -1.18349            0.809156
1.69451           -0.925415         -0.00594965
1.69451           -0.925415         -0.00594965
2.17692            -1.48452           0.0892267
1.69875            -1.88552            0.303123
1.23973            -2.48581           -0.134077
0.81034            -2.29083            0.244306
0.734476            -2.21966          -0.0647835
0.726238            -2.15164            0.464262
0.726238            -2.15164            0.464262
0.527991            -1.49918             1.43241
1.44473           -0.607939             2.14448
0.571828            -0.50683             1.92459
0.571828            -0.50683             1.92459
-0.317356            -1.13948             1.29967
0.308271           -0.354026            0.936949
-0.45694           -0.339234           0.0286673
-0.814522           -0.446571          -0.0333379
-0.814522           -0.446571          -0.0333379
-0.814522           -0.446571          -0.0333379
-0.619572             0.13177            0.495331
-0.619572             0.13177            0.495331
-0.619572             0.13177            0.495331
-0.484022            0.730074             1.32398
0.15074           0.0707406             1.53052
0.15074           0.0707406             1.53052
0.80626           -0.274086             2.52186
1.27624           -0.213605              1.8292
1.27624           -0.213605              1.8292
1.27624           -0.213605              1.8292
1.41472            0.268159             1.24857
0.559672            -0.42988            0.447261
0.559672            -0.42988            0.447261
1.32983           -0.628825           -0.520444
1.32983           -0.628825           -0.520444
0.778093            -1.36914           -0.269338
0.423246            -1.84571            0.260771
0.622729            -1.23006           -0.262104
0.622729            -1.23006           -0.262104
0.622729            -1.23006           -0.262104
0.107694           -0.313191            -1.22574
-0.704711            0.451416           -0.665508
-0.704711            0.451416           -0.665508
-0.0910384           -0.320653            -1.30218
-0.0910384           -0.320653            -1.30218
-0.0910384           -0.320653            -1.30218
0.427671           -0.210772           -0.900259
0.343361            0.270245           -0.251671
0.343361            0.270245           -0.251671
0.343361            0.270245           -0.251671
0.343361            0.270245           -0.251671
0.343361            0.270245           -0.251671
0.343361            0.270245           -0.251671
0.343361            0.270245           -0.251671
0.343361            0.270245           -0.251671
1.21706           -0.460103          -0.0387109
1.21706           -0.460103          -0.0387109
0.82317            -1.32317            0.623998
0.82317            -1.32317            0.623998
0.650048            -2.03008           -0.221256
0.650048            -2.03008           -0.221256
-0.183256            -1.90921            0.438113
0.731936            -1.32989            0.859927
0.731936            -1.32989            0.859927
-0.191775           -0.821211             1.15456
0.191963            0.111506             1.75655
0.191963            0.111506             1.75655
-0.679406           -0.797584             1.84867
-0.397983          0.00706527             1.16739
-0.397983          0.00706527             1.16739
-0.397983          0.00706527             1.16739
0.208329           -0.370077             1.28216
0.208329           -0.370077             1.28216
1.16692          -0.0795444            0.624966
0.407286            0.676469             1.55861
0.407286            0.676469             1.55861
0.873635            0.314059             1.03573
1.45497           -0.476093            0.809385
1.45497           -0.476093            0.809385
1.35421           -0.655931            0.907738
0.702433           -0.733659           -0.018886
0.702433           -0.733659           -0.018886
0.702433           -0.733659           -0.018886
0.498367           -0.594442           -0.192039
0.498367           -0.594442           -0.192039
0.518086            -1.14386            0.214329
-0.0360651           -0.811722            0.120048
-0.0360651           -0.811722            0.120048
-0.778873           0.0168529           -0.747918
-0.778873           0.0168529           -0.747918
-0.778873           0.0168529           -0.747918
-0.778873           0.0168529           -0.747918
-0.73245            0.122411           -0.368318
0.0708036            0.407942            -1.21903
-0.825168           -0.159269           -0.437818
-0.825168           -0.159269           -0.437818
-0.825168           -0.159269           -0.437818
-0.537738            0.658172            0.130675
-0.537738            0.658172            0.130675
0.456379            0.798094           -0.724293
0.456379            0.798094           -0.724293
0.472733          -0.0193482            0.146918
-0.378659            0.208784            0.460814
-0.378659            0.208784            0.460814
-0.378659            0.208784            0.460814
0.559481           -0.601878           -0.485605
0.559481           -0.601878           -0.485605
0.559481           -0.601878           -0.485605
0.559481           -0.601878           -0.485605
-0.10223            -0.27209           -0.660839
-0.10223            -0.27209           -0.660839
0.649708            0.138942            -1.49138
0.685321            0.288118            -1.31972
1.49674           -0.118665           -0.545528
1.49674           -0.118665           -0.545528
1.42368           -0.252098            -1.24112
1.42368           -0.252098            -1.24112
1.4791            -0.85869           -0.696955
0.989955            -1.05838           0.0189178
0.989955            -1.05838           0.0189178
0.588203           -0.309266           -0.916816
-0.351538           -0.516787            -0.41011
-0.351538           -0.516787            -0.41011
0.00974559           -0.143188            0.586219
0.175636            0.301013           -0.394575
0.404823            0.362761            -1.22682
0.404823            0.362761            -1.22682
0.865574           -0.179229           -0.555313
0.658835            0.185012           -0.189442
0.658835            0.185012           -0.189442
0.0550544            0.487667           -0.544687
-0.268407            0.117656           -0.333467
-0.334982            0.157312            -1.07402
-0.834001          -0.0663971           -0.901915
-0.299276            0.267892           -0.451995
0.4853           -0.457814           -0.227652
0.320598           -0.494076           -0.235021
0.320598           -0.494076           -0.235021
0.320598           -0.494076           -0.235021
0.720933            0.162842           0.0395235
0.720933            0.162842           0.0395235
0.314249          -0.0458216            0.675919
0.314249          -0.0458216            0.675919
-0.111825           -0.143452           -0.134434
-0.111825           -0.143452           -0.134434
0.637396            -0.36712            0.725588
0.63987            0.632568             1.52114
0.63987            0.632568             1.52114
-0.113803            0.414353            0.731513
-0.284245             0.67387             1.04324
-0.284245             0.67387             1.04324
-0.0269682           0.0358673            0.291024
-0.0269682           0.0358673            0.291024
-0.0269682           0.0358673            0.291024
-0.0269682           0.0358673            0.291024
-0.0269682           0.0358673            0.291024
-0.0269682           0.0358673            0.291024
-0.0269682           0.0358673            0.291024
-0.0269682           0.0358673            0.291024
-0.644839           -0.113904           -0.110859
-0.644839           -0.113904           -0.110859
-0.644839           -0.113904           -0.110859
-0.644839           -0.113904           -0.110859
-0.644839           -0.113904           -0.110859
-0.874653            0.568257           -0.269761
-1.06029            0.654122           -0.757906
-0.877014            0.672054           -0.623768
-0.877014            0.672054           -0.623768
-0.886267            0.513973            -1.07865
-1.09971            0.907731           -0.636013
-0.355095            0.536532            -1.55928
0.212182           -0.298307           -0.954167
0.212182           -0.298307           -0.954167
0.0304459           -0.130026            -1.27775
0.534874           -0.772237           -0.989744
0.534874           -0.772237           -0.989744
0.534874           -0.772237           -0.989744
0.534874           -0.772237           -0.989744
0.385631           -0.711185            -1.57907
1.06577            0.209046             -1.1869
1.06577            0.209046             -1.1869
0.522836           -0.256602           -0.966717
-0.247547            0.450143           -0.466721
0.318553            0.305946            0.229134
0.377218           -0.127857            0.642423
0.377218           -0.127857            0.642423
-0.00653018           -0.508331            0.269024
-0.00653018           -0.508331            0.269024
-0.207199           -0.466977            0.368865
-0.736403           -0.104115           0.0767536
-0.219775            0.195073            0.734886
-0.219775            0.195073            0.734886
-1.00351           -0.630797           -0.105804
-1.0399           -0.651296          -0.0478017
-1.65943           -0.354711           -0.108232
-1.10398           -0.459939           0.0398475
-1.10398           -0.459939           0.0398475
-1.10398           -0.459939           0.0398475
-1.08282            0.319414           -0.311281
-1.08282            0.319414           -0.311281
-1.08282            0.319414           -0.311281
-0.222299            0.146955           -0.440177
-0.183965            0.158176            0.336595
-0.866966              0.5512            0.223393
-0.41055           -0.448595           -0.607144
-0.41055           -0.448595           -0.607144
-0.41055           -0.448595           -0.607144
-0.41055           -0.448595           -0.607144
-0.41055           -0.448595           -0.607144
-0.41055           -0.448595           -0.607144
-0.41055           -0.448595           -0.607144
-0.644449            0.134338           -0.662232
-0.644449            0.134338           -0.662232
0.35419            -0.29598            0.316742
0.809836           -0.126612            0.185636
1.60434           -0.007053            0.578449
0.778476           -0.454813             1.45662
0.317252           -0.712857             1.09748
-0.438337           -0.401793            0.402344
-0.438337           -0.401793            0.402344
-0.438337           -0.401793            0.402344
-0.438337           -0.401793            0.402344
-0.952896            0.410656            -0.39536
-0.0119295            0.680635            -1.15649
-0.0154669            0.882365            -2.14919
-0.978852             1.14897            -1.16065
-0.978852             1.14897            -1.16065
-0.978852             1.14897            -1.16065
-0.724868             1.37792           -0.995634
-0.724868             1.37792           -0.995634
-0.44456             1.27491           -0.368922
-0.49986            0.678033            -1.18707
-0.151264            0.480775             -1.9707
0.504547            0.998543            -1.15859
0.504547            0.998543            -1.15859
-0.438054            0.573129           -0.298673
-0.438054            0.573129           -0.298673
-0.773609           -0.212805           0.0179957
-0.435213           -0.895027           -0.161696
0.540674           -0.338334            -0.37168
0.397855           0.0922832           0.0979946
0.408984            0.647884            0.274376
0.775615             1.51293           0.0342307
0.775615             1.51293           0.0342307
0.136482             1.91384           -0.695319
0.378696             1.96645            -1.37386
0.597207             2.03373           -0.763984
-0.115555             2.62963          0.00074226
-0.115555             2.62963          0.00074226
-0.115555             2.62963          0.00074226
0.415141             2.53469           0.0456331
0.808077             2.52304            -0.56198
0.808077             2.52304            -0.56198
1.51661             2.30428            0.344672
1.20022             1.32766           -0.357051
1.63675              2.1642          -0.0913603
0.751189             1.66176            0.448441
0.71694             1.44831           -0.399769
0.607781            0.490941           -0.773267
0.607781            0.490941           -0.773267
0.607781            0.490941           -0.773267
0.036419             1.00996            -1.13317
0.109426            0.345534            -1.15255
0.109426            0.345534            -1.15255
0.109426            0.345534            -1.15255
0.475374            0.267032           -0.685959
-0.121636            0.721438            -0.24379
-0.250508            0.997388           -0.299491
-0.250508            0.997388           -0.299491
0.647884            0.942383          0.00521931
0.647884            0.942383          0.00521931
0.647884            0.942383          0.00521931
1.04814            0.734439            0.174627
1.04814            0.734439            0.174627
1.04814            0.734439            0.174627
1.04814            0.734439            0.174627
0.150187            0.926776            0.299229
-0.411363            0.749533           -0.260258
-0.130911             1.38118           -0.108841
0.358288             0.94582           -0.699883
0.358288             0.94582           -0.699883
0.358288             0.94582           -0.699883
-0.474301            0.127629            -1.09738
-0.474301            0.127629            -1.09738
0.0409196            0.843764           -0.553464
0.0409196            0.843764           -0.553464
0.0409196            0.843764           -0.553464
-0.338943            0.363742           -0.232767
-0.338943            0.363742           -0.232767
-0.338943            0.363742           -0.232767
-0.983518           0.0910934            -1.11924
-0.983518           0.0910934            -1.11924
-0.249204             0.11521           -0.276968
0.614264          -0.0176425            0.698673
1.36264            0.284565           0.0714049
1.63546             1.15148           -0.289833
1.25273             1.02934            0.513343
1.25273             1.02934            0.513343
1.25273             1.02934            0.513343
1.74352             1.70384            0.447437
1.74352             1.70384            0.447437
0.899223             2.17462            0.550979
0.0424348             2.03954            0.234608
-0.0392009             2.49329            0.274713
-0.352539             2.79292           -0.123724
-0.352539             2.79292           -0.123724
-0.352539             2.79292           -0.123724
-0.352539             2.79292           -0.123724
-0.912972             2.08347           -0.320665
-0.0496846             2.45376            0.419796
-0.0496846             2.45376            0.419796
-0.0496846             2.45376            0.419796
-0.175841             2.18111            0.197255
-0.175841             2.18111            0.197255
0.762054             2.16484            0.238308
1.24454             1.63724           0.0912188
0.575959             1.39509           -0.386977
0.251525             1.03048             -0.9954
0.530155             1.52394           -0.255967
-0.385603             1.44819            -1.18733
-0.385603             1.44819            -1.18733
-0.194309            0.530087             -1.5586
-0.839199             1.40697           -0.712359
-0.839199             1.40697           -0.712359
-0.828506            0.782508            -1.56651
-0.828506            0.782508            -1.56651
-0.675915            0.522898            -1.26152
-0.675915            0.522898            -1.26152
-0.675915            0.522898            -1.26152
-0.675915            0.522898            -1.26152
-0.174336            -0.39705            -1.04734
0.726787            -1.17045           -0.513488
0.726787            -1.17045           -0.513488
0.737151            -1.19752            0.328151
1.02797           -0.700523           -0.170403
1.02797           -0.700523           -0.170403
0.095428             -1.4419            -1.08846
0.095428             -1.4419            -1.08846
0.095428             -1.4419            -1.08846
0.613184           -0.753719           -0.841843
0.613184           -0.753719           -0.841843
0.213208            -1.00902            -1.12976
0.401914           -0.129815           -0.718127
-0.0990051           -0.272662           -0.203211
-0.0990051           -0.272662           -0.203211
-0.0990051           -0.272662           -0.203211
-0.411684           -0.970321            0.792864
0.162122           -0.259438            0.649029
0.498084           -0.498315              1.0719
-0.100315            0.199284             1.75414
0.563875            0.399065            0.762238
0.17521          -0.0668801             1.24525
0.17521          -0.0668801             1.24525
0.51768            0.839493             1.03258
0.51768            0.839493             1.03258
0.51768            0.839493             1.03258
0.51768            0.839493             1.03258
-0.0389157         0.000324788            0.621456
-0.661707           -0.006146             0.77633
-0.661707           -0.006146             0.77633
-0.661707           -0.006146             0.77633
0.0989657            0.259426            0.855456
0.253954            0.357192            0.216081
0.253954            0.357192            0.216081
0.0644011            0.244521          -0.0549681
0.0644011            0.244521          -0.0549681
0.150416           -0.038441            0.281034
0.469916           -0.121869           0.0350881
0.469916           -0.121869           0.0350881
0.218356            0.012971            0.234122
0.218356            0.012971            0.234122
0.218356            0.012971            0.234122
-0.182718          0.00496932           -0.741488
-0.182718          0.00496932           -0.741488
0.59202            0.691103          -0.0630541
0.20402            0.271542           -0.508269
0.637509             1.01155             0.17367
0.637509             1.01155             0.17367
0.2282             1.06838           -0.583052
-0.255266              1.6554             0.13017
-1.13063              1.3482            0.202851
-0.614717             1.07321           -0.415179
-1.17812             1.96978            -1.31544
-1.47586             2.11471            -2.07201
-2.28421             1.59299            -1.31347
-2.28421             1.59299            -1.31347
-1.81415            0.769787           -0.501704
-1.81415            0.769787           -0.501704
-1.81415            0.769787           -0.501704
-1.81415            0.769787           -0.501704
-2.05534            0.555943           -0.552163
-1.17698            0.273051           -0.702258
-2.14717            0.921559           -0.776083
-1.45869              1.3884            -1.00029
-1.45869              1.3884            -1.00029
-0.733785            0.422365          -0.0091631
-0.617846           -0.052439           -0.618527
-0.617846           -0.052439           -0.618527
-0.617846           -0.052439           -0.618527
-0.617846           -0.052439           -0.618527
-0.617846           -0.052439           -0.618527
-0.617846           -0.052439           -0.618527
-0.617846           -0.052439           -0.618527
-0.617846           -0.052439           -0.618527
0.157749           -0.411763            -0.20963
-0.529008            0.353718            -0.86618
-0.529008            0.353718            -0.86618
0.163307             1.09459            -1.10858
-0.794206            0.608589            -1.61706
-0.79684             1.55132            -2.40939
0.173046             1.00836            -1.72387
0.173046             1.00836            -1.72387
0.730419               1.665            -1.76874
0.160315             2.24786            -1.47688
0.664623             2.27075            -1.49628
0.664623             2.27075            -1.49628
0.0376625             1.35556            -1.58873
-0.481246            0.468362            -2.02061
-0.0794258            0.441424            -1.40438
-0.313277            0.953381           -0.412768
-0.313277            0.953381           -0.412768
-0.313277            0.953381           -0.412768
-0.313277            0.953381           -0.412768
-0.313277            0.953381           -0.412768
-0.489797             1.34781            0.326481
-0.489797             1.34781            0.326481
-0.489797             1.34781            0.326481
-0.77055            0.837774            0.704506
-0.879133             1.35907          0.00769816
-0.879133             1.35907          0.00769816
0.0752762            0.830039           -0.912038
0.793383             1.16264           -0.961292
0.793383             1.16264           -0.961292
1.00276            0.522449           -0.537465
1.67555              1.4918            -1.16657
1.67555              1.4918            -1.16657
0.835256            0.737744            -1.54575
0.835256            0.737744            -1.54575
1.01908             1.67636           -0.985429
1.01908             1.67636           -0.985429
1.01908             1.67636           -0.985429
1.01908             1.67636           -0.985429
1.01908             1.67636           -0.985429
0.896989             1.58457          -0.0441736
0.0347257              1.5056            0.175398
0.305992             1.95041           -0.557188
0.305992             1.95041           -0.557188
0.79895             1.33577           -0.683301
0.823624            0.597044            -0.70475
-0.0744916            0.979733           -0.431312
-0.87275              1.5133            -1.05349
-0.216524            0.665397            -1.54406
-0.216524            0.665397            -1.54406
-0.513796            0.706358            -2.14354
-0.265934             -0.0118            -1.40242
-0.892946            0.134333            -1.51716
-0.290027            0.994051            -1.91298
-0.523685            0.765713            -1.11885
0.0401666           -0.102267           -0.906378
0.509505           -0.496475           -0.947724
0.180605            -0.36852             -1.1249
0.180605            -0.36852             -1.1249
0.82457             0.16834              -1.401
0.0458075           -0.409547           -0.911145
0.0458075           -0.409547           -0.911145
-0.429554           -0.730928          -0.0551784
-0.429554           -0.730928          -0.0551784
-0.429554           -0.730928          -0.0551784
-0.744591           -0.171716           0.0767747
-0.744591           -0.171716           0.0767747
-0.083521           0.0312098            0.581126
0.54649           -0.342571          0.00357824
0.54649           -0.342571          0.00357824
0.54649           -0.342571          0.00357824
1.10121          -0.0982244            0.561111
0.922682            0.739457           -0.025116
0.621318            0.135548            0.734208
1.00502            -0.76039            0.672437
0.717804            0.107324            0.637246
0.717804            0.107324            0.637246
0.02127           0.0736939           -0.308149
0.02127           0.0736939           -0.308149
0.02127           0.0736939           -0.308149
0.02127           0.0736939           -0.308149
0.02127           0.0736939           -0.308149
0.02127           0.0736939           -0.308149
0.432562           -0.582379           0.0805978
0.949917            -0.41744            0.277225
0.555369            -0.55432            0.283825
0.555369            -0.55432            0.283825
0.38458           -0.633618            -0.46846
-0.209888            -1.10779           -0.166274
-0.209888            -1.10779           -0.166274
-0.848636           -0.192256            -1.13694
-0.848636           -0.192256            -1.13694
-0.848636           -0.192256            -1.13694
-0.848636           -0.192256            -1.13694
-0.848636           -0.192256            -1.13694
-0.326612           -0.805237            -1.36779
-0.326612           -0.805237            -1.36779
-0.338988          -0.0661556            -1.03334
-0.697133           -0.725745           -0.621688
-0.697133           -0.725745           -0.621688
-0.697133           -0.725745           -0.621688
-0.697133           -0.725745           -0.621688
-0.697133           -0.725745           -0.621688
-0.727658             0.15731           -0.817184
-0.0617616            0.857593           -0.971281
-0.0617616            0.857593           -0.971281
0.589329             1.17753           -0.816224
0.589329             1.17753           -0.816224
0.854097            0.560049            -1.36338
-0.110284             1.06985           -0.687255
0.582337            0.298221           -0.826733
-0.0948213           -0.540549           -0.405542
-0.0948213           -0.540549           -0.405542
-0.0948213           -0.540549           -0.405542
-0.0948213           -0.540549           -0.405542
0.104277           -0.896441            0.272298
0.104277           -0.896441            0.272298
-0.57418            -1.58766            0.184491
-1.27516            -2.27365             0.21615
-0.469058            -2.23273            0.774868
-0.469058            -2.23273            0.774868
-0.469058            -2.23273            0.774868
0.236749            -2.07362         -0.00259996
-0.034962            -2.19588           -0.323153
-0.471382            -1.42939             0.25846
-0.471382            -1.42939             0.25846
-0.471382            -1.42939             0.25846
-0.471382            -1.42939             0.25846
-0.523943            -1.25276            0.279317
-0.523943            -1.25276            0.279317
-0.63362           -0.460049            0.866576
0.349962            0.450076            0.804178
0.885423           0.0140774            0.797399
0.885423           0.0140774            0.797399
0.0622372           -0.402491            0.713135
-0.926076            0.182442            0.222346
-0.926076            0.182442            0.222346
-0.926076            0.182442            0.222346
-0.93036           -0.606125            -0.57033
-0.807511            0.296813           -0.733445
-0.807511            0.296813           -0.733445
-0.754212            0.707042           -0.406434
-0.754212            0.707042           -0.406434
-0.221609            0.524673            0.382179
-0.975838            0.731376            0.571536
-0.975838            0.731376            0.571536
-0.232982             1.61756             1.56584
-0.0960532            0.843291             2.47228
0.499505            0.939181             2.35454
0.499505            0.939181             2.35454
1.12898             1.11429             3.12505
1.12898             1.11429             3.12505
0.196545             1.60814              2.2276
0.196545             1.60814              2.2276
0.470178            0.658871             2.20477
-0.489905            0.153321             1.97225
-0.489905            0.153321             1.97225
-1.32252           -0.721637             1.45949
-1.32252           -0.721637             1.45949
-1.32252           -0.721637             1.45949
-1.32252           -0.721637             1.45949
-1.32252           -0.721637             1.45949
-1.69418            0.177168             1.60334
-1.79599            0.561438              1.1699
-1.79599            0.561438              1.1699
-1.19621             1.27241            0.253329
-1.19621             1.27241            0.253329
-1.19621             1.27241            0.253329
-1.42385            0.909556           0.0497805
-1.42385            0.909556           0.0497805
-1.42385            0.909556           0.0497805
-1.2664             1.14964            0.663576
-0.734805             1.08597           -0.278776
-0.0206787            0.484048            0.460102
-0.0206787            0.484048            0.460102
-0.0206787            0.484048            0.460102
-0.0206787            0.484048            0.460102
-0.0206787            0.484048            0.460102
-0.490218            0.980958            0.370884
-0.490218            0.980958            0.370884
-0.490218            0.980958            0.370884
-0.490218            0.980958            0.370884
-0.490218            0.980958            0.370884
-1.02391            0.100919          -0.0135634
-0.436301           -0.739028           -0.568929
-0.352361           -0.163703            -1.04262
-0.352361           -0.163703            -1.04262
-0.352361           -0.163703            -1.04262
-0.0817784            -1.03322           -0.140781
-0.274571           -0.303584           -0.305175
-0.819511            -1.28491            0.573181
-0.819511            -1.28491            0.573181
-0.819511            -1.28491            0.573181
-0.819511            -1.28491            0.573181
-0.0149508            -1.37929             1.17994
-0.0149508            -1.37929             1.17994
0.927065           -0.816063            0.755182
1.0462           -0.823504           -0.215941
0.171032           -0.826624           -0.879537
0.230806            -1.21658           -0.222009
-0.547134           -0.744499            -1.02972
-0.406148            0.192108           -0.125673
-0.406148            0.192108           -0.125673
-0.406148            0.192108           -0.125673
-0.406148            0.192108           -0.125673
-0.406148            0.192108           -0.125673
0.0638862          -0.0859467           -0.444966
0.0638862          -0.0859467           -0.444966
0.0638862          -0.0859467           -0.444966
0.0638862          -0.0859467           -0.444966
0.0638862          -0.0859467           -0.444966
0.0638862          -0.0859467           -0.444966
0.0638862          -0.0859467           -0.444966
0.0638862          -0.0859467           -0.444966
-0.261216           -0.288677           -0.632454
-0.0238901          -0.0682277           -0.728657
-0.0238901          -0.0682277           -0.728657
-0.936151           -0.428246            0.126116
-0.936151           -0.428246            0.126116
-0.473878           -0.557481           -0.439125
-0.473878           -0.557481           -0.439125
-1.35763            0.144955            0.132646
-1.19325            0.813306           -0.134429
-1.19325            0.813306           -0.134429
-1.19325            0.813306           -0.134429
-2.03825            0.958383          0.00658448
-1.64568             1.69857            0.740833
-0.705673             2.47268            0.123925
-0.705673             2.47268            0.123925
0.019079             2.34855             1.01093
0.112552             2.69001            0.677839
-0.347846             2.60719             0.38008
-0.347846             2.60719             0.38008
-0.501145             2.28959           0.0605919
-0.312484             2.49256            0.636618
-0.733007             1.49691            0.956142
0.0224794            0.965518             1.32894
-0.477856             1.87057             0.49395
-1.33292             1.03731             1.21032
-1.15656           0.0634115             1.85887
-0.583818          -0.0523621             2.11107
-0.583818          -0.0523621             2.11107
0.387116            0.563745              2.1784
0.387116            0.563745              2.1784
-0.439474             1.20368              1.2015
-0.267072             1.06199            0.783607
-1.21064            0.454876            -0.20008
-0.276132             1.40713           -0.575684
-0.276132             1.40713           -0.575684
-0.276132             1.40713           -0.575684
-0.230717              1.2936            0.247783
0.26439            0.494074           -0.591191
0.960703            0.444246           -0.585134
0.960703            0.444246           -0.585134
0.960703            0.444246           -0.585134
0.0860801            0.648842              -1.378
0.0860801            0.648842              -1.378
0.112501          -0.0588265            -1.42005
0.713035            0.500431            -2.21429
-0.182686            0.775448            -2.99482
0.607217            0.771027            -2.18738
0.614485             1.64602            -1.27353
0.614485             1.64602            -1.27353
-0.373589            0.875155            -1.88523
0.262365            0.664484           -0.922782
0.324245             1.24658          0.00754413
-0.0175277             1.70864           -0.185542
0.413962              2.2224           0.0352946
0.851031             2.24382           -0.790736
-0.135014             1.65106           -0.916226
-0.966172            0.793316           -0.142819
-0.966172            0.793316           -0.142819
-0.966172            0.793316           -0.142819
-0.815426           -0.195886           -0.758378
-0.815426           -0.195886           -0.758378
-0.815426           -0.195886           -0.758378
-0.691297           -0.576273          0.00718693
0.0288481           -0.106377            0.935641
0.0288481           -0.106377            0.935641
0.0288481           -0.106377            0.935641
-0.368452           -0.151755            0.577267
0.0270275            0.300363            0.815408
0.0270275            0.300363            0.815408
-0.263788            0.438258            0.211461
0.496395              1.1754            0.351061
0.496395              1.1754            0.351061
0.579157            0.796809           0.0704146
0.725158            0.306101           -0.436359
0.0744495            -0.23899          -0.0730497
0.0744495            -0.23899          -0.0730497
0.0744495            -0.23899          -0.0730497
0.0744495            -0.23899          -0.0730497
0.0744495            -0.23899          -0.0730497
0.0744495            -0.23899          -0.0730497
0.0744495            -0.23899          -0.0730497
0.0744495            -0.23899          -0.0730497
0.0744495            -0.23899          -0.0730497
0.0744495            -0.23899          -0.0730497
-0.15856             0.67152           0.0735871
-0.15856             0.67152           0.0735871
-0.15856             0.67152           0.0735871
-0.15856             0.67152           0.0735871
0.663373           -0.166955           -0.292212
0.799204            0.384797           0.0044061
0.799204            0.384797           0.0044061
0.799204            0.384797           0.0044061
0.694017           -0.313641           -0.258969
0.632451           -0.501577           -0.342062
0.632451           -0.501577           -0.342062
0.814553            0.356303           0.0306792
0.749423            0.103896          -0.0230445
0.749423            0.103896          -0.0230445
0.749423            0.103896          -0.0230445
0.749423            0.103896          -0.0230445
0.749423            0.103896          -0.0230445
-0.0617781            0.650861            0.120323
-0.0617781            0.650861            0.120323
-0.0617781            0.650861            0.120323
-0.0617781            0.650861            0.120323
-0.0617781            0.650861            0.120323
-0.633626            0.518529            0.962864
-1.23909            0.928966            0.584397
-0.785935            0.313334            0.504463
0.0391385            0.184197            0.497623
0.0391385            0.184197            0.497623
0.0391385            0.184197            0.497623
0.0391385            0.184197            0.497623
0.0447293           -0.337031            -0.47841
0.0262117            -1.01721           -0.429565
-0.0792242            -1.34295         -0.00455508
-0.0792242            -1.34295         -0.00455508
-0.0792242            -1.34295         -0.00455508
-0.0792242            -1.34295         -0.00455508
0.773442            -0.65984           0.0616185
0.296159           -0.898371            0.134493
0.296159           -0.898371            0.134493
0.296159           -0.898371            0.134493
0.296159           -0.898371            0.134493
0.269875           -0.845732          -0.0687039
0.269875           -0.845732          -0.0687039
0.269875           -0.845732          -0.0687039
0.269875           -0.845732          -0.0687039
0.20501           0.0263372           -0.958318
0.511305            0.898938          -0.0273581
0.511305            0.898938          -0.0273581
0.0427289           0.0817779            0.253621
0.0427289           0.0817779            0.253621
0.0427289           0.0817779            0.253621
0.402063           -0.537287           0.0515991
0.402063           -0.537287           0.0515991
0.218583           -0.322047            0.161138
0.218583           -0.322047            0.161138
0.218583           -0.322047            0.161138
-0.709352            0.251137           -0.607215
-0.709352            0.251137           -0.607215
-1.17637            0.338591           -0.435878
-1.47125            0.420085           -0.451429
-1.47125            0.420085           -0.451429
-2.11338             1.23057            0.422519
-1.51804            0.544732           -0.306866
-1.51804            0.544732           -0.306866
-1.51804            0.544732           -0.306866
-1.42522            0.428973           -0.155188
-1.34175            0.910755           -0.867978
-1.16122            0.830363           -0.668201
-1.12804            0.320177           -0.657725
-1.12804            0.320177           -0.657725
-0.393596           -0.619448            0.276034
-0.393596           -0.619448            0.276034
-0.393596           -0.619448            0.276034
-0.952189           -0.893512           -0.284981
-1.68699           -0.269544            -0.42159
-1.68867           -0.901964           -0.268194
-0.944269             -1.4125           -0.768314
-0.944269             -1.4125           -0.768314
-0.944269             -1.4125           -0.768314
-0.690446            -0.82897           -0.899232
-0.690446            -0.82897           -0.899232
-0.145147          -0.0391901            -1.54655
0.539943          -0.0871075            -1.61334
-0.424114            0.796794            -1.73159
-0.783122            0.351591            -1.37729
-0.783122            0.351591            -1.37729
-0.783122            0.351591            -1.37729
-1.14974            0.727571           -0.510799
-1.39484             1.20704            0.296478
-0.845386              1.5001            0.872936
-0.78225            0.584223            0.471034
-0.715258            -0.18418           -0.297939
-0.355816            -0.40519           -0.302815
0.178443            0.396828            0.584943
-0.0978257            0.448904            0.433262
0.493816           0.0676535            0.178523
0.238779           -0.567815            0.690109
0.238779           -0.567815            0.690109
0.238779           -0.567815            0.690109
0.352753           0.0897755            0.178148
0.230191            0.269273           0.0833421
0.230191            0.269273           0.0833421
0.230191            0.269273           0.0833421
0.230191            0.269273           0.0833421
0.230191            0.269273           0.0833421
0.230191            0.269273           0.0833421
0.0270098           -0.728814            0.168427
0.0270098           -0.728814            0.168427
0.75387           -0.974071            -0.60775
0.200986            -1.25175           -0.614983
-0.588172            -1.70498            -1.41181
-0.588172            -1.70498            -1.41181
-1.52399            -1.19225           -0.702265
-1.52399            -1.19225           -0.702265
-1.52399            -1.19225           -0.702265
-1.52399            -1.19225           -0.702265
-1.52399            -1.19225           -0.702265
-1.42741            -1.64546           -0.956565
-1.42741            -1.64546           -0.956565
-1.30796           -0.904698           -0.623096
-0.565364           -0.222377            -1.59363
-0.565364           -0.222377            -1.59363
-1.46564           0.0138243            -1.72151
-1.9792           0.0476077            -1.57968
-2.97291            0.411515           -0.941648
-3.71962           -0.021191            -1.38684
-3.71962           -0.021191            -1.38684
-3.71962           -0.021191            -1.38684
-3.10301           -0.504071            -1.45563
-2.82765              0.2783           -0.906565
-3.38129            0.961415           -0.273804
-3.38129            0.961415           -0.273804
-3.53611             1.02825           -0.214249
-3.53611             1.02825           -0.214249
-4.21448           0.0937797              0.3525
-4.21448           0.0937797              0.3525
-4.21448           0.0937797              0.3525
-3.48392         -0.00932193            0.158398
-2.54697            0.421828           -0.107302
-2.54697            0.421828           -0.107302
-2.54697            0.421828           -0.107302
-1.57585            0.647684          -0.0674017
-2.11606            0.159554           -0.320418
-2.14033            0.928971            0.245412
-2.14033            0.928971            0.245412
-2.09398             1.14967           -0.141485
-2.55218              1.5441           -0.205949
-2.01194             1.39427            0.528328
-1.06884             1.30419           0.0392044
-0.477435             1.64289           -0.247108
0.454325              1.1541           -0.152762
-0.476233            0.700085           -0.191879
-0.178376           -0.100286           -0.479142
0.0469311           -0.384944            0.326045
0.0469311           -0.384944            0.326045
0.0469311           -0.384944            0.326045
0.0469311           -0.384944            0.326045
0.0469311           -0.384944            0.326045
0.0469311           -0.384944            0.326045
0.0469311           -0.384944            0.326045
0.0469311           -0.384944            0.326045
0.0469311           -0.384944            0.326045
1.02393            0.220368            0.637434
1.02393            0.220368            0.637434
1.02393            0.220368            0.637434
0.91935            0.445922             1.02701
0.91935            0.445922             1.02701
1.14113           -0.493606             0.18313
1.14113           -0.493606             0.18313
1.7834           -0.892733           -0.806367
1.52404           -0.957076            -1.77844
2.37876           -0.593588            -1.37899
1.79309           -0.253574           -0.720411
1.08657           -0.232181            -1.67824
0.815874           -0.554343             -1.2192
0.449289           -0.670066              -1.734
0.518588           -0.925902            -1.78214
0.518588           -0.925902            -1.78214
0.518588           -0.925902            -1.78214
-0.445836           -0.483002            -1.27143
-1.31508          -0.0988483           -0.669462
-0.865436           -0.766099            0.149104
-0.865436           -0.766099            0.149104
-0.865436           -0.766099            0.149104
-0.147611            -0.81906             1.05361
-0.147611            -0.81906             1.05361
-0.147611            -0.81906             1.05361
0.36101          -0.0468949            0.281448
0.36101          -0.0468949            0.281448
0.36101          -0.0468949            0.281448
0.856693            -0.42718            0.678172
0.856693            -0.42718            0.678172
0.856693            -0.42718            0.678172
0.452064           -0.186598         -0.00382128
0.452064           -0.186598         -0.00382128
0.796205            0.302788           -0.512508
0.11338           -0.602171            0.151458
0.126191           -0.387105            0.669599
0.455814            0.129322            0.987469
0.455814            0.129322            0.987469
-0.222234            0.292485               1.296
-0.222234            0.292485               1.296
-0.815758           -0.406776            0.584126
-0.815758           -0.406776            0.584126
-0.0124019            -1.13179           0.0947446
-0.0124019            -1.13179           0.0947446
-0.0266187            -1.04241            0.656303
0.586119           -0.695847             1.59193
0.586479           -0.270272              1.6208
0.586479           -0.270272              1.6208
0.586479           -0.270272              1.6208
0.615794             0.46271             2.24173
0.615794             0.46271             2.24173
0.188196             1.15293             2.94034
0.188196             1.15293             2.94034
0.188196             1.15293             2.94034
0.858243            0.870886             3.07937
0.332785            0.945978             3.32275
0.332785            0.945978             3.32275
0.0823789             1.12625             4.21377
0.299428             1.65722             3.70591
0.299428             1.65722             3.70591
0.695729              1.1846             3.04569
0.695729              1.1846             3.04569
0.695729              1.1846             3.04569
0.864753            0.298625             2.39012
0.864753            0.298625             2.39012
0.864753            0.298625             2.39012
0.963125            0.932192             1.51231
0.963125            0.932192             1.51231
0.218913            0.270885             1.76943
-0.347221            0.713992             1.08923
-1.03798            0.958027             1.10456
-1.03798            0.958027             1.10456
-1.24599           0.0835122             1.33911
-0.613222            0.406607            0.391203
-0.613222            0.406607            0.391203
-0.469786            0.126264            0.800022
-0.469786            0.126264            0.800022
-0.266761            0.499512            0.424398
-0.266761            0.499512            0.424398
-0.813826           -0.055714           -0.265081
-0.813826           -0.055714           -0.265081
-0.813826           -0.055714           -0.265081
-1.20177            0.940339           -0.542941
-0.818942            0.416662           -0.996271
-0.818942            0.416662           -0.996271
-1.78424            0.444669           -0.613495
-1.7086            0.706285            0.100814
-1.47848             1.20322            0.782332
-1.47848             1.20322            0.782332
-0.855751            0.641655             1.04727
-0.253809            0.524749            0.543288
-0.253809            0.524749            0.543288
-0.253809            0.524749            0.543288
-0.253809            0.524749            0.543288
-0.253809            0.524749            0.543288
-0.253809            0.524749            0.543288
-0.253809            0.524749            0.543288
-0.253809            0.524749            0.543288
-0.540878            0.129366            0.804719
-0.540878            0.129366            0.804719
-1.18866           -0.167517             1.24967
-1.43547             0.54342            0.480139
-1.11028            0.243063             1.22129
-1.11028            0.243063             1.22129
-0.785811            0.692141            0.646539
-0.785811            0.692141            0.646539
-0.785811            0.692141            0.646539
-0.308638              0.4834            0.669142
-0.308638              0.4834            0.669142
-0.308638              0.4834            0.669142
-0.526776            0.579175            0.165868
0.0837227            0.543321           -0.548756
0.669144            0.570997            0.194902
0.669144            0.570997            0.194902
-0.281834            0.594309           0.0321925
-0.281834            0.594309           0.0321925
-0.281834            0.594309           0.0321925
-0.281834            0.594309           0.0321925
-0.281834            0.594309           0.0321925
-0.563234            0.328874            0.467035
-0.901961            0.309954             1.16522
-0.851292            0.539735            0.784982
-0.419593            -0.34369           0.0152107
-0.251493           -0.891913             0.89841
0.0316267           0.0502897            0.235854
0.0316267           0.0502897            0.235854
-0.279694             1.02154           0.0295095
-0.279694             1.02154           0.0295095
-0.156261             1.66015            0.446947
-0.532514            0.688426            0.140281
-0.779317           -0.270456            0.670706
-0.779317           -0.270456            0.670706
-0.179085           -0.144661               0.932
-0.107626          -0.0500167            0.803506
-0.107626          -0.0500167            0.803506
-0.827111          -0.0228381          -0.0654834
-0.827111          -0.0228381          -0.0654834
-0.650013            0.505608            0.416597
-0.650013            0.505608            0.416597
-0.650013            0.505608            0.416597
0.242805           0.0743098            0.232337
0.242805           0.0743098            0.232337
-0.186101           -0.266847            0.312315
-0.186101           -0.266847            0.312315
-0.216429           -0.282109           -0.092837
-0.577416           -0.146267           -0.264203
-0.577416           -0.146267           -0.264203
-1.49363            0.634255           -0.465197
-1.02007              1.2894           -0.369958
-0.066027             1.06922            -1.14278
-0.0714797             1.92881           -0.727975
-0.967503              1.5967           0.0612363
-0.0780607             1.13946            0.825358
-0.0780607             1.13946            0.825358
-0.882734            0.609241          -0.0996211
-0.882734            0.609241          -0.0996211
-0.925251            0.126956           -0.617548
-0.701661            0.752306            0.111529
-0.701661            0.752306            0.111529
-0.701661            0.752306            0.111529
-0.701661            0.752306            0.111529
-0.701661            0.752306            0.111529
-0.39561          -0.0482618           -0.688061
-1.20975           -0.519334           0.0233215
-1.00774           -0.544151            0.198015
-0.971438           -0.782197           -0.455155
-1.24653           -0.671361             0.48541
-1.24653           -0.671361             0.48541
-1.01276           -0.719926             1.38877
-0.912168           -0.972354            0.458564
-0.912168           -0.972354            0.458564
-0.686693           -0.211911            0.799219
0.221437            0.345232            0.664227
0.221437            0.345232            0.664227
0.221437            0.345232            0.664227
0.221437            0.345232            0.664227
-0.066812            0.043812           -0.163259
0.0524729           -0.272391           -0.192984
-0.740707            -1.18547           -0.510808
-0.853252           -0.868782           -0.175804
-0.417515            -0.43381           -0.458038
-0.860888             0.31996           -0.156551
-0.860888             0.31996           -0.156551
-0.860888             0.31996           -0.156551
-0.860888             0.31996           -0.156551
-0.860888             0.31996           -0.156551
-0.860888             0.31996           -0.156551
-0.860888             0.31996           -0.156551
-0.470058            0.401402          0.00869676
-0.119913          -0.0859644            -0.16283
-0.119913          -0.0859644            -0.16283
-0.288835            0.233819           -0.579889
0.358773              1.1856            0.292086
-0.0972826             1.01478           -0.680993
-0.352319             0.38452           0.0613235
-0.352319             0.38452           0.0613235
-0.171542           0.0565074            0.583432
-0.171542           0.0565074            0.583432
-0.0480936            0.313864          -0.0850143
-0.0480936            0.313864          -0.0850143
-0.255162             1.02004           -0.616951
-0.255162             1.02004           -0.616951
-0.255162             1.02004           -0.616951
-1.04449            0.385905          -0.0421605
-0.757405            0.569748           -0.389291
-0.757405            0.569748           -0.389291
-0.757405            0.569748           -0.389291
0.000867385            0.338362            0.216605
0.441022            0.114694            0.217815
0.441022            0.114694            0.217815
0.931716           -0.819223             0.14304
0.931716           -0.819223             0.14304
0.931716           -0.819223             0.14304
0.931716           -0.819223             0.14304
1.63444           -0.432671            0.279533
1.63444           -0.432671            0.279533
2.18508           -0.690727          -0.0627113
2.18508           -0.690727          -0.0627113
1.34974            0.182305            0.483912
1.34974            0.182305            0.483912
1.34974            0.182305            0.483912
1.15815            0.909759           0.0803622
1.11163            0.897886            0.763481
1.99379             1.11664            0.436276
1.99379             1.11664            0.436276
1.99379             1.11664            0.436276
1.03931            0.155535            0.543967
1.78366            0.960122            0.646311
1.78366            0.960122            0.646311
0.872567             1.04937            0.999589
0.27731            0.665971             1.26449
-0.178575            0.465336             1.14609
0.616366             0.71423            0.231294
0.616366             0.71423            0.231294
0.616366             0.71423            0.231294
0.616366             0.71423            0.231294
0.616366             0.71423            0.231294
0.616366             0.71423            0.231294
1.40549            0.754271            0.436781
0.678598             1.18919            0.746618
-0.131758            0.561545             1.61344
-1.11943            0.501359             1.12928
-1.22844            0.844935            0.386591
-1.22844            0.844935            0.386591
-1.22844            0.844935            0.386591
-1.22844            0.844935            0.386591
-1.28735            0.962172           -0.431993
-0.673221            0.195044           -0.475328
-0.0994676            0.113596           0.0996205
-0.0994676            0.113596           0.0996205
-0.0994676            0.113596           0.0996205
-0.0994676            0.113596           0.0996205
-0.0994676            0.113596           0.0996205
-0.320386           -0.410407           -0.308796
-0.320386           -0.410407           -0.308796
-0.320386           -0.410407           -0.308796
-1.19452           -0.371849            -1.26338
-1.62515           -0.256373           -0.419317
-1.4287            0.195902           -0.264606
-1.4052            0.188699           -0.818481
-1.4052            0.188699           -0.818481
-0.550265           -0.112528           -0.800526
0.021528            0.702642            -0.44536
0.332292            0.741658           -0.117499
0.332292            0.741658           -0.117499
1.31512          0.00552533           -0.109596
1.3431           0.0866419           -0.939892
1.01332            0.167133           -0.931596
1.15211          -0.0884743           -0.203533
0.774065           0.0598559            0.490989
0.774065           0.0598559            0.490989
0.774065           0.0598559            0.490989
1.32353           -0.112398             1.18857
2.16891             0.50374            0.274656
1.31238             1.19375           -0.198268
1.31238             1.19375           -0.198268
1.30208            0.218008           -0.929425
0.360354           0.0904356            -1.82758
-0.601945            0.304666            -1.99791
-0.601945            0.304666            -1.99791
-1.44427           -0.658805            -2.34339
-1.74272           -0.351425            -1.85761
-0.974499           -0.686712            -2.01893
-0.974499           -0.686712            -2.01893
-0.0115972           -0.325222            -2.13067
0.711687            -1.14184            -2.20648
1.17011            -1.78945            -1.78084
0.619284            -1.76197            -1.28289
-0.377104            -2.59758           -0.417947
0.421087             -2.3265            0.190458
1.12261            -2.68097            0.115122
1.12261            -2.68097            0.115122
1.12261            -2.68097            0.115122
1.18386            -2.52014             0.72087
1.42109            -2.75172           -0.135327
2.05769            -2.74304           -0.108914
2.05769            -2.74304           -0.108914
2.05769            -2.74304           -0.108914
2.05769            -2.74304           -0.108914
2.05769            -2.74304           -0.108914
1.30319            -1.82073             -0.4212
1.30319            -1.82073             -0.4212
1.01882           -0.961248           -0.100806
1.1655          -0.0938076            0.489849
0.196237           0.0483686            0.170775
0.196237           0.0483686            0.170775
0.118605           -0.088472            0.775952
0.852425            0.144082            0.156311
0.225424            0.350107           0.0277586
0.225424            0.350107           0.0277586
0.225424            0.350107           0.0277586
0.225424            0.350107           0.0277586
0.225424            0.350107           0.0277586
0.225424            0.350107           0.0277586
0.225424            0.350107           0.0277586
0.225424            0.350107           0.0277586
0.225424            0.350107           0.0277586
0.808805           -0.106842            0.932898
0.80838            0.287485            0.492445
1.08255           -0.169617            0.115688
0.425946           -0.785849            0.318274
0.425946           -0.785849            0.318274
0.76729           -0.513426           -0.388182
0.76729           -0.513426           -0.388182
0.76729           -0.513426           -0.388182
0.587141           -0.942173           -0.542742
0.718137           -0.090763           -0.423724
0.291152            0.590416           -0.644563
0.291152            0.590416           -0.644563
1.00482             1.55279           -0.625699
1.00482             1.55279           -0.625699
0.374045             1.70052          -0.0959173
1.05284             2.10891           -0.508928
0.262948             1.37317           -0.402024
0.262948             1.37317           -0.402024
0.999638             0.84586          -0.0759777
0.999638             0.84586          -0.0759777
0.999638             0.84586          -0.0759777
0.999638             0.84586          -0.0759777
0.778872          -0.0785913           -0.024791
0.778872          -0.0785913           -0.024791
0.778872          -0.0785913           -0.024791
1.23219           -0.028455            0.575335
1.16836            -0.30347             1.27216
0.348902           -0.855622            0.787563
0.0288299            -1.34171             1.21542
-0.332072            -1.31624            0.825002
-0.336126            -1.00595             1.45155
-0.319031            -1.35496             1.59891
-0.319031            -1.35496             1.59891
-0.319031            -1.35496             1.59891
0.113651            -2.20011            0.834584
0.860034            -1.58054             1.13205
1.12236            -2.13387            0.346673
1.88739            -1.40213            0.607895
1.88739            -1.40213            0.607895
1.88739            -1.40213            0.607895
1.88739            -1.40213            0.607895
1.88739            -1.40213            0.607895
2.32606           -0.567315          -0.0533339
1.50766           -0.962185            0.272159
1.49558           0.0277203           -0.355933
0.96613            0.570192           -0.461685
0.96613            0.570192           -0.461685
0.0885939            0.243071            -1.26384
0.0885939            0.243071            -1.26384
-0.034848            0.804664           -0.408301
-0.034848            0.804664           -0.408301
-0.034848            0.804664           -0.408301
-0.034848            0.804664           -0.408301
0.54124            0.853637            0.209634
1.09885         -0.00913405            0.326328
0.259229            0.626079            0.766184
0.259229            0.626079            0.766184
1.19302            0.562774            0.886852
0.849513          -0.0315749            0.255525
1.04018            0.137893          -0.0115583
0.358483            0.143565           -0.883153
0.358483            0.143565           -0.883153
1.21378          -0.0668978           -0.680556
0.612629           -0.687042           -0.526692
0.612629           -0.687042           -0.526692
0.612629           -0.687042           -0.526692
0.612629           -0.687042           -0.526692
0.169814           -0.666715           -0.233363
-0.391006           0.0903186          0.00123373
-0.391006           0.0903186          0.00123373
-0.391006           0.0903186          0.00123373
-0.391006           0.0903186          0.00123373
-0.391006           0.0903186          0.00123373
-0.391006           0.0903186          0.00123373
-0.391006           0.0903186          0.00123373
-0.391006           0.0903186          0.00123373
-0.391006           0.0903186          0.00123373
-0.391006           0.0903186          0.00123373
-0.391006           0.0903186          0.00123373
-0.391006           0.0903186          0.00123373
-0.494703            0.514312           -0.598602
0.384871          -0.0228535            -0.58765
0.384871          -0.0228535            -0.58765
0.384871          -0.0228535            -0.58765
0.132939            0.775494           -0.294767
0.132939            0.775494           -0.294767
0.132939            0.775494           -0.294767
0.67143            0.384886          -0.0897352
1.12315             0.78198            0.762204
1.12315             0.78198            0.762204
0.587336            0.798184             1.28194
0.474698             1.32751             1.29619
-0.276092            0.932264             1.61025
-0.276092            0.932264             1.61025
-0.0499212            0.349318             1.75965
-0.0499212            0.349318             1.75965
-0.0499212            0.349318             1.75965
0.933789             1.27554            0.814017
0.933789             1.27554            0.814017
0.933789             1.27554            0.814017
0.193715             1.77732             1.70366
-0.252854             2.09114            0.863734
0.196443             2.79135            0.969978
0.0969017             2.00153             1.13891
-0.276008             1.86071             1.75663
-0.0858476             1.60846             2.40596
-0.0858476             1.60846             2.40596
0.542446             1.01592             1.87426
0.542446             1.01592             1.87426
0.574896            0.128699             1.36393
1.26551           -0.637165            0.895196
0.270499           -0.911909             0.35945
0.270499           -0.911909             0.35945
-0.559279           -0.978423            0.173504
-0.305051            -1.47177           -0.454676
-0.126518           -0.684448           -0.688753
-0.126518           -0.684448           -0.688753
-0.126518           -0.684448           -0.688753
-0.126518           -0.684448           -0.688753
0.267773           -0.355533           -0.154952
0.127132            0.273445            0.250166
0.920423             1.04058           -0.376853
0.920423             1.04058           -0.376853
0.920423             1.04058           -0.376853
0.135852             1.20641          -0.0672759
1.07075             1.31192           -0.132036
1.07075             1.31192           -0.132036
1.99031            0.397383            0.348635
1.5821            0.333973            0.297052
1.26135             1.16498           -0.342643
1.26135             1.16498           -0.342643
2.01836             1.37662            -1.25465
2.01836             1.37662            -1.25465
2.80056             2.04172           -0.370364
3.19259             1.91262            -1.14907
2.31657             2.69614            -1.63571
2.52908             2.50556            -1.76107
2.00798              2.2018            -1.89977
1.75683              1.5816            -2.71618
1.75683              1.5816            -2.71618
1.75683              1.5816            -2.71618
1.65172             1.57555            -3.07872
1.65172             1.57555            -3.07872
1.87985             0.82096            -2.74915
1.87985             0.82096            -2.74915
1.87985             0.82096            -2.74915
1.97051            0.744771            -2.03231
1.97051            0.744771            -2.03231
1.43707              1.0371            -1.76451
1.08621             1.90623            -1.13433
1.67069             1.13701           -0.657894
1.67069             1.13701           -0.657894
1.67069             1.13701           -0.657894
1.65207            0.137755            -1.18543
2.29063             1.08982           -0.834544
2.08223             1.14276           -0.962924
2.08223             1.14276           -0.962924
1.7346             1.10958             -1.4835
2.26178             1.23433            -1.10613
2.35876             1.96065            -1.59125
2.35876             1.96065            -1.59125
2.35876             1.96065            -1.59125
1.62229             1.38574           -0.711611
0.988292              2.0531           -0.774524
1.86508             1.80233           -0.797668
1.71161             1.78772           -0.887469
1.71161             1.78772           -0.887469
0.968254            0.828035            -1.27688
0.968254            0.828035            -1.27688
0.968254            0.828035            -1.27688
0.845993             1.00358            -0.38076
1.23848            0.453554           -0.929665
1.23848            0.453554           -0.929665
0.866447          0.00952082            -1.78423
0.866447          0.00952082            -1.78423
1.19504            0.428355            -1.11428
1.19504            0.428355            -1.11428
0.710657             1.23372           -0.258663
0.710657             1.23372           -0.258663
-0.0746613            0.883781            0.347224
-0.0746613            0.883781            0.347224
-0.0746613            0.883781            0.347224
-0.0746613            0.883781            0.347224
-0.0746613            0.883781            0.347224
-0.976203             0.86667           0.0756159
-1.43644           0.0569194            0.644966
-1.43644           0.0569194            0.644966
-1.43644           0.0569194            0.644966
-0.820096           -0.310985           0.0114158
-1.03337            0.538515           -0.456324
-1.51836             1.16375            0.192749
-0.973505             1.67974            0.132493
-0.973505             1.67974            0.132493
-0.976293             1.72408           -0.225996
-1.30396             1.65819           0.0940328
-1.30396             1.65819           0.0940328
-1.62814             1.42114            0.962463
-0.853827             2.02252            0.744964
-0.65633             1.76568             1.07825
-0.802438             1.78946            0.260133
-0.802438             1.78946            0.260133
-0.234215             1.56256            0.597505
-0.0721018             1.90658          -0.0454895
-0.0721018             1.90658          -0.0454895
-0.0721018             1.90658          -0.0454895
-0.0721018             1.90658          -0.0454895
-0.0721018             1.90658          -0.0454895
-0.768154             2.46656            0.035889
-0.827938             2.39788           -0.110817
-0.661805             1.93639            0.662211
0.106799              1.1964             0.81797
-0.374129             1.83727             1.43077
0.17169             2.37663              1.8733
0.17169             2.37663              1.8733
-0.621982             2.86099             1.67429
-0.710519              2.0306              2.4598
-1.68908             1.91678             1.89559
-1.68908             1.91678             1.89559
-1.68908             1.91678             1.89559
-1.21547             2.04071             2.19238
-1.21547             2.04071             2.19238
-1.21547             2.04071             2.19238
-0.514117             2.10552             2.23446
-0.943284             2.31714             2.14154
-0.198493             1.63033             2.45114
-0.617736             1.44288             1.74259
-0.809564              1.3779             1.84718
-1.11103            0.601111            0.860235
-1.11103            0.601111            0.860235
-1.11103            0.601111            0.860235
-1.11103            0.601111            0.860235
-0.735061            0.397011             1.41935
-0.524633            0.603459             1.59775
0.00371634             1.32321             1.24988
0.00371634             1.32321             1.24988
0.0745869             2.02622             1.29577
0.0745869             2.02622             1.29577
-0.804522             2.65359            0.360515
-0.0745941              2.2634           0.0507081
-0.556073             1.72171           -0.157741
-0.556073             1.72171           -0.157741
-0.136507            0.734514            -1.02575
0.523447            0.775122            -1.77898
0.523447            0.775122            -1.77898
0.523447            0.775122            -1.77898
0.523447            0.775122            -1.77898
0.523447            0.775122            -1.77898
1.11013              1.2749            -1.16539
0.451055             1.31065            -1.34209
0.785053             1.88085            -1.07611
0.983053             1.16708           -0.124865
0.187037             1.19243            -1.08847
-0.385853            0.791348            -1.26969
0.421713            0.197683            -0.59788
0.742099           -0.143904            -1.09973
0.410902          -0.0355468             -1.4231
0.410902          -0.0355468             -1.4231
-0.0298418          -0.0675291            -1.07741
0.541094            0.156823           -0.645095
0.541094            0.156823           -0.645095
-0.39843           -0.556168            0.245915
0.220752            0.239263           -0.361443
0.220752            0.239263           -0.361443
-0.451265           -0.512479            0.371709
-0.451265           -0.512479            0.371709
-0.451265           -0.512479            0.371709
-1.05893           -0.593288            0.171863
-1.05893           -0.593288            0.171863
-0.547471           -0.128617           -0.775391
0.396164           -0.564118            -0.66707
0.396164           -0.564118            -0.66707
0.396164           -0.564118            -0.66707
0.396164           -0.564118            -0.66707
0.396164           -0.564118            -0.66707
0.195101           -0.271172           -0.264347
0.195101           -0.271172           -0.264347
0.195101           -0.271172           -0.264347
0.635762             0.23564            -0.52805
0.635762             0.23564            -0.52805
0.311601            0.922146           -0.543921
0.636178              1.0085           0.0721786
0.336214            0.764128           -0.151772
0.336214            0.764128           -0.151772
0.336214            0.764128           -0.151772
-0.386121            0.395219           -0.294562
-0.088115           0.0320483            0.290646
-0.088115           0.0320483            0.290646
0.357891            0.422987           -0.283749
0.357891            0.422987           -0.283749
1.01064            0.414687           -0.675155
1.14242             0.53325            0.202162
0.948465          -0.0243542            0.606296
0.438152           -0.922109            0.657715
0.438152           -0.922109            0.657715
0.438152           -0.922109            0.657715
-0.543207           -0.387577            0.307545
0.0593993           -0.427261            0.923566
-0.744713             -0.1857            0.820441
-0.721082           0.0426666            0.934231
-0.721082           0.0426666            0.934231
-0.172208           -0.912596           0.0676911
-0.700686            -1.35037          -0.0640307
0.129843           -0.920402             -0.9862
0.129843           -0.920402             -0.9862
0.129843           -0.920402             -0.9862
-0.173164             -1.0639            -1.81824
-0.173164             -1.0639            -1.81824
-0.719212            -1.42443            -1.84728
-0.719212            -1.42443            -1.84728
-0.761788            -1.69926            -2.28335
-0.761788            -1.69926            -2.28335
-1.13097            -1.12334            -1.37643
-1.289           -0.227194            -1.46397
-1.289           -0.227194            -1.46397
-0.380954            0.364055            -1.80042
0.565791            0.215909            -2.07295
0.540132            0.981519            -2.01003
1.39473            0.444233            -1.31872
1.96838            0.527849            -1.04947
1.96838            0.527849            -1.04947
1.96838            0.527849            -1.04947
1.10693            0.937497            -1.82718
1.9237             1.91012            -1.74078
1.18561             1.66012           -0.940909
0.587132             1.65105            -1.69553
0.742392             1.22121            -1.44247
0.947125            0.676036            -1.57678
0.947125            0.676036            -1.57678
0.318181            0.619468            -2.32711
0.489315              0.4387            -2.12806
0.146731            0.981345            -2.35945
0.146731            0.981345            -2.35945
0.401396            0.920215            -2.27557
1.07865             1.76368            -1.72362
1.07865             1.76368            -1.72362
0.186913            0.962143            -1.33023
0.189436              0.3535            -1.31343
0.814503            0.244723           -0.864265
-0.135394           -0.681798           -0.927514
-0.135394           -0.681798           -0.927514
-0.135394           -0.681798           -0.927514
-0.404754             0.23916            -0.69414
-0.404754             0.23916            -0.69414
0.406014            0.886039          -0.0819253
0.606448            0.449104           -0.269554
0.606448            0.449104           -0.269554
0.606448            0.449104           -0.269554
0.606448            0.449104           -0.269554
-0.230016           -0.165686           -0.275728
0.194424            -0.60705           -0.369891
0.212028           -0.669136            0.299399
-0.0747063           -0.673958          -0.0582246
0.0254267           -0.627527           -0.225577
0.0254267           -0.627527           -0.225577
0.0254267           -0.627527           -0.225577
0.0254267           -0.627527           -0.225577
0.0254267           -0.627527           -0.225577
0.0254267           -0.627527           -0.225577
0.446523           -0.294907           -0.554243
0.446523           -0.294907           -0.554243
0.162708            -0.55321            0.376567
-0.156947            0.422067           -0.285061
-0.156947            0.422067           -0.285061
-0.156947            0.422067           -0.285061
-0.012173            0.152157           -0.440249
0.704381           0.0899877           -0.965045
0.370439            -0.68444           -0.343625
0.240656           -0.191302            -1.02576
0.784341           -0.714331           -0.511861
0.113701            -1.56512             0.13646
-0.683166            -1.43691           -0.395965
-0.683166            -1.43691           -0.395965
-0.683166            -1.43691           -0.395965
0.00286601            -1.75723           -0.392469
0.193423             -2.5868            -1.05948
0.923797            -2.16246           -0.371594
1.80496            -1.35701           -0.906766
1.80496            -1.35701           -0.906766
1.80496            -1.35701           -0.906766
1.44765            -1.71185           -0.261612
1.156           -0.990093             -1.2216
1.41435           -0.525661            -1.02981
1.14254           -0.650712          -0.0764839
1.01828           -0.519064            0.361842
1.51282            -0.40493            0.718417
1.35267            0.297947            0.366615
0.932676            0.140058            0.458707
0.252946            0.990556             1.25235
-0.709381             1.76793             1.05965
-0.301212             1.19117           0.0984017
-0.489859            0.572124           0.0593491
0.0553102            0.822319            0.057794
0.0553102            0.822319            0.057794
0.0553102            0.822319            0.057794
0.295051            0.508916           -0.756399
0.295051            0.508916           -0.756399
0.295051            0.508916           -0.756399
0.295051            0.508916           -0.756399
-0.633103             1.14646           0.0841615
0.337222             1.61182           -0.615538
0.54998             0.69415           -0.134318
-0.00785411           -0.304912           -0.416076
0.0832059           -0.800093            0.471545
0.0322382            0.144557            0.473047
0.0322382            0.144557            0.473047
0.0322382            0.144557            0.473047
0.305954            0.182614           -0.486086
-0.392916           -0.440395           -0.686366
-0.547543           -0.142165           -0.554856
-0.547543           -0.142165           -0.554856
-0.547543           -0.142165           -0.554856
-1.05644           -0.373971           -0.348459
-1.05644           -0.373971           -0.348459
-1.10442            0.310705           -0.591221
-0.877325            0.469524           -0.916154
-0.564902             1.04765           -0.630071
-0.907702            0.559567           -0.204778
-0.907702            0.559567           -0.204778
-0.907702            0.559567           -0.204778
-0.907702            0.559567           -0.204778
-1.45071            0.421686            0.785997
-1.45071            0.421686            0.785997
-1.45071            0.421686            0.785997
-1.58032            0.987992            0.987465
-1.58032            0.987992            0.987465
-1.77465            0.965641             1.21689
-1.77465            0.965641             1.21689
-0.974822            0.329538            0.518914
-0.367556            0.424696             0.94077
-0.0667758           -0.432944            0.228441
0.154188           0.0797384             1.06087
0.154188           0.0797384             1.06087
-0.00978183           -0.729488            0.575372
-0.00978183           -0.729488            0.575372
0.606713           -0.039754            0.582785
-0.288718           -0.519669           0.0383578
-0.288718           -0.519669           0.0383578
-0.288718           -0.519669           0.0383578
-0.288718           -0.519669           0.0383578
-0.288718           -0.519669           0.0383578
-0.976512            0.471359           -0.115893
-0.976512            0.471359           -0.115893
-0.31708           -0.457573            0.732475
-0.31708           -0.457573            0.732475
-0.349625           0.0942812            0.304602
-0.349625           0.0942812            0.304602
-0.349625           0.0942812            0.304602
-0.0873486          -0.0508518           0.0673966
-0.0873486          -0.0508518           0.0673966
-0.0873486          -0.0508518           0.0673966
-0.0873486          -0.0508518           0.0673966
-0.0873486          -0.0508518           0.0673966
-0.0873486          -0.0508518           0.0673966
-0.0873486          -0.0508518           0.0673966
-0.0873486          -0.0508518           0.0673966
-0.0873486          -0.0508518           0.0673966
-0.0873486          -0.0508518           0.0673966
0.724857           -0.552959            0.582997
0.724857           -0.552959            0.582997
0.530001           -0.734616           -0.364894
0.425648          -0.0873961           0.0653375
0.425648          -0.0873961           0.0653375
-0.404381            0.239208           -0.669011
-0.404381            0.239208           -0.669011
-0.404381            0.239208           -0.669011
-0.404381            0.239208           -0.669011
0.455138            0.271422            0.211063
0.455138            0.271422            0.211063
0.455138            0.271422            0.211063
0.455138            0.271422            0.211063
0.455138            0.271422            0.211063
0.455138            0.271422            0.211063
0.455138            0.271422            0.211063
-0.0678745            0.446747           -0.276947
-0.306471          -0.0174492           -0.774679
-1.10329            0.113803           -0.335208
-0.658003            0.242799            0.244276
0.14653             1.11801           -0.225076
0.14653             1.11801           -0.225076
0.14653             1.11801           -0.225076
0.14653             1.11801           -0.225076
0.38128             1.07619            0.270038
0.648072            0.590617            -0.48405
1.40029            0.888293            -1.12307
1.21875             1.84434            -1.82496
1.40172             2.22849           -0.921691
0.6459             1.90379           -0.521903
1.16874             1.06375            0.464776
1.16874             1.06375            0.464776
1.06225           0.0836873            0.293248
0.417034           -0.435989           -0.428041
0.417034           -0.435989           -0.428041
0.417034           -0.435989           -0.428041
0.643673           -0.205197           -0.410436
0.643673           -0.205197           -0.410436
0.643673           -0.205197           -0.410436
0.898796            -0.38905            -0.86996
0.898796            -0.38905            -0.86996
0.898796            -0.38905            -0.86996
0.252913            0.118105             0.12335
0.252913            0.118105             0.12335
0.252913            0.118105             0.12335
-0.440061           -0.396318            0.570164
-0.304972            0.575203            0.799319
-0.162849            0.582193              0.6017
-0.162849            0.582193              0.6017
-0.641408            0.255086            0.559954
-0.641408            0.255086            0.559954
-0.226997           0.0754401            0.533067
-0.226997           0.0754401            0.533067
-0.239824           -0.118719            0.267145
0.0353737            0.427444           -0.297073
-0.0669398           0.0429434           -0.683981
0.178742           -0.513365           -0.224837
-0.5188            0.042353            -0.83495
-0.557759           -0.791901           -0.600756
-0.639111            -1.56874            -1.57707
-0.639111            -1.56874            -1.57707
0.0151475            -1.38545            -1.03287
-0.340941            -1.41607            -0.98368
-0.35414            -1.11587            -0.81217
-0.35414            -1.11587            -0.81217
-0.862647            -1.53745            -1.33708
-0.933638           -0.624827           -0.796557
-0.933638           -0.624827           -0.796557
-0.933638           -0.624827           -0.796557
-0.933638           -0.624827           -0.796557
-0.933638           -0.624827           -0.796557
-0.275756            0.359248            0.113602
0.00727886           -0.310832            -0.17331
0.00727886           -0.310832            -0.17331
0.00727886           -0.310832            -0.17331
0.00727886           -0.310832            -0.17331
-0.330691            -0.51777           -0.922827
-0.330691            -0.51777           -0.922827
-0.117167          -0.0310803           -0.120927
-0.117167          -0.0310803           -0.120927
-0.117167          -0.0310803           -0.120927
-0.117167          -0.0310803           -0.120927
-0.928806            -0.63336           -0.477483
-0.928806            -0.63336           -0.477483
-0.928806            -0.63336           -0.477483
-1.24237            0.287963           -0.956661
-0.39434            0.203411           -0.791587
-0.39434            0.203411           -0.791587
-0.00475911          -0.0845423           -0.980132
-0.896772             0.72621           -0.081249
-0.402644            0.865079           -0.102873
-0.402644            0.865079           -0.102873
-0.402644            0.865079           -0.102873
-0.0113902            0.353869           -0.598789
-0.0113902            0.353869           -0.598789
0.15085            0.148874           -0.214591
0.15085            0.148874           -0.214591
0.15085            0.148874           -0.214591
0.15085            0.148874           -0.214591
0.15085            0.148874           -0.214591
0.15085            0.148874           -0.214591
0.15085            0.148874           -0.214591
0.15085            0.148874           -0.214591
0.15085            0.148874           -0.214591
-0.637487            0.503115           -0.605286
-0.637487            0.503115           -0.605286
-0.637487            0.503115           -0.605286
-0.637487            0.503115           -0.605286
-0.0618822            0.859857           -0.994441
-0.0618822            0.859857           -0.994441
-1.01265             1.85424           -0.078149
-0.824856            0.914755            0.763199
-0.824856            0.914755            0.763199
-0.45084            0.258839            0.738903
-0.595508            -0.70944             1.41116
-0.595508            -0.70944             1.41116
0.0792753            -1.36278             1.45183
0.481858               -1.34             1.84688
0.993409            -2.31501             2.30233
1.20159            -1.99859              2.3224
1.20159            -1.99859              2.3224
1.62253            -1.45596             1.48969
2.08301             -2.0703            0.636134
2.32493            -1.46986            -0.01605
2.36912             -1.0843           -0.279007
2.04692           -0.890683            0.204181
1.30706            -1.15905           -0.688412
1.30706            -1.15905           -0.688412
1.76463           -0.512332            0.129111
2.03309          -0.0773991           -0.133553
1.83227           -0.800348           -0.313968
1.83227           -0.800348           -0.313968
1.83227           -0.800348           -0.313968
1.83227           -0.800348           -0.313968
1.83227           -0.800348           -0.313968
1.83227           -0.800348           -0.313968
2.16128            -1.00999           -0.617565
1.67395             -1.1591           -0.243218
1.67395             -1.1591           -0.243218
1.67395             -1.1591           -0.243218
1.67395             -1.1591           -0.243218
1.67395             -1.1591           -0.243218
1.76475            -1.17467            -1.01736
2.4594           -0.572988            -1.08498
2.4594           -0.572988            -1.08498
2.98646            -1.23674            -1.74061
2.98646            -1.23674            -1.74061
2.98646            -1.23674            -1.74061
3.07179             -1.2256            -1.27009
2.419            -1.80501           -0.607087
2.06462           -0.919048           -0.785493
2.06462           -0.919048           -0.785493
2.06462           -0.919048           -0.785493
1.11293            -1.54761             -1.2889
0.898409            -1.45236            -1.69438
0.458057            -2.11529             -1.2593
0.177202            -1.47269            -1.73832
0.686226            -1.64071              -1.078
1.14219            -2.23373           -0.658511
0.645253            -3.20041           -0.244602
-0.297086            -2.36248           -0.371606
-0.620238            -3.10694           -0.532636
-1.50527            -3.75099           -0.578954
-1.50527            -3.75099           -0.578954
-1.59151             -3.9491          0.00985884
-1.59151             -3.9491          0.00985884
-1.04605            -3.32374           -0.400029
-1.2011            -4.11597           -0.165841
-0.452427            -3.44435           -0.330806
-0.452427            -3.44435           -0.330806
-0.559681            -3.88396            -1.02618
-0.915881            -3.87534            -1.50678
-0.915881            -3.87534            -1.50678
-0.638746            -3.99127            -1.36323
-0.638746            -3.99127            -1.36323
-0.638746            -3.99127            -1.36323
-0.0830568            -3.61374            -1.93322
0.509752            -4.03688            -2.25167
-0.0498932            -3.97211            -2.01245
-0.982977            -4.25891            -1.57611
-0.732793            -4.13267            -1.93019
-1.61028            -3.28133            -1.77568
-1.32563             -2.9257            -2.23832
-1.14139            -2.34021            -1.91947
-1.14139            -2.34021            -1.91947
-1.14139            -2.34021            -1.91947
-1.16367            -2.48075            -1.94357
-1.16367            -2.48075            -1.94357
-0.854573            -1.53013             -2.8477
-0.603699            -1.39289            -3.23358
-0.0735536           -0.718485            -3.15921
-0.979227           -0.931178            -3.59172
-1.19474           -0.262666            -2.92333
-0.23152            -1.00345            -3.50151
0.377961           -0.807855            -2.74273
1.02932           -0.139511              -2.594
1.02932           -0.139511              -2.594
0.337724            0.307193            -2.90883
0.337724            0.307193            -2.90883
0.337724            0.307193            -2.90883
0.442177           0.0576067              -2.321
0.122374            0.912406            -2.17535
0.122374            0.912406            -2.17535
0.122374            0.912406            -2.17535
0.122374            0.912406            -2.17535
0.122374            0.912406            -2.17535
0.122374            0.912406            -2.17535
0.122374            0.912406            -2.17535
0.909308             1.72427            -1.51418
1.56919             1.47344           -0.543061
2.1159            0.629571           -0.595102
2.1159            0.629571           -0.595102
1.7227            0.203687          -0.0210648
0.755264            0.502964           -0.716343
0.755264            0.502964           -0.716343
0.755264            0.502964           -0.716343
0.755264            0.502964           -0.716343
0.755264            0.502964           -0.716343
-0.0280417             1.02206             -1.1781
-0.511953            0.167464             -1.6163
-0.511953            0.167464             -1.6163
-0.606368           -0.514124            -1.88863
-0.130679           -0.643313            -1.37539
0.432618           -0.383066            -1.58833
1.06507            0.462776            -1.79309
1.71455          -0.0597762           -0.819963
1.71455          -0.0597762           -0.819963
1.71455          -0.0597762           -0.819963
2.70506             0.79904           -0.695196
2.70506             0.79904           -0.695196
2.59558             1.08709           -0.138796
2.03722             1.28893            0.118489
2.08765             1.41775             0.35467
2.72287             2.33446            0.921894
2.85784              2.3334            0.788847
3.18728             2.68323             1.38126
2.56133             2.82986            0.845469
2.26287             1.91036            0.554379
1.79266             2.16885             1.10283
1.79266             2.16885             1.10283
1.64739              2.6243            0.337458
1.25547             2.84726             0.61812
0.574558             1.95883             0.17646
-0.261335             1.83821            0.518243
-0.469446             1.51762             0.39312
0.394074             1.72286          -0.0555698
0.394074             1.72286          -0.0555698
0.811062             1.06245            0.810283
0.7052             0.21713             1.01884
0.7052             0.21713             1.01884
1.02628            -0.72905             0.37151
0.978059           -0.336694            0.299698
0.978059           -0.336694            0.299698
0.20069           -0.119547               1.276
0.20069           -0.119547               1.276
1.11642           -0.298085             0.48585
1.11642           -0.298085             0.48585
0.157211           -0.211145           -0.183398
0.157211           -0.211145           -0.183398
0.157211           -0.211145           -0.183398
1.01142           -0.238085            0.160324
1.01142           -0.238085            0.160324
0.82772            0.404921           -0.474624
0.637154            0.811598            -0.34661
0.194153             1.23409           -0.473018
0.0717439             1.03142           -0.385944
-0.104002            0.693219            -1.06816
0.509621           -0.281976            -1.76064
0.44942             -1.2054            -1.19294
-0.445306           -0.440091            -1.03147
-0.372588           -0.332175           -0.896471
-0.623501           -0.854216           -0.703943
0.0436746           -0.416543           0.0276639
-0.494438           -0.402188            0.339552
-0.494438           -0.402188            0.339552
-0.494438           -0.402188            0.339552
-0.494438           -0.402188            0.339552
-0.494438           -0.402188            0.339552
-0.494438           -0.402188            0.339552
-0.494438           -0.402188            0.339552
-0.494438           -0.402188            0.339552
-0.251953           0.0462452            0.176516
-0.251953           0.0462452            0.176516
-0.251953           0.0462452            0.176516
-0.251953           0.0462452            0.176516
-0.251953           0.0462452            0.176516
-0.251953           0.0462452            0.176516
0.35662           -0.649058            0.433822
0.35662           -0.649058            0.433822
0.35662           -0.649058            0.433822
0.35662           -0.649058            0.433822
0.338436           -0.868178           -0.429957
1.1317           -0.701179            -1.24706
1.21824            -0.69506            -1.74331
0.680274           0.0132573            -1.21753
0.680274           0.0132573            -1.21753
1.02215           -0.316764           -0.540682
1.02215           -0.316764           -0.540682
1.02215           -0.316764           -0.540682
1.02215           -0.316764           -0.540682
1.02798            0.349018           -0.644281
1.02798            0.349018           -0.644281
1.02798            0.349018           -0.644281
1.02798            0.349018           -0.644281
0.690862            0.661744           -0.918153
0.690862            0.661744           -0.918153
-0.285404             1.43917          -0.0630043
-1.08699             1.27446            0.575742
-0.133942            0.690688           0.0498645
-0.0343701            0.600855           -0.565014
0.0327878           -0.343364             -1.3328
0.629349           -0.392819           -0.500936
0.629349           -0.392819           -0.500936
0.629349           -0.392819           -0.500936
0.629349           -0.392819           -0.500936
1.27998           -0.969925           -0.283563
1.27998           -0.969925           -0.283563
0.531881           -0.393578           0.0457362
0.531881           -0.393578           0.0457362
1.24174           -0.237353             0.95451
1.24174           -0.237353             0.95451
0.652943           -0.393259            0.605041
0.652943           -0.393259            0.605041
0.652943           -0.393259            0.605041
0.652943           -0.393259            0.605041
0.652943           -0.393259            0.605041
0.652943           -0.393259            0.605041
0.479662            0.235806             1.36762
0.479662            0.235806             1.36762
0.314556             0.11894            0.581097
0.314556             0.11894            0.581097
0.314556             0.11894            0.581097
-0.0727766           -0.448872            0.280333
-0.0727766           -0.448872            0.280333
-0.610231           -0.912581            0.129702
-0.596405           -0.631001           -0.437375
-0.596405           -0.631001           -0.437375
-0.596405           -0.631001           -0.437375
-0.596405           -0.631001           -0.437375
-1.22147           -0.144781           -0.231863
-0.477236              0.7344            0.100501
-0.477236              0.7344            0.100501
-0.486311           -0.224792            0.238411
-0.486311           -0.224792            0.238411
-0.019433            0.353202           -0.327472
-0.019433            0.353202           -0.327472
-0.019433            0.353202           -0.327472
-0.019433            0.353202           -0.327472
0.171696            0.456838            -1.03767
0.556877          -0.0601955           -0.425335
0.834869           -0.402869           -0.803339
0.834869           -0.402869           -0.803339
1.38194            -1.07705           -0.707314
1.27137            -2.01515           -0.999723
1.27444            -2.31573            -1.66953
1.25854            -1.34859            -2.30256
1.17965            -1.25172            -3.26536
1.17965            -1.25172            -3.26536
0.893336            -2.08504            -2.61173
0.231354            -1.85365            -1.93367
0.252674           -0.912037            -1.12963
0.252674           -0.912037            -1.12963
-0.384837           -0.536941           -0.133295
-0.384837           -0.536941           -0.133295
-0.384837           -0.536941           -0.133295
-0.384837           -0.536941           -0.133295
-0.915184           -0.495648            0.553796
-1.63451           -0.974004           -0.384477
-1.05809           -0.511894            -0.86457
-0.436583            0.102601             -1.7296
0.189013            -0.67958           -0.769414
-0.403805           -0.461496            0.065043
-0.403805           -0.461496            0.065043
0.308934           -0.634194           0.0081573
0.308934           -0.634194           0.0081573
0.374462           -0.467533          -0.0334988
0.23867           -0.351794            0.301283
-0.628977            0.518077            0.832163
-0.406796            0.191516            0.707401
-0.186721           -0.708124            0.737313
-0.735228            -0.36488          -0.0638649
-0.965229           -0.317956            0.769558
-0.965229           -0.317956            0.769558
-0.965229           -0.317956            0.769558
-0.965229           -0.317956            0.769558
-0.553586           -0.538312            0.693772
-0.0238519            0.385681            0.532674
-0.0238519            0.385681            0.532674
-0.991205            0.665683             1.39841
-0.991205            0.665683             1.39841
-0.991205            0.665683             1.39841
-1.66186           -0.270815            0.685984
-0.719515           -0.546805            0.521162
-0.719515           -0.546805            0.521162
-0.719515           -0.546805            0.521162
-0.719515           -0.546805            0.521162
-0.719515           -0.546805            0.521162
-0.462862           -0.267552             1.09943
-0.462862           -0.267552             1.09943
-1.10959           -0.632207             1.15818
-1.10959           -0.632207             1.15818
-0.622746           0.0080732            0.177691
-1.29612           -0.900368            0.647184
-1.29612           -0.900368            0.647184
-1.29612           -0.900368            0.647184
-1.29612           -0.900368            0.647184
-1.29612           -0.900368            0.647184
-0.69066            -1.13545             1.61708
-0.19772           -0.321516             1.19434
0.451348           -0.103017             1.69928
-0.406335           -0.682622             1.37829
-0.64989            -1.36396             1.60127
-1.29554            -1.12391             1.00537
-1.98791           -0.718757             1.79136
-1.53998           -0.279251             1.28466
-1.53998           -0.279251             1.28466
-1.76596            -1.24075            0.342437
-1.99249           -0.852144            0.157451
-2.24584            -1.37118           -0.026154
-2.20627            -1.00308            0.649529
-2.20627            -1.00308            0.649529
-2.76465           -0.524895           -0.283956
-2.76465           -0.524895           -0.283956
-2.76465           -0.524895           -0.283956
-2.17293          -0.0609701           -0.595677
-2.16169            0.303301           -0.894561
-1.69015           -0.201767           -0.579841
-2.28883            0.141171             0.24566
-2.16728           -0.134877           -0.531531
-1.67927           -0.669668            -1.09938
-2.42886            -0.82568            -1.04365
-1.82163           -0.360765           -0.744481
-1.82163           -0.360765           -0.744481
-1.9819           -0.969659            -1.63895
-1.71831           -0.455025            -2.22831
-1.71831           -0.455025            -2.22831
-1.71831           -0.455025            -2.22831
-1.66069            0.356322            -1.47882
-2.00943            0.843873            -1.56145
-2.00943            0.843873            -1.56145
-1.54354             1.32553           -0.778149
-1.54354             1.32553           -0.778149
-1.37777             1.39555            -1.28795
-1.35479             1.07894            -1.01505
-1.81002            0.356816            -1.51694
-1.81002            0.356816            -1.51694
-1.89347           -0.509245            -1.00474
-1.71163            -1.31219           -0.883579
-0.729582            -2.00581            -1.57439
-1.71269            -2.92638             -2.4144
-1.49604             -2.5167            -1.50933
-1.49604             -2.5167            -1.50933
-1.49604             -2.5167            -1.50933
-0.589907            -1.79619            -0.74451
-0.00144228           -0.897116            -1.02563
0.312536           -0.681126           -0.254892
-0.451803           -0.824032            0.685181
-0.451803           -0.824032            0.685181
-0.451803           -0.824032            0.685181
-0.451803           -0.824032            0.685181
-0.451803           -0.824032            0.685181
-0.451803           -0.824032            0.685181
-0.126594           -0.629176             1.21227
-0.126594           -0.629176             1.21227
0.0718123            0.116036             1.68135
0.753711           -0.823752             1.40862
0.06478           -0.796376            0.740169
-0.545453           -0.165213             1.00631
-0.545453           -0.165213             1.00631
-0.545453           -0.165213             1.00631
-0.545453           -0.165213             1.00631
-0.0410704            0.372253            0.910165
-0.0410704            0.372253            0.910165
-0.0410704            0.372253            0.910165
-1.01093          -0.0902463            0.103562
-0.124215         -0.00704813            -0.16949
0.290134           -0.911152           -0.307905
0.0384676            -1.08911           -0.800273
0.215527           -0.918659           -0.392386
0.810152            -1.53563            0.119756
1.03734            -1.57614            0.524496
0.798702             -1.4739            0.694704
0.798702             -1.4739            0.694704
0.798702             -1.4739            0.694704
1.2146           -0.770548            0.404431
0.502438           -0.255393            0.470014
0.513571           -0.218686           0.0888914
0.165698            0.539173           -0.427593
0.165698            0.539173           -0.427593
-0.237816            0.554554           -0.782933
0.650171            0.231005           -0.552525
0.650171            0.231005           -0.552525
0.650171            0.231005           -0.552525
0.650171            0.231005           -0.552525
0.650171            0.231005           -0.552525
0.71429           -0.144242           -0.859684
0.582796            0.228109           -0.061566
0.582796            0.228109           -0.061566
0.582796            0.228109           -0.061566
0.582796            0.228109           -0.061566
0.582796            0.228109           -0.061566
0.582796            0.228109           -0.061566
0.672703            0.859893            0.447768
0.672703            0.859893            0.447768
0.966568             0.04333             1.21564
0.966568             0.04333             1.21564
-0.00810131            0.533255             1.79587
0.433071          -0.0466206             1.82813
0.433071          -0.0466206             1.82813
1.23227            0.277008             1.17913
1.57009          -0.0672862            0.648985
0.604364            0.814275            0.787139
0.100556             1.17278            0.658662
0.100556             1.17278            0.658662
-0.524591             1.75334              1.1402
0.116498             1.54699            0.861867
0.966857            0.741044            0.349957
0.0355042            0.836269            0.624176
0.0355042            0.836269            0.624176
0.484125             0.23995            0.425617
0.484125             0.23995            0.425617
0.70467            0.270615            0.531239
0.560608           -0.476622            0.180805
0.560608           -0.476622            0.180805
0.000368598            0.264111           -0.129244
0.000368598            0.264111           -0.129244
0.000368598            0.264111           -0.129244
0.000368598            0.264111           -0.129244
0.000368598            0.264111           -0.129244
0.000368598            0.264111           -0.129244
0.000368598            0.264111           -0.129244
0.000368598            0.264111           -0.129244
0.000368598            0.264111           -0.129244
0.000368598            0.264111           -0.129244
0.000368598            0.264111           -0.129244
-0.820425            0.635275            0.594619
-0.820425            0.635275            0.594619
-1.47947            0.242664            0.107642
-1.47947            0.242664            0.107642
-1.47684           -0.352078            -0.53422
-1.47684           -0.352078            -0.53422
-1.47684           -0.352078            -0.53422
-1.10529            -1.04267           -0.880956
-1.10529            -1.04267           -0.880956
-1.10529            -1.04267           -0.880956
-0.263638           -0.251777            -1.18107
-0.263638           -0.251777            -1.18107
0.316655            0.123764           -0.295849
0.153878          -0.0809162           -0.139934
0.153878          -0.0809162           -0.139934
0.153878          -0.0809162           -0.139934
0.153878          -0.0809162           -0.139934
0.153878          -0.0809162           -0.139934
0.153878          -0.0809162           -0.139934
-0.742567            0.381479            0.273318
0.106289           -0.161173            0.251673
0.106289           -0.161173            0.251673
-0.00992482            0.299934            0.162179
0.801084            0.406491           -0.236982
-0.00123824          -0.0359469           -0.447997
-0.0315476             0.12126           -0.640641
-0.0315476             0.12126           -0.640641
-0.0315476             0.12126           -0.640641
-0.0315476             0.12126           -0.640641
-0.0315476             0.12126           -0.640641
0.211887           0.0645068            0.277817
0.211887           0.0645068            0.277817
0.211887           0.0645068            0.277817
0.211887           0.0645068            0.277817
0.211887           0.0645068            0.277817
0.211887           0.0645068            0.277817
0.211887           0.0645068            0.277817
0.288676           -0.466373            0.180022
-0.153821            0.179625            0.715841
-1.04011           -0.300676            0.623153
-1.04011           -0.300676            0.623153
-1.04011           -0.300676            0.623153
-1.04011           -0.300676            0.623153
-1.04011           -0.300676            0.623153
-1.04011           -0.300676            0.623153
-0.939189            -1.12199           -0.300557
-0.759301           -0.909428           0.0571555
-0.759301           -0.909428           0.0571555
-0.759301           -0.909428           0.0571555
-0.426603             -1.2016           -0.814704
0.0742267            -1.94429            -1.31811
0.0742267            -1.94429            -1.31811
0.309931            -2.30107           -0.683189
0.309931            -2.30107           -0.683189
0.309931            -2.30107           -0.683189
0.309931            -2.30107           -0.683189
0.412863            -2.87925            0.301452
0.604682            -2.15181            0.530044
1.41765            -1.46785           -0.307434
1.65498           -0.990141           -0.821068
1.65498           -0.990141           -0.821068
1.65498           -0.990141           -0.821068
1.829            -1.57249           -0.838109
1.34488             -1.6172           -0.915337
0.530511           -0.940548            -1.12587
0.530511           -0.940548            -1.12587
0.321232           -0.533639           -0.547079
0.896205            0.072933            0.141232
0.896205            0.072933            0.141232
0.896205            0.072933            0.141232
0.896205            0.072933            0.141232
0.291032             1.02648           -0.128964
0.375757              1.7806           -0.287762
-0.0820658             1.95154           -0.459932
-0.0820658             1.95154           -0.459932
-0.147457             1.28538           -0.282541
-0.147457             1.28538           -0.282541
-0.744405             1.56771           -0.527683
-0.905293             1.18724            0.043877
-0.905293             1.18724            0.043877
-0.905293             1.18724            0.043877
0.0330514             1.46522           0.0918039
0.0936938            0.535865            0.290334
0.0936938            0.535865            0.290334
0.0936938            0.535865            0.290334
0.57912          -0.0849229             1.16435
0.506071            -0.48493            0.902697
0.506071            -0.48493            0.902697
1.19177           -0.238154           0.0150487
1.19177           -0.238154           0.0150487
1.32367           -0.235127           -0.486076
0.834438            0.366153            0.187089
1.08236             0.79401          -0.0363303
1.08236             0.79401          -0.0363303
0.515651            0.273412            -1.00878
0.255263            -0.49405            -1.84725
-0.682901            -0.94872            -1.85609
-0.608102             -0.1969           -0.946957
-0.608102             -0.1969           -0.946957
0.0098574            0.747338           -0.686899
-0.848933              1.4883           -0.561982
-0.357205            0.946291         -0.00855363
0.206653            0.920426           -0.242658
0.211156             1.15255           -0.857662
1.01964            0.210042           -0.181222
0.0752327            0.788121             0.81378
0.0752327            0.788121             0.81378
0.977177             1.76394             1.11939
1.77094             1.05971             1.62204
1.77094             1.05971             1.62204
1.54796             1.09253             1.76712
1.54796             1.09253             1.76712
0.98385             1.74932             1.46771
1.02268            0.901903              1.1362
1.0488            0.615887             1.60295
0.883321            0.189435             1.68549
-0.013179             1.07498             1.39673
-0.013179             1.07498             1.39673
0.209303             0.68121             1.76523
0.209303             0.68121             1.76523
-0.645505           -0.277189             1.29195
-0.261493             0.42301            0.830904
-0.261493             0.42301            0.830904
-0.261493             0.42301            0.830904
0.166383            0.122064            0.970303
0.166383            0.122064            0.970303
0.166383            0.122064            0.970303
0.166383            0.122064            0.970303
-0.670926           -0.770036            0.268773
-0.670926           -0.770036            0.268773
-0.670926           -0.770036            0.268773
0.32459           -0.477626             0.69922
0.32459           -0.477626             0.69922
0.32459           -0.477626             0.69922
0.896625            0.143353            0.127325
-0.000564232            0.671625            0.257417
-0.000564232            0.671625            0.257417
-0.000564232            0.671625            0.257417
0.652916          -0.0234493            0.115298
0.531439            0.427493             1.10479
1.23838           -0.244241             1.26186
1.23838           -0.244241             1.26186
1.23838           -0.244241             1.26186
1.23838           -0.244241             1.26186
1.06933           -0.113253            0.333436
0.424998            0.832284           -0.327064
0.424998            0.832284           -0.327064
0.424998            0.832284           -0.327064
0.259205             1.65264            0.442686
0.259205             1.65264            0.442686
-0.208581             1.24145            0.804597
-0.506235             1.52235           0.0738589
-0.506235             1.52235           0.0738589
0.472907             0.71624          -0.0985351
0.129402             1.53417           -0.625908
-0.199069            0.830972             -1.3678
-0.0681659            0.536224            -1.21855
-0.443444             1.25301           -0.384518
-0.0173095             1.45666           -0.928663
-0.501689            0.925496            -1.34093
-0.501689            0.925496            -1.34093
-0.481292             1.36367            -1.48842
-1.00038            0.480016            -1.24928
-1.00038            0.480016            -1.24928
-1.6872            0.491443           -0.657563
-1.6872            0.491443           -0.657563
-1.6872            0.491443           -0.657563
-1.6872            0.491443           -0.657563
-1.6872            0.491443           -0.657563
-1.6872            0.491443           -0.657563
-1.6872            0.491443           -0.657563
-1.91277             0.43344            -1.26156
-1.9674          -0.0516478            -1.36039
-1.41647           -0.747171            -1.91697
-0.557082            -1.37678            -1.72291
0.395729            -1.08529           -0.820253
0.144689           -0.232495            -1.20988
-0.0911624            -1.19035            -1.51168
-0.0911624            -1.19035            -1.51168
-0.0911624            -1.19035            -1.51168
0.0192864            -1.47331           -0.911115
0.554369           -0.944532            -1.27831
1.2782          -0.0523514           -0.833153
1.39435            0.520571            0.115623
1.94071            0.182957           -0.677789
1.3648           -0.309243            -0.59846
1.3648           -0.309243            -0.59846
1.3648           -0.309243            -0.59846
1.62171            0.544765           0.0451439
1.375            0.477673           -0.190074
1.375            0.477673           -0.190074
0.457531           0.0129045            0.298578
0.457531           0.0129045            0.298578
0.37439            0.157603          -0.0289959
0.37439            0.157603          -0.0289959
0.37439            0.157603          -0.0289959
0.37439            0.157603          -0.0289959
0.37439            0.157603          -0.0289959
-0.143276           -0.146805           -0.923432
0.0920459            0.737541           -0.383076
0.0920459            0.737541           -0.383076
0.194164            0.456469           -0.105433
0.194164            0.456469           -0.105433
0.194164            0.456469           -0.105433
0.194164            0.456469           -0.105433
0.194164            0.456469           -0.105433
0.54751           -0.127597            0.724487
0.54751           -0.127597            0.724487
-0.381457            0.837085          -0.0734366
-0.381457            0.837085          -0.0734366
-0.381457            0.837085          -0.0734366
-0.623986           0.0519108            -0.26498
-0.77144           -0.698188            0.664148
-0.146502           -0.270285             1.24488
-0.146502           -0.270285             1.24488
0.128859             0.34175            0.627985
-0.431112            0.642346            0.233264
-0.431112            0.642346            0.233264
-0.431112            0.642346            0.233264
-0.51504          -0.0677756            0.215759
-0.51504          -0.0677756            0.215759
0.25442           -0.356322          -0.0917322
-0.631081            0.239001          -0.0147535
-0.631081            0.239001          -0.0147535
-0.12975           0.0928121           -0.514728
-0.12975           0.0928121           -0.514728
-0.634426            0.494736            -1.22646
-0.634426            0.494736            -1.22646
-1.15746            0.753657           -0.873093
-1.15746            0.753657           -0.873093
-0.88981            0.557978         -0.00059408
-0.88981            0.557978         -0.00059408
-0.88981            0.557978         -0.00059408
-0.88981            0.557978         -0.00059408
-1.10404           -0.390495             0.20369
-0.5819            0.448483          -0.0597527
-0.5819            0.448483          -0.0597527
-0.5819            0.448483          -0.0597527
-0.5819            0.448483          -0.0597527
0.381537             1.20331            0.199179
0.813201             1.74467            0.686179
0.0571654             1.50323           -0.199584
0.0991767             1.50202            0.760997
-0.233912             1.23001             1.65977
0.591684             1.60054             1.32341
0.553576            0.934958            0.658647
-0.289551            0.469095           -0.334838
-0.289551            0.469095           -0.334838
0.165449            -0.39409            0.301123
0.165449            -0.39409            0.301123
0.165449            -0.39409            0.301123
0.165449            -0.39409            0.301123
0.577124           0.0728503            0.344928
0.0656444            0.547533          -0.0650929
0.151677          -0.0494839           -0.275249
-0.364608           -0.172381          -0.0210249
-0.364608           -0.172381          -0.0210249
-0.364608           -0.172381          -0.0210249
-0.364608           -0.172381          -0.0210249
-0.364608           -0.172381          -0.0210249
-0.364608           -0.172381          -0.0210249
-0.364608           -0.172381          -0.0210249
-0.364608           -0.172381          -0.0210249
-0.364608           -0.172381          -0.0210249
-0.364608           -0.172381          -0.0210249
-0.364608           -0.172381          -0.0210249
-0.176365            0.312614           0.0107093
-0.176365            0.312614           0.0107093
0.0862908           -0.185618             -0.4686
0.0862908           -0.185618             -0.4686
0.0862908           -0.185618             -0.4686
0.0862908           -0.185618             -0.4686
0.148114           -0.636556            0.259977
0.148114           -0.636556            0.259977
0.527103            -1.25603            -0.16059
1.4125            -1.49621           -0.940977
1.4125            -1.49621           -0.940977
0.550986            -1.50866            -1.14127
0.550986            -1.50866            -1.14127
0.396219            -2.28535            -1.10075
0.849528            -1.78658           -0.354242
1.21229           -0.912371            0.386335
0.848402           -0.667609             1.09768
1.31878            -1.42882             1.19849
1.388           -0.520816             0.62167
1.388           -0.520816             0.62167
1.83182            0.126484            0.553265
1.89164          0.00670093            0.749797
1.89164          0.00670093            0.749797
1.89164          0.00670093            0.749797
2.49892           -0.186628           -0.128592
2.49892           -0.186628           -0.128592
2.78898           0.0962873            0.157302
2.78898           0.0962873            0.157302
3.04393             0.48118            0.803802
3.04393             0.48118            0.803802
3.5307            0.872091            0.449515
3.5307            0.872091            0.449515
3.47348             0.26868             1.40614
3.42977           -0.646205             1.42889
3.42977           -0.646205             1.42889
2.48081           -0.864483             1.30099
2.17219            -1.66567            0.366759
2.11388            -1.68774            0.699583
2.11388            -1.68774            0.699583
2.33989             -1.7614             1.55343
2.33989             -1.7614             1.55343
2.39023            -1.20807            0.764158
2.39531           -0.923498          -0.0787396
2.14533          -0.0790517            0.485707
1.60359           0.0600714             1.32241
1.04668           -0.579544             2.11796
0.224535           -0.484691              2.4447
0.224535           -0.484691              2.4447
-0.590145             0.20037             2.66849
-0.590145             0.20037             2.66849
-1.18954            0.857471             1.74748
-0.985863             1.08317             2.14244
-0.713231            0.419385             2.22544
-0.209848            0.167775             2.31994
-0.902136            0.513548             2.16429
-0.902136            0.513548             2.16429
-1.79522           0.0538526             2.18781
-2.49942           -0.214831             2.10637
-1.67481           -0.742672             2.65142
-1.67481           -0.742672             2.65142
-1.85356            -1.70187             2.69764
-1.32714            -1.58147             3.44578
-2.06264            -1.82167             2.51851
-1.07236            -2.77096             2.09336
-0.853392             -3.1197             1.41449
-1.75371            -3.64887             0.61052
-1.75371            -3.64887             0.61052
-1.42626            -3.61667            0.685702
-1.72639            -3.01864             1.68514
-1.83263            -2.46594             1.55425
-1.83263            -2.46594             1.55425
-1.83263            -2.46594             1.55425
-1.83263            -2.46594             1.55425
-2.00977            -2.50031             1.35668
-1.86905            -2.91926            0.802775
-2.39934            -3.10697           0.0134235
-2.39934            -3.10697           0.0134235
-2.39934            -3.10697           0.0134235
-2.39934            -3.10697           0.0134235
-1.82593            -3.38494           -0.319037
-2.63057            -2.64057            -1.30412
-2.63057            -2.64057            -1.30412
-2.70181            -1.85774            -2.16136
-2.70181            -1.85774            -2.16136
-2.1008            -1.11322            -3.13923
-1.4514            -1.77115             -2.2176
-1.4514            -1.77115             -2.2176
-1.4514            -1.77115             -2.2176
-1.4514            -1.77115             -2.2176
-2.00909            -2.30675            -2.68866
-1.96714            -1.68951            -3.40217
-2.36943            -2.55558             -2.7251
-2.36943            -2.55558             -2.7251
-1.52458             -3.3155            -1.85509
-0.55737            -2.88972            -1.34086
-1.33803            -2.52855            -1.19832
-1.229            -2.27188           -0.497948
-0.97906            -2.23149            -1.09711
-0.594748            -2.44214            -1.01671
-1.40382            -2.27833            -1.37572
-1.40382            -2.27833            -1.37572
-2.12823            -2.35952            -1.65232
-1.31557            -2.98266            -1.27273
-0.743748            -2.35906            -2.03431
-0.962954            -1.92392            -2.30188
-0.962954            -1.92392            -2.30188
-0.123106             -1.6831            -2.78279
-0.556839            -1.36456             -3.7766
-0.334877            -2.08266            -2.88506
-1.263            -2.92834            -2.93122
-0.898669            -2.49323            -3.39668
-0.360781            -1.69849            -3.38887
-0.782974           -0.712491            -3.06896
-1.26809           -0.351777            -2.47157
-0.575598           -0.442003             -2.2836
-1.04144             -0.6883            -1.95729
-1.52432           -0.294763             -1.0273
-1.52432           -0.294763             -1.0273
-1.52432           -0.294763             -1.0273
-0.806478           -0.227133            -1.76364
-1.19326           -0.292297            -2.47243
-1.19326           -0.292297            -2.47243
-1.19326           -0.292297            -2.47243
-1.72093            0.413548            -3.14238
-1.48548            0.336914             -2.5115
-0.624662           -0.342574            -1.59917
-0.624662           -0.342574            -1.59917
-1.39818           -0.307649            -1.33718
-1.39818           -0.307649            -1.33718
-1.39818           -0.307649            -1.33718
-1.19273           -0.483166            -1.22055
-0.80804           -0.526896            -2.02113
-0.80804           -0.526896            -2.02113
-0.125997           -0.946776             -1.2952
-0.125997           -0.946776             -1.2952
-0.125997           -0.946776             -1.2952
-0.818548           -0.463691            -1.69425
-0.834954           -0.863412           -0.860593
-1.70023           0.0933772           -0.225888
-1.70023           0.0933772           -0.225888
-1.59433           -0.584873            0.228681
-1.59433           -0.584873            0.228681
-0.692158            -1.31579            0.794062
-0.365537           -0.836105             1.18676
0.470978            -1.50534             0.58293
0.470978            -1.50534             0.58293
0.470978            -1.50534             0.58293
-0.150326            -1.24315             1.22036
-0.0700259           -0.906071            0.793366
0.8518            -1.28036             1.45784
0.984378            -1.10218             1.07811
0.165227           -0.767553            0.143631
0.216242           -0.498708           -0.570777
0.66984           -0.374953            0.167576
-0.30607           -0.298558            0.957861
0.267399           -0.448316             1.28954
0.267399           -0.448316             1.28954
0.267399           -0.448316             1.28954
-0.724146            -1.10713              1.3512
-0.626085           -0.863005             1.85151
-0.626085           -0.863005             1.85151
-0.977539            -0.71545             2.64613
-1.033            -1.01921             3.37719
-1.71063            -0.28584             2.77881
-1.77149           -0.101282             2.31387
-1.77149           -0.101282             2.31387
-1.02207           -0.141485             2.08124
-1.02207           -0.141485             2.08124
-1.02207           -0.141485             2.08124
-0.803578           -0.833092             1.48375
0.0940993            -1.36306            0.901457
-0.22952           -0.381276            0.254978
0.162757            0.270457            0.508144
0.134118            0.531754            0.438696
0.134118            0.531754            0.438696
-0.220005             1.33872            0.918913
-0.0726361             1.16891            0.740155
0.569085            0.763674             0.32075
0.569085            0.763674             0.32075
0.569085            0.763674             0.32075
0.527614            0.417816           -0.225194
0.527614            0.417816           -0.225194
0.527614            0.417816           -0.225194
0.527614            0.417816           -0.225194
0.527614            0.417816           -0.225194
0.527614            0.417816           -0.225194
0.51776            0.577442           -0.128271
0.51776            0.577442           -0.128271
0.0303658           -0.212415            0.759486
-0.616491            0.618337            0.209833
-0.616491            0.618337            0.209833
-0.873431           -0.361648            0.981937
-0.873431           -0.361648            0.981937
-1.44974           0.0540735            0.208824
-0.666216            0.319087           -0.386616
-0.666216            0.319087           -0.386616
-0.681685            0.373674          -0.0481543
-0.681685            0.373674          -0.0481543
-0.681685            0.373674          -0.0481543
-0.681685            0.373674          -0.0481543
-0.681685            0.373674          -0.0481543
-0.681685            0.373674          -0.0481543
-0.681685            0.373674          -0.0481543
-0.248733            0.777194           -0.226979
0.0938611          -0.0724574            -1.02368
0.83652            0.505431            -1.38018
0.00380354             1.04114            -2.01009
0.00380354             1.04114            -2.01009
0.631585             1.65282            -1.95949
-0.101323            0.876416              -1.349
-0.979792            0.619921            -1.06479
-0.640655            0.630122            -1.22919
-0.640655            0.630122            -1.22919
-0.640655            0.630122            -1.22919
-0.640655            0.630122            -1.22919
-0.678277             0.68849            -0.81176
-0.678277             0.68849            -0.81176
-0.774757           -0.202303           -0.352846
-0.774757           -0.202303           -0.352846
-0.774757           -0.202303           -0.352846
-0.774757           -0.202303           -0.352846
-0.871794           -0.952911            0.458829
-0.871794           -0.952911            0.458829
-0.871794           -0.952911            0.458829
-0.871794           -0.952911            0.458829
-1.20466           -0.714414            0.177434
-0.428161           -0.759816            0.702065
-0.428161           -0.759816            0.702065
-0.462156           -0.617855           -0.297604
-0.462156           -0.617855           -0.297604
0.472669           -0.393784            0.208621
0.472669           -0.393784            0.208621
-0.410043            -1.27433            0.158439
-0.513484            -1.35151           -0.409108
-0.513484            -1.35151           -0.409108
-1.12617            -0.91704            0.239114
-1.12617            -0.91704            0.239114
-1.12617            -0.91704            0.239114
-1.12617            -0.91704            0.239114
-1.52062            -1.30808            0.326479
-1.52062            -1.30808            0.326479
-0.952624            -1.53152           0.0589626
-0.952624            -1.53152           0.0589626
-0.952624            -1.53152           0.0589626
-1.66875           -0.608001           -0.370874
-1.66875           -0.608001           -0.370874
-0.793885            -1.24637           -0.134782
-0.793885            -1.24637           -0.134782
-1.29059           -0.443771            0.390283
-1.29059           -0.443771            0.390283
-1.14537           -0.903595            0.409054
-0.564716          -0.0178298           -0.180948
-0.252949            0.364709           -0.540832
-0.252949            0.364709           -0.540832
-0.252949            0.364709           -0.540832
0.693011           -0.108198           -0.450381
0.693011           -0.108198           -0.450381
0.175739            0.608262           -0.229627
-0.306229            0.508327            0.331809
-0.104447             0.18798            0.248884
-0.104447             0.18798            0.248884
-0.104447             0.18798            0.248884
0.53583            0.144936           -0.379127
0.53583            0.144936           -0.379127
0.53583            0.144936           -0.379127
0.172711           -0.786863            -0.52823
0.172711           -0.786863            -0.52823
0.527249          -0.0673796           0.0513713
-0.222436            0.924062          -0.0149084
-0.908489             1.51319           -0.318899
-0.181527             1.96181           -0.861312
-0.181527             1.96181           -0.861312
-0.181527             1.96181           -0.861312
-0.436065             2.30716           -0.424964
-0.436065             2.30716           -0.424964
-0.436065             2.30716           -0.424964
0.218921              2.8766            0.155472
0.0203648             3.57647           -0.332433
0.835721             3.79998          -0.0227487
1.18178             3.13235            0.516595
1.18178             3.13235            0.516595
1.18178             3.13235            0.516595
0.396733             3.43168           0.0798142
0.75124             3.45995            0.343055
1.61797             2.91185            0.268284
0.752468              2.5652            0.778459
0.47934               1.758            0.854334
0.47934               1.758            0.854334
0.129244              1.8623            0.743423
-0.552547             1.79788          -0.0769508
-0.19778             1.00635           -0.291044
-0.19778             1.00635           -0.291044
-0.178244            0.506755           -0.306157
-0.178244            0.506755           -0.306157
0.223845           -0.475763           -0.981665
0.223845           -0.475763           -0.981665
-0.167027          -0.0430813           -0.669145
-0.167027          -0.0430813           -0.669145
-0.167027          -0.0430813           -0.669145
-0.207742            0.653882            0.149423
-0.207742            0.653882            0.149423
-0.207742            0.653882            0.149423
-0.207742            0.653882            0.149423
-0.207742            0.653882            0.149423
-0.207742            0.653882            0.149423
-0.207742            0.653882            0.149423
-0.207742            0.653882            0.149423
-0.207742            0.653882            0.149423
-0.0113763             1.41533            0.190221
0.347762             2.09889            0.105764
-0.0680558             1.22297           -0.502555
-0.0680558             1.22297           -0.502555
-0.77835            0.891095           -0.979471
-1.73812            0.625489           -0.579807
-1.24486            0.270804           0.0446219
-0.326061            0.783935           -0.190116
-0.326061            0.783935           -0.190116
-0.72248             1.55369             -1.0529
-0.365325            0.592842            -1.03179
0.181775           -0.136387           -0.478215
-0.61672           -0.256525           -0.187439
-0.61672           -0.256525           -0.187439
0.118855            0.605456            0.694629
0.048405            0.903692          -0.0215357
1.04125             1.19376           -0.293503
1.04125             1.19376           -0.293503
0.532966             1.34912            0.023472
-0.406256             2.09378           -0.260389
-0.744693              1.9284            0.070089
-0.8596             2.05144            0.627284
-0.919805             1.69332            0.132421
0.0213342             1.75653             0.20313
1.01451            0.832399            0.151863
0.994241             1.10778          -0.0307045
0.300051            0.670372           -0.742388
0.300051            0.670372           -0.742388
0.837437              1.1841           -0.748191
0.837437              1.1841           -0.748191
0.119298            0.429267           -0.685146
0.119298            0.429267           -0.685146
0.119298            0.429267           -0.685146
0.794555            0.113349           -0.236907
0.794555            0.113349           -0.236907
0.043072            0.430267            0.286966
0.043072            0.430267            0.286966
-0.507347            0.820852            0.125806
-0.77687            0.170023            0.482697
-0.77687            0.170023            0.482697
-0.77687            0.170023            0.482697
-0.77687            0.170023            0.482697
-0.492208           -0.703807           -0.425702
-0.245568           -0.214833          -0.0739637
-0.245568           -0.214833          -0.0739637
-0.383878           -0.434814          -0.0500156
-0.383878           -0.434814          -0.0500156
-1.11339           0.0586648            0.166681
-1.08961           -0.524443           -0.433143
-1.08961           -0.524443           -0.433143
-1.95605           -0.472911           -0.920779
-1.95605           -0.472911           -0.920779
-1.95605           -0.472911           -0.920779
-1.9055            0.108584           -0.346763
-1.9055            0.108584           -0.346763
-1.9055            0.108584           -0.346763
-1.29934            0.958002           -0.369517
-1.79839            0.686544            0.329357
-1.47282            0.431197            0.997839
-1.47282            0.431197            0.997839
-1.47282            0.431197            0.997839
-1.12477            0.725428             1.03581
-1.12477            0.725428             1.03581
-0.128354             1.56033            0.551981
-0.128354             1.56033            0.551981
-0.505035            0.801175           -0.372775
0.342781            0.891755           -0.249613
0.342781            0.891755           -0.249613
-0.593094             1.14166           -0.663413
-0.593094             1.14166           -0.663413
-0.593094             1.14166           -0.663413
-0.593094             1.14166           -0.663413
-0.593094             1.14166           -0.663413
-0.826404            0.788767            0.221631
-0.826404            0.788767            0.221631
-0.643022           -0.181179            0.684391
-0.877911           -0.226792            0.833932
-0.367707            0.223677             0.52807
-0.367707            0.223677             0.52807
-0.367707            0.223677             0.52807
-1.0934            0.733049           -0.259954
-1.0934            0.733049           -0.259954
-1.0934            0.733049           -0.259954
-1.0934            0.733049           -0.259954
-1.60808          -0.0600164            0.655742
-0.944052           -0.438497             1.35547
-1.24445           0.0393721             1.65849
-1.24445           0.0393721             1.65849
-1.21359            0.309488             1.54703
-0.279425             1.30439             1.40994
-0.402659              1.9126            0.763194
-0.402659              1.9126            0.763194
-0.402659              1.9126            0.763194
-0.402659              1.9126            0.763194
-0.402659              1.9126            0.763194
-0.402659              1.9126            0.763194
-1.00967             1.51457          -0.0740414
-1.00967             1.51457          -0.0740414
-1.00967             1.51457          -0.0740414
-1.00967             1.51457          -0.0740414
-1.42139             1.44404            -1.05829
-1.42139             1.44404            -1.05829
-1.24429             1.10802            -0.20969
-1.32747            0.665033           -0.786429
-1.32747            0.665033           -0.786429
-1.32839            0.315126            -1.46295
-1.49474           -0.671302            -1.20228
-1.8526            -1.26081           -0.221619
-1.61099            -1.42271           -0.436782
-1.06097            -1.44193            0.232192
-1.06097            -1.44193            0.232192
-1.57142            -1.20158           -0.264221
-1.02073            -1.47649           -0.751369
-1.02073            -1.47649           -0.751369
-1.02073            -1.47649           -0.751369
-1.02073            -1.47649           -0.751369
-1.02073            -1.47649           -0.751369
-0.499273           -0.543611           -0.112862
0.187885           -0.056501            0.545868
0.643036           -0.189382            -0.26183
0.643036           -0.189382            -0.26183
0.643036           -0.189382            -0.26183
0.643036           -0.189382            -0.26183
0.643036           -0.189382            -0.26183
1.18492              0.5709            0.569217
1.18492              0.5709            0.569217
1.6244          0.00567058            0.921048
1.6244          0.00567058            0.921048
1.6244          0.00567058            0.921048
1.33015           -0.836146           -0.071486
1.45669            -1.34252            0.228675
1.92656            -1.34632           -0.230704
1.31855           -0.958856             -1.0163
1.31855           -0.958856             -1.0163
1.20571            -0.92359            -1.16805
1.69008            -1.53684           -0.515421
1.66739           -0.728301           -0.375578
1.66739           -0.728301           -0.375578
1.66739           -0.728301           -0.375578
0.688575            -0.73786           -0.764388
0.688575            -0.73786           -0.764388
-0.294875            0.148256            -1.14933
-0.294875            0.148256            -1.14933
-1.10322            0.319127            -1.05849
-1.68518           -0.405886           -0.380791
-1.68518           -0.405886           -0.380791
-0.94941           -0.822329           -0.305661
-0.650404            -1.54019           -0.185452
-0.650404            -1.54019           -0.185452
-0.44479           -0.867104           -0.726958
-0.44479           -0.867104           -0.726958
0.260526           -0.370461            0.108902
-0.22775           -0.287206            0.260512
-0.22775           -0.287206            0.260512
-0.22775           -0.287206            0.260512
0.771168           0.0585728           -0.481063
-0.125157            0.291177            0.236697
-0.125157            0.291177            0.236697
-0.125157            0.291177            0.236697
0.413647          -0.0537551            0.467016
0.413647          -0.0537551            0.467016
-0.166908           -0.269282           0.0816642
-0.166908           -0.269282           0.0816642
-0.166908           -0.269282           0.0816642
0.824574           -0.767758           -0.101283
0.824574           -0.767758           -0.101283
1.47783          -0.0193323            -1.01838
0.530607            0.820462           -0.997393
0.530607            0.820462           -0.997393
0.530607            0.820462           -0.997393
0.695514             0.83378           -0.583302
-0.29727            0.288216            0.130448
-0.122996           -0.293267            0.508498
0.28284             -1.0869            0.158773
0.12474             -1.1495            0.903218
0.12474             -1.1495            0.903218
1.05813           -0.223596            0.173966
1.2102           -0.409883          -0.0470855
1.2102           -0.409883          -0.0470855
1.2102           -0.409883          -0.0470855
0.534681            -1.11096            0.320274
0.534681            -1.11096            0.320274
0.534681            -1.11096            0.320274
0.534681            -1.11096            0.320274
1.24109           -0.197225            0.244188
1.24109           -0.197225            0.244188
0.505237           -0.747388            0.556673
0.505237           -0.747388            0.556673
1.20474           -0.766113             1.31841
1.06072           -0.679014             1.52634
1.06072           -0.679014             1.52634
1.22088            -0.58769             1.02382
0.592262            0.317907             1.63189
0.506948             -0.5456            0.917537
1.06749           -0.298501            0.394766
1.45349            0.397522            0.322878
1.21219           -0.321115             0.74264
1.21219           -0.321115             0.74264
0.678493            -1.18899          -0.0328093
0.678493            -1.18899          -0.0328093
-0.133984           -0.901999           -0.543136
-0.133984           -0.901999           -0.543136
-0.269341           -0.897312            -1.12435
-0.893805           -0.832945           -0.993088
-1.62986           -0.940942           -0.089451
-2.00047           0.0449719           -0.447232
-2.8844           0.0526097           -0.206712
-2.14187           -0.892349           -0.958341
-1.75035           -0.649927           -0.632676
-1.76959            0.156231            -1.19664
-1.76959            0.156231            -1.19664
-1.8246           -0.229081           -0.279984
-1.23478           -0.235676             0.42885
-0.963907           -0.568429          -0.0300928
-0.407208           -0.360431            0.610592
-0.172193            0.633229            0.218524
-0.172193            0.633229            0.218524
0.144208            0.401135            0.892011
0.144208            0.401135            0.892011
0.332012          -0.0417726             1.71257
-0.127939            0.808798             1.30306
-0.127939            0.808798             1.30306
0.832621            0.361165            0.743547
0.540476              1.2436            0.408801
0.540476              1.2436            0.408801
0.227111             1.23179           -0.178515
-0.0846304             1.16637           -0.468342
-0.0846304             1.16637           -0.468342
0.203221            0.777839           -0.089594
0.203221            0.777839           -0.089594
0.126365             1.56867            0.793145
1.07948             1.24278            0.719567
1.27174             0.27261           -0.216755
0.673386           -0.586834            0.283438
1.1251            -1.45158           -0.469291
2.02453           -0.941883           0.0523079
2.18952           -0.590851            0.372847
2.15389            0.323019           -0.224736
2.15389            0.323019           -0.224736
2.15389            0.323019           -0.224736
1.30601           -0.262784            0.196072
1.30601           -0.262784            0.196072
0.839012          -0.0856487          -0.0166764
0.443584              0.2932            0.562573
0.136347           -0.622899            0.343189
0.136347           -0.622899            0.343189
0.136347           -0.622899            0.343189
0.919793           -0.912225           -0.369663
0.365822           -0.388602           -0.808234
0.365822           -0.388602           -0.808234
0.365822           -0.388602           -0.808234
-0.0222588            -1.17293           -0.158894
-0.0222588            -1.17293           -0.158894
-0.0222588            -1.17293           -0.158894
-0.0222588            -1.17293           -0.158894
0.0543065            -1.97031           -0.504585
0.0543065            -1.97031           -0.504585
-0.666316            -2.15909           -0.215078
-0.666316            -2.15909           -0.215078
-0.930572            -2.22951            -0.85571
-1.71737            -1.74302           -0.656307
-1.71737            -1.74302           -0.656307
-1.71737            -1.74302           -0.656307
-1.77093            -1.75543           -0.546525
-1.77093            -1.75543           -0.546525
-1.74325            -1.92304            -1.46213
-1.74325            -1.92304            -1.46213
-1.74325            -1.92304            -1.46213
-1.46904            -2.59114            -1.46992
-1.46904            -2.59114            -1.46992
-0.881736            -2.67849             -2.0019
-0.881736            -2.67849             -2.0019
-0.881736            -2.67849             -2.0019
-0.881736            -2.67849             -2.0019
-0.881736            -2.67849             -2.0019
-0.393029            -2.41118            -2.47068
-0.727476            -1.82289            -2.83283
-0.195169            -2.27929            -3.51479
0.591254            -2.25659            -2.81059
1.41965            -2.51824            -3.46085
1.41965            -2.51824            -3.46085
1.14874            -3.28988            -3.70764
1.56819            -2.30276            -3.61438
2.51015            -2.10458            -4.44659
2.51015            -2.10458            -4.44659
2.89195             -2.6639            -4.12683
2.89195             -2.6639            -4.12683
2.45395            -2.52497            -3.93527
2.45395            -2.52497            -3.93527
3.19964            -2.18534            -3.86723
3.19964            -2.18534            -3.86723
3.19964            -2.18534            -3.86723
3.19964            -2.18534            -3.86723
3.19758            -1.85222            -3.67672
3.43964            -0.95417            -3.07975
3.05182            -1.32448            -2.21345
3.61991              -1.196            -1.97969
3.61991              -1.196            -1.97969
3.46116            -1.92454            -1.00642
3.53104            -1.80043          -0.0818643
3.53104            -1.80043          -0.0818643
2.69312            -2.60847            0.636171
1.83419            -3.23727             0.57813
1.83419            -3.23727             0.57813
0.993778            -2.72441            0.196094
0.993778            -2.72441            0.196094
0.993778            -2.72441            0.196094
0.605556            -2.13926            0.369802
0.14796            -2.06132             1.26536
-0.498964                -1.2             0.97983
0.20472            -1.87736            0.121697
1.032           -0.917605            0.790428
0.974243           -0.880161            0.735982
1.0227           -0.785454            0.123791
0.0598965           -0.833047           0.0672062
-0.67898           -0.335081            0.133302
-0.656062             0.33211            0.501534
-0.111308            0.093192             0.51308
0.685163           -0.641084             1.30143
-0.290973            0.213001             2.00542
-0.983904            0.463853             1.88524
-0.983904            0.463853             1.88524
-0.983904            0.463853             1.88524
-1.6678             1.23134             1.04585
-1.6678             1.23134             1.04585
-0.828814            0.414239            0.532824
-0.828814            0.414239            0.532824
0.0605633           -0.361122           -0.389847
-0.772187            0.243151            0.202621
-0.624925            0.208058            0.786481
-0.624925            0.208058            0.786481
-1.15063           -0.401177            0.171398
-0.182694            0.242133            0.929954
0.203576             1.13582            0.641881
0.203576             1.13582            0.641881
0.203576             1.13582            0.641881
1.14323             1.48802          -0.0614335
0.314613             0.82675            0.442848
0.569431          0.00229315           -0.444936
0.683426           -0.739897           -0.579185
0.817343            -0.93382           -0.594727
0.858274           -0.572005        -0.000672506
1.33907              0.1127          -0.0723461
1.33907              0.1127          -0.0723461
1.33907              0.1127          -0.0723461
0.512569           -0.746382           -0.833731
0.512569           -0.746382           -0.833731
0.512569           -0.746382           -0.833731
1.47677           -0.788583            -1.10168
0.592183            -1.23958           -0.710769
0.296416           -0.853887            -0.48166
-0.28383           -0.597976            -1.13714
-0.586561           -0.604624           -0.600173
-0.598957          -0.0329446            -1.28325
-0.523559           -0.507157            -1.77025
-0.523559           -0.507157            -1.77025
-0.523559           -0.507157            -1.77025
-0.523559           -0.507157            -1.77025
0.105342            -1.34535            -1.17906
0.574167           -0.811659           -0.970152
-0.100399           -0.208382           -0.698374
-0.100399           -0.208382           -0.698374
-0.285968            -1.10061           -0.940611
-0.159699            -1.41729           -0.102062
-0.159699            -1.41729           -0.102062
-0.12736           -0.598771            0.118753
-0.12736           -0.598771            0.118753
-0.12736           -0.598771            0.118753
0.492017           -0.219846            0.304027
-0.125765           -0.315295           -0.646915
-0.125765           -0.315295           -0.646915
-0.125765           -0.315295           -0.646915
0.47803             0.23253           -0.557362
0.155542           -0.263738           -0.728262
0.155542           -0.263738           -0.728262
-0.0577369            0.190018          -0.0750629
-0.0577369            0.190018          -0.0750629
-0.0577369            0.190018          -0.0750629
-0.150041            0.422293            0.779257
-0.528751           -0.146808            0.715919
-0.528751           -0.146808            0.715919
-0.528751           -0.146808            0.715919
-0.528751           -0.146808            0.715919
-0.271313           -0.708455          0.00922975
-0.271313           -0.708455          0.00922975
-0.271313           -0.708455          0.00922975
0.715542            0.196337           0.0699858
0.590098           -0.439945           -0.313151
0.590098           -0.439945           -0.313151
0.420971            0.520413            0.684124
1.26429            0.066999           0.0626806
1.26429            0.066999           0.0626806
1.26429            0.066999           0.0626806
2.12624           -0.269737            0.463322
2.12624           -0.269737            0.463322
2.12624           -0.269737            0.463322
1.68961            -1.18045          -0.0864265
1.37406           -0.941722           -0.152062
1.37406           -0.941722           -0.152062
1.37406           -0.941722           -0.152062
2.31901           -0.126909            0.193677
2.31901           -0.126909            0.193677
2.31901           -0.126909            0.193677
2.31901           -0.126909            0.193677
2.31901           -0.126909            0.193677
1.85474            0.159343             1.09179
1.35289           -0.100136             1.73993
1.21029            0.646432             1.36022
1.21029            0.646432             1.36022
1.21029            0.646432             1.36022
1.21029            0.646432             1.36022
1.02106             1.44966             1.63072
1.04214             1.68247              1.1024
1.04214             1.68247              1.1024
0.32031            0.987961            0.802604
-0.656428             1.35345            0.367882
-0.0815025             1.01609           0.0813953
0.116358             0.44778           -0.886931
0.116358             0.44778           -0.886931
-0.186013            0.142419            -1.18275
-0.847182           -0.531077           -0.259215
-0.0917955           -0.447837            0.530117
-0.321445            0.161301            0.157155
-0.321445            0.161301            0.157155
-0.311067            0.175934            0.361574
-0.187115            0.372702           -0.569599
0.160787          -0.0713412            0.108819
0.160787          -0.0713412            0.108819
0.160787          -0.0713412            0.108819
0.160787          -0.0713412            0.108819
0.160787          -0.0713412            0.108819
0.160787          -0.0713412            0.108819
0.160787          -0.0713412            0.108819
0.192618            0.550112            -0.44747
0.192618            0.550112            -0.44747
0.192618            0.550112            -0.44747
0.710175            0.452232           -0.699228
0.226597            -0.36707             -1.5434
0.435604            0.380251           -0.881392
-0.44686            0.039139           -0.409155
-0.44686            0.039139           -0.409155
-0.44686            0.039139           -0.409155
0.103946            0.428835            -1.28682
0.103946            0.428835            -1.28682
0.559396             1.21817            -1.21313
0.559396             1.21817            -1.21313
0.559396             1.21817            -1.21313
0.559396             1.21817            -1.21313
0.559396             1.21817            -1.21313
0.559396             1.21817            -1.21313
0.968744            0.453286           -0.970048
1.58006            0.833306           -0.159771
1.58006            0.833306           -0.159771
0.980135             1.47447           -0.123372
0.980135             1.47447           -0.123372
0.670823            0.762677            -1.08488
0.670823            0.762677            -1.08488
0.670823            0.762677            -1.08488
1.41443            0.247077           -0.648864
1.09843           -0.672138            -0.62587
1.09843           -0.672138            -0.62587
1.09843           -0.672138            -0.62587
0.100029           0.0244442            -1.61693
0.0909788            0.790928            -2.12522
-0.188543             1.71335            -2.48029
-1.16821             2.18173            -1.79414
-0.78871             2.30914           -0.898844
-1.77392             2.78753            -1.54199
-1.77392             2.78753            -1.54199
-2.03227             2.45053            -1.41164
-1.92422             2.83573           -0.414376
-1.92422             2.83573           -0.414376
-1.92422             2.83573           -0.414376
-2.7671             2.69146           -0.216122
-2.61091              3.3026           -0.620545
-2.00828             2.35992            -1.20606
-2.51157              1.4006           -0.923084
-2.09394              1.7859           -0.146622
-1.19656            0.806743           -0.243384
-0.527308            0.976075            0.728988
-0.150398            0.839597            0.713272
-0.150398            0.839597            0.713272
-0.150398            0.839597            0.713272
0.549386            0.574581            0.202272
0.549386            0.574581            0.202272
0.549386            0.574581            0.202272
0.464354            0.537217           -0.388195
0.464354            0.537217           -0.388195
0.0363033           -0.200343            0.337082
0.0363033           -0.200343            0.337082
0.0363033           -0.200343            0.337082
0.0363033           -0.200343            0.337082
-0.234954            0.792097           -0.532393
-0.234954            0.792097           -0.532393
-0.243853            0.379396           -0.796231
-0.789672            0.367685           -0.461552
0.117653           -0.443309           -0.295228
0.117653           -0.443309           -0.295228
-0.453709            0.260333           -0.244973
-0.453709            0.260333           -0.244973
0.0620677           -0.205759           -0.423953
0.0827507            -0.19203           -0.556902
-0.325852            -0.27751            0.439736
-0.0566767           -0.118994            0.772428
0.521341           -0.240943           0.0753254
0.521341           -0.240943           0.0753254
-0.149296            0.449228           -0.715527
-0.0206569             1.04885             -0.4664
-0.0206569             1.04885             -0.4664
-0.93417             1.34986           -0.878064
-0.93417             1.34986           -0.878064
-0.0600805            0.890693            -1.74957
-0.699883           0.0509951           -0.784999
-1.0633            0.768569            0.186998
-1.0633            0.768569            0.186998
-1.42093            0.722638            0.506855
-1.42093            0.722638            0.506855
-0.649661            0.260709           -0.467889
-0.649661            0.260709           -0.467889
-0.567355           0.0758324          -0.0863748
-0.567355           0.0758324          -0.0863748
-0.567355           0.0758324          -0.0863748
0.252921            0.632313           0.0774288
0.174239            0.650754            -0.81272
0.174239            0.650754            -0.81272
0.174239            0.650754            -0.81272
-0.337673           0.0303547           -0.551474
-0.337673           0.0303547           -0.551474
-0.072056           -0.711215            0.273674
-0.934925           -0.336747           -0.393856
-0.934925           -0.336747           -0.393856
-0.407852           -0.876417            -1.05144
-0.407852           -0.876417            -1.05144
-1.08207           -0.316038            -1.59985
-1.08207           -0.316038            -1.59985
-1.35708           -0.458175           -0.706896
-1.35708           -0.458175           -0.706896
-1.18971           -0.668799           -0.725548
-1.18971           -0.668799           -0.725548
-1.18971           -0.668799           -0.725548
-1.05073           -0.980647           -0.333954
-0.653574            -0.70253           -0.322243
-0.787424             0.16903            -0.95336
-1.0666            0.149437           -0.435108
-0.294945           0.0408494            0.405808
-0.509438            0.866512          -0.0293751
-0.509438            0.866512          -0.0293751
-0.509438            0.866512          -0.0293751
-0.509438            0.866512          -0.0293751
-1.01718          -0.0775573           -0.585412
-1.01718          -0.0775573           -0.585412
-1.01718          -0.0775573           -0.585412
-1.01718          -0.0775573           -0.585412
-0.83123           -0.274718           -0.418764
-0.943631           -0.540753             0.22486
-1.31443            -1.34972             -0.1343
-1.28091           -0.424389           -0.563018
-1.08222            -0.64326           -0.549499
-1.50103            -1.28823           -0.216402
-1.64719            -1.07497           -0.545251
-2.15047           -0.901484           -0.644209
-2.15047           -0.901484           -0.644209
-2.15047           -0.901484           -0.644209
-2.03102           0.0101419           -0.890464
-2.20416           -0.751926           -0.735625
-2.20416           -0.751926           -0.735625
-2.36506           -0.228453             -1.0669
-2.55751           -0.866169            -1.38661
-2.32272             -1.0996            -0.96943
-2.32272             -1.0996            -0.96943
-2.32272             -1.0996            -0.96943
-3.19871           -0.859855           -0.546232
-2.24028            -1.15629           -0.727172
-1.78292            -1.17701            -1.19712
-1.47591            -1.07562           -0.774835
-1.47591            -1.07562           -0.774835
-1.47591            -1.07562           -0.774835
-0.655649            -1.46507            -1.25221
-0.441069           -0.707687           -0.958579
-0.441069           -0.707687           -0.958579
-0.441069           -0.707687           -0.958579
-0.764328           -0.276688           -0.738364
-1.45817           -0.826918            0.100887
-1.48539            -0.36415            -0.22842
-1.71924            0.465268           -0.622927
-1.75028              1.0872           -0.526187
-1.20456            0.806452           -0.557585
-0.777902             1.74848            0.291039
0.0798495             1.63268          -0.0665669
0.0798495             1.63268          -0.0665669
-0.618789            0.711013            0.588257
-0.0197226           -0.265474            0.608446
-0.0197226           -0.265474            0.608446
-0.0197226           -0.265474            0.608446
-0.238907            0.688254             1.47282
-0.87651           -0.100026            0.528748
-0.87651           -0.100026            0.528748
-0.87651           -0.100026            0.528748
-0.87651           -0.100026            0.528748
0.0415402            0.760823             0.93855
0.0415402            0.760823             0.93855
-0.474175          -0.0515916            0.354064
-0.474175          -0.0515916            0.354064
-0.193661            0.565212            0.586245
-1.00808            0.894741            0.498834
-1.00808            0.894741            0.498834
-0.592864             1.40248            0.570053
-0.592864             1.40248            0.570053
-0.592864             1.40248            0.570053
-0.612559            0.479227           -0.283136
0.149532             1.15443            -1.18698
-0.0263905             1.59615           -0.882532
-0.0263905             1.59615           -0.882532
0.0827056             1.25601            -1.25243
0.0827056             1.25601            -1.25243
0.658861            0.971183           -0.520636
0.658861            0.971183           -0.520636
1.30399            0.737858            -0.38928
1.30399            0.737858            -0.38928
1.30399            0.737858            -0.38928
0.930383             1.06304           -0.413381
0.930383             1.06304           -0.413381
0.930383             1.06304           -0.413381
1.30264            0.215348             0.38691
2.15004           -0.581132           -0.185424
1.41206            -1.41581           0.0375118
1.68794           -0.518953            0.380556
1.68794           -0.518953            0.380556
1.68794           -0.518953            0.380556
1.68794           -0.518953            0.380556
1.67963           -0.479964             1.00028
1.0965           -0.610378             1.00955
0.166066           -0.444602            0.214977
0.669063           -0.243984          -0.0416049
-0.0567726           -0.642929           -0.604432
-0.406109            0.214395           -0.409018
-0.406109            0.214395           -0.409018
-0.406109            0.214395           -0.409018
-0.899641            0.180814           -0.411251
-1.43359           -0.442621            -0.57232
-1.39592           -0.980155           0.0243456
-1.39592           -0.980155           0.0243456
-1.39592           -0.980155           0.0243456
-1.39592           -0.980155           0.0243456
-1.39592           -0.980155           0.0243456
-0.633508            -0.35763            0.719653
0.287321          -0.0785336            0.695685
-0.584218           -0.154362           -0.176435
-0.329161            0.593437           0.0235096
0.262145            0.168621            0.290379
0.944965            0.377683           -0.110006
1.63247            0.286723            0.390039
1.63247            0.286723            0.390039
1.594           -0.606463           -0.094805
1.594           -0.606463           -0.094805
1.594           -0.606463           -0.094805
0.95459           -0.887996            -0.53865
0.0221679           -0.136733            -1.03444
0.0221679           -0.136733            -1.03444
-0.264607            0.802346            -1.22136
-0.264607            0.802346            -1.22136
-0.29313             1.27064            -1.47308
-0.442836             1.11467            -0.78109
-0.442836             1.11467            -0.78109
-1.18252             1.46142           -0.978098
-1.08759             1.41878            -1.18237
-1.84844             1.26116            -1.68478
-1.84844             1.26116            -1.68478
-1.84844             1.26116            -1.68478
-1.84844             1.26116            -1.68478
-1.11586             1.38891            -1.01571
-0.759707            0.941197           -0.454258
-0.481727          -0.0429435            -1.20729
-0.389354            0.849666           -0.910216
-0.389354            0.849666           -0.910216
-0.389354            0.849666           -0.910216
-0.687534             0.88628           -0.543764
-0.687534             0.88628           -0.543764
-0.532052          0.00132952           -0.116375
-0.532052          0.00132952           -0.116375
0.120878            0.434952           -0.159834
0.120878            0.434952           -0.159834
0.120878            0.434952           -0.159834
0.77732            0.254806           -0.384725
0.77732            0.254806           -0.384725
0.77732            0.254806           -0.384725
0.77732            0.254806           -0.384725
0.77732            0.254806           -0.384725
0.250155           -0.149052            -0.54311
-0.380818           -0.165584           0.0203999
-0.380818           -0.165584           0.0203999
-0.380818           -0.165584           0.0203999
-0.325045            -0.19736            0.180473
-0.13582            0.506148           -0.566256
-0.164992             0.88941            0.109042
-0.744608             1.49665            0.957345
-0.915105             1.98769            0.270658
-1.59976             1.31557            0.110937
-1.36838              1.7793            0.267753
-0.568214             2.09665          -0.0436533
0.366092             1.63486            0.881656
0.482177            0.876647            0.231242
-0.378303            0.820964            0.972076
-0.481552             0.81664            0.409978
-0.481552             0.81664            0.409978
0.467419          -0.0995648           -0.226051
0.467419          -0.0995648           -0.226051
0.199863           -0.418334            0.527501
-0.475861           -0.236337           -0.223894
-0.649354            -0.67793           -0.227262
-1.26524             0.30858           -0.797372
-0.878541             0.37482           -0.437777
-1.04974           -0.383662           -0.459671
-1.04974           -0.383662           -0.459671
-0.628838            -1.37168             -1.0312
-0.440607           -0.610228           -0.458915
-0.440607           -0.610228           -0.458915
-0.440607           -0.610228           -0.458915
-1.16393          -0.0665264           -0.479994
-1.16393          -0.0665264           -0.479994
-0.602232            0.845411           0.0761041
-0.602232            0.845411           0.0761041
-0.602232            0.845411           0.0761041
-0.602232            0.845411           0.0761041
-0.602232            0.845411           0.0761041
-0.602232            0.845411           0.0761041
-0.602232            0.845411           0.0761041
-0.67066          -0.0230175            0.672573
-0.592901           -0.331103            0.916821
-0.959703             -1.1471             1.28011
-0.284288            -2.00825             1.48955
-0.284288            -2.00825             1.48955
-0.284288            -2.00825             1.48955
-0.284288            -2.00825             1.48955
-0.284288            -2.00825             1.48955
-0.284288            -2.00825             1.48955
-0.26658            -2.49843             0.82244
-0.173667             -1.8238            0.758236
-1.12052            -2.27299            0.574711
-1.87307            -1.73736            0.926288
-1.87307            -1.73736            0.926288
-1.36493            -1.30777            0.540798
-1.36493            -1.30777            0.540798
-1.35172            -1.10677            0.278513
-1.85287           -0.831069            0.974715
-1.43595           -0.350265             0.77978
-1.02082             0.22024             1.44312
-1.02082             0.22024             1.44312
-1.0868            0.318594             1.78218
-1.0868            0.318594             1.78218
-0.9841             1.14133            0.882371
-0.885822            0.857952             1.32014
-0.899309             1.58931            0.494173
-1.70878            0.721974            0.177611
-1.18031             0.94011           -0.683776
-1.34184             1.08661           0.0349864
-1.34184             1.08661           0.0349864
-1.34184             1.08661           0.0349864
-0.844253             1.06425            -0.62686
-0.844253             1.06425            -0.62686
-0.844253             1.06425            -0.62686
-1.04793             0.68263           -0.184484
-1.04793             0.68263           -0.184484
-0.582711             1.00837            0.214194
0.221211             0.30105            0.197938
0.221211             0.30105            0.197938
-0.602652            0.133807           0.0927882
-1.59045            0.164065           -0.441165
-1.48071            0.351739            -1.07347
-1.48071            0.351739            -1.07347
-1.05453            0.800474           -0.839573
-0.0835353            0.138567           -0.224326
-0.0835353            0.138567           -0.224326
-0.0835353            0.138567           -0.224326
-0.0835353            0.138567           -0.224326
-0.0835353            0.138567           -0.224326
-0.0835353            0.138567           -0.224326
-0.0835353            0.138567           -0.224326
-0.0835353            0.138567           -0.224326
-0.0835353            0.138567           -0.224326
0.202731            0.744745           -0.666629
0.202731            0.744745           -0.666629
-0.234546            0.043598            -1.19496
-0.377812             0.68572           -0.997985
-0.469011            0.965628            -1.48333
-0.443369             0.21952            -1.52417
-0.443369             0.21952            -1.52417
-0.235881           -0.360483            -1.42286
-0.235881           -0.360483            -1.42286
-0.0489971          -0.0242916           -0.729031
-0.063697            0.491841            -1.02353
0.879088           -0.343314           -0.918392
0.953019            0.565345           -0.628047
0.953019            0.565345           -0.628047
1.64684          -0.0239376            -1.11698
0.878462            0.176619           -0.133325
1.03655           0.0221089           -0.471043
0.802284           -0.522629            0.150316
0.0116477            0.456605            0.454816
0.0116477            0.456605            0.454816
0.0116477            0.456605            0.454816
-0.91436             0.81594            0.997717
-1.20592           -0.120586            0.688499
-1.45086           -0.787626            0.717346
-0.704332            0.114806            0.855966
-0.562491            0.778485             0.47063
-0.562491            0.778485             0.47063
-0.562491            0.778485             0.47063
-0.186292             1.02696            0.413291
-0.269441            0.210553            0.379643
-0.269441            0.210553            0.379643
-0.291309           -0.247757          -0.0265452
-0.291309           -0.247757          -0.0265452
0.129022            -0.12014           -0.379114
0.129022            -0.12014           -0.379114
0.129022            -0.12014           -0.379114
0.129022            -0.12014           -0.379114
0.129022            -0.12014           -0.379114
-0.178081           -0.513794           -0.281876
-0.178081           -0.513794           -0.281876
-0.178081           -0.513794           -0.281876
-0.178081           -0.513794           -0.281876
-0.178081           -0.513794           -0.281876
0.312092            0.439704           -0.592104
0.312092            0.439704           -0.592104
0.312092            0.439704           -0.592104
-0.219409            0.569103            -1.34241
-0.219409            0.569103            -1.34241
-0.219409            0.569103            -1.34241
-0.219409            0.569103            -1.34241
-0.219409            0.569103            -1.34241
-0.544003             1.23032           -0.474243
-1.33216            0.793993           -0.744418
-0.781264             1.56927           -0.893288
-0.781264             1.56927           -0.893288
-0.781264             1.56927           -0.893288
-0.965666             1.81098           -0.142551
-0.965666             1.81098           -0.142551
-1.75772             1.15738            -1.02375
-2.2306            0.291688            -1.90405
-2.2306            0.291688            -1.90405
-2.00966           0.0660646            -2.02251
-2.00966           0.0660646            -2.02251
-2.00966           0.0660646            -2.02251
-2.00966           0.0660646            -2.02251
-1.10606            0.300138            -1.05326
-0.337558            0.162397            -1.31672
-0.337558            0.162397            -1.31672
-0.337558            0.162397            -1.31672
-0.337558            0.162397            -1.31672
-0.678605           0.0896502             -1.2698
-0.0387143          -0.0436311            -1.17929
0.0739221            0.514777            -1.30647
0.975844             1.05101           -0.855896
0.975844             1.05101           -0.855896
1.18218            0.244224           0.0755705
0.649558            0.140829           -0.388815
0.649558            0.140829           -0.388815
0.649558            0.140829           -0.388815
0.480575            0.236841           -0.367574
0.480575            0.236841           -0.367574
-0.163208           -0.442424            0.367514
0.298033           -0.704445            0.668984
0.705362           -0.274174            0.122965
0.372663            0.340769           -0.823129
0.621015           -0.197965            0.120215
0.621015           -0.197965            0.120215
0.621015           -0.197965            0.120215
0.533269            0.722733           -0.174137
1.17086            0.284637           -0.418545
0.633758            -0.31636            0.168865
0.633758            -0.31636            0.168865
0.430147           -0.317545           -0.298035
0.430147           -0.317545           -0.298035
0.430147           -0.317545           -0.298035
0.440752           -0.332012          -0.0851715
0.440752           -0.332012          -0.0851715
0.440752           -0.332012          -0.0851715
0.440752           -0.332012          -0.0851715
0.121268           -0.605069            0.491755
-0.146299            0.297805            0.551091
0.173467             0.41347            0.774095
0.567667           -0.251146             0.42551
0.567667           -0.251146             0.42551
0.567667           -0.251146             0.42551
0.567667           -0.251146             0.42551
0.406083            -1.03931            0.880473
0.406083            -1.03931            0.880473
0.183255           -0.837216            0.933133
0.958311            0.088452            0.865496
0.0773975            0.947083             0.93667
-0.0633811             1.03246            0.766102
0.786628            0.215751            0.135194
0.786628            0.215751            0.135194
0.786628            0.215751            0.135194
0.786628            0.215751            0.135194
0.0274456              1.0243           -0.768178
0.0274456              1.0243           -0.768178
0.0274456              1.0243           -0.768178
0.0274456              1.0243           -0.768178
-0.280627            0.323175            -1.07086
-0.280627            0.323175            -1.07086
-0.474974             0.46388            -1.27574
0.47757           -0.440823            -1.64579
-0.276272           -0.318249           -0.674318
-0.0238215           -0.766565           -0.464595
-0.0629294           -0.842837           -0.881315
-0.618071           -0.303934           -0.444325
-0.618071           -0.303934           -0.444325
-0.990052           -0.723803           -0.486084
-0.00199432           -0.559746            0.015661
-0.00199432           -0.559746            0.015661
-0.00199432           -0.559746            0.015661
-0.00199432           -0.559746            0.015661
-0.485803            -0.84399           -0.350282
-0.274529           -0.870799           0.0866086
-0.274529           -0.870799           0.0866086
-0.98372            0.025992           -0.731525
-0.98372            0.025992           -0.731525
-0.206812            0.167918            -1.00438
0.567078           -0.406085           -0.261337
0.567078           -0.406085           -0.261337
0.567078           -0.406085           -0.261337
0.567078           -0.406085           -0.261337
0.567078           -0.406085           -0.261337
0.514749          -0.0179825            -0.37712
0.110369            0.599427           -0.657655
0.110369            0.599427           -0.657655
0.110369            0.599427           -0.657655
0.975782            0.111808           -0.123862
0.975782            0.111808           -0.123862
0.975782            0.111808           -0.123862
0.975782            0.111808           -0.123862
0.975782            0.111808           -0.123862
0.719471            0.122103           -0.345593
0.469845            0.195966             0.39635
0.469845            0.195966             0.39635
0.469845            0.195966             0.39635
0.467614            0.344119             1.16219
0.620515           -0.296746             0.26378
0.620515           -0.296746             0.26378
0.737625            0.438381             1.06525
-0.172025            0.801468            0.820004
-0.000334381             1.43424            0.288406
-0.000334381             1.43424            0.288406
-0.339447             1.48081            0.410687
-1.07275             1.02339            0.342509
-0.219154            0.987471            0.922832
-1.05198             1.72452            0.841672
-0.430545             1.72747            0.140573
-0.430545             1.72747            0.140573
-0.430545             1.72747            0.140573
-0.0270163             1.18861          -0.0834514
-0.0270163             1.18861          -0.0834514
0.595334            0.627605           -0.776418
0.595334            0.627605           -0.776418
-0.0162401          -0.0842467            -1.00657
-0.0162401          -0.0842467            -1.00657
-0.0162401          -0.0842467            -1.00657
-0.0162401          -0.0842467            -1.00657
0.374885            -1.00037            -1.48919
0.374885            -1.00037            -1.48919
-0.0338259           -0.901284            -2.20872
-0.0338259           -0.901284            -2.20872
-0.282442             -1.1217             -1.7759
-0.0410194           -0.924378            -1.82398
-0.0410194           -0.924378            -1.82398
-0.0410194           -0.924378            -1.82398
0.785488           -0.686868            -1.38327
0.194855            -1.27535           -0.684391
-0.48242           -0.937495           -0.630782
-0.204625            -1.65404            0.257802
-0.548555            -1.26123             0.68973
-0.00684384           -0.984622           -0.138551
-0.00684384           -0.984622           -0.138551
0.477284           -0.453411           -0.895542
0.709175           -0.198198             -1.0319
0.781692            0.530513           -0.879164
0.971182           0.0140329           -0.131451
0.971182           0.0140329           -0.131451
0.693853           -0.673455            0.104743
0.693853           -0.673455            0.104743
0.693853           -0.673455            0.104743
0.321769          -0.0921029            0.574572
0.321769          -0.0921029            0.574572
0.0613229           -0.526859            0.103561
-0.254734           -0.444102           -0.380423
-0.254734           -0.444102           -0.380423
-0.254734           -0.444102           -0.380423
-0.254734           -0.444102           -0.380423
-1.20217            0.138695             0.20536
-0.231434           -0.295089            0.924662
-0.231434           -0.295089            0.924662
-0.910854            0.173717             0.90114
-0.731591           -0.677167            0.948533
-0.183694           -0.809096            0.510799
-0.183694           -0.809096            0.510799
-0.183694           -0.809096            0.510799
0.634857           -0.185236           0.0725922
0.894307           -0.828877           -0.348456
0.894307           -0.828877           -0.348456
0.894307           -0.828877           -0.348456
0.0637179           -0.470296            0.142188
0.283195             0.10825           -0.454908
0.968276            0.973406           -0.652886
0.411734             1.64894            -1.32699
0.119921             1.82616           -0.952076
0.119921             1.82616           -0.952076
-0.627163             2.72628            -1.77257
0.131337             3.42223            -2.24259
-0.290181             3.97818            -2.00589
-0.290181             3.97818            -2.00589
-0.290181             3.97818            -2.00589
0.350397              4.3336            -1.46857
-0.226635             4.00474           -0.504413
-1.17589             4.00687           0.0710613
-1.17589             4.00687           0.0710613
-1.17589             4.00687           0.0710613
-1.17589             4.00687           0.0710613
-2.06755             3.70356            0.161405
-2.06755             3.70356            0.161405
-1.39263             3.39467             0.99256
-1.64549             2.60453            0.169359
-1.74143             2.05013           -0.659258
-1.74143             2.05013           -0.659258
-1.74143             2.05013           -0.659258
-2.00229             1.79345           -0.625018
-2.19084            0.830084            -1.61941
-2.14695            0.183784            -1.98984
-2.14695            0.183784            -1.98984
-2.14695            0.183784            -1.98984
-3.03402            0.263664            -1.59279
-2.54779             1.22031           -0.919468
-1.58886             1.93288            -1.38739
-1.08283             2.62198           -0.814397
-0.0905339             3.19816           -0.542457
-0.972868             2.29533            -1.31866
-0.469993             3.12415            -1.82792
-0.303959              2.1697            -2.32287
-0.434749             3.10534            -1.65323
-1.36925              2.2227             -2.5726
-2.05148             1.66953            -2.44477
-2.05148             1.66953            -2.44477
-2.05148             1.66953            -2.44477
-2.05148             1.66953            -2.44477
-2.05148             1.66953            -2.44477
-2.05148             1.66953            -2.44477
-2.05148             1.66953            -2.44477
-3.01986            0.888175            -1.71158
-2.02077             1.05487            -1.82904
-1.26247             1.09993            -1.78506
-1.71677             1.11189           -0.970745
-1.91901            0.280083          -0.0114929
-1.91901            0.280083          -0.0114929
-1.91901            0.280083          -0.0114929
-1.03504            0.693071           0.0248134
-1.03504            0.693071           0.0248134
-0.789659         -0.00882369           0.0996282
-0.365595           -0.636858            0.630453
-0.581718           -0.364831            0.936778
-1.36718            0.363322            0.493088
-1.36718            0.363322            0.493088
-1.36718            0.363322            0.493088
-1.05889             0.33752             0.89591
-1.05889             0.33752             0.89591
-1.05889             0.33752             0.89591
-0.387883            0.167876             1.30739
0.267754           -0.434854            0.983996
0.267754           -0.434854            0.983996
-0.724818           -0.552342           0.0973003
-0.577726            0.354179           -0.101812
-0.225606           -0.184544            -0.76797
0.1663            0.316228           -0.247584
0.1663            0.316228           -0.247584
0.229155            0.153593          -0.0606131
0.229155            0.153593          -0.0606131
-0.285081           -0.577669           -0.901806
-1.00916            0.340248            -1.81808
-1.00916            0.340248            -1.81808
-0.698559            0.601911            -1.49528
-0.14052            0.203598           -0.583791
-0.14052            0.203598           -0.583791
-0.341312           0.0477099           -0.799212
-0.315912           0.0862257           -0.590046
-0.315912           0.0862257           -0.590046
0.225834           -0.306405          -0.0858063
0.225834           -0.306405          -0.0858063
0.225834           -0.306405          -0.0858063
-0.642539          -0.0649375           0.0644304
-0.568185            0.212438           -0.296465
-0.568185            0.212438           -0.296465
-0.568185            0.212438           -0.296465
-0.568185            0.212438           -0.296465
-0.33881           -0.457046           -0.601455
-0.33881           -0.457046           -0.601455
-0.33881           -0.457046           -0.601455
-0.33881           -0.457046           -0.601455
-0.33881           -0.457046           -0.601455
-1.03203           -0.440155           -0.175778
-1.34433           -0.270299           -0.885489
-1.29763           -0.840576           -0.957804
-1.4726           -0.210723           -0.235619
-0.752923           -0.758231            0.108724
-0.752923           -0.758231            0.108724
-0.752923           -0.758231            0.108724
-0.302298            -1.08287          -0.0987412
-0.522581             -1.5982           -0.349535
-0.274091             -1.9876           -0.383309
-0.925112            -2.58371            -1.21452
-0.611689            -2.99576           -0.525781
-0.611689            -2.99576           -0.525781
-1.2593            -3.01963           -0.298341
-0.927649            -2.23696            -1.16935
-0.927649            -2.23696            -1.16935
-1.00892            -1.38191            -1.92502
-1.65816            -1.17837             -1.7101
-1.26601            -1.40475            -2.46674
-1.9031             -1.0253            -2.33313
-1.9031             -1.0253            -2.33313
-1.98837           -0.707129             -1.5357
-1.98837           -0.707129             -1.5357
-2.3951            -1.04225            -1.06195
-2.3951            -1.04225            -1.06195
-2.3951            -1.04225            -1.06195
-1.75333           -0.204289           -0.616236
-2.14488            0.296064            0.366415
-1.42735           -0.264832            0.721396
-1.42735           -0.264832            0.721396
-1.42735           -0.264832            0.721396
-1.42735           -0.264832            0.721396
-1.45195           -0.878103             0.61345
-1.43307           -0.528279          -0.0560616
-1.43307           -0.528279          -0.0560616
-2.11796              0.1158            0.811089
-2.11796              0.1158            0.811089
-2.84033           -0.790643           -0.078669
-2.63138           -0.796694            0.264686
-2.80882          -0.0296311           -0.255559
-2.2574            -0.37875           -0.182511
-1.74596           -0.624761           -0.334978
-2.30399            0.100496            0.208674
-1.47749             1.02312            0.130508
-1.47749             1.02312            0.130508
-0.758075            0.485613            0.343883
0.0979319             0.69982            0.810994
0.0979319             0.69982            0.810994
0.0979319             0.69982            0.810994
-0.239634             0.95059            0.989329
-0.239634             0.95059            0.989329
0.46193            0.757904             0.74305
0.0417735          -0.0666018          -0.0341661
0.0866913           -0.191189           0.0710146
-0.565036           -0.537647           -0.209295
0.043078            0.177992            0.712547
0.043078            0.177992            0.712547
0.043078            0.177992            0.712547
0.043078            0.177992            0.712547
0.357091            0.489638           -0.235772
0.708137            0.450299           -0.659639
1.2406            0.116352            0.159239
1.38408            0.404301            0.208033
1.74083              1.2417            0.361484
0.885204               2.116           -0.570182
1.87823             1.38788            0.422068
1.24953            0.574134            0.653094
1.47282          -0.0460492              1.1713
1.47282          -0.0460492              1.1713
1.57186            0.217671            0.866533
1.57186            0.217671            0.866533
1.57186            0.217671            0.866533
0.776015           -0.400073            0.649645
0.776015           -0.400073            0.649645
-0.0987659            0.207864             1.03731
-0.0987659            0.207864             1.03731
-0.789568            0.905033            0.675275
-0.789568            0.905033            0.675275
-0.789568            0.905033            0.675275
-1.09965             1.34506            0.400953
-2.06364            0.815288            0.602926
-1.21297             1.14399             1.21593
-1.60534            0.756638            0.299571
-1.34121            0.229124            0.461848
-1.34121            0.229124            0.461848
-0.509628            0.832538           -0.153887
0.364238            0.710713             0.16535
0.364238            0.710713             0.16535
0.364238            0.710713             0.16535
0.364238            0.710713             0.16535
0.364238            0.710713             0.16535
-0.621497             1.25616            0.843259
-0.972292            0.609056             1.16128
-0.617783           -0.159528             1.83458
-0.617783           -0.159528             1.83458
-0.742714           -0.544581             1.84383
-0.742714           -0.544581             1.84383
-0.5721            0.309198             2.24092
-0.5721            0.309198             2.24092
-0.5721            0.309198             2.24092
-0.5721            0.309198             2.24092
-0.30573            0.545985             2.34871
-0.30573            0.545985             2.34871
-0.172289            0.464379             1.56877
0.34075             0.13118             1.42454
-0.143525            -0.18964            0.943724
-0.741788           -0.631588          -0.0458751
-1.3786           -0.193793            0.657852
-1.51396            -0.68001             1.56121
-2.38409           0.0575469              1.8144
-2.38409           0.0575469              1.8144
-2.29336           -0.468033            0.931457
-3.08458            -0.54109            0.278408
-3.08458            -0.54109            0.278408
-3.08458            -0.54109            0.278408
-3.08458            -0.54109            0.278408
-3.08458            -0.54109            0.278408
-2.52809           -0.212556           -0.162289
-2.52809           -0.212556           -0.162289
-2.52809           -0.212556           -0.162289
-2.52809           -0.212556           -0.162289
-2.52809           -0.212556           -0.162289
-2.8386           0.0921638           -0.924333
-2.82288           0.0966169           -0.443841
-2.82288           0.0966169           -0.443841
-2.82288           0.0966169           -0.443841
-2.04291            0.260762            0.424505
-2.04291            0.260762            0.424505
-2.04291            0.260762            0.424505
-1.49783             1.13317           -0.437461
-1.49783             1.13317           -0.437461
-1.49783             1.13317           -0.437461
-2.19243             1.08059            0.437052
-1.4749            0.632955             1.13744
-2.04458          -0.0628506            0.713357
-2.04458          -0.0628506            0.713357
-2.27189            0.424107           0.0686452
-2.27189            0.424107           0.0686452
-2.27189            0.424107           0.0686452
-1.86368           -0.149955           -0.844054
-2.06425            0.561873           -0.180721
-2.06425            0.561873           -0.180721
-1.86414            0.590542            0.562062
-1.86414            0.590542            0.562062
-1.01871             1.49907           -0.310322
-1.01871             1.49907           -0.310322
-1.01871             1.49907           -0.310322
-0.067302             1.74998            0.596892
0.156547             1.05658            0.802935
-0.186349             1.48457             1.26107
0.105018             1.48179            0.291065
-0.014757             1.20834           -0.342428
0.778253             0.27914           -0.413096
1.04476           -0.464059            0.149902
1.57557           -0.469498           -0.111971
1.38819            -1.38867           -0.319294
2.17372            -1.77073            -1.02033
2.17372            -1.77073            -1.02033
2.17372            -1.77073            -1.02033
1.36815            -1.65569            -1.46579
0.45384            -2.42082             -1.1964
0.45384            -2.42082             -1.1964
0.45384            -2.42082             -1.1964
0.45384            -2.42082             -1.1964
-0.285277            -2.50316           -0.729376
0.300201             -1.7884             -0.4735
0.300201             -1.7884             -0.4735
0.300201             -1.7884             -0.4735
1.24709            -1.16116           -0.619251
1.51098           -0.575475           -0.388173
0.636047            -1.10311           -0.547287
0.636047            -1.10311           -0.547287
0.636047            -1.10311           -0.547287
0.46407           -0.542836            0.238624
-0.381486            -1.44387            -0.13925
-0.381486            -1.44387            -0.13925
-0.35904           -0.528445           -0.374246
-0.35904           -0.528445           -0.374246
-0.35904           -0.528445           -0.374246
-0.291714           -0.276853           -0.711463
-0.291714           -0.276853           -0.711463
0.504043            0.384953           -0.452553
0.206745            0.599596           -0.915432
1.01044          -0.0357522           -0.409257
1.01044          -0.0357522           -0.409257
1.01044          -0.0357522           -0.409257
1.05459           -0.044845           -0.813313
1.53383            0.692439            -0.38943
1.53383            0.692439            -0.38943
0.536767             0.12339           -0.147159
0.536767             0.12339           -0.147159
0.536767             0.12339           -0.147159
0.536767             0.12339           -0.147159
0.536767             0.12339           -0.147159
0.185721           -0.489985           -0.572726
0.120781           -0.761361            0.248564
0.120781           -0.761361            0.248564
0.120781           -0.761361            0.248564
-0.213802           -0.808366           -0.493859
0.378145           -0.905549            0.143126
0.170916           -0.681977            0.144038
0.170916           -0.681977            0.144038
0.170916           -0.681977            0.144038
0.170916           -0.681977            0.144038
0.170916           -0.681977            0.144038
0.373601           0.0923517            0.758404
0.373601           0.0923517            0.758404
0.373601           0.0923517            0.758404
-0.096264           -0.130511             1.26213
-0.408762            0.115938            0.729043
-0.408762            0.115938            0.729043
0.151367           -0.841392            0.465923
0.151367           -0.841392            0.465923
-0.712298           -0.901704            0.494149
-0.712298           -0.901704            0.494149
-1.08337          0.00815002             1.01301
-0.389306           -0.566765             1.02934
-0.389306           -0.566765             1.02934
-0.389306           -0.566765             1.02934
-0.742449           -0.737651            0.442272
0.099355             0.01963           -0.430562
0.099355             0.01963           -0.430562
0.099355             0.01963           -0.430562
0.0402153            0.693944            0.298321
0.0402153            0.693944            0.298321
0.0559738             1.04407            0.351665
0.192721             0.54001           -0.256102
0.192721             0.54001           -0.256102
0.158704          -0.0353685            0.379323
0.158704          -0.0353685            0.379323
-0.699526           0.0759509           0.0203308
-0.128792           -0.423471            -0.89668
-0.128792           -0.423471            -0.89668
0.320669            0.119905           -0.458498
0.320669            0.119905           -0.458498
0.13538           -0.121347           -0.859845
0.551434           -0.113907           -0.501603
0.126273            -0.53296           0.0352547
-0.171681             0.38658           -0.373816
-0.171681             0.38658           -0.373816
-0.171681             0.38658           -0.373816
0.449541           -0.217431            -0.30694
0.449541           -0.217431            -0.30694
0.488085            0.350192             -1.2862
1.40482             1.33726           -0.562518
2.381             2.18982            -1.06183
2.6027             1.26342            -1.16728
2.6027             1.26342            -1.16728
2.39098            0.783106            -2.09171
2.30658             1.40705            -1.47673
2.30658             1.40705            -1.47673
1.84153             1.86791            -1.82364
1.84153             1.86791            -1.82364
0.877822              2.6695            -1.84247
0.877822              2.6695            -1.84247
0.877822              2.6695            -1.84247
0.953465             2.01889            -1.40651
0.768872             1.55709            -1.06829
0.768872             1.55709            -1.06829
0.768872             1.55709            -1.06829
1.3548            0.564544           -0.990213
1.3548            0.564544           -0.990213
2.03002           -0.210931            -1.40767
1.16663           -0.706732            -1.09867
1.16663           -0.706732            -1.09867
1.16663           -0.706732            -1.09867
1.8778            0.195508           -0.560476
1.8778            0.195508           -0.560476
1.07375           -0.685501            -1.05688
1.07375           -0.685501            -1.05688
0.840433           -0.298523            -1.71332
0.291749            0.386747           -0.847415
0.291749            0.386747           -0.847415
0.5989           -0.473068           -0.454899
0.5989           -0.473068           -0.454899
0.5989           -0.473068           -0.454899
1.1119          -0.0886643           -0.106954
1.1119          -0.0886643           -0.106954
0.527598            0.543816            0.542314
0.427918             1.29184             1.05155
0.427918             1.29184             1.05155
0.771629              2.0131            0.799987
0.102553             1.07594             1.23212
0.102553             1.07594             1.23212
0.323764             2.03307             1.05243
0.323764             2.03307             1.05243
0.551687             1.15092             1.22486
0.100072             1.80635            0.425813
0.762004             2.37019            0.034668
0.762004             2.37019            0.034668
0.117099             1.84985           -0.823845
-0.878525             1.14475           -0.663457
0.0137894             1.55349            -0.82978
0.902262            0.690689            -0.97886
0.0539035            0.939164           -0.299423
0.0539035            0.939164           -0.299423
0.125474          0.00923671           -0.129057
0.125474          0.00923671           -0.129057
0.125474          0.00923671           -0.129057
0.125474          0.00923671           -0.129057
0.125474          0.00923671           -0.129057
0.125474          0.00923671           -0.129057
0.125474          0.00923671           -0.129057
0.125474          0.00923671           -0.129057
0.125474          0.00923671           -0.129057
-0.422481           0.0127549             0.16098
-0.422481           0.0127549             0.16098
-0.422481           0.0127549             0.16098
-0.422481           0.0127549             0.16098
-0.0712478            0.220678           -0.435683
0.00994128           -0.691144           -0.189536
0.00994128           -0.691144           -0.189536
0.895707            0.151875            0.105365
0.0695708           -0.356126           -0.380365
-0.628468           -0.620123            -1.10955
0.0972286            -0.75471           -0.539363
-0.137242           0.0838407            0.446252
-0.137242           0.0838407            0.446252
0.0416864           -0.358207            0.380766
0.0416864           -0.358207            0.380766
0.523125           -0.201307            0.353501
0.523125           -0.201307            0.353501
0.523125           -0.201307            0.353501
0.976733           -0.307867            0.115202
0.976733           -0.307867            0.115202
0.976733           -0.307867            0.115202
1.5813            0.614603             0.46554
1.41171            0.496784           -0.443226
1.58252           -0.364639            0.122896
1.58252           -0.364639            0.122896
1.16229            -1.32231           -0.808427
1.51634           -0.366613             -1.4957
1.51634           -0.366613             -1.4957
1.51634           -0.366613             -1.4957
1.51634           -0.366613             -1.4957
1.51634           -0.366613             -1.4957
1.75211            0.089512           -0.884129
2.36184           -0.156384           -0.523553
2.36184           -0.156384           -0.523553
2.36184           -0.156384           -0.523553
2.36184           -0.156384           -0.523553
2.84207           -0.240249            0.440628
3.2448          -0.0259045             1.28476
2.59152            -0.42447             1.73836
2.98333           -0.780228            0.982765
2.81814            -1.28193             1.83404
3.61639           -0.815415             1.20061
2.65162            -1.61582             0.82042
2.65162            -1.61582             0.82042
2.65162            -1.61582             0.82042
2.68463           -0.681353            0.400441
3.33367           -0.911981           -0.581709
4.17452             -0.1681           -0.530745
4.26792           -0.725461            0.388143
4.07903             0.21303            0.607827
4.95082            0.514665           -0.298922
4.95082            0.514665           -0.298922
4.95082            0.514665           -0.298922
4.95082            0.514665           -0.298922
4.76615           -0.395667           -0.835539
4.73678             0.26434            -1.75802
4.73678             0.26434            -1.75802
3.84863           -0.467309            -1.83952
3.84863           -0.467309            -1.83952
3.84863           -0.467309            -1.83952
2.88035             0.40116            -1.85763
2.39733             1.14004            -2.85739
2.42122            0.232979            -2.04603
2.57301              0.1854            -1.70054
3.37173            0.573064            -1.18462
3.37173            0.573064            -1.18462
3.37173            0.573064            -1.18462
3.03022           0.0135256           -0.212015
3.03022           0.0135256           -0.212015
3.03022           0.0135256           -0.212015
3.03022           0.0135256           -0.212015
2.54912            -0.58669           0.0918512
2.54912            -0.58669           0.0918512
2.51126           -0.367199           -0.461627
1.97669            -1.13614           -0.813653
2.48704            -1.03871           -0.352859
2.42373            -2.01133            0.206982
1.77793            -1.55709           -0.279604
1.32164           -0.685632           -0.556251
1.68007           -0.642247            0.146821
1.68007           -0.642247            0.146821
1.07718           -0.402683           -0.671395
0.453029           -0.472675           -0.792305
0.453029           -0.472675           -0.792305
0.453029           -0.472675           -0.792305
0.453029           -0.472675           -0.792305
0.453029           -0.472675           -0.792305
-0.0535291           -0.621811          -0.0341018
0.436931           -0.413828           -0.422355
0.436931           -0.413828           -0.422355
-0.205139           -0.200948           -0.573259
-0.205139           -0.200948           -0.573259
-0.101947           -0.694029            -1.21449
-0.355034         -0.00464041            -1.13536
-0.617667            0.974855           -0.771975
-1.29447             1.24889            0.181785
-1.29447             1.24889            0.181785
-1.29447             1.24889            0.181785
-1.29447             1.24889            0.181785
-1.29447             1.24889            0.181785
-1.86559             1.76465           -0.179479
-1.86559             1.76465           -0.179479
-1.86559             1.76465           -0.179479
-1.37789             1.28574           -0.560028
-1.37789             1.28574           -0.560028
-0.624441            0.910002           -0.774638
-0.521921            0.166279            -1.69308
-0.521921            0.166279            -1.69308
-1.25443             1.16467             -2.4779
-1.32656            0.166411            -3.08595
-1.79025            0.182041            -2.35415
-1.79025            0.182041            -2.35415
-1.05329          -0.0773418            -3.19898
-0.949834           -0.330825            -2.81215
-0.236234           -0.946283            -2.81836
-0.909352           -0.808642            -2.11943
-0.0159084           -0.364778            -2.74949
-0.0617355           -0.521517            -1.75462
-0.0617355           -0.521517            -1.75462
-0.0617355           -0.521517            -1.75462
0.01639           -0.932536            -1.62508
0.63583           -0.640529            -1.39882
1.14548            -1.23331           -0.641073
1.14548            -1.23331           -0.641073
0.42325           -0.723789            -1.07084
0.0488046           -0.325105            -1.49358
-0.317479           -0.496394            -1.29241
-0.842857            0.104468           -0.560194
-0.842857            0.104468           -0.560194
-0.842857            0.104468           -0.560194
-0.925633           0.0540186             -1.3307
-0.925633           0.0540186             -1.3307
-0.925633           0.0540186             -1.3307
-0.326705           -0.826547            -1.76263
-0.326705           -0.826547            -1.76263
0.490771            -1.01411            -1.66455
0.490771            -1.01411            -1.66455
0.301924            -1.12787            -2.01927
0.301924            -1.12787            -2.01927
0.301924            -1.12787            -2.01927
1.29188            -1.25106            -1.24589
1.7731             -1.0842            -1.50081
2.16799            -1.17163            -1.00375
2.50489           -0.232275            -1.31143
2.87821           -0.551724            -1.75494
2.87821           -0.551724            -1.75494
2.96781            -1.53222            -1.78522
3.21256           -0.758569             -2.0971
3.21256           -0.758569             -2.0971
3.21256           -0.758569             -2.0971
3.45516           -0.150874            -1.58734
3.40597            0.770118            -1.00804
3.40597            0.770118            -1.00804
2.9286             1.55284          -0.0550484
3.40876            0.558799           -0.664099
2.85348            0.756605           -0.428749
2.85348            0.756605           -0.428749
3.67418              1.4526            -0.24861
3.45392            0.522052            0.342926
2.48337           -0.363637           -0.279997
1.94585           -0.631988           -0.296064
1.90684           0.0652741            -1.09288
2.07283             1.05337           -0.492814
2.55693            0.674259           -0.923999
1.88954             0.98579           -0.181099
1.88954             0.98579           -0.181099
1.88954             0.98579           -0.181099
1.88954             0.98579           -0.181099
1.88954             0.98579           -0.181099
2.07993            0.492081           -0.626775
1.90291            0.861748          -0.0398345
1.90291            0.861748          -0.0398345
1.90291            0.861748          -0.0398345
1.90291            0.861748          -0.0398345
1.90291            0.861748          -0.0398345
1.07633             1.78212            -0.58303
1.07633             1.78212            -0.58303
1.40488            0.970447            0.160961
1.17169            0.791719           -0.176864
1.109             1.57847            0.430302
1.109             1.57847            0.430302
0.233049             1.96241           0.0443375
0.230676             2.00841           -0.406488
-0.762035             2.40959            0.345508
-0.762035             2.40959            0.345508
0.00700931             2.60767           -0.580564
0.14755             1.70055            -1.12976
0.14755             1.70055            -1.12976
-0.133381            0.830905           -0.917071
0.0404218            0.571405            -0.14951
-0.139129             0.47149            0.332704
-0.139129             0.47149            0.332704
-0.139129             0.47149            0.332704
-0.139129             0.47149            0.332704
-0.0459257           -0.388958            0.559241
0.883239           -0.162139              1.5273
0.314079           -0.213869             1.39965
0.0425742            0.244325            0.893628
0.0425742            0.244325            0.893628
-0.618165            -0.41214             1.22236
0.179956            -0.53345            0.377831
0.731254           -0.782187           0.0361473
0.731254           -0.782187           0.0361473
0.731254           -0.782187           0.0361473
-0.0552796           -0.423707           -0.777287
-0.0552796           -0.423707           -0.777287
-0.0552796           -0.423707           -0.777287
-0.432796            0.317266           -0.126967
-0.432796            0.317266           -0.126967
-0.448654            0.652475            0.501717
-0.448654            0.652475            0.501717
-0.448654            0.652475            0.501717
-0.179212            0.205735             1.17954
-0.179212            0.205735             1.17954
0.118295            0.689216            0.263154
-0.600194            0.161765           -0.223474
-0.600194            0.161765           -0.223474
0.108517            0.577593          -0.0713946
0.108517            0.577593          -0.0713946
0.108517            0.577593          -0.0713946
-0.233581            0.424632           -0.178135
-0.233581            0.424632           -0.178135
-0.0735756             0.27208            -0.55511
-0.0735756             0.27208            -0.55511
0.323701            0.443142           -0.294356
0.323701            0.443142           -0.294356
0.323701            0.443142           -0.294356
-0.2378            0.765456            -1.22778
-0.2378            0.765456            -1.22778
-0.2378            0.765456            -1.22778
0.618027             1.15625           -0.677235
1.05177             1.50193            0.174729
1.05177             1.50193            0.174729
0.809068             1.63583           -0.442283
0.809068             1.63583           -0.442283
0.0714603            0.845567           0.0141409
0.0714603            0.845567           0.0141409
0.622735            0.205709            0.442584
0.622735            0.205709            0.442584
1.34353            0.533807           -0.303447
1.50276            0.382225           -0.705982
2.10271            0.207317           -0.916589
2.10271            0.207317           -0.916589
1.98912           -0.594779            -1.03589
1.98912           -0.594779            -1.03589
1.35653            -1.26198           -0.993458
1.35653            -1.26198           -0.993458
1.19888            -1.93413           -0.373378
1.19888            -1.93413           -0.373378
0.33921            -1.40394           -0.478698
0.07173           -0.628058            -1.12646
0.253672           0.0259175           -0.874433
0.253672           0.0259175           -0.874433
0.253672           0.0259175           -0.874433
-0.50899           -0.376945           -0.602585
-0.227359            -0.14783            -1.21575
0.365665           -0.619659            -1.37457
0.991252           -0.038107              -1.266
0.722972            0.605419            -1.08243
0.416986            0.745323           -0.111157
0.416986            0.745323           -0.111157
0.345066            0.665199           -0.175723
0.345066            0.665199           -0.175723
0.345066            0.665199           -0.175723
0.345066            0.665199           -0.175723
0.345066            0.665199           -0.175723
0.345066            0.665199           -0.175723
-0.00656155           -0.220412            0.288196
-0.00656155           -0.220412            0.288196
-0.00656155           -0.220412            0.288196
-0.110253           -0.215259            0.656514
-0.110253           -0.215259            0.656514
-0.110253           -0.215259            0.656514
-0.110253           -0.215259            0.656514
-0.294635            0.155783            0.440564
-0.294635            0.155783            0.440564
0.480719            0.139895            0.704899
0.66138           -0.659109            0.598695
-0.277942            -0.43783           0.0402566
-0.277942            -0.43783           0.0402566
-0.277942            -0.43783           0.0402566
-0.277942            -0.43783           0.0402566
-0.0150042           -0.493062            0.773697
-0.970128             0.14074           -0.051993
-0.970128             0.14074           -0.051993
-0.970128             0.14074           -0.051993
-0.631626            0.169907           -0.162622
0.0649486            0.361721           -0.704321
0.23473            0.343146           -0.166259
0.23473            0.343146           -0.166259
-0.354376             1.14733             0.21313
-0.1454            0.908544            0.920588
-0.814956               1.194            0.551814
-0.56851            0.435416            -0.25027
0.244083           -0.113935            -1.06328
0.244083           -0.113935            -1.06328
-0.752005            0.738982           -0.242378
0.0588471            0.230705            0.440112
0.0588471            0.230705            0.440112
0.206313            0.316949            0.339185
0.479104           -0.167053            0.663791
0.889548            0.799632            0.380453
0.889548            0.799632            0.380453
0.303499            0.711222            0.171929
0.303499            0.711222            0.171929
0.0712792            0.141993           -0.528391
0.0712792            0.141993           -0.528391
0.395355             -0.3681           -0.097244
0.395355             -0.3681           -0.097244
0.395355             -0.3681           -0.097244
0.395355             -0.3681           -0.097244
0.403603            -1.04214           -0.407207
0.350417            -1.11705           -0.330029
0.404637           -0.751337           0.0172379
0.328893           -0.704757           -0.324355
0.553631           -0.695163         0.000620445
0.661579            -1.31325           -0.366289
0.661579            -1.31325           -0.366289
1.1886           -0.822227            0.189889
0.720084           -0.997681           -0.653555
0.720084           -0.997681           -0.653555
1.40892           -0.277298           -0.908744
0.483376            -1.13377            -1.68096
0.816006           -0.481111            -1.20387
0.816006           -0.481111            -1.20387
-0.123096          -0.0818844            -1.82996
0.698727            0.684025            -1.25619
0.698727            0.684025            -1.25619
1.08261            0.292342            -1.15173
0.12112            -0.16079            -1.59743
0.044089            0.348598            -1.25803
0.044089            0.348598            -1.25803
-0.33891             0.24666            -2.14024
0.360284            -0.35459            -1.89409
0.081376           -0.057661            -1.30066
-0.385773           -0.885721           -0.680776
-0.385773           -0.885721           -0.680776
-0.385773           -0.885721           -0.680776
0.456903           0.0957036           -0.828783
-0.386408             0.49854          -0.0532684
-0.220746          -0.0459907           -0.135542
-0.220746          -0.0459907           -0.135542
-0.220746          -0.0459907           -0.135542
-0.220746          -0.0459907           -0.135542
-0.220746          -0.0459907           -0.135542
-0.936693           -0.201225          -0.0273012
-0.470235           -0.265648            0.643421
-0.470235           -0.265648            0.643421
-0.184743            0.674254             1.19861
0.618301             1.17447             1.36192
-0.350228              1.1541             2.09268
-1.10263             1.35907             2.05158
-1.10263             1.35907             2.05158
-1.11528            0.738624             2.25897
-1.88391            0.547506             1.95062
-1.88391            0.547506             1.95062
-1.88391            0.547506             1.95062
-1.79123             1.06539             1.85036
-1.51416             1.66966             1.40222
-2.31656             1.68374            0.463848
-2.44917             1.03925            0.910428
-2.44917             1.03925            0.910428
-2.84967             0.37209            0.430403
-2.84967             0.37209            0.430403
-2.91146           -0.616723            0.208509
-2.91146           -0.616723            0.208509
-2.91146           -0.616723            0.208509
-2.63559            -1.48339           -0.391585
-2.63559            -1.48339           -0.391585
-2.76543            -1.39203            0.453392
-2.52622            -1.44228            0.375529
-2.52622            -1.44228            0.375529
-1.60321            -2.10074           -0.505674
-1.05609            -1.93462           0.0711966
-0.97191            -2.76765            0.579661
-0.97191            -2.76765            0.579661
0.00473874            -2.37924           -0.116269
0.718196            -1.39489          -0.0351876
1.12404           -0.498305            0.659935
1.01612            0.127674           -0.166369
1.93861            0.487432            0.307026
1.51217             1.16191            0.290367
0.522166             1.11557           -0.205014
0.522166             1.11557           -0.205014
0.257824             1.74821            0.151582
0.257824             1.74821            0.151582
0.406314             2.17097           -0.723221
0.905253             1.76536             -1.1672
1.42277            0.861775            -1.00906
1.1484            0.835114           -0.956008
1.1484            0.835114           -0.956008
1.1484            0.835114           -0.956008
1.88207             1.07222            -1.51044
1.88207             1.07222            -1.51044
1.81128            0.874909            -1.38561
2.64548            0.502191             -1.5098
2.09762             1.12757            -1.15884
2.38615             1.32701            -1.23367
1.67475            0.767755            -1.95907
0.916437             1.11139            -1.44582
0.971361             1.70802            -1.29366
0.971361             1.70802            -1.29366
0.971361             1.70802            -1.29366
0.81008             1.57917           -0.619819
0.81008             1.57917           -0.619819
0.353616             1.76903           -0.252622
-0.428552             1.26897           -0.173656
-0.428552             1.26897           -0.173656
-0.255294             1.87794           -0.410404
-0.255294             1.87794           -0.410404
-0.255294             1.87794           -0.410404
0.364574             1.38148            -1.17238
0.364574             1.38148            -1.17238
0.0302624            0.980695           -0.920356
0.0302624            0.980695           -0.920356
0.0302624            0.980695           -0.920356
-0.349917            0.148775            -1.56092
-0.349917            0.148775            -1.56092
-0.101369            0.168179            -2.21506
-0.101369            0.168179            -2.21506
-0.101369            0.168179            -2.21506
-0.945093            0.386577            -2.66672
-0.945093            0.386577            -2.66672
-0.945093            0.386577            -2.66672
-1.78469             0.93759            -1.71231
-0.945494             1.13642            -1.43836
-0.886354              1.0629           -0.457898
-0.886354              1.0629           -0.457898
-1.54453            0.736555            0.119868
-1.54453            0.736555            0.119868
-0.841307             1.25325           -0.240878
-0.725129             1.30719             0.71914
-0.950542              1.3743             1.30688
-0.0468529             1.75167             1.62248
0.305722             1.85501             1.15717
0.305722             1.85501             1.15717
-0.553639            0.984895             1.43006
-1.53978            0.880379             1.02795
-1.53978            0.880379             1.02795
-0.587315            0.192045            0.125117
-0.142643            0.593244           -0.197037
-0.142643            0.593244           -0.197037
-0.142643            0.593244           -0.197037
-0.8556             1.41745            0.323575
-1.63886            0.976454           -0.130036
-1.63886            0.976454           -0.130036
-1.11456            0.492892            0.195454
-1.11456            0.492892            0.195454
-1.05361           -0.483831             1.02973
-1.05361           -0.483831             1.02973
-0.76086           0.0659324            0.904954
-0.555062          -0.0633178          -0.0214154
-0.555062          -0.0633178          -0.0214154
-0.555062          -0.0633178          -0.0214154
-0.555062          -0.0633178          -0.0214154
-0.555062          -0.0633178          -0.0214154
-0.503897            0.129842            0.663171
0.330979           -0.558419           0.0992221
0.598366            0.406937           0.0915874
0.598366            0.406937           0.0915874
0.598366            0.406937           0.0915874
0.598366            0.406937           0.0915874
0.598366            0.406937           0.0915874
0.207033           -0.187721            -0.38357
0.139477           -0.645347             0.37388
0.139477           -0.645347             0.37388
-0.518404            -1.45349           -0.365014
-0.518404            -1.45349           -0.365014
-0.539158            -1.02624           -0.705989
-1.38797            -1.08796           -0.609234
-2.03612           -0.707133          -0.0216138
-1.2349           -0.227451           -0.413204
-1.14428            0.462809           -0.371518
-0.394645             1.09373           -0.810623
-0.394645             1.09373           -0.810623
0.588309             1.34672           -0.844145
0.810456            0.882262           -0.179181
0.682028             0.85012           -0.436656
0.682028             0.85012           -0.436656
0.682028             0.85012           -0.436656
0.682028             0.85012           -0.436656
0.682028             0.85012           -0.436656
0.682028             0.85012           -0.436656
0.258604            0.380227           -0.625571
0.258604            0.380227           -0.625571
-0.0186898            0.616365           -0.161392
-0.0186898            0.616365           -0.161392
0.149706           -0.313068            0.368886
-0.696244           0.0804851           -0.209985
-0.696244           0.0804851           -0.209985
-0.696244           0.0804851           -0.209985
-0.696244           0.0804851           -0.209985
-0.696244           0.0804851           -0.209985
-0.696244           0.0804851           -0.209985
-0.0726284           -0.343511            0.589606
-0.0726284           -0.343511            0.589606
-0.0726284           -0.343511            0.589606
-0.0726284           -0.343511            0.589606
-0.0726284           -0.343511            0.589606
-0.0726284           -0.343511            0.589606
-0.0726284           -0.343511            0.589606
0.862208            0.497905           -0.270371
0.862208            0.497905           -0.270371
-0.0189569            0.221693          -0.0519241
-0.0189569            0.221693          -0.0519241
0.0644795           -0.538233           -0.266007
0.0644795           -0.538233           -0.266007
0.0644795           -0.538233           -0.266007
0.209437             0.43588            0.150695
0.209437             0.43588            0.150695
0.209437             0.43588            0.150695
0.209437             0.43588            0.150695
0.209437             0.43588            0.150695
0.209437             0.43588            0.150695
0.209437             0.43588            0.150695
0.209437             0.43588            0.150695
-0.137464              0.4539            0.040159
-0.603187            0.238006            0.340369
0.0927963            0.659921           -0.261171
0.0927963            0.659921           -0.261171
0.0927963            0.659921           -0.261171
0.0229137             1.37757            -1.10193
0.0229137             1.37757            -1.10193
0.784296            0.992652           -0.777243
0.784296            0.992652           -0.777243
0.560164             1.74707           -0.608593
0.560164             1.74707           -0.608593
1.35363             1.68606            -0.72612
1.58558             1.69038           -0.897902
1.39417             1.55296            -1.50667
0.948751             1.27335             -1.0244
0.948751             1.27335             -1.0244
1.0192            0.807901           -0.718259
0.330715           -0.038116           -0.653351
-0.363936          0.00198363            0.331809
0.508917           -0.149184            0.493767
0.508917           -0.149184            0.493767
-0.391764            0.257049             0.27493
-0.54568        -0.000877001            0.515375
-0.54568        -0.000877001            0.515375
-0.54568        -0.000877001            0.515375
-0.54568        -0.000877001            0.515375
-0.359422           -0.923446            0.436706
-0.359422           -0.923446            0.436706
-0.359422           -0.923446            0.436706
0.202512            -1.67597           -0.194214
0.202512            -1.67597           -0.194214
0.202512            -1.67597           -0.194214
0.202512            -1.67597           -0.194214
0.202512            -1.67597           -0.194214
0.202512            -1.67597           -0.194214
1.05476            -1.04459           -0.947286
0.252221            -1.87577           -0.113537
0.252221            -1.87577           -0.113537
-0.360852            -1.12009          -0.0204196
-0.360852            -1.12009          -0.0204196
-0.477151           -0.562882           -0.985707
-0.477151           -0.562882           -0.985707
-0.477151           -0.562882           -0.985707
-0.26251            -1.16664            -1.86648
-0.970952           -0.524516           -0.932522
-0.970952           -0.524516           -0.932522
-1.74768           -0.453641            -1.24721
-1.74768           -0.453641            -1.24721
-1.08477           -0.651409             -1.2892
-0.827051           -0.141323           -0.362698
-0.827051           -0.141323           -0.362698
-0.827051           -0.141323           -0.362698
-0.0358835           -0.433533            0.633986
-0.0358835           -0.433533            0.633986
-0.0358835           -0.433533            0.633986
-0.673486            0.250728              1.3959
-0.68947            0.648802              1.4932
-1.17987           0.0290849             0.97026
-1.17987           0.0290849             0.97026
-1.28352            0.423812            0.506287
-1.32001            0.851453             1.48362
-0.353675             1.34818             1.23762
-0.353675             1.34818             1.23762
0.104153             1.00723             1.22628
0.736344             1.09536             1.00772
-0.258027             1.90316            0.450798
-0.258027             1.90316            0.450798
-0.494024             1.66887            0.697659
-0.494024             1.66887            0.697659
-0.494024             1.66887            0.697659
0.200279             1.47816           -0.195602
1.14519             1.00745            0.612274
1.14519             1.00745            0.612274
1.78915            0.127284           -0.190922
2.35592            0.920156           -0.433027
2.35592            0.920156           -0.433027
2.35592            0.920156           -0.433027
2.98613            0.470326           -0.480958
2.78553            0.746742            -1.46304
2.42959               0.516            -1.70419
1.90367          0.00241539            -2.18367
1.90367          0.00241539            -2.18367
1.4143           -0.953648            -1.44299
0.969143            -1.25725            -2.14704
0.969143            -1.25725            -2.14704
0.475612            -1.75058            -1.49789
1.1533           -0.828684             -2.0735
1.1533           -0.828684             -2.0735
1.66085           -0.653933             -2.8983
0.690115           -0.635485            -2.59459
1.09717            -1.56454            -1.82763
1.09717            -1.56454            -1.82763
0.727955            -1.85473            -1.68725
0.727955            -1.85473            -1.68725
0.727955            -1.85473            -1.68725
1.14257            -1.20582            -2.25094
1.14257            -1.20582            -2.25094
1.39361           -0.684157            -1.68672
1.39361           -0.684157            -1.68672
1.39361           -0.684157            -1.68672
1.39361           -0.684157            -1.68672
1.39361           -0.684157            -1.68672
1.09531            -1.37129            -1.75154
1.09531            -1.37129            -1.75154
1.09531            -1.37129            -1.75154
1.09531            -1.37129            -1.75154
2.0536            -1.39692            -1.02604
1.67257            -1.20528            -1.13356
2.14898           -0.237509           -0.945445
2.14898           -0.237509           -0.945445
1.31814           -0.973129            -1.32651
1.31814           -0.973129            -1.32651
1.31814           -0.973129            -1.32651
1.94737           -0.284458            -1.61144
2.0007           0.0290126            -2.14913
1.28508           -0.832295            -1.60156
1.03145            -1.29151           -0.748169
0.547704           -0.931144           -0.796167
0.262613            -0.51964             -1.0604
0.878724           -0.781195            -1.72383
0.114106           -0.170088            -2.01677
-0.671567            0.508268            -2.36958
-0.671567            0.508268            -2.36958
-0.448236            0.114292            -1.78589
-0.448236            0.114292            -1.78589
0.443978             1.02102            -1.38248
1.11007            0.336798           -0.614307
0.443928             1.30667           -0.382609
0.443928             1.30667           -0.382609
-0.0162013             0.76931           -0.943491
-0.740932            0.343317            -0.90369
-0.740932            0.343317            -0.90369
-0.740932            0.343317            -0.90369
-0.740932            0.343317            -0.90369
-0.616936            0.167902           -0.106036
-0.616936            0.167902           -0.106036
-0.616936            0.167902           -0.106036
-0.6056            0.202959            -0.30685
-0.6056            0.202959            -0.30685
-0.6056            0.202959            -0.30685
-0.6056            0.202959            -0.30685
0.0725562            0.486038          -0.0225582
0.786462            0.130105            0.173159
0.786462            0.130105            0.173159
0.393991           0.0461797            0.536122
0.393991           0.0461797            0.536122
0.393991           0.0461797            0.536122
0.393991           0.0461797            0.536122
0.393991           0.0461797            0.536122
0.393991           0.0461797            0.536122
0.336933           -0.286073           -0.142952
-0.603795            0.263622            0.198952
-0.603795            0.263622            0.198952
-0.603795            0.263622            0.198952
0.360997           -0.727251           -0.553205
0.252795           -0.566105           -0.628229
0.252795           -0.566105           -0.628229
0.252795           -0.566105           -0.628229
0.252795           -0.566105           -0.628229
0.252795           -0.566105           -0.628229
0.252795           -0.566105           -0.628229
0.252795           -0.566105           -0.628229
0.452319           -0.523585           -0.899836
1.17439          -0.0245477            -1.88429
0.937145         0.000202054            -2.86607
1.78808           -0.379045            -2.59213
2.41353           -0.835216            -2.11482
2.41353           -0.835216            -2.11482
2.27224            0.122257            -1.97603
1.50424             1.01158            -1.43274
0.904402            0.974451           -0.897338
-0.0312367             1.42765           -0.899336
0.201995            0.477585            -1.06774
0.545104           -0.467964           -0.872569
0.0200496            -1.00264           -0.398394
-0.162236           -0.837724            -1.04358
-0.162236           -0.837724            -1.04358
-0.162236           -0.837724            -1.04358
0.0980715           -0.558019            -1.42985
0.820393            0.317225           -0.895777
0.905996           -0.295894          -0.0281378
-0.0175248           -0.778175          -0.0144319
-0.0175248           -0.778175          -0.0144319
-0.0175248           -0.778175          -0.0144319
-0.0175248           -0.778175          -0.0144319
-0.0175248           -0.778175          -0.0144319
-0.0175248           -0.778175          -0.0144319
-0.0175248           -0.778175          -0.0144319
-0.614379           -0.223411            0.309024
-0.474692            0.130299            0.855265
-0.474692            0.130299            0.855265
-0.369438           -0.479316            0.623618
-0.369438           -0.479316            0.623618
0.476644            0.309492          -0.0852061
0.476644            0.309492          -0.0852061
0.104716            0.598988          -0.0389527
-0.719573           -0.353677            0.403123
-0.171926            0.161407          0.00575232
-0.171926            0.161407          0.00575232
-0.171926            0.161407          0.00575232
-0.171926            0.161407          0.00575232
-0.171926            0.161407          0.00575232
-0.171926            0.161407          0.00575232
-0.171926            0.161407          0.00575232
-0.171926            0.161407          0.00575232
-0.171926            0.161407          0.00575232
-0.171926            0.161407          0.00575232
-0.171926            0.161407          0.00575232
-0.171926            0.161407          0.00575232
-0.171926            0.161407          0.00575232
-0.171926            0.161407          0.00575232
0.144638          -0.0230389            0.768002
0.369864           -0.909811             0.15131
0.114261          -0.0840305           -0.439285
0.114261          -0.0840305           -0.439285
0.114261          -0.0840305           -0.439285
0.114261          -0.0840305           -0.439285
0.607385            0.237846            0.476348
0.607385            0.237846            0.476348
0.607385            0.237846            0.476348
0.669568            -0.68663            0.597481
-0.140954           -0.473112             0.79881
0.17378            0.190582            0.788221
0.17378            0.190582            0.788221
0.17378            0.190582            0.788221
-0.41458           -0.361735           0.0964466
0.136164           -0.787081            0.217798
0.136164           -0.787081            0.217798
0.604771           -0.494397            0.301826
0.604771           -0.494397            0.301826
0.23172           -0.151691            0.550125
0.23172           -0.151691            0.550125
0.929708            0.821745           -0.309071
0.28999            0.992397           -0.758704
-0.0750404          0.00402014           -0.399032
-0.365095            0.468338            0.302973
-0.365095            0.468338            0.302973
0.124599            -0.47846            0.413407
0.124599            -0.47846            0.413407
0.353745            0.204683           -0.033684
0.353745            0.204683           -0.033684
0.353745            0.204683           -0.033684
0.353745            0.204683           -0.033684
0.353745            0.204683           -0.033684
0.353745            0.204683           -0.033684
0.54579            -0.65178          -0.0955433
0.54579            -0.65178          -0.0955433
0.54579            -0.65178          -0.0955433
0.574753           -0.316775            0.465244
0.0140467           -0.500969           -0.526367
0.0140467           -0.500969           -0.526367
0.346244            0.324451           -0.932623
0.444317           -0.123442           -0.274826
0.444317           -0.123442           -0.274826
0.444317           -0.123442           -0.274826
-0.144057          -0.0256214           -0.771113
-0.144057          -0.0256214           -0.771113
-0.554463            0.253994            -1.01504
-1.00555           -0.296032           -0.410499
-0.320687           0.0901865           -0.545993
-0.320687           0.0901865           -0.545993
0.504632           -0.412984            0.320163
-0.471654           0.0678386            0.872469
0.185344           -0.186729            0.302775
0.185344           -0.186729            0.302775
0.185344           -0.186729            0.302775
0.185344           -0.186729            0.302775
0.185344           -0.186729            0.302775
-0.791293           -0.739256             1.16832
-0.807457           -0.299113             1.19142
0.114054            0.448504             1.48866
0.777459           -0.141356            0.959884
0.372434           0.0761329            0.861102
0.372434           0.0761329            0.861102
0.372434           0.0761329            0.861102
0.719012            0.190685            0.486093
0.719012            0.190685            0.486093
0.841648           -0.248421           -0.112884
0.292209            0.729541               0.845
0.723911             0.71116            0.733484
0.723911             0.71116            0.733484
0.385555            0.140277            0.217096
0.969892              1.0196            0.313883
0.969892              1.0196            0.313883
0.969892              1.0196            0.313883
0.969892              1.0196            0.313883
0.47587             1.60205            0.387041
0.47587             1.60205            0.387041
0.916277             2.49601             0.74846
1.67432             1.82366              0.6711
1.67432             1.82366              0.6711
1.67432             1.82366              0.6711
1.70684             1.85724           -0.253792
1.70684             1.85724           -0.253792
2.07772              2.3409           -0.272597
2.29441              1.7955            0.451403
2.29441              1.7955            0.451403
1.67688            0.946468            0.736607
1.67688            0.946468            0.736607
1.67688            0.946468            0.736607
1.65422            0.437015           -0.074007
1.65422            0.437015           -0.074007
2.48595           -0.319025          -0.0602988
2.48595           -0.319025          -0.0602988
3.0383            0.613969          -0.0025867
3.0383            0.613969          -0.0025867
2.43388            0.880019            0.385324
2.43388            0.880019            0.385324
2.1498             1.83123             0.75525
2.07547             1.08317            0.917115
2.62308            0.755539              1.6334
2.62308            0.755539              1.6334
2.62308            0.755539              1.6334
2.94974            0.163616            0.841452
2.94974            0.163616            0.841452
3.49636           -0.731022            0.511471
2.93847            -1.03281             1.08984
2.85177            -1.19866             1.26455
2.85177            -1.19866             1.26455
2.3564            -0.35652            0.352022
1.62067           -0.515248             -0.2016
1.62067           -0.515248             -0.2016
1.8169              0.3179            0.756628
0.925067           -0.417033            0.608028
0.925067           -0.417033            0.608028
0.925067           -0.417033            0.608028
0.925067           -0.417033            0.608028
0.772393            -1.15635           -0.253061
0.772393            -1.15635           -0.253061
0.734456           -0.551436            0.476959
0.734456           -0.551436            0.476959
0.734456           -0.551436            0.476959
0.734456           -0.551436            0.476959
0.0932701          -0.0853021             1.23299
0.920315           -0.864368             0.98513
0.62023           -0.646261              1.1551
1.17584           -0.111152             1.77759
0.245912           -0.297651             1.43455
0.995482            0.690143             0.66283
0.352671             1.07976            0.668637
0.352671             1.07976            0.668637
0.352671             1.07976            0.668637
0.0372446            0.416553             1.27049
0.0372446            0.416553             1.27049
0.0372446            0.416553             1.27049
0.0372446            0.416553             1.27049
0.997276            0.845974            0.885103
0.997276            0.845974            0.885103
0.337134            0.983014            0.437313
0.337134            0.983014            0.437313
-0.605694            0.204056             1.00053
-0.605694            0.204056             1.00053
-1.24575            0.185753             1.76578
-0.909628           -0.540266             2.28171
-0.909628           -0.540266             2.28171
-0.605064           -0.320157             1.89137
-0.605064           -0.320157             1.89137
-0.635977            0.320879             1.11473
-1.18916          -0.0709945            0.264357
-1.18916          -0.0709945            0.264357
-1.39245           -0.703794          0.00936389
-1.21721            0.237407           -0.258625
-1.21721            0.237407           -0.258625
-0.430674           -0.139915            0.306529
-0.430674           -0.139915            0.306529
-0.430674           -0.139915            0.306529
-0.515094           -0.411099           -0.412519
0.237709           -0.487466           0.0399492
0.237709           -0.487466           0.0399492
0.730176           -0.263398            0.566749
0.730176           -0.263398            0.566749
0.730176           -0.263398            0.566749
0.730176           -0.263398            0.566749
0.32707           -0.071586            0.843115
0.32707           -0.071586            0.843115
-0.416219            0.428948            0.833676
-0.416219            0.428948            0.833676
-0.416219            0.428948            0.833676
-0.416219            0.428948            0.833676
-0.416219            0.428948            0.833676
-0.422691           -0.102061             1.24013
-0.0263675           -0.757318             1.14859
0.924094           -0.586083             1.49982
0.924094           -0.586083             1.49982
0.0476387            0.312746              2.0489
-0.00103745           -0.336871             1.13205
-0.00103745           -0.336871             1.13205
0.747163           0.0247325            0.899669
1.19297           -0.252062           0.0643943
0.264746            -1.01001           -0.100045
0.264746            -1.01001           -0.100045
0.264746            -1.01001           -0.100045
-0.621508           -0.131757            0.169436
-0.621508           -0.131757            0.169436
-0.164201           -0.496582          -0.0700778
-0.893929            -1.19086            0.753187
-0.893929            -1.19086            0.753187
-1.37039           -0.706177            0.549315
-1.37039           -0.706177            0.549315
-1.37039           -0.706177            0.549315
-0.916759           -0.581971             1.27702
-1.22863           -0.662769             1.44174
-1.53632            -1.13296             1.34761
-1.02948            -1.78558             1.08379
-0.404953           -0.808649            0.608142
-0.391966           -0.766559            0.529484
-0.391966           -0.766559            0.529484
-0.391966           -0.766559            0.529484
-0.391966           -0.766559            0.529484
-0.486478            -1.55722           -0.109472
-0.486478            -1.55722           -0.109472
-1.00236            -1.25348             0.43597
-1.00236            -1.25348             0.43597
-1.23051            -1.72409            0.888022
-1.23051            -1.72409            0.888022
-1.5145            -1.70541             1.29979
-1.34566           -0.856174             1.07095
-1.34566           -0.856174             1.07095
-1.15012           -0.113952            0.089739
-0.221902            0.588101           0.0186632
-0.221902            0.588101           0.0186632
-0.221902            0.588101           0.0186632
-0.221902            0.588101           0.0186632
-0.00206193           -0.379304           -0.526416
0.570644           -0.286286           -0.436516
0.570644           -0.286286           -0.436516
0.712323           0.0097817           -0.101276
0.712323           0.0097817           -0.101276
0.712323           0.0097817           -0.101276
0.712323           0.0097817           -0.101276
-0.073057           -0.688158           -0.606702
-0.073057           -0.688158           -0.606702
0.537239           -0.724334           -0.590471
0.537239           -0.724334           -0.590471
-0.0544063            0.200388           -0.143118
-0.0544063            0.200388           -0.143118
0.232668           -0.110127            0.706575
0.232668           -0.110127            0.706575
0.232668           -0.110127            0.706575
0.232668           -0.110127            0.706575
0.232668           -0.110127            0.706575
0.232668           -0.110127            0.706575
0.348997           -0.652279             1.15661
0.348997           -0.652279             1.15661
-0.340761            -0.28962               1.656
-0.928116            0.104006             0.99881
-0.460165            -0.59401              1.5308
-0.460165            -0.59401              1.5308
-0.460165            -0.59401              1.5308
-0.822356           -0.965624            0.850899
-0.822356           -0.965624            0.850899
-0.208453           -0.854361            0.994279
0.617347            -1.44178             1.27799
1.46519             -1.3609            0.684565
1.46519             -1.3609            0.684565
2.1904           -0.622567            0.716479
2.74208            0.226705            0.679166
2.47773           -0.275852             1.15356
1.9729            0.217141             1.65179
1.9729            0.217141             1.65179
1.9729            0.217141             1.65179
1.9729            0.217141             1.65179
1.9729            0.217141             1.65179
1.9729            0.217141             1.65179
1.9729            0.217141             1.65179
1.9729            0.217141             1.65179
1.82888           0.0501519             2.27725
1.55872            0.661645             2.23009
0.880115             1.33618             1.49589
0.880115             1.33618             1.49589
0.620217             1.07282             1.15102
0.620217             1.07282             1.15102
1.08585             1.34265            0.689521
1.08585             1.34265            0.689521
1.08585             1.34265            0.689521
1.6502            0.478629            0.418895
1.21594             1.13541            0.923012
1.21594             1.13541            0.923012
0.403813              1.5613             1.91047
-0.129077             0.82342             1.63728
-1.09422             1.38245             1.24692
-1.07242             1.24808            0.716502
-0.426825            0.833729            0.335664
-0.426825            0.833729            0.335664
-0.426825            0.833729            0.335664
-0.426825            0.833729            0.335664
-0.426825            0.833729            0.335664
-0.487453            0.542822          -0.0183952
-0.487453            0.542822          -0.0183952
-0.487453            0.542822          -0.0183952
-0.400171            -0.18894           0.0594246
-0.354503            0.139027           -0.264498
-0.354503            0.139027           -0.264498
-0.354503            0.139027           -0.264498
-0.00298439           -0.764231            0.183575
0.764791           -0.299204            0.245753
0.382151           0.0325395           -0.555019
-0.308773            0.941246           -0.737539
-0.308773            0.941246           -0.737539
-0.301881            0.866658           -0.362832
-0.159952            0.262683           -0.819838
-0.159952            0.262683           -0.819838
-0.268798           -0.435067           -0.934008
0.333797           -0.117698            -1.26397
1.29609            -1.06726            -0.45251
1.12796            -1.08459            0.134571
1.12796            -1.08459            0.134571
1.12796            -1.08459            0.134571
0.559707           -0.723039           -0.704378
0.18814           -0.493475            0.181355
0.18814           -0.493475            0.181355
0.18814           -0.493475            0.181355
0.18814           -0.493475            0.181355
0.18814           -0.493475            0.181355
0.348409            0.150096           -0.223651
0.348409            0.150096           -0.223651
0.348409            0.150096           -0.223651
1.05699            0.435999            0.466025
0.385877            0.288627            0.360642
0.385877            0.288627            0.360642
0.385877            0.288627            0.360642
0.385877            0.288627            0.360642
0.491138            0.881975            0.124079
0.491138            0.881975            0.124079
-0.272757          -0.0619312            0.714254
-0.272757          -0.0619312            0.714254
-0.272757          -0.0619312            0.714254
-0.272757          -0.0619312            0.714254
-0.272757          -0.0619312            0.714254
-0.272757          -0.0619312            0.714254
-0.272757          -0.0619312            0.714254
-0.937869           -0.280333            0.739884
-0.881422           -0.173693            0.982641
-0.881422           -0.173693            0.982641
-0.881422           -0.173693            0.982641
-0.952251           -0.955828         -0.00642959
-1.23517           -0.874956            0.812316
-1.23517           -0.874956            0.812316
-1.23517           -0.874956            0.812316
-1.92121            -1.21746            0.774983
-1.92121            -1.21746            0.774983
-1.67367           -0.420215            0.350881
-1.9275            0.560165           -0.170134
-2.03445             1.03546           -0.638118
-1.48191           0.0615763            -1.42836
-1.48191           0.0615763            -1.42836
-1.01995           -0.196058            -1.42014
-1.01995           -0.196058            -1.42014
-1.01995           -0.196058            -1.42014
-1.01995           -0.196058            -1.42014
-1.01995           -0.196058            -1.42014
-1.01995           -0.196058            -1.42014
-1.50764            0.548575           -0.581815
-0.847187             0.48615           -0.617955
0.101228            0.258307           -0.637047
0.152619            0.137564           -0.597327
0.152619            0.137564           -0.597327
0.654967           -0.566623           0.0279278
0.764209           -0.265217            0.168725
0.0784986          0.00415564           -0.385957
-0.400812            0.790162           -0.597589
0.562854            0.919905           -0.576074
0.562854            0.919905           -0.576074
1.01497           0.0570689            0.348587
0.331893            0.183671             1.09702
0.870093            0.467699             1.05811
0.870093            0.467699             1.05811
1.32272           -0.194298             1.99548
1.32272           -0.194298             1.99548
0.585978           -0.515748             2.60328
0.585978           -0.515748             2.60328
1.44222             -1.0469             2.53619
1.44222             -1.0469             2.53619
2.41048           -0.577717             1.83544
1.63747           -0.770921             1.64854
1.63747           -0.770921             1.64854
1.95374            -1.02165             1.65906
1.95374            -1.02165             1.65906
1.95374            -1.02165             1.65906
2.64905           -0.321341             1.90389
2.28099           -0.238977             2.12115
1.38657           -0.251337             2.90708
1.21585           -0.207827             2.89489
1.21585           -0.207827             2.89489
1.04903           -0.862228             3.05161
0.846957           -0.937095             2.74721
1.29397           -0.425318             1.88602
1.29397           -0.425318             1.88602
1.29397           -0.425318             1.88602
1.29397           -0.425318             1.88602
1.65154           -0.499865             1.14907
1.86894           -0.443656             1.26797
1.25528           -0.591282            0.696824
0.903231           -0.165519             1.22459
0.969633             0.40049            0.248499
0.262628            0.957518           -0.650695
0.262628            0.957518           -0.650695
0.0732154            0.781004           -0.193787
-0.349043            0.392666            0.319978
-0.210102            0.669091            0.353995
0.60179           -0.247961          -0.0791515
0.60179           -0.247961          -0.0791515
-0.0133589            -1.23423            0.537308
-0.0133589            -1.23423            0.537308
0.490844           -0.341437            0.824793
1.19736             0.33115            0.227146
1.19736             0.33115            0.227146
0.323021           -0.119765             1.09869
-0.515244            0.388055            0.661289
0.174817             1.16032            0.822334
0.163904             1.03843          -0.0526713
-0.25319            0.618979            -0.85641
-0.25319            0.618979            -0.85641
-0.25319            0.618979            -0.85641
0.505989            0.689876           -0.508194
0.505989            0.689876           -0.508194
0.505989            0.689876           -0.508194
0.636218            0.521143           -0.223007
0.636218            0.521143           -0.223007
1.31621            0.123676           -0.825694
2.07815           -0.211205            -1.03685
2.07815           -0.211205            -1.03685
1.29736           -0.421221           -0.922779
1.29736           -0.421221           -0.922779
0.612198            -0.90166            -1.26639
0.162223           -0.386119            -1.70171
0.0955473            -1.23041            -1.34231
0.720465            -1.37614           -0.712508
0.720465            -1.37614           -0.712508
0.720465            -1.37614           -0.712508
0.720465            -1.37614           -0.712508
0.720465            -1.37614           -0.712508
0.901235           -0.476415           -0.293249
0.658716           -0.599265            0.581835
0.658716           -0.599265            0.581835
0.658716           -0.599265            0.581835
-0.327212            0.341775           -0.305132
0.282246          -0.0463928            0.280651
0.616051            0.249198            0.748165
0.616051            0.249198            0.748165
0.616051            0.249198            0.748165
-0.375434           -0.591204          0.00860757
-0.375434           -0.591204          0.00860757
-0.375434           -0.591204          0.00860757
-0.375434           -0.591204          0.00860757
-1.12938           -0.331979           -0.465127
-0.517636           -0.648169           -0.948878
-0.517636           -0.648169           -0.948878
-0.517636           -0.648169           -0.948878
-0.517636           -0.648169           -0.948878
-0.0992302          0.00715893            -1.41773
-0.0992302          0.00715893            -1.41773
-0.597566            0.199461            -1.68414
0.242112            0.602023            -1.60152
-0.559263             1.02597            -1.94338
-1.50456            0.314591            -1.74915
-1.26862             1.00528            -1.30953
-1.88777            0.791382            -1.20086
-1.71508            0.517348           -0.557432
-1.75914            0.980899           -0.139241
-2.21906             0.51064            -1.03491
-2.21906             0.51064            -1.03491
-2.35588            0.512622            -1.87091
-2.09913              1.4121             -1.9394
-1.12323             1.39276            -1.93248
-1.12323             1.39276            -1.93248
-1.4425             1.03046            -1.06375
-1.24335             1.62348            -1.35948
-1.44549             2.13307           -0.679006
-1.98607             2.44263           -0.478479
-1.98607             2.44263           -0.478479
-2.20876             1.97516           -0.691092
-1.67304             2.27049           -0.997307
-1.67304             2.27049           -0.997307
-1.00005             2.11771            -1.79169
-1.00005             2.11771            -1.79169
-1.00005             2.11771            -1.79169
-1.53181              2.3739            -1.08837
-1.68802             2.72798           -0.314465
-2.04765             2.18664           -0.529643
-2.04765             2.18664           -0.529643
-2.04765             2.18664           -0.529643
-2.27382             1.50458           -0.283917
-1.85801             1.01233            0.257302
-1.85801             1.01233            0.257302
-1.21892            0.694251           -0.560522
-1.05115            0.744367             0.22127
-0.243613            0.245633            0.707483
-0.243613            0.245633            0.707483
-0.243613            0.245633            0.707483
-0.243613            0.245633            0.707483
-0.243613            0.245633            0.707483
-0.243613            0.245633            0.707483
-0.243613            0.245633            0.707483
-0.243613            0.245633            0.707483
0.441959             1.11264              1.3375
-0.169352            0.459453            0.662042
-0.249145           0.0517358            0.858259
-0.249145           0.0517358            0.858259
-0.240012          -0.0918588           -0.129205
0.444955          -0.0313932           -0.176281
0.460833            0.342938            0.491231
0.123597            0.568793            0.387191
0.123597            0.568793            0.387191
-0.237931           -0.275478           -0.327325
-0.163535            0.403913            -1.04219
-0.163535            0.403913            -1.04219
0.18823           -0.540322           -0.918635
0.18823           -0.540322           -0.918635
0.18823           -0.540322           -0.918635
-0.701558            -0.54397           0.0238214
-0.701558            -0.54397           0.0238214
-0.701558            -0.54397           0.0238214
-0.0684361           -0.438468           -0.604016
-0.0684361           -0.438468           -0.604016
-0.423343          -0.0879003            0.256718
-0.423343          -0.0879003            0.256718
-0.423343          -0.0879003            0.256718
-0.408233         -0.00403211            0.539946
-0.922952           -0.903335           0.0120003
-0.37152           -0.155634           -0.726576
-0.37152           -0.155634           -0.726576
0.0431594           -0.710917            -1.72534
-0.442017           -0.633161           -0.754209
-0.486462           -0.492525            -1.24884
-0.597265           -0.359187           -0.962052
-0.597265           -0.359187           -0.962052
-0.395401            -1.03605            -1.32608
-0.395401            -1.03605            -1.32608
-0.424348           -0.777483            -2.28068
0.194471           -0.958972            -2.05602
0.194471           -0.958972            -2.05602
0.194471           -0.958972            -2.05602
-0.753381           -0.164052            -2.03738
-0.33901            0.520266            -1.76762
-0.369724            0.617729            -1.02466
0.12557              1.2708           -0.908789
0.704092            0.933172           -0.819923
0.498705              1.5331           -0.344749
0.498705              1.5331           -0.344749
0.55061             1.62873            -0.82676
0.579262             1.64393            -1.20227
0.36636             1.57572            -1.56721
0.36636             1.57572            -1.56721
-0.520806             1.32475           -0.871876
-0.818441            0.325725           -0.835961
-0.551393            0.453456           -0.845529
-0.551393            0.453456           -0.845529
-0.193071          -0.0607978           -0.104247
-0.193071          -0.0607978           -0.104247
-0.0923335           -0.238606            0.620701
-0.204123            0.542666          -0.0146413
-1.14827            0.730479           -0.918239
-1.53659            0.313488           -0.294281
-1.53659            0.313488           -0.294281
-1.93351            -0.66302           -0.428954
-1.76789            0.132154           0.0774819
-1.67563            0.444557           -0.429173
-1.67563            0.444557           -0.429173
-1.40022            0.971075            0.251982
-1.40022            0.971075            0.251982
-1.46839             1.23278           -0.651386
-1.5013            0.731418            -1.50516
-0.679487           0.0889544           -0.608659
0.0614381           -0.269387           -0.236496
0.0614381           -0.269387           -0.236496
0.0614381           -0.269387           -0.236496
0.0614381           -0.269387           -0.236496
-0.00819028           -0.102014           -0.766397
-0.116812             -1.0552            -1.38298
-0.116812             -1.0552            -1.38298
-0.116812             -1.0552            -1.38298
-1.05321            -1.82365            -1.29775
-1.75093            -1.84303            -1.14226
-0.878727            -2.37036           -0.367396
0.0951348            -2.44044           -0.601419
0.979004            -2.27321             0.19052
0.979004            -2.27321             0.19052
0.979004            -2.27321             0.19052
1.30354            -1.30931            0.699879
0.694983           -0.519335            0.593291
0.694983           -0.519335            0.593291
0.694983           -0.519335            0.593291
0.694983           -0.519335            0.593291
0.235841          -0.0900763           0.0786041
0.549302           -0.585104           -0.843621
0.245895            0.119907            -1.11141
-0.574902            0.719885           -0.546207
-0.788563            0.409015           0.0491608
-0.00379882            0.326253            0.505116
-0.00379882            0.326253            0.505116
-0.00379882            0.326253            0.505116
0.824436            0.190291            0.945466
0.824436            0.190291            0.945466
0.84388            0.477292            0.139764
0.84388            0.477292            0.139764
1.22573            0.102391          -0.0440494
1.22573            0.102391          -0.0440494
1.22573            0.102391          -0.0440494
0.242154           -0.308994           -0.134567
-0.221551            0.326374          -0.0156268
0.675283            0.497946           -0.505168
-0.121281             1.47455          0.00106018
-0.693293             0.96294            0.272686
-0.196746            0.854362            0.922061
-0.635807             1.39778            0.491032
-0.635807             1.39778            0.491032
-0.835601             0.60154             1.23036
-0.835601             0.60154             1.23036
-0.835601             0.60154             1.23036
-0.693778             1.03353             1.32244
-0.207621            0.514477            0.730551
0.712281           -0.261258             1.57914
1.09121            0.702256             1.27498
0.668499             1.26077             1.06573
0.668499             1.26077             1.06573
0.668499             1.26077             1.06573
0.681489            0.288957            0.248824
0.108967            0.827824          0.00226113
0.733532              1.5707           -0.970826
0.201448             1.02334          -0.0648384
-0.000990745           0.0905097           -0.811572
0.489984            0.877417            -0.50148
-0.392008            0.139633            -1.45317
-0.484513          -0.0202351            -1.60132
-0.814996           0.0172047            -1.76326
-1.41601           -0.217051           -0.849745
-1.41601           -0.217051           -0.849745
-1.26532            -0.43494            -1.71104
-1.26532            -0.43494            -1.71104
-0.364878           0.0809217            -2.03525
-0.433455            0.781464            -1.77425
-0.433455            0.781464            -1.77425
-0.342113            0.724942            -1.62817
-0.342113            0.724942            -1.62817
-0.640701            0.711842            -0.70582
-0.640701            0.711842            -0.70582
-0.702575            0.526687           -0.461187
0.183466             1.32468           -0.694797
0.295779             1.11722           -0.046805
-0.212661            0.254585           -0.345484
0.364614           -0.357471            0.440154
0.364614           -0.357471            0.440154
0.364614           -0.357471            0.440154
-0.41812            0.276669            0.577738
0.1042            0.384225           0.0756328
0.1042            0.384225           0.0756328
0.1042            0.384225           0.0756328
0.1042            0.384225           0.0756328
0.1042            0.384225           0.0756328
0.1042            0.384225           0.0756328
0.1042            0.384225           0.0756328
-0.235792            0.749211            0.236719
0.542912            0.657588             0.16449
0.542912            0.657588             0.16449
-0.231684             1.12461            0.599881
0.135993             1.63594            0.325871
1.06067             1.12026            0.486384
0.143891             1.56855            0.586543
-0.453363             1.78702            0.145727
-0.521021             1.28286            0.687801
-0.521021             1.28286            0.687801
-0.10734            0.585579             1.06062
0.0792781            0.976611             2.05588
-0.669805             1.64111             1.41748
-0.410987             1.83848            0.822428
-0.410987             1.83848            0.822428
-0.989285             2.05918            0.781559
-0.989285             2.05918            0.781559
-0.882935             1.55016            0.170935
-0.281365             1.02833            0.186704
-1.02478              0.7177            -0.41351
-1.02478              0.7177            -0.41351
-1.38836            0.932551         -0.00909624
-0.459494             1.64921          -0.0376799
-0.459494             1.64921          -0.0376799
-0.459494             1.64921          -0.0376799
-0.298083             1.11304           -0.129415
-0.106822            0.590275           -0.855503
0.39779             1.17009            -1.16927
0.39779             1.17009            -1.16927
1.24435            0.520568           -0.847775
0.678333            0.281144            -1.44599
0.294277            0.859913            -2.04107
0.294277            0.859913            -2.04107
0.294277            0.859913            -2.04107
-0.20276            0.643697            -1.53614
0.210764             1.34444            -1.23018
0.210764             1.34444            -1.23018
0.647332             1.41151            -2.01748
0.0511307             2.04794            -1.28069
-0.255614             2.71037            -1.00923
-0.637905             2.33811           -0.621559
-0.637905             2.33811           -0.621559
-0.231286             2.17207            -1.10953
-0.231286             2.17207            -1.10953
-0.231286             2.17207            -1.10953
-0.687763             3.15252            -1.74554
-0.0254671             2.30895            -2.74435
0.746466             2.24558            -1.95905
1.5657             1.84242            -1.68353
2.49315             1.42164           -0.881332
2.49315             1.42164           -0.881332
2.49315             1.42164           -0.881332
1.88686            0.959662            -1.82945
1.88686            0.959662            -1.82945
2.65463              1.8833            -1.43745
2.65463              1.8833            -1.43745
2.8771             1.07437            -0.46721
2.72202             1.81894           -0.982189
3.43061             2.16071           -0.369401
3.43061             2.16071           -0.369401
2.71476             1.71844           -0.831641
3.08608             1.75435            -1.07263
3.08608             1.75435            -1.07263
3.5141            0.974735           -0.964505
3.30625            0.400029            -1.69516
3.36198           -0.458821           -0.810811
2.67228            -1.29857           -0.734751
3.42121           -0.943836          -0.0113829
3.20746          0.00600711            0.382042
3.57578           0.0150292            0.702303
3.7346            0.616484          -0.0814891
3.7346            0.616484          -0.0814891
2.89137           -0.121834            0.280636
2.89137           -0.121834            0.280636
2.89137           -0.121834            0.280636
2.89137           -0.121834            0.280636
2.89137           -0.121834            0.280636
2.42647           -0.296336          0.00737243
2.42647           -0.296336          0.00737243
2.52456            -1.17489          -0.0248668
1.80305            -1.38157            0.366455
2.28317           -0.630468             1.34596
2.18729           -0.775635             1.97995
1.33558           -0.760181             1.88666
1.33558           -0.760181             1.88666
1.33558           -0.760181             1.88666
1.99191           -0.378274             1.48191
2.46888            0.370524            0.815159
2.4633            0.435788             1.17386
2.4633            0.435788             1.17386
2.16865             1.19159             1.55186
1.33099            0.876916            0.934753
1.61935            0.955123             1.25667
1.50379            0.826853             1.60659
1.50379            0.826853             1.60659
1.80765           -0.110242            0.996931
1.28064            0.694661             1.40992
1.05154             0.44196              1.7176
1.05154             0.44196              1.7176
1.05154             0.44196              1.7176
1.31262          -0.0384721             1.40269
1.31262          -0.0384721             1.40269
1.31262          -0.0384721             1.40269
1.31262          -0.0384721             1.40269
1.31262          -0.0384721             1.40269
0.67631            0.508487             1.49618
0.67631            0.508487             1.49618
0.67631            0.508487             1.49618
0.67631            0.508487             1.49618
0.67631            0.508487             1.49618
1.0739             1.08306             1.76532
1.0739             1.08306             1.76532
1.0739             1.08306             1.76532
0.975057             1.99689              2.3891
0.975057             1.99689              2.3891
0.356138              1.7596             2.83204
