# VELOCITY:     SINGLE_BLOCK_AVE_POFV:       PROGRESSIVE_AVE_POFV:        ERROR:
        0.08           0           0           0
        0.24        0.53        0.53           0
         0.4        1.13        1.13           0
        0.56        1.88        1.88           0
        0.72         3.2         3.2           0
        0.88        3.12        3.12           0
        1.04        6.41        6.41           0
         1.2       10.07       10.07           0
        1.36        5.65        5.65           0
        1.52        7.88        7.88           0
        1.68        8.51        8.51           0
        1.84        9.27        9.27           0
           2       13.82       13.82           0
        2.16        5.26        5.26           0
        2.32        4.23        4.23           0
        2.48        5.08        5.08           0
        2.64         5.6         5.6           0
         2.8         4.6         4.6           0
        2.96        2.76        2.76           0
        3.12        2.43        2.43           0
        3.28        3.67        3.67           0
        3.44        1.56        1.56           0
         3.6        1.34        1.34           0
        3.76           0           0           0
        3.92           0           0           0
        4.08           0           0           0
        4.24           0           0           0
         4.4           0           0           0
        4.56           0           0           0
        4.72           0           0           0
        4.88           0           0           0
        5.04           0           0           0
         5.2           0           0           0
        5.36           0           0           0
        5.52           0           0           0
        5.68           0           0           0
        5.84           0           0           0
           6           0           0           0
        6.16           0           0           0
        6.32           0           0           0
        6.48           0           0           0
        6.64           0           0           0
         6.8           0           0           0
        6.96           0           0           0
        7.12           0           0           0
        7.28           0           0           0
        7.44           0           0           0
         7.6           0           0           0
        7.76           0           0           0
        7.92           0           0           0
        0.08           0           0           0
        0.24           0       0.265    0.187383
         0.4        1.18       1.155   0.0176777
        0.56        3.86        2.87    0.700036
        0.72        1.96        2.58    0.438406
        0.88        4.03       3.575    0.321734
        1.04        5.61        6.01    0.282843
         1.2       10.43       10.25    0.127279
        1.36        4.37        5.01    0.452548
        1.52        6.77       7.325    0.392444
        1.68       10.17        9.34    0.586899
        1.84       12.58      10.925     1.17026
           2        9.51      11.665     1.52382
        2.16        7.11       6.185    0.654074
        2.32        3.58       3.905     0.22981
        2.48        6.51       5.795    0.505581
        2.64        6.13       5.865    0.187383
         2.8        2.03       3.315    0.908632
        2.96        2.89       2.825   0.0459619
        3.12        3.71        3.07    0.452548
        3.28        3.56       3.615   0.0388909
        3.44        0.01       0.785    0.548008
         3.6        1.81       1.575     0.16617
        3.76        0.19       0.095   0.0671751
        3.92           0           0           0
        4.08           0           0           0
        4.24           0           0           0
         4.4           0           0           0
        4.56           0           0           0
        4.72           0           0           0
        4.88           0           0           0
        5.04           0           0           0
         5.2           0           0           0
        5.36           0           0           0
        5.52           0           0           0
        5.68           0           0           0
        5.84           0           0           0
           6           0           0           0
        6.16           0           0           0
        6.32           0           0           0
        6.48           0           0           0
        6.64           0           0           0
         6.8           0           0           0
        6.96           0           0           0
        7.12           0           0           0
        7.28           0           0           0
        7.44           0           0           0
         7.6           0           0           0
        7.76           0           0           0
        7.92           0           0           0
        0.08           0           0           0
        0.24           0    0.176667    0.144248
         0.4        1.08        1.13   0.0235702
        0.56        4.19        3.31    0.588954
        0.72        0.73     1.96333    0.582186
        0.88        1.96     3.03667    0.489088
        1.04        8.71        6.91    0.758654
         1.2        7.92     9.47333    0.639797
        1.36        6.71     5.57667    0.552355
        1.52        7.07        7.24    0.270678
        1.68        9.43        9.37    0.392032
        1.84       12.63     11.4933    0.907749
           2        12.4       11.91     1.03539
        2.16        7.37        6.58    0.542361
        2.32        1.37        3.06    0.706745
        2.48        7.16        6.25     0.50162
        2.64        5.78     5.83667    0.127046
         2.8        1.26        2.63    0.824473
        2.96        3.17        2.94   0.0987702
        3.12        3.22        3.12    0.304448
        3.28        1.62        2.95    0.543589
        3.44        1.26    0.943333    0.387537
         3.6        1.06     1.40333    0.178658
        3.76        0.75    0.313333    0.183807
        3.92        1.15    0.383333     0.31299
        4.08           0           0           0
        4.24           0           0           0
         4.4           0           0           0
        4.56           0           0           0
        4.72           0           0           0
        4.88           0           0           0
        5.04           0           0           0
         5.2           0           0           0
        5.36           0           0           0
        5.52           0           0           0
        5.68           0           0           0
        5.84           0           0           0
           6           0           0           0
        6.16           0           0           0
        6.32           0           0           0
        6.48           0           0           0
        6.64           0           0           0
         6.8           0           0           0
        6.96           0           0           0
        7.12           0           0           0
        7.28           0           0           0
        7.44           0           0           0
         7.6           0           0           0
        7.76           0           0           0
        7.92           0           0           0
        0.08           0           0           0
        0.24           0      0.1325    0.114748
         0.4           2      1.3475    0.189188
        0.56        1.37       2.825    0.609534
        0.72        2.51         2.1    0.452396
        0.88        3.26      3.0925    0.369989
        1.04        6.57       6.825    0.573732
         1.2        9.13      9.3875    0.485572
        1.36        7.06      5.9475     0.52417
        1.52        7.08         7.2    0.205943
        1.68       10.61        9.68    0.398152
        1.84       10.84       11.33    0.695351
           2        12.3     12.0075    0.781116
        2.16        6.76       6.625    0.408633
        2.32        2.74        2.98    0.534568
        2.48        5.49        6.06    0.410625
        2.64        5.51       5.755    0.118664
         2.8        3.33       2.805    0.636656
        2.96        3.34        3.04    0.113963
        3.12        3.61      3.2425    0.251778
        3.28        0.82      2.4175    0.615532
        3.44        1.55       1.095    0.318953
         3.6        0.12      1.0825    0.308472
        3.76        0.82        0.44    0.176175
        3.92        0.54      0.4225    0.237181
        4.08        0.64        0.16    0.138564
        4.24           0           0           0
         4.4           0           0           0
        4.56           0           0           0
        4.72           0           0           0
        4.88           0           0           0
        5.04           0           0           0
         5.2           0           0           0
        5.36           0           0           0
        5.52           0           0           0
        5.68           0           0           0
        5.84           0           0           0
           6           0           0           0
        6.16           0           0           0
        6.32           0           0           0
        6.48           0           0           0
        6.64           0           0           0
         6.8           0           0           0
        6.96           0           0           0
        7.12           0           0           0
        7.28           0           0           0
        7.44           0           0           0
         7.6           0           0           0
        7.76           0           0           0
        7.92           0           0           0
        0.08           0           0           0
        0.24           0       0.106   0.0948093
         0.4        0.47       1.172    0.218053
        0.56        2.28       2.716    0.497277
        0.72        2.99       2.278    0.395387
        0.88        4.55       3.384    0.394447
        1.04        6.47       6.754    0.463358
         1.2        6.35        8.78     0.66794
        1.36        9.41        6.64    0.747989
        1.52        5.83       6.926    0.295305
        1.68       12.63       10.27    0.616389
        1.84        9.63       10.99    0.633978
           2        9.29      11.464     0.79171
        2.16        7.51       6.802    0.363223
        2.32        4.32       3.248    0.490252
        2.48        4.53       5.754    0.427575
        2.64         5.7       5.744     0.09544
         2.8        3.23        2.89    0.514968
        2.96        4.99        3.43    0.360544
        3.12        4.51       3.496    0.303283
        3.28        0.14       1.962    0.639114
        3.44        1.15       1.106    0.255352
         3.6        0.85       1.036    0.250257
        3.76        1.05       0.562    0.178245
        3.92        0.12       0.362     0.19731
        4.08           0       0.128    0.114487
        4.24           0           0           0
         4.4           0           0           0
        4.56           0           0           0
        4.72           0           0           0
        4.88           0           0           0
        5.04           0           0           0
         5.2           0           0           0
        5.36           0           0           0
        5.52           0           0           0
        5.68           0           0           0
        5.84           0           0           0
           6           0           0           0
        6.16           0           0           0
        6.32           0           0           0
        6.48           0           0           0
        6.64           0           0           0
         6.8           0           0           0
        6.96           0           0           0
        7.12           0           0           0
        7.28           0           0           0
        7.44           0           0           0
         7.6           0           0           0
        7.76           0           0           0
        7.92           0           0           0
        0.08           0           0           0
        0.24           0   0.0883333   0.0806369
         0.4           0    0.976667    0.254588
        0.56        1.87       2.575    0.433927
        0.72        2.45     2.30667    0.330527
        0.88        2.81     3.28833     0.34011
        1.04        5.23         6.5    0.450401
         1.2        7.69     8.59833    0.580796
        1.36       11.47       7.445    0.963615
        1.52        9.37     7.33333    0.445899
        1.68        8.06     9.90167    0.613924
        1.84       10.61     10.9267    0.531469
           2        8.53      10.975    0.796586
        2.16        8.72     7.12167    0.420446
        2.32        3.68        3.32    0.413797
        2.48        7.23           6    0.421176
        2.64           4     5.45333    0.277004
         2.8        3.99     3.07333     0.46062
        2.96         4.8     3.65833    0.365676
        3.12        3.29     3.46167    0.254672
        3.28        1.15     1.82667    0.546736
        3.44        1.05     1.09667    0.212964
         3.6           1        1.03     0.20862
        3.76           0    0.468333     0.17139
        3.92        0.26       0.345    0.165156
        4.08        0.34    0.163333     0.10071
        4.24         0.4   0.0666667   0.0608581
         4.4           0           0           0
        4.56           0           0           0
        4.72           0           0           0
        4.88           0           0           0
        5.04           0           0           0
         5.2           0           0           0
        5.36           0           0           0
        5.52           0           0           0
        5.68           0           0           0
        5.84           0           0           0
           6           0           0           0
        6.16           0           0           0
        6.32           0           0           0
        6.48           0           0           0
        6.64           0           0           0
         6.8           0           0           0
        6.96           0           0           0
        7.12           0           0           0
        7.28           0           0           0
        7.44           0           0           0
         7.6           0           0           0
        7.76           0           0           0
        7.92           0           0           0
        0.08           0           0           0
        0.24           0   0.0757143   0.0700978
         0.4        0.58        0.92    0.224436
        0.56        2.39     2.54857    0.372742
        0.72        1.83     2.23857    0.290239
        0.88        1.78     3.07286    0.353246
        1.04           7     6.57143    0.391681
         1.2        4.51     8.01429    0.734991
        1.36       12.71     8.19714     1.08033
        1.52        8.69     7.52714    0.422223
        1.68        9.64     9.86429    0.527357
        1.84        9.85     10.7729    0.477283
           2        8.37     10.6029    0.764791
        2.16        8.49     7.31714    0.403271
        2.32        3.34     3.32286    0.354693
        2.48        8.07     6.29571     0.45308
        2.64           5     5.38857    0.244886
         2.8        4.51     3.27857    0.438161
        2.96        3.12     3.58143    0.321422
        3.12        2.25     3.28857    0.270799
        3.28        1.87     1.83286    0.468666
        3.44        1.53     1.15857    0.191327
         3.6        1.18     1.05143    0.179914
        3.76        0.29    0.442857    0.148787
        3.92           0    0.295714    0.148734
        4.08        0.59    0.224286    0.103132
        4.24        0.41    0.115714   0.0691599
         4.4           0           0           0
        4.56           0           0           0
        4.72           0           0           0
        4.88           0           0           0
        5.04           0           0           0
         5.2           0           0           0
        5.36           0           0           0
        5.52           0           0           0
        5.68           0           0           0
        5.84           0           0           0
           6           0           0           0
        6.16           0           0           0
        6.32           0           0           0
        6.48           0           0           0
        6.64           0           0           0
         6.8           0           0           0
        6.96           0           0           0
        7.12           0           0           0
        7.28           0           0           0
        7.44           0           0           0
         7.6           0           0           0
        7.76           0           0           0
        7.92           0           0           0
        0.08           0           0           0
        0.24           0     0.06625   0.0619712
         0.4        0.22      0.8325    0.212755
        0.56        3.39     2.65375    0.340665
        0.72        2.39      2.2575    0.254575
        0.88        0.91      2.8025    0.399366
        1.04         6.5      6.5625    0.342823
         1.2        3.79     7.48625    0.810906
        1.36       11.25     8.57875     1.01044
        1.52        7.87        7.57    0.371614
        1.68       12.32     10.1713    0.543483
        1.84       10.04     10.6812    0.426323
           2        7.82      10.255    0.744108
        2.16         9.7       7.615    0.449601
        2.32        3.62        3.36    0.312295
        2.48         8.4     6.55875    0.466591
        2.64        4.72       5.305     0.22809
         2.8        6.14     3.63625    0.508853
        2.96        2.77        3.48    0.296816
        3.12        2.12      3.1425    0.273523
        3.28        0.52     1.66875    0.437873
        3.44        1.47      1.1975    0.171325
         3.6        0.45     0.97625    0.172418
        3.76        0.25     0.41875    0.132127
        3.92        0.66     0.34125    0.136936
        4.08        0.68     0.28125    0.104798
        4.24           0     0.10125    0.062009
         4.4           0           0           0
        4.56           0           0           0
        4.72           0           0           0
        4.88           0           0           0
        5.04           0           0           0
         5.2           0           0           0
        5.36           0           0           0
        5.52           0           0           0
        5.68           0           0           0
        5.84           0           0           0
           6           0           0           0
        6.16           0           0           0
        6.32           0           0           0
        6.48           0           0           0
        6.64           0           0           0
         6.8           0           0           0
        6.96           0           0           0
        7.12           0           0           0
        7.28           0           0           0
        7.44           0           0           0
         7.6           0           0           0
        7.76           0           0           0
        7.92           0           0           0
        0.08           0           0           0
        0.24           0   0.0588889    0.055521
         0.4        0.39    0.783333    0.194714
        0.56        2.99     2.69111    0.304856
        0.72        1.93     2.22111    0.228875
        0.88        1.82     2.69333    0.369611
        1.04        4.15     6.29444    0.395893
         1.2        5.87     7.30667    0.740424
        1.36        9.72     8.70556    0.906089
        1.52        8.43     7.66556    0.342389
        1.68       11.67     10.3378    0.507968
        1.84       11.01     10.7178    0.380515
           2        7.51        9.95    0.721234
        2.16        8.17     7.67667    0.403852
        2.32        3.68     3.39556    0.279612
        2.48        8.42     6.76556    0.458293
        2.64        6.39     5.42556    0.232433
         2.8        6.69     3.97556    0.554007
        2.96        2.79     3.40333    0.273559
        3.12        1.63     2.97444    0.290203
        3.28        1.46     1.64556    0.389834
        3.44        1.29     1.20778    0.152597
         3.6        0.03    0.871111    0.182523
        3.76        0.03    0.375556    0.124307
        3.92        1.04    0.418889    0.142035
        4.08        0.51    0.306667   0.0961865
        4.24        0.38    0.132222   0.0623764
         4.4           0           0           0
        4.56           0           0           0
        4.72           0           0           0
        4.88           0           0           0
        5.04           0           0           0
         5.2           0           0           0
        5.36           0           0           0
        5.52           0           0           0
        5.68           0           0           0
        5.84           0           0           0
           6           0           0           0
        6.16           0           0           0
        6.32           0           0           0
        6.48           0           0           0
        6.64           0           0           0
         6.8           0           0           0
        6.96           0           0           0
        7.12           0           0           0
        7.28           0           0           0
        7.44           0           0           0
         7.6           0           0           0
        7.76           0           0           0
        7.92           0           0           0
        0.08           0           0           0
        0.24           0       0.053   0.0502802
         0.4        0.62       0.767    0.175926
        0.56        2.67       2.689    0.274377
        0.72        1.87       2.186    0.208663
        0.88         2.2       2.644    0.335926
        1.04         3.9       6.055    0.422555
         1.2        6.77       7.253    0.668323
        1.36       10.92       8.927    0.842106
        1.52       10.07       7.906    0.383391
        1.68       10.04      10.308    0.458043
        1.84        8.54        10.5    0.399957
           2        8.46       9.801    0.664323
        2.16        6.68       7.577    0.375564
        2.32        4.92       3.548    0.290247
        2.48        6.78       6.767    0.412466
        2.64         5.6       5.443    0.209843
         2.8        6.76       4.254    0.564257
        2.96        5.41       3.604    0.311218
        3.12        1.23         2.8    0.309199
        3.28        0.56       1.537    0.365653
        3.44           2       1.287    0.156557
         3.6           0       0.784    0.183887
        3.76        0.97       0.435    0.125286
        3.92        0.03        0.38    0.133049
        4.08           1       0.376    0.108722
        4.24           0       0.119    0.057523
         4.4           0           0           0
        4.56           0           0           0
        4.72           0           0           0
        4.88           0           0           0
        5.04           0           0           0
         5.2           0           0           0
        5.36           0           0           0
        5.52           0           0           0
        5.68           0           0           0
        5.84           0           0           0
           6           0           0           0
        6.16           0           0           0
        6.32           0           0           0
        6.48           0           0           0
        6.64           0           0           0
         6.8           0           0           0
        6.96           0           0           0
        7.12           0           0           0
        7.28           0           0           0
        7.44           0           0           0
         7.6           0           0           0
        7.76           0           0           0
        7.92           0           0           0
        0.08           0           0           0
        0.24        0.68        0.11   0.0710139
         0.4        1.14    0.800909    0.163168
        0.56         2.7        2.69    0.249436
        0.72        0.81     2.06091    0.224074
        0.88        1.77     2.56455    0.314644
        1.04         3.6     5.83182    0.439142
         1.2        7.09     7.23818    0.607731
        1.36       12.24     9.22818    0.817638
        1.52       10.86     8.17455     0.43248
        1.68        8.05     10.1027    0.460106
        1.84        8.74       10.34    0.394304
           2       10.18     9.83545    0.604823
        2.16        6.97     7.52182    0.345452
        2.32        3.47     3.54091    0.263948
        2.48        6.06     6.70273    0.379944
        2.64        7.18     5.60091    0.243023
         2.8        4.55     4.28091    0.513603
        2.96         2.9        3.54    0.289431
        3.12        2.75     2.79545    0.281123
        3.28        2.26     1.60273    0.338268
        3.44        1.12     1.27182    0.143059
         3.6        1.25    0.826364    0.171981
        3.76        0.63    0.452727    0.115143
        3.92        0.58    0.398182     0.12219
        4.08        0.42        0.38   0.0989114
        4.24           0    0.108182   0.0533012
         4.4           0           0           0
        4.56           0           0           0
        4.72           0           0           0
        4.88           0           0           0
        5.04           0           0           0
         5.2           0           0           0
        5.36           0           0           0
        5.52           0           0           0
        5.68           0           0           0
        5.84           0           0           0
           6           0           0           0
        6.16           0           0           0
        6.32           0           0           0
        6.48           0           0           0
        6.64           0           0           0
         6.8           0           0           0
        6.96           0           0           0
        7.12           0           0           0
        7.28           0           0           0
        7.44           0           0           0
         7.6           0           0           0
        7.76           0           0           0
        7.92           0           0           0
        0.08           0           0           0
        0.24           0    0.100833    0.065685
         0.4         2.3    0.925833    0.191512
        0.56        1.73        2.61    0.241137
        0.72        1.37     2.00333    0.212669
        0.88        0.73     2.41167    0.323438
        1.04        6.22     5.86417    0.403737
         1.2        7.28     7.24167    0.557097
        1.36       11.61     9.42667    0.773218
        1.52       10.22       8.345    0.428717
        1.68        7.85       9.915    0.458464
        1.84        8.66        10.2    0.385499
           2        7.91       9.675    0.575311
        2.16        9.37     7.67583    0.349314
        2.32        2.56     3.45917    0.254295
        2.48        4.85     6.54833    0.378353
        2.64        5.92      5.6275    0.224221
         2.8        6.29     4.44833    0.497343
        2.96         3.2     3.51167    0.266695
        3.12        3.55     2.85833    0.264635
        3.28        2.38      1.6675    0.316219
        3.44           1     1.24917    0.132918
         3.6           2    0.924167    0.183362
        3.76           0       0.415    0.111558
        3.92           0       0.365    0.116425
        4.08        0.35      0.3775   0.0907004
        4.24        0.65    0.153333   0.0652382
         4.4           0           0           0
        4.56           0           0           0
        4.72           0           0           0
        4.88           0           0           0
        5.04           0           0           0
         5.2           0           0           0
        5.36           0           0           0
        5.52           0           0           0
        5.68           0           0           0
        5.84           0           0           0
           6           0           0           0
        6.16           0           0           0
        6.32           0           0           0
        6.48           0           0           0
        6.64           0           0           0
         6.8           0           0           0
        6.96           0           0           0
        7.12           0           0           0
        7.28           0           0           0
        7.44           0           0           0
         7.6           0           0           0
        7.76           0           0           0
        7.92           0           0           0
        0.08        0.09  0.00692308  0.00665148
        0.24        0.13    0.103077   0.0606707
         0.4        2.07     1.01385    0.195964
        0.56        1.38     2.51538    0.240435
        0.72        0.78     1.90923    0.216129
        0.88        2.07     2.38538    0.299624
        1.04        7.97     6.02615    0.403871
         1.2        7.74        7.28     0.51556
        1.36          11     9.54769    0.723149
        1.52        8.61     8.36538    0.396223
        1.68        6.08        9.62     0.50934
        1.84       10.46       10.22    0.356364
           2        9.25     9.64231    0.531984
        2.16        7.49     7.66154    0.322736
        2.32        2.62     3.39462    0.242789
        2.48        1.94     6.19385    0.487822
        2.64        6.53     5.69692    0.217455
         2.8        6.92     4.63846    0.494093
        2.96        6.35        3.73     0.32343
        3.12        1.45        2.75    0.265528
        3.28        2.64     1.74231    0.300613
        3.44        2.01     1.30769    0.134965
         3.6        1.42    0.962308    0.173178
        3.76           0    0.383077    0.107447
        3.92           0    0.336923    0.110803
        4.08           1    0.425385    0.095531
        4.24           0    0.141538   0.0612768
         4.4           0           0           0
        4.56           0           0           0
        4.72           0           0           0
        4.88           0           0           0
        5.04           0           0           0
         5.2           0           0           0
        5.36           0           0           0
        5.52           0           0           0
        5.68           0           0           0
        5.84           0           0           0
           6           0           0           0
        6.16           0           0           0
        6.32           0           0           0
        6.48           0           0           0
        6.64           0           0           0
         6.8           0           0           0
        6.96           0           0           0
        7.12           0           0           0
        7.28           0           0           0
        7.44           0           0           0
         7.6           0           0           0
        7.76           0           0           0
        7.92           0           0           0
        0.08           0  0.00642857  0.00619473
        0.24        0.03   0.0978571   0.0565611
         0.4        1.29     1.03357    0.182956
        0.56        1.91     2.47214    0.227116
        0.72        2.34        1.94     0.20287
        0.88         2.2     2.37214    0.278515
        1.04         7.1     6.10286    0.382238
         1.2        7.91       7.325    0.480694
        1.36        9.17     9.52071    0.671999
        1.52        8.29        8.36    0.367958
        1.68        6.49     9.39643    0.519715
        1.84       14.24     10.5071     0.43135
           2        7.13     9.46286    0.523377
        2.16         6.7     7.59286    0.306904
        2.32        3.28     3.38643    0.225585
        2.48        3.01     5.96643    0.503203
        2.64        7.41     5.81929    0.233829
         2.8        5.87     4.72643    0.466565
        2.96        4.61     3.79286    0.306375
        3.12        1.38     2.65214    0.263979
        3.28        1.04     1.69214    0.283295
        3.44        3.75     1.48214    0.209679
         3.6        1.85     1.02571    0.172025
        3.76           0    0.355714    0.103197
        3.92           0    0.312857     0.10547
        4.08           1    0.466429    0.097125
        4.24           0    0.131429   0.0577279
         4.4           0           0           0
        4.56           0           0           0
        4.72           0           0           0
        4.88           0           0           0
        5.04           0           0           0
         5.2           0           0           0
        5.36           0           0           0
        5.52           0           0           0
        5.68           0           0           0
        5.84           0           0           0
           6           0           0           0
        6.16           0           0           0
        6.32           0           0           0
        6.48           0           0           0
        6.64           0           0           0
         6.8           0           0           0
        6.96           0           0           0
        7.12           0           0           0
        7.28           0           0           0
        7.44           0           0           0
         7.6           0           0           0
        7.76           0           0           0
        7.92           0           0           0
        0.08           0       0.006  0.00579655
        0.24           0   0.0913333   0.0531653
         0.4        0.94     1.02733    0.170866
        0.56        2.42     2.46867    0.212002
        0.72        3.07     2.01533    0.202851
        0.88        2.57     2.38533    0.260259
        1.04        5.94       6.092    0.356909
         1.2        9.32       7.458    0.466685
        1.36        7.77       9.404    0.637254
        1.52        8.56     8.37333    0.343669
        1.68        6.34     9.19267     0.52349
        1.84       11.28     10.5587    0.405659
           2        4.84     9.15467    0.572073
        2.16        5.83     7.47533    0.308125
        2.32        7.15     3.63733     0.32107
        2.48        5.24       5.918     0.47198
        2.64        8.73     6.01333    0.287703
         2.8        5.57     4.78267    0.438837
        2.96        2.44     3.70267    0.298931
        3.12        3.35     2.69867    0.250446
        3.28        2.06     1.71667    0.265468
        3.44        0.77     1.43467    0.201004
         3.6        2.16     1.10133    0.176396
        3.76        0.65    0.375333   0.0981648
        3.92           0       0.292     0.10048
        4.08           1       0.502   0.0969453
        4.24           0    0.122667   0.0545402
         4.4           0           0           0
        4.56           0           0           0
        4.72           0           0           0
        4.88           0           0           0
        5.04           0           0           0
         5.2           0           0           0
        5.36           0           0           0
        5.52           0           0           0
        5.68           0           0           0
        5.84           0           0           0
           6           0           0           0
        6.16           0           0           0
        6.32           0           0           0
        6.48           0           0           0
        6.64           0           0           0
         6.8           0           0           0
        6.96           0           0           0
        7.12           0           0           0
        7.28           0           0           0
        7.44           0           0           0
         7.6           0           0           0
        7.76           0           0           0
        7.92           0           0           0
        0.08           0    0.005625  0.00544638
        0.24        0.45     0.11375   0.0543633
         0.4        1.25     1.04125    0.160752
        0.56        1.35     2.39875    0.209964
        0.72        2.11     2.02125    0.190259
        0.88        2.22       2.375    0.244198
        1.04        5.56     6.05875    0.336148
         1.2        8.58     7.52813    0.442754
        1.36       12.58      9.6025     0.62758
        1.52         5.8      8.2125     0.35785
        1.68        6.59        9.03    0.515425
        1.84        7.13     10.3444    0.433224
           2        6.23     8.97187    0.564767
        2.16        7.95       7.505    0.290292
        2.32        7.25     3.86313    0.372019
        2.48        5.91      5.9175    0.442482
        2.64        9.68      6.2425    0.349263
         2.8        5.86        4.85    0.416544
        2.96        2.66      3.6375    0.287263
        3.12        2.62     2.69375    0.234842
        3.28         1.4     1.69687    0.249613
        3.44        1.76       1.455    0.189467
         3.6        1.84      1.1475    0.171306
        3.76        0.22    0.365625   0.0925083
        3.92        0.69    0.316875   0.0972301
        4.08        0.31        0.49   0.0916259
        4.24           0       0.115   0.0516675
         4.4           0           0           0
        4.56           0           0           0
        4.72           0           0           0
        4.88           0           0           0
        5.04           0           0           0
         5.2           0           0           0
        5.36           0           0           0
        5.52           0           0           0
        5.68           0           0           0
        5.84           0           0           0
           6           0           0           0
        6.16           0           0           0
        6.32           0           0           0
        6.48           0           0           0
        6.64           0           0           0
         6.8           0           0           0
        6.96           0           0           0
        7.12           0           0           0
        7.28           0           0           0
        7.44           0           0           0
         7.6           0           0           0
        7.76           0           0           0
        7.92           0           0           0
        0.08           0  0.00529412  0.00513605
        0.24           0    0.107059   0.0515756
         0.4        0.74     1.02353     0.15227
        0.56        1.43     2.34176    0.205201
        0.72        3.36         2.1    0.194684
        0.88        1.65     2.33235    0.233528
        1.04        6.85     6.10529     0.31958
         1.2        7.57     7.53059    0.416717
        1.36        9.26     9.58235    0.590987
        1.52        9.25     8.27353    0.341965
        1.68        6.85     8.90176    0.500804
        1.84        6.02       10.09    0.476605
           2        6.45     8.82353    0.550684
        2.16       10.53     7.68294    0.323184
        2.32        4.12     3.87824    0.350442
        2.48        6.21     5.93471    0.416788
        2.64        8.97     6.40294    0.363707
         2.8        7.25     4.99118    0.415277
        2.96        4.31     3.67706    0.273075
        3.12        0.18     2.54588    0.263499
        3.28        1.74     1.69941    0.234943
        3.44        2.69     1.52765    0.191744
         3.6        0.57     1.11353    0.164563
        3.76        0.09    0.349412    0.088476
        3.92        1.91    0.410588    0.128995
        4.08           0    0.461176   0.0906565
        4.24           0    0.108235   0.0490691
         4.4           0           0           0
        4.56           0           0           0
        4.72           0           0           0
        4.88           0           0           0
        5.04           0           0           0
         5.2           0           0           0
        5.36           0           0           0
        5.52           0           0           0
        5.68           0           0           0
        5.84           0           0           0
           6           0           0           0
        6.16           0           0           0
        6.32           0           0           0
        6.48           0           0           0
        6.64           0           0           0
         6.8           0           0           0
        6.96           0           0           0
        7.12           0           0           0
        7.28           0           0           0
        7.44           0           0           0
         7.6           0           0           0
        7.76           0           0           0
        7.92           0           0           0
        0.08           0       0.005  0.00485913
        0.24           0    0.101111   0.0490521
         0.4           0    0.966667    0.154062
        0.56        1.19     2.27778    0.203533
        0.72        1.34     2.05778    0.188391
        0.88        3.04     2.37167    0.223839
        1.04        6.61     6.13333    0.303053
         1.2        8.45     7.58167    0.396684
        1.36        8.38     9.51556    0.561916
        1.52        9.79     8.35778    0.333183
        1.68        8.05     8.85444    0.475212
        1.84        8.02       9.975    0.463794
           2        8.99     8.83278    0.520168
        2.16        8.44       7.725    0.307953
        2.32        4.29     3.90111    0.331719
        2.48        3.98     5.82611    0.407535
        2.64        8.45     6.51667    0.360843
         2.8        7.57     5.13444    0.416186
        2.96        2.18     3.59389    0.270273
        3.12        0.99     2.45944    0.262656
        3.28        4.27     1.84222     0.26172
        3.44        1.97     1.55222     0.18266
         3.6           0     1.05167    0.166643
        3.76        0.45       0.355    0.083737
        3.92        1.55    0.473889    0.136479
        4.08           0    0.435556    0.089167
        4.24           0    0.102222     0.04671
         4.4           0           0           0
        4.56           0           0           0
        4.72           0           0           0
        4.88           0           0           0
        5.04           0           0           0
         5.2           0           0           0
        5.36           0           0           0
        5.52           0           0           0
        5.68           0           0           0
        5.84           0           0           0
           6           0           0           0
        6.16           0           0           0
        6.32           0           0           0
        6.48           0           0           0
        6.64           0           0           0
         6.8           0           0           0
        6.96           0           0           0
        7.12           0           0           0
        7.28           0           0           0
        7.44           0           0           0
         7.6           0           0           0
        7.76           0           0           0
        7.92           0           0           0
        0.08           0  0.00473684   0.0046105
        0.24           0   0.0957895   0.0467581
         0.4        0.19    0.925789     0.15128
        0.56        0.57     2.18789    0.211739
        0.72        2.56     2.08421     0.18032
        0.88        1.73     2.33789     0.21459
        1.04        5.91     6.12158    0.287331
         1.2        8.18     7.61316    0.377054
        1.36        7.93     9.43211    0.538503
        1.52         8.3     8.35474    0.315661
        1.68       10.73     8.95316     0.46034
        1.84        9.74     9.96263    0.439548
           2       10.22     8.90579    0.497888
        2.16         6.8     7.67632    0.295569
        2.32        3.62     3.88632     0.31459
        2.48        4.32     5.74684    0.393719
        2.64        6.64     6.52316     0.34191
         2.8         7.4     5.25368    0.411008
        2.96        2.51     3.53684       0.262
        3.12        1.84     2.42684    0.250847
        3.28        5.26     2.02211    0.303532
        3.44        1.55     1.55211    0.173046
         3.6        0.73     1.03474     0.15873
        3.76        0.27    0.350526   0.0794492
        3.92        0.73    0.487368     0.12996
        4.08        0.27    0.426842   0.0848987
        4.24           0   0.0968421   0.0445603
         4.4           0           0           0
        4.56           0           0           0
        4.72           0           0           0
        4.88           0           0           0
        5.04           0           0           0
         5.2           0           0           0
        5.36           0           0           0
        5.52           0           0           0
        5.68           0           0           0
        5.84           0           0           0
           6           0           0           0
        6.16           0           0           0
        6.32           0           0           0
        6.48           0           0           0
        6.64           0           0           0
         6.8           0           0           0
        6.96           0           0           0
        7.12           0           0           0
        7.28           0           0           0
        7.44           0           0           0
         7.6           0           0           0
        7.76           0           0           0
        7.92           0           0           0
        0.08        0.13       0.011  0.00751332
        0.24        0.61      0.1215   0.0510013
         0.4        0.26      0.8925    0.147333
        0.56        1.69       2.163    0.202611
        0.72        1.37      2.0485    0.174805
        0.88        0.61      2.2515    0.220568
        1.04        4.52      6.0415    0.283904
         1.2        7.33       7.599    0.358467
        1.36        9.72      9.4465     0.51177
        1.52        7.47      8.3105    0.302962
        1.68       11.96      9.1035     0.46122
        1.84       10.46      9.9875    0.418274
           2        7.73       8.847    0.476452
        2.16       10.37       7.811    0.309961
        2.32        3.65      3.8745    0.299082
        2.48        3.49       5.634    0.389869
        2.64        5.73      6.4835    0.327106
         2.8        7.66       5.374    0.407688
        2.96        3.91      3.5555    0.249563
        3.12        3.71       2.491    0.246373
        3.28        3.67      2.1045     0.29933
        3.44        1.09       1.529    0.165929
         3.6        0.26       0.996    0.155448
        3.76        0.08       0.337   0.0766195
        3.92        0.12       0.469    0.124754
        4.08        0.19       0.415   0.0814755
        4.24        0.08       0.096   0.0423403
         4.4        0.13      0.0065  0.00633542
        4.56           0           0           0
        4.72           0           0           0
        4.88           0           0           0
        5.04           0           0           0
         5.2           0           0           0
        5.36           0           0           0
        5.52           0           0           0
        5.68           0           0           0
        5.84           0           0           0
           6           0           0           0
        6.16           0           0           0
        6.32           0           0           0
        6.48           0           0           0
        6.64           0           0           0
         6.8           0           0           0
        6.96           0           0           0
        7.12           0           0           0
        7.28           0           0           0
        7.44           0           0           0
         7.6           0           0           0
        7.76           0           0           0
        7.92           0           0           0
        0.08         0.2        0.02   0.0113289
        0.24        0.65    0.146667   0.0544289
         0.4        1.06    0.900476    0.140533
        0.56        1.09      2.1119    0.199301
        0.72        0.38     1.96905    0.183651
        0.88         2.3     2.25381    0.210077
        1.04        3.42     5.91667    0.296563
         1.2        8.16     7.62571    0.342391
        1.36        8.12     9.38333    0.491283
        1.52        6.57     8.22762    0.299657
        1.68        9.09     9.10286    0.439257
        1.84       12.43     10.1038    0.414212
           2        8.39     8.82524    0.454261
        2.16        9.02     7.86857      0.3005
        2.32        7.74     4.05857    0.336753
        2.48        3.34     5.52476    0.386304
        2.64        4.72     6.39952    0.322129
         2.8        8.67     5.53095    0.417394
        2.96        4.84     3.61667     0.24506
        3.12        2.81     2.50619    0.235108
        3.28           3     2.14714    0.288097
        3.44           1     1.50381    0.159928
         3.6           0    0.948571    0.155113
        3.76           0    0.320952   0.0746326
        3.92           0    0.446667    0.120795
        4.08           0    0.395238   0.0799564
        4.24        0.62    0.120952   0.0471063
         4.4        0.38   0.0242857   0.0183759
        4.56           0           0           0
        4.72           0           0           0
        4.88           0           0           0
        5.04           0           0           0
         5.2           0           0           0
        5.36           0           0           0
        5.52           0           0           0
        5.68           0           0           0
        5.84           0           0           0
           6           0           0           0
        6.16           0           0           0
        6.32           0           0           0
        6.48           0           0           0
        6.64           0           0           0
         6.8           0           0           0
        6.96           0           0           0
        7.12           0           0           0
        7.28           0           0           0
        7.44           0           0           0
         7.6           0           0           0
        7.76           0           0           0
        7.92           0           0           0
        0.08           0   0.0190909   0.0108504
        0.24           0        0.14   0.0523616
         0.4        1.26    0.916818    0.135092
        0.56        0.93     2.05818     0.19735
        0.72        0.73     1.91273    0.183737
        0.88        2.36     2.25864    0.200583
        1.04        4.05     5.83182    0.294971
         1.2        9.26         7.7    0.334789
        1.36        6.91     9.27091    0.481644
        1.52         6.3        8.14    0.298572
        1.68       11.69     9.22045    0.434748
        1.84        9.42     10.0727    0.396548
           2         6.4       8.715    0.446788
        2.16       11.94     8.05364    0.339072
        2.32        7.44     4.21227    0.354793
        2.48        3.24     5.42091     0.38245
        2.64        6.21     6.39091    0.307602
         2.8        6.74     5.58591    0.402023
        2.96        5.64     3.70864    0.250586
        3.12        3.23     2.53909    0.226712
        3.28        2.79     2.17636     0.27648
        3.44        0.46     1.45636    0.159542
         3.6           0    0.905455    0.153938
        3.76           0    0.306364   0.0726521
        3.92           0    0.426364    0.116999
        4.08           0    0.377273   0.0783143
        4.24           1    0.160909   0.0595469
         4.4           0   0.0231818   0.0175738
        4.56           0           0           0
        4.72           0           0           0
        4.88           0           0           0
        5.04           0           0           0
         5.2           0           0           0
        5.36           0           0           0
        5.52           0           0           0
        5.68           0           0           0
        5.84           0           0           0
           6           0           0           0
        6.16           0           0           0
        6.32           0           0           0
        6.48           0           0           0
        6.64           0           0           0
         6.8           0           0           0
        6.96           0           0           0
        7.12           0           0           0
        7.28           0           0           0
        7.44           0           0           0
         7.6           0           0           0
        7.76           0           0           0
        7.92           0           0           0
        0.08           0   0.0182609   0.0104103
        0.24           0    0.133913   0.0504376
         0.4           1    0.920435    0.129266
        0.56         0.6     1.99478    0.198692
        0.72        0.71     1.86043    0.183038
        0.88         1.7     2.23435    0.193327
        1.04        5.98     5.83826    0.282216
         1.2        7.92     7.70957     0.32037
        1.36        8.16     9.22261    0.463118
        1.52        8.99     8.17696    0.287868
        1.68       11.87     9.33565    0.430838
        1.84        7.04     9.94087     0.40063
           2        7.25      8.6513    0.431879
        2.16       10.09     8.14217     0.33569
        2.32        6.04     4.29174    0.348153
        2.48        6.39     5.46304    0.368136
        2.64        6.05     6.37609    0.294585
         2.8        5.68        5.59    0.384565
        2.96        4.13     3.72696    0.240359
        3.12        3.55     2.58304    0.221074
        3.28         1.6      2.1513    0.265592
        3.44        1.72     1.46783    0.153016
         3.6        0.09        0.87    0.151273
        3.76         0.1    0.297391   0.0700451
        3.92        0.12    0.413043    0.112667
        4.08        0.22    0.370435   0.0752073
        4.24           1    0.197391   0.0672107
         4.4           0   0.0221739   0.0168386
        4.56           0           0           0
        4.72           0           0           0
        4.88           0           0           0
        5.04           0           0           0
         5.2           0           0           0
        5.36           0           0           0
        5.52           0           0           0
        5.68           0           0           0
        5.84           0           0           0
           6           0           0           0
        6.16           0           0           0
        6.32           0           0           0
        6.48           0           0           0
        6.64           0           0           0
         6.8           0           0           0
        6.96           0           0           0
        7.12           0           0           0
        7.28           0           0           0
        7.44           0           0           0
         7.6           0           0           0
        7.76           0           0           0
        7.92           0           0           0
        0.08           0      0.0175   0.0100043
        0.24        0.07     0.13125   0.0484062
         0.4        0.09    0.885833    0.128428
        0.56         1.3     1.96583    0.192511
        0.72        1.32     1.83792    0.176791
        0.88        3.38     2.28208    0.191074
        1.04           4     5.76167    0.280659
         1.2       10.07     7.80792    0.321764
        1.36        6.48     9.10833    0.457703
        1.52       10.45     8.27167    0.291037
        1.68        9.09     9.32542    0.413008
        1.84        8.29     9.87208    0.389797
           2        4.29     8.46958    0.450496
        2.16          12     8.30292    0.358127
        2.32        7.01       4.405    0.351587
        2.48        7.26     5.53792     0.36033
        2.64        4.33     6.29083    0.294388
         2.8        5.27     5.57667    0.368772
        2.96        2.71     3.68458    0.234049
        3.12        4.52     2.66375    0.226115
        3.28        2.07     2.14792    0.254548
        3.44        1.27     1.45958    0.146862
         3.6        0.73    0.864167    0.145082
        3.76           0       0.285   0.0682138
        3.92           0    0.395833    0.109279
        4.08        0.34    0.369167   0.0720843
        4.24        1.66    0.258333   0.0877945
         4.4           0     0.02125   0.0161623
        4.56           0           0           0
        4.72           0           0           0
        4.88           0           0           0
        5.04           0           0           0
         5.2           0           0           0
        5.36           0           0           0
        5.52           0           0           0
        5.68           0           0           0
        5.84           0           0           0
           6           0           0           0
        6.16           0           0           0
        6.32           0           0           0
        6.48           0           0           0
        6.64           0           0           0
         6.8           0           0           0
        6.96           0           0           0
        7.12           0           0           0
        7.28           0           0           0
        7.44           0           0           0
         7.6           0           0           0
        7.76           0           0           0
        7.92           0           0           0
        0.08           0      0.0168  0.00962862
        0.24           0       0.126   0.0467538
         0.4        0.02      0.8512    0.127875
        0.56         2.5      1.9872    0.185992
        0.72        1.36      1.8188     0.17075
        0.88        1.84      2.2644    0.184248
        1.04        2.79      5.6428    0.293527
         1.2        9.74      7.8852    0.318039
        1.36         8.5       9.084    0.440041
        1.52       10.35      8.3548    0.291027
        1.68        8.77      9.3032    0.397084
        1.84        8.23      9.8064    0.379699
           2        5.25      8.3408    0.450508
        2.16       13.25      8.5008    0.394704
        2.32        7.41      4.5252    0.357481
        2.48           6      5.5564    0.346391
        2.64        5.38      6.2544    0.284858
         2.8        3.11       5.478    0.366983
        2.96        2.85      3.6512    0.227056
        3.12        3.79      2.7088    0.221513
        3.28         3.2        2.19     0.24782
        3.44        0.63      1.4264    0.144688
         3.6        0.99      0.8692    0.139366
        3.76        0.59      0.2972   0.0665673
        3.92        0.31      0.3924    0.104962
        4.08        0.14        0.36   0.0697814
        4.24           1       0.288   0.0891542
         4.4           0      0.0204   0.0155381
        4.56           0           0           0
        4.72           0           0           0
        4.88           0           0           0
        5.04           0           0           0
         5.2           0           0           0
        5.36           0           0           0
        5.52           0           0           0
        5.68           0           0           0
        5.84           0           0           0
           6           0           0           0
        6.16           0           0           0
        6.32           0           0           0
        6.48           0           0           0
        6.64           0           0           0
         6.8           0           0           0
        6.96           0           0           0
        7.12           0           0           0
        7.28           0           0           0
        7.44           0           0           0
         7.6           0           0           0
        7.76           0           0           0
        7.92           0           0           0
        0.08           0   0.0161538  0.00927995
        0.24           0    0.121154   0.0452061
         0.4         1.3    0.868462    0.124117
        0.56        1.47     1.96731    0.179899
        0.72        0.96     1.78577    0.167347
        0.88         3.3     2.30423    0.181416
        1.04        4.82     5.61115    0.283938
         1.2        6.72     7.84038    0.308948
        1.36        7.03       9.005     0.43015
        1.52        10.8     8.44885    0.294638
        1.68        10.2     9.33769    0.383307
        1.84        5.99     9.65962    0.392443
           2        9.79     8.39654    0.436615
        2.16       10.16     8.56462    0.384647
        2.32        9.87     4.73077    0.398478
        2.48        3.34     5.47115    0.343397
        2.64        5.36        6.22    0.275972
         2.8        2.75     5.37308    0.367562
        2.96        1.81     3.58038      0.2291
        3.12        3.78        2.75    0.216791
        3.28        3.92     2.25654     0.24706
        3.44        2.03     1.44962    0.140973
         3.6         0.6    0.858846     0.13439
        3.76        0.64    0.310385   0.0652997
        3.92        0.36    0.391154    0.100933
        4.08           0    0.346154   0.0684574
        4.24           1    0.315385   0.0898326
         4.4           0   0.0196154   0.0149603
        4.56           0           0           0
        4.72           0           0           0
        4.88           0           0           0
        5.04           0           0           0
         5.2           0           0           0
        5.36           0           0           0
        5.52           0           0           0
        5.68           0           0           0
        5.84           0           0           0
           6           0           0           0
        6.16           0           0           0
        6.32           0           0           0
        6.48           0           0           0
        6.64           0           0           0
         6.8           0           0           0
        6.96           0           0           0
        7.12           0           0           0
        7.28           0           0           0
        7.44           0           0           0
         7.6           0           0           0
        7.76           0           0           0
        7.92           0           0           0
        0.08        0.17   0.0218519   0.0105414
        0.24        0.65    0.140741   0.0475863
         0.4        0.18    0.842963    0.122111
        0.56        0.67     1.91926    0.179538
        0.72        2.94     1.82852     0.16652
        0.88        4.01     2.36741    0.185371
        1.04        3.53     5.53407    0.283691
         1.2        7.53     7.82889    0.297719
        1.36        7.42      8.9463    0.418205
        1.52        9.53     8.48889    0.286433
        1.68       13.28      9.4837    0.395945
        1.84        5.75     9.51481    0.403739
           2       10.09     8.45926    0.424925
        2.16        6.35     8.48259    0.379045
        2.32          11     4.96296    0.446271
        2.48        2.96     5.37815    0.343043
        2.64        5.17     6.18111    0.268477
         2.8        1.35     5.22407    0.382961
        2.96        4.04     3.59741    0.221246
        3.12        3.27     2.76926    0.209615
        3.28        4.24        2.33    0.248591
        3.44        1.87     1.46519    0.136609
         3.6           0    0.827037    0.133124
        3.76         0.3        0.31   0.0628823
        3.92         0.7    0.402593   0.0978403
        4.08           0    0.333333   0.0671117
        4.24           1    0.340741   0.0900128
         4.4           0   0.0188889   0.0144239
        4.56           0           0           0
        4.72           0           0           0
        4.88           0           0           0
        5.04           0           0           0
         5.2           0           0           0
        5.36           0           0           0
        5.52           0           0           0
        5.68           0           0           0
        5.84           0           0           0
           6           0           0           0
        6.16           0           0           0
        6.32           0           0           0
        6.48           0           0           0
        6.64           0           0           0
         6.8           0           0           0
        6.96           0           0           0
        7.12           0           0           0
        7.28           0           0           0
        7.44           0           0           0
         7.6           0           0           0
        7.76           0           0           0
        7.92           0           0           0
        0.08        0.45   0.0371429   0.0181326
        0.24        0.55    0.155357   0.0480791
         0.4        0.32    0.824286     0.11917
        0.56        1.71     1.91179    0.173282
        0.72         1.1      1.8025    0.162593
        0.88        4.62     2.44786     0.19543
        1.04        4.97     5.51393    0.274274
         1.2        6.76     7.79071    0.289524
        1.36        6.18      8.8475    0.414775
        1.52        8.08     8.47429    0.276575
        1.68       14.51     9.66321    0.420532
        1.84        4.51     9.33607    0.427058
           2       10.75     8.54107    0.417551
        2.16        7.09     8.43286    0.368756
        2.32        9.76     5.13429    0.462049
        2.48        4.31        5.34    0.332905
        2.64        4.01     6.10357    0.269853
         2.8        4.81     5.20929    0.369569
        2.96        3.14     3.58107    0.213947
        3.12        3.11     2.78143    0.202482
        3.28        3.79     2.38214     0.24512
        3.44        1.47     1.46536    0.131731
         3.6        0.83    0.827143     0.12837
        3.76        0.17       0.305    0.060835
        3.92           0    0.388214   0.0953967
        4.08           0    0.321429   0.0657622
        4.24        0.21    0.336071   0.0869191
         4.4        0.79   0.0464286   0.0304105
        4.56           0           0           0
        4.72           0           0           0
        4.88           0           0           0
        5.04           0           0           0
         5.2           0           0           0
        5.36           0           0           0
        5.52           0           0           0
        5.68           0           0           0
        5.84           0           0           0
           6           0           0           0
        6.16           0           0           0
        6.32           0           0           0
        6.48           0           0           0
        6.64           0           0           0
         6.8           0           0           0
        6.96           0           0           0
        7.12           0           0           0
        7.28           0           0           0
        7.44           0           0           0
         7.6           0           0           0
        7.76           0           0           0
        7.92           0           0           0
        0.08           0   0.0358621   0.0175525
        0.24        0.29        0.16   0.0466449
         0.4        1.71    0.854828     0.11891
        0.56        0.57     1.86552    0.173374
        0.72        1.05     1.77655    0.159043
        0.88        3.66     2.48966    0.193109
        1.04        6.81     5.55862    0.268433
         1.2        7.59     7.78379    0.279623
        1.36         8.7     8.84241    0.400503
        1.52        3.47     8.30172    0.316323
        1.68        9.75     9.66621    0.406042
        1.84       11.66     9.41621    0.419783
           2       10.95     8.62414    0.411332
        2.16        4.09      8.2831     0.38525
        2.32         8.7     5.25724    0.462187
        2.48        4.66     5.31655    0.322251
        2.64         6.1     6.10345    0.260548
         2.8        5.72      5.2269    0.357245
        2.96        3.55        3.58    0.206572
        3.12        1.67      2.7431    0.199094
        3.28         3.8     2.43103    0.241495
        3.44        0.63     1.43655    0.130299
         3.6        1.87    0.863103    0.128882
        3.76           0    0.294483   0.0596394
        3.92           0    0.374828   0.0930416
        4.08           0    0.310345   0.0644218
        4.24           0    0.324483   0.0846909
         4.4           1   0.0793103   0.0436583
        4.56           0           0           0
        4.72           0           0           0
        4.88           0           0           0
        5.04           0           0           0
         5.2           0           0           0
        5.36           0           0           0
        5.52           0           0           0
        5.68           0           0           0
        5.84           0           0           0
           6           0           0           0
        6.16           0           0           0
        6.32           0           0           0
        6.48           0           0           0
        6.64           0           0           0
         6.8           0           0           0
        6.96           0           0           0
        7.12           0           0           0
        7.28           0           0           0
        7.44           0           0           0
         7.6           0           0           0
        7.76           0           0           0
        7.92           0           0           0
        0.08           0   0.0346667   0.0170081
        0.24           0    0.154667   0.0453939
         0.4        1.54    0.877667    0.117119
        0.56        1.86     1.86533    0.167595
        0.72        3.12     1.82133    0.159922
        0.88        1.46     2.45533    0.189697
        1.04        5.27       5.549    0.259657
         1.2        8.71     7.81467    0.272001
        1.36        3.69     8.67067    0.422376
        1.52        8.12     8.29567    0.305837
        1.68        7.53       9.595    0.398702
        1.84       12.56       9.521    0.418666
           2       11.32       8.714    0.407319
        2.16        5.96     8.20567    0.380112
        2.32        7.24     5.32333    0.451481
        2.48        7.01       5.373    0.316414
        2.64        5.63     6.08767     0.25234
         2.8        4.98     5.21867    0.345431
        2.96        3.63     3.58167    0.199693
        3.12        1.37     2.69733    0.197648
        3.28           4     2.48333    0.239041
        3.44           0     1.38867    0.134467
         3.6           2       0.901    0.130038
        3.76           0    0.284667   0.0584537
        3.92           0    0.362333   0.0907753
        4.08           0         0.3   0.0630996
        4.24        0.76       0.339   0.0831028
         4.4        0.24   0.0846667   0.0425303
        4.56           0           0           0
        4.72           0           0           0
        4.88           0           0           0
        5.04           0           0           0
         5.2           0           0           0
        5.36           0           0           0
        5.52           0           0           0
        5.68           0           0           0
        5.84           0           0           0
           6           0           0           0
        6.16           0           0           0
        6.32           0           0           0
        6.48           0           0           0
        6.64           0           0           0
         6.8           0           0           0
        6.96           0           0           0
        7.12           0           0           0
        7.28           0           0           0
        7.44           0           0           0
         7.6           0           0           0
        7.76           0           0           0
        7.92           0           0           0
        0.08           0   0.0335484   0.0164961
        0.24        0.79    0.175161   0.0483352
         0.4        0.92    0.879032    0.113349
        0.56        3.78      1.9271    0.173196
        0.72        0.51     1.77903     0.16026
        0.88        2.36     2.45226    0.183603
        1.04        7.59     5.61484    0.259494
         1.2        4.68     7.71355    0.281396
        1.36        5.36     8.56387    0.422036
        1.52        7.41      8.2671    0.297303
        1.68        7.84     9.53839    0.389839
        1.84       10.38     9.54871    0.406076
           2       10.42     8.76903     0.39788
        2.16        8.35     8.21032    0.367878
        2.32        8.28     5.41871    0.446878
        2.48        4.92     5.35839    0.306545
        2.64        7.94     6.14742    0.251175
         2.8        3.47     5.16226    0.338863
        2.96        4.28     3.60419    0.194518
        3.12        2.26     2.68323    0.191775
        3.28        3.46     2.51484    0.233397
        3.44           0     1.34387    0.137389
         3.6           2    0.936452    0.130586
        3.76           0    0.275484   0.0572848
        3.92           0    0.350645   0.0885963
        4.08           0    0.290323   0.0618017
        4.24           1    0.360323   0.0831126
         4.4           0   0.0819355    0.041246
        4.56           0           0           0
        4.72           0           0           0
        4.88           0           0           0
        5.04           0           0           0
         5.2           0           0           0
        5.36           0           0           0
        5.52           0           0           0
        5.68           0           0           0
        5.84           0           0           0
           6           0           0           0
        6.16           0           0           0
        6.32           0           0           0
        6.48           0           0           0
        6.64           0           0           0
         6.8           0           0           0
        6.96           0           0           0
        7.12           0           0           0
        7.28           0           0           0
        7.44           0           0           0
         7.6           0           0           0
        7.76           0           0           0
        7.92           0           0           0
        0.08           0      0.0325   0.0160139
        0.24         1.7    0.222812   0.0662739
         0.4        0.46    0.865938     0.11056
        0.56        2.22     1.93625    0.168025
        0.72        2.26     1.79406    0.155955
        0.88        5.02      2.5325    0.194611
        1.04        5.11     5.59906    0.251864
         1.2        4.98     7.62812    0.285273
        1.36         4.9     8.44937    0.424094
        1.52        9.18     8.29563    0.289377
        1.68           6     9.42781    0.393026
        1.84       11.12     9.59781    0.396344
           2        8.76     8.76875    0.385446
        2.16        7.44     8.18625    0.357169
        2.32        8.61     5.51844    0.443902
        2.48        3.44     5.29844     0.30277
        2.64        7.94     6.20344    0.249495
         2.8        4.89     5.15375     0.32838
        2.96        5.77     3.67188    0.199867
        3.12         1.2     2.63688    0.191302
        3.28        2.54     2.51562    0.226104
        3.44        1.46      1.3475    0.133143
         3.6         1.6    0.957188    0.128141
        3.76         0.4    0.279375   0.0556266
        3.92           0    0.339687   0.0865027
        4.08           0     0.28125   0.0605327
        4.24           1    0.380312   0.0828844
         4.4           0    0.079375   0.0400365
        4.56           0           0           0
        4.72           0           0           0
        4.88           0           0           0
        5.04           0           0           0
         5.2           0           0           0
        5.36           0           0           0
        5.52           0           0           0
        5.68           0           0           0
        5.84           0           0           0
           6           0           0           0
        6.16           0           0           0
        6.32           0           0           0
        6.48           0           0           0
        6.64           0           0           0
         6.8           0           0           0
        6.96           0           0           0
        7.12           0           0           0
        7.28           0           0           0
        7.44           0           0           0
         7.6           0           0           0
        7.76           0           0           0
        7.92           0           0           0
        0.08           0   0.0315152   0.0155589
        0.24        1.59    0.264242   0.0761216
         0.4        0.41    0.852121     0.10807
        0.56        1.98     1.93758    0.162938
        0.72        2.19     1.80606     0.15169
        0.88        4.69     2.59788    0.199394
        1.04        6.08     5.61364    0.244653
         1.2        2.57     7.47485    0.315127
        1.36        8.04     8.43697    0.411424
        1.52        7.67     8.27667    0.281229
        1.68        5.66     9.31364    0.397354
        1.84        9.74     9.60212    0.384357
           2        9.55     8.79242    0.374492
        2.16       10.12     8.24485     0.35112
        2.32         6.5     5.54818    0.431445
        2.48        4.47     5.27333    0.294635
        2.64        7.84     6.25303    0.246814
         2.8        4.15     5.12333    0.319835
        2.96        5.56     3.72909    0.201834
        3.12        2.28     2.62606     0.18581
        3.28        1.69     2.49061    0.220633
        3.44        1.74     1.35939    0.129639
         3.6        1.48     0.97303    0.125234
        3.76           1    0.301212   0.0580693
        3.92           0    0.329394   0.0844916
        4.08           0    0.272727   0.0592953
        4.24           1    0.399091   0.0824725
         4.4           0   0.0769697   0.0388954
        4.56           0           0           0
        4.72           0           0           0
        4.88           0           0           0
        5.04           0           0           0
         5.2           0           0           0
        5.36           0           0           0
        5.52           0           0           0
        5.68           0           0           0
        5.84           0           0           0
           6           0           0           0
        6.16           0           0           0
        6.32           0           0           0
        6.48           0           0           0
        6.64           0           0           0
         6.8           0           0           0
        6.96           0           0           0
        7.12           0           0           0
        7.28           0           0           0
        7.44           0           0           0
         7.6           0           0           0
        7.76           0           0           0
        7.92           0           0           0
        0.08           0   0.0305882   0.0151289
        0.24           0    0.256471   0.0742784
         0.4        1.28    0.864706    0.105622
        0.56        1.91     1.93676    0.158148
        0.72        2.61     1.82971     0.14906
        0.88        3.82     2.63382    0.196743
        1.04        4.54     5.58206    0.239486
         1.2        6.73     7.45294    0.306619
        1.36        6.41     8.37735     0.40362
        1.52        7.52     8.25441    0.273836
        1.68        3.18     9.13324    0.424649
        1.84        7.66       9.545    0.377273
           2        9.77     8.82118     0.36458
        2.16        8.95     8.26559    0.341405
        2.32        10.1     5.68206    0.439036
        2.48        6.08     5.29706    0.286922
        2.64        8.29     6.31294    0.246719
         2.8        6.95     5.17706    0.314908
        2.96        3.94     3.73529    0.195993
        3.12        2.26     2.61529    0.180657
        3.28           1     2.44676    0.218456
        3.44           1     1.34882    0.126256
         3.6        2.13     1.00706    0.126089
        3.76        0.87    0.317941   0.0587216
        3.92           0    0.319706   0.0825601
        4.08           0    0.264706   0.0580914
        4.24           1    0.416765   0.0819187
         4.4           0   0.0747059   0.0378173
        4.56           0           0           0
        4.72           0           0           0
        4.88           0           0           0
        5.04           0           0           0
         5.2           0           0           0
        5.36           0           0           0
        5.52           0           0           0
        5.68           0           0           0
        5.84           0           0           0
           6           0           0           0
        6.16           0           0           0
        6.32           0           0           0
        6.48           0           0           0
        6.64           0           0           0
         6.8           0           0           0
        6.96           0           0           0
        7.12           0           0           0
        7.28           0           0           0
        7.44           0           0           0
         7.6           0           0           0
        7.76           0           0           0
        7.92           0           0           0
        0.08           0   0.0297143   0.0147218
        0.24           0    0.249143   0.0725167
         0.4        1.61       0.886    0.104728
        0.56        0.84     1.90543    0.156703
        0.72        1.55     1.82171    0.145015
        0.88        3.65     2.66286    0.193252
        1.04        4.79     5.55943    0.233711
         1.2        7.04     7.44114    0.298086
        1.36        6.55     8.32514     0.39545
        1.52        6.94     8.21686    0.268575
        1.68        5.13     9.01886    0.427643
        1.84       10.42        9.57    0.367321
           2        7.46     8.78229    0.356232
        2.16        7.04     8.23057    0.333441
        2.32        7.37     5.73029    0.429132
        2.48        9.71     5.42314    0.305173
        2.64        8.52       6.376    0.247597
         2.8        5.61     5.18943    0.306153
        2.96        4.47     3.75629    0.191514
        3.12        3.02     2.62686    0.175865
        3.28        1.28     2.41343    0.214743
        3.44           1     1.33886    0.123042
         3.6           2     1.03543    0.125637
        3.76        0.36    0.319143   0.0570562
        3.92        0.64    0.328857   0.0807068
        4.08           0    0.257143   0.0569218
        4.24           1    0.433429   0.0812554
         4.4           0   0.0725714   0.0367969
        4.56           0           0           0
        4.72           0           0           0
        4.88           0           0           0
        5.04           0           0           0
         5.2           0           0           0
        5.36           0           0           0
        5.52           0           0           0
        5.68           0           0           0
        5.84           0           0           0
           6           0           0           0
        6.16           0           0           0
        6.32           0           0           0
        6.48           0           0           0
        6.64           0           0           0
         6.8           0           0           0
        6.96           0           0           0
        7.12           0           0           0
        7.28           0           0           0
        7.44           0           0           0
         7.6           0           0           0
        7.76           0           0           0
        7.92           0           0           0
        0.08           0   0.0288889    0.014336
        0.24        0.61    0.259167   0.0711918
         0.4        1.39         0.9    0.102751
        0.56        0.47     1.86556    0.157342
        0.72        1.53     1.81361    0.141213
        0.88        2.63     2.66194    0.187886
        1.04        4.78     5.53778    0.228219
         1.2        5.69      7.3925    0.293748
        1.36        5.33     8.24194     0.39312
        1.52         7.4     8.19417    0.262072
        1.68        7.79     8.98472    0.417124
        1.84       11.08     9.61194    0.359505
           2        6.19     8.71028    0.353539
        2.16        6.97     8.19556    0.326012
        2.32        7.97      5.7925    0.421698
        2.48        9.75     5.54333    0.319488
        2.64        9.15     6.45306    0.252425
         2.8        6.37     5.22222      0.2994
        2.96        2.57     3.72333    0.189008
        3.12         2.9     2.63444    0.171143
        3.28        1.76     2.39528    0.209543
        3.44        1.32     1.33833    0.119625
         3.6        2.35     1.07194    0.127343
        3.76           0    0.310278   0.0561558
        3.92        0.26    0.326944   0.0784877
        4.08        0.74    0.270556    0.056899
        4.24           1    0.449167    0.080508
         4.4           0   0.0705556     0.03583
        4.56           0           0           0
        4.72           0           0           0
        4.88           0           0           0
        5.04           0           0           0
         5.2           0           0           0
        5.36           0           0           0
        5.52           0           0           0
        5.68           0           0           0
        5.84           0           0           0
           6           0           0           0
        6.16           0           0           0
        6.32           0           0           0
        6.48           0           0           0
        6.64           0           0           0
         6.8           0           0           0
        6.96           0           0           0
        7.12           0           0           0
        7.28           0           0           0
        7.44           0           0           0
         7.6           0           0           0
        7.76           0           0           0
        7.92           0           0           0
        0.08           0   0.0281081   0.0139698
        0.24           0    0.252162   0.0696114
         0.4        1.79    0.924054    0.102751
        0.56        0.93     1.84027    0.155108
        0.72        1.69     1.81027    0.137436
        0.88        3.52     2.68514    0.184233
        1.04        5.93     5.54838    0.222297
         1.2        2.61     7.26324    0.312957
        1.36        6.65     8.19892    0.384843
        1.52       10.26        8.25    0.260868
        1.68        5.01      8.8773    0.419455
        1.84        4.74     9.48027    0.373124
           2        7.59        8.68    0.345278
        2.16           9      8.2173    0.317925
        2.32        9.28     5.88676    0.420703
        2.48        5.26     5.53568    0.310945
        2.64        7.41     6.47892    0.246924
         2.8       13.42     5.44378    0.364175
        2.96        2.95     3.70243    0.185052
        3.12        2.19     2.62243    0.166939
        3.28        0.94     2.35595    0.207539
        3.44        1.34     1.33838    0.116392
         3.6        3.27     1.13135     0.13706
        3.76        0.41    0.312973   0.0547027
        3.92        0.69    0.336757   0.0769773
        4.08        0.12    0.266486   0.0555065
        4.24           1    0.464054   0.0796967
         4.4           0   0.0686486   0.0349123
        4.56           0           0           0
        4.72           0           0           0
        4.88           0           0           0
        5.04           0           0           0
         5.2           0           0           0
        5.36           0           0           0
        5.52           0           0           0
        5.68           0           0           0
        5.84           0           0           0
           6           0           0           0
        6.16           0           0           0
        6.32           0           0           0
        6.48           0           0           0
        6.64           0           0           0
         6.8           0           0           0
        6.96           0           0           0
        7.12           0           0           0
        7.28           0           0           0
        7.44           0           0           0
         7.6           0           0           0
        7.76           0           0           0
        7.92           0           0           0
        0.08           0   0.0273684   0.0136217
        0.24        0.38    0.255526   0.0678608
         0.4        1.24    0.932368    0.100383
        0.56        1.43     1.82947    0.151401
        0.72        1.95     1.81395    0.133869
        0.88        1.25     2.64737    0.183215
        1.04        8.56     5.62763    0.230142
         1.2        5.17     7.20816    0.309532
        1.36        6.24     8.14737    0.378152
        1.52        6.89     8.21421    0.256447
        1.68        7.92     8.85211    0.409173
        1.84        7.39     9.42526    0.367337
           2         3.2     8.53579    0.365068
        2.16        7.73     8.20447    0.309817
        2.32        8.52     5.95605    0.415299
        2.48         7.4     5.58474    0.306609
        2.64        6.37     6.47605    0.240443
         2.8        7.83     5.50658    0.359965
        2.96        5.36     3.74605    0.185252
        3.12        3.97     2.65789     0.16627
        3.28        1.82     2.34184    0.202556
        3.44         2.7     1.37421    0.118716
         3.6        2.62     1.17053    0.138939
        3.76        0.33    0.313421    0.053265
        3.92        0.73    0.347105    0.075644
        4.08           0    0.259474    0.054487
        4.24        0.68    0.469737   0.0778018
         4.4        0.32   0.0752632   0.0346145
        4.56           0           0           0
        4.72           0           0           0
        4.88           0           0           0
        5.04           0           0           0
         5.2           0           0           0
        5.36           0           0           0
        5.52           0           0           0
        5.68           0           0           0
        5.84           0           0           0
           6           0           0           0
        6.16           0           0           0
        6.32           0           0           0
        6.48           0           0           0
        6.64           0           0           0
         6.8           0           0           0
        6.96           0           0           0
        7.12           0           0           0
        7.28           0           0           0
        7.44           0           0           0
         7.6           0           0           0
        7.76           0           0           0
        7.92           0           0           0
        0.08           0   0.0266667   0.0132905
        0.24        1.55    0.288718   0.0737929
         0.4        0.95    0.932821   0.0978096
        0.56        2.52     1.84718    0.148551
        0.72        1.46     1.80487    0.130744
        0.88        2.08     2.63282    0.179094
        1.04        7.85     5.68462    0.231188
         1.2        5.03     7.15231    0.306592
        1.36        6.76     8.11179    0.370125
        1.52        7.25     8.18949     0.25106
        1.68        5.04     8.75436     0.41019
        1.84        8.14     9.39231    0.359393
           2        6.08     8.47282    0.361097
        2.16        3.99     8.09641    0.320165
        2.32        6.97     5.98205    0.405464
        2.48         7.8     5.64154    0.303963
        2.64         6.1     6.46641    0.234471
         2.8        7.92     5.56846    0.356014
        2.96        3.35      3.7359     0.18078
        3.12        3.93     2.69051    0.165175
        3.28         3.2     2.36385    0.198553
        3.44        3.83     1.43718    0.131315
         3.6        2.22     1.19744    0.137958
        3.76        2.81    0.377436   0.0817701
        3.92        0.17    0.342564   0.0738406
        4.08           0    0.252821   0.0534945
        4.24           0    0.457692   0.0767335
         4.4           1   0.0989744   0.0410525
        4.56           0           0           0
        4.72           0           0           0
        4.88           0           0           0
        5.04           0           0           0
         5.2           0           0           0
        5.36           0           0           0
        5.52           0           0           0
        5.68           0           0           0
        5.84           0           0           0
           6           0           0           0
        6.16           0           0           0
        6.32           0           0           0
        6.48           0           0           0
        6.64           0           0           0
         6.8           0           0           0
        6.96           0           0           0
        7.12           0           0           0
        7.28           0           0           0
        7.44           0           0           0
         7.6           0           0           0
        7.76           0           0           0
        7.92           0           0           0
        0.08        0.62      0.0415   0.0195562
        0.24        0.86       0.303   0.0733171
         0.4        2.05     0.96075    0.099272
        0.56        1.48       1.838     0.14512
        0.72        1.91      1.8075    0.127501
        0.88        4.42      2.6775    0.180104
        1.04        6.64      5.7085    0.226639
         1.2        2.76      7.0425    0.317984
        1.36        7.06      8.0855    0.361805
        1.52        5.83      8.1305    0.251618
        1.68        7.23     8.71625    0.401702
        1.84        6.76      9.3265    0.356383
           2        6.23     8.41675    0.356396
        2.16        2.79     7.96375    0.338531
        2.32        7.66       6.024    0.397491
        2.48         9.8      5.7455    0.313639
        2.64        5.16     6.43375    0.230873
         2.8        5.18     5.55875    0.347246
        2.96         5.8      3.7875    0.183477
        3.12        2.52     2.68625      0.1611
        3.28        5.47      2.4415    0.208222
        3.44        2.58     1.46575    0.131103
         3.6        2.66       1.234     0.13927
        3.76        2.62      0.4335   0.0970609
        3.92        0.84       0.355   0.0730342
        4.08        0.07     0.24825    0.052352
        4.24           0     0.44625   0.0756635
         4.4        0.71     0.11425    0.042774
        4.56        0.29     0.00725   0.0071588
        4.72           0           0           0
        4.88           0           0           0
        5.04           0           0           0
         5.2           0           0           0
        5.36           0           0           0
        5.52           0           0           0
        5.68           0           0           0
        5.84           0           0           0
           6           0           0           0
        6.16           0           0           0
        6.32           0           0           0
        6.48           0           0           0
        6.64           0           0           0
         6.8           0           0           0
        6.96           0           0           0
        7.12           0           0           0
        7.28           0           0           0
        7.44           0           0           0
         7.6           0           0           0
        7.76           0           0           0
        7.92           0           0           0
        0.08        0.72   0.0580488   0.0251237
        0.24        1.26    0.326341   0.0751526
         0.4        2.94     1.00902    0.107952
        0.56        0.49     1.80512    0.145257
        0.72        0.78     1.78244    0.126831
        0.88        3.69      2.7022    0.177396
        1.04        4.42     5.67707    0.223279
         1.2        4.41     6.97829    0.316644
        1.36        6.84     8.05512    0.354254
        1.52        7.03     8.10366    0.246908
        1.68        8.29     8.70585    0.392039
        1.84         6.7     9.26244    0.353401
           2        5.45     8.34439    0.354973
        2.16        6.42      7.9261    0.332362
        2.32        8.55     6.08561    0.392542
        2.48        4.82     5.72293      0.3068
        2.64        3.98      6.3739    0.232869
         2.8        6.55     5.58293    0.339618
        2.96        6.09     3.84366      0.1874
        3.12        2.16     2.67341    0.157682
        3.28        3.68     2.47171    0.205323
        3.44        4.76      1.5461    0.150526
         3.6        3.87     1.29829    0.149981
        3.76        1.11        0.45   0.0960858
        3.92        1.52    0.383415   0.0765812
        4.08        0.74    0.260244   0.0524311
        4.24        0.06    0.436829   0.0744022
         4.4        0.07    0.113171   0.0417443
        4.56        0.43    0.017561   0.0123492
        4.72        0.17  0.00414634  0.00409546
        4.88           0           0           0
        5.04           0           0           0
         5.2           0           0           0
        5.36           0           0           0
        5.52           0           0           0
        5.68           0           0           0
        5.84           0           0           0
           6           0           0           0
        6.16           0           0           0
        6.32           0           0           0
        6.48           0           0           0
        6.64           0           0           0
         6.8           0           0           0
        6.96           0           0           0
        7.12           0           0           0
        7.28           0           0           0
        7.44           0           0           0
         7.6           0           0           0
        7.76           0           0           0
        7.92           0           0           0
        0.08        0.02   0.0571429   0.0245418
        0.24         1.6    0.356667   0.0792458
         0.4         2.5     1.04452    0.111065
        0.56        1.79     1.80476    0.141799
        0.72        1.36     1.77238    0.124209
        0.88        2.73     2.70286    0.173173
        1.04        1.39       5.575    0.240164
         1.2        6.37     6.96381    0.309436
        1.36        7.47     8.04119    0.346093
        1.52        4.38       8.015    0.256453
        1.68        5.84     8.63762    0.388597
        1.84        9.59     9.27024    0.345073
           2        7.12     8.31524    0.347716
        2.16        7.14     7.90738    0.324975
        2.32        7.52     6.11976    0.384678
        2.48        5.12     5.70857    0.299831
        2.64         3.8     6.31262    0.235251
         2.8        5.35     5.57738    0.331577
        2.96        5.56     3.88452    0.187341
        3.12        3.44     2.69167     0.15498
        3.28        4.96     2.53095    0.208807
        3.44         5.2      1.6331    0.170236
         3.6        3.39      1.3481    0.154457
        3.76        1.65    0.478571   0.0979539
        3.92        0.82     0.39381     0.07546
        4.08        0.94    0.276429   0.0536225
        4.24        0.38    0.435476    0.072643
         4.4        0.08    0.112381   0.0407579
        4.56        0.08   0.0190476   0.0121443
        4.72        0.09  0.00619048  0.00447913
        4.88        0.14  0.00333333  0.00329341
        5.04        0.18  0.00428571  0.00423439
         5.2           0           0           0
        5.36           0           0           0
        5.52           0           0           0
        5.68           0           0           0
        5.84           0           0           0
           6           0           0           0
        6.16           0           0           0
        6.32           0           0           0
        6.48           0           0           0
        6.64           0           0           0
         6.8           0           0           0
        6.96           0           0           0
        7.12           0           0           0
        7.28           0           0           0
        7.44           0           0           0
         7.6           0           0           0
        7.76           0           0           0
        7.92           0           0           0
        0.08           0    0.055814    0.024007
        0.24           0    0.348372   0.0778357
         0.4        2.31     1.07395    0.112314
        0.56        1.64     1.80093    0.138553
        0.72        1.67        1.77    0.121343
        0.88         2.4     2.69581    0.169289
        1.04        3.24      5.5207    0.240639
         1.2        3.63     6.88628    0.311802
        1.36        5.16     7.97419    0.344469
        1.52        7.16     7.99512    0.251259
        1.68        7.08      8.6014    0.381245
        1.84        8.93     9.26233    0.337139
           2        7.77     8.30256    0.339861
        2.16        6.99     7.88605    0.318117
        2.32        6.56        6.13    0.375869
        2.48        6.19     5.71977    0.293067
        2.64        4.73     6.27581    0.232641
         2.8        6.11     5.58977    0.324097
        2.96         4.1     3.88953    0.183051
        3.12        4.08     2.72395    0.154702
        3.28        4.03     2.56581     0.20684
        3.44        3.42     1.67465    0.171274
         3.6        3.82     1.40558    0.161208
        3.76        1.86    0.510698    0.100807
        3.92        1.63    0.422558   0.0789918
        4.08        1.14    0.296512   0.0560102
        4.24        1.49        0.46    0.074979
         4.4        0.09     0.11186   0.0398133
        4.56        0.03   0.0193023   0.0118645
        4.72        0.03  0.00674419  0.00440906
        4.88        0.03  0.00395349  0.00327469
        5.04        0.06   0.0055814  0.00432961
         5.2        0.15  0.00348837  0.00344757
        5.36        0.47   0.0109302   0.0108024
        5.52           0           0           0
        5.68           0           0           0
        5.84           0           0           0
           6           0           0           0
        6.16           0           0           0
        6.32           0           0           0
        6.48           0           0           0
        6.64           0           0           0
         6.8           0           0           0
        6.96           0           0           0
        7.12           0           0           0
        7.28           0           0           0
        7.44           0           0           0
         7.6           0           0           0
        7.76           0           0           0
        7.92           0           0           0
        0.08           0   0.0545455   0.0234949
        0.24        0.97      0.3625   0.0773383
         0.4        0.28     1.05591    0.111201
        0.56        1.76         1.8    0.135408
        0.72         2.2     1.77977    0.118978
        0.88        3.06     2.70409    0.165644
        1.04        2.05     5.44182    0.247761
         1.2        3.12     6.80068    0.316246
        1.36        3.18     7.86523    0.353453
        1.52           9     8.01795    0.246584
        1.68        6.27     8.54841    0.376244
        1.84        7.28     9.21727    0.332473
           2        9.83     8.33727    0.333905
        2.16        3.86     7.79455    0.323779
        2.32        8.08     6.17432     0.36993
        2.48        6.29     5.73273    0.286693
        2.64        9.03     6.33841    0.235624
         2.8        4.01     5.55386    0.318714
        2.96        6.16     3.94114    0.186022
        3.12        5.52      2.7875    0.163718
        3.28        4.54     2.61068    0.206949
        3.44        1.74     1.67614    0.167388
         3.6        1.82       1.415    0.157819
        3.76        3.09    0.569318    0.114296
        3.92        0.82    0.431591   0.0777113
        4.08        0.29    0.296364   0.0547374
        4.24        1.57    0.485227   0.0774026
         4.4        1.61    0.145909   0.0514474
        4.56        0.15   0.0222727    0.011961
        4.72        0.12  0.00931818  0.00500411
        4.88        0.07  0.00545455  0.00352756
        5.04         0.1  0.00772727  0.00473321
         5.2        0.13  0.00636364  0.00440805
        5.36           0   0.0106818   0.0105597
        5.52           0           0           0
        5.68           0           0           0
        5.84           0           0           0
           6           0           0           0
        6.16           0           0           0
        6.32           0           0           0
        6.48           0           0           0
        6.64           0           0           0
         6.8           0           0           0
        6.96           0           0           0
        7.12           0           0           0
        7.28           0           0           0
        7.44           0           0           0
         7.6           0           0           0
        7.76           0           0           0
        7.92           0           0           0
        0.08           0   0.0533333    0.023004
        0.24        0.53    0.366222   0.0757092
         0.4        0.47     1.04289     0.10949
        0.56        0.07     1.76156    0.137748
        0.72        1.65     1.77689    0.116369
        0.88        1.72     2.68222      0.1634
        1.04        2.77     5.38244    0.249268
         1.2         4.8     6.75622    0.312328
        1.36        6.35     7.83156    0.347198
        1.52        5.74     7.96733    0.246246
        1.68        7.45       8.524    0.368674
        1.84        6.85     9.16467     0.32922
           2       11.04     8.39733    0.331843
        2.16        7.38     7.78533    0.316715
        2.32        6.55     6.18267    0.361803
        2.48        4.68     5.70933    0.281275
        2.64        8.39       6.384    0.234757
         2.8        4.83     5.53778    0.312037
        2.96        3.92     3.94067    0.181888
        3.12        4.83     2.83289    0.166253
        3.28         6.3     2.69267    0.217985
        3.44        2.42     1.69267    0.164482
         3.6        1.41     1.41489    0.154312
        3.76        0.97    0.578222    0.112102
        3.92        2.02    0.466889   0.0836175
        4.08         0.7    0.305333    0.054251
        4.24        0.59    0.487556   0.0757176
         4.4        1.24    0.170222   0.0557539
        4.56        0.16   0.0253333   0.0120804
        4.72        1.09   0.0333333   0.0242457
        4.88        0.41   0.0144444  0.00953515
        5.04        0.67   0.0224444   0.0152709
         5.2           0  0.00622222  0.00431236
        5.36           0   0.0104444   0.0103277
        5.52           0           0           0
        5.68           0           0           0
        5.84           0           0           0
           6           0           0           0
        6.16           0           0           0
        6.32           0           0           0
        6.48           0           0           0
        6.64           0           0           0
         6.8           0           0           0
        6.96           0           0           0
        7.12           0           0           0
        7.28           0           0           0
        7.44           0           0           0
         7.6           0           0           0
        7.76           0           0           0
        7.92           0           0           0
        0.08        0.05   0.0532609   0.0225041
        0.24        0.07    0.359783   0.0743367
         0.4        0.43     1.02957    0.107917
        0.56        0.66     1.73761    0.136819
        0.72        0.94      1.7587    0.115253
        0.88        2.06      2.6687    0.160407
        1.04        2.48     5.31935    0.251708
         1.2        3.38     6.68283    0.314044
        1.36        5.97     7.79109    0.342001
        1.52        3.82     7.87717    0.256868
        1.68        9.31     8.54109    0.361055
        1.84       10.26     9.18848    0.322923
           2        6.88     8.36435    0.326264
        2.16        6.97     7.76761    0.310325
        2.32        6.58      6.1913    0.354041
        2.48        6.05     5.71674    0.275258
        2.64        5.13     6.35674    0.231231
         2.8        7.47     5.57978    0.308068
        2.96        3.53     3.93174    0.178153
        3.12        7.21     2.92804    0.187907
        3.28        5.92     2.76283    0.224253
        3.44        3.68     1.73587    0.166484
         3.6        1.31     1.41261    0.150975
        3.76        2.13    0.611957    0.114629
        3.92           2    0.500217    0.088192
        4.08        1.82    0.338261   0.0622676
        4.24        0.77    0.493696   0.0743201
         4.4        0.58     0.17913   0.0552489
        4.56        0.25   0.0302174    0.012767
        4.72        0.08   0.0343478   0.0237398
        4.88        0.12   0.0167391  0.00960001
        5.04        0.09    0.023913   0.0150094
         5.2           0  0.00608696  0.00422073
        5.36           0   0.0102174   0.0101057
        5.52           0           0           0
        5.68           0           0           0
        5.84           0           0           0
           6           0           0           0
        6.16           0           0           0
        6.32           0           0           0
        6.48           0           0           0
        6.64           0           0           0
         6.8           0           0           0
        6.96           0           0           0
        7.12           0           0           0
        7.28           0           0           0
        7.44           0           0           0
         7.6           0           0           0
        7.76           0           0           0
        7.92           0           0           0
        0.08           0   0.0521277   0.0220538
        0.24           0    0.352128   0.0731481
         0.4         0.4     1.01617    0.106449
        0.56        0.48     1.71085      0.1365
        0.72        0.19     1.72532    0.117534
        0.88        1.41     2.64191    0.159214
        1.04        1.58     5.23979    0.258621
         1.2        3.15     6.60766     0.31623
        1.36        4.67     7.72468     0.34111
        1.52        4.09      7.7966    0.263739
        1.68        4.52     8.45553    0.363368
        1.84       10.01     9.20596    0.316525
           2        7.54     8.34681    0.319793
        2.16        7.39     7.75957    0.303827
        2.32        7.03     6.20915    0.346958
        2.48       10.09     5.80979    0.284694
        2.64        6.89     6.36809     0.22659
         2.8        5.78     5.58404    0.301542
        2.96        5.95     3.97468    0.179463
        3.12        9.57     3.06936    0.231016
        3.28        7.98     2.87383    0.245422
        3.44        4.08     1.78574    0.170249
         3.6        1.38     1.41191    0.147764
        3.76        1.11    0.622553    0.112679
        3.92        1.22    0.515532   0.0876352
        4.08         0.4    0.339574   0.0609566
        4.24        0.55    0.494894   0.0727485
         4.4        0.16    0.178723   0.0540749
        4.56        0.38   0.0376596   0.0145031
        4.72           0    0.033617   0.0232459
        4.88           0    0.016383  0.00940236
        5.04           0   0.0234043   0.0146987
         5.2           0  0.00595745  0.00413292
        5.36           0        0.01  0.00989305
        5.52           0           0           0
        5.68           0           0           0
        5.84           0           0           0
           6           0           0           0
        6.16           0           0           0
        6.32           0           0           0
        6.48           0           0           0
        6.64           0           0           0
         6.8           0           0           0
        6.96           0           0           0
        7.12           0           0           0
        7.28           0           0           0
        7.44           0           0           0
         7.6           0           0           0
        7.76           0           0           0
        7.92           0           0           0
        0.08           0   0.0510417    0.021621
        0.24        0.03    0.345417   0.0719314
         0.4        0.64     1.00833     0.10452
        0.56         0.5     1.68563    0.135967
        0.72        0.53     1.70042    0.117694
        0.88        0.43     2.59583    0.162429
        1.04        0.31     5.13708    0.272865
         1.2        0.37     6.47771    0.335281
        1.36        1.64     7.59792    0.356782
        1.52        3.84     7.71417    0.270819
        1.68        5.04     8.38438    0.362698
        1.84        4.54     9.10875    0.324514
           2        8.99     8.36021    0.313412
        2.16        6.93     7.74229    0.297988
        2.32        8.28     6.25229    0.342401
        2.48       13.47     5.96938    0.320385
        2.64       12.88     6.50375    0.259321
         2.8        9.46     5.66479    0.305881
        2.96        9.82     4.09646    0.213073
        3.12       11.24     3.23958    0.282028
        3.28        7.22     2.96437    0.256468
        3.44        1.29     1.77542    0.167015
         3.6         0.1     1.38458    0.147192
        3.76        0.08     0.61125    0.110897
        3.92        0.13      0.5075   0.0861768
        4.08        0.24      0.3375   0.0597219
        4.24           0    0.484583   0.0719598
         4.4           0       0.175   0.0530764
        4.56           0    0.036875   0.0142222
        4.72           0   0.0329167   0.0227722
        4.88           0   0.0160417  0.00921267
        5.04           0   0.0229167   0.0144005
         5.2           0  0.00583333  0.00404868
        5.36           0  0.00979167  0.00968913
        5.52           0           0           0
        5.68           0           0           0
        5.84           0           0           0
           6           0           0           0
        6.16           0           0           0
        6.32           0           0           0
        6.48           0           0           0
        6.64           0           0           0
         6.8           0           0           0
        6.96           0           0           0
        7.12           0           0           0
        7.28           0           0           0
        7.44           0           0           0
         7.6           0           0           0
        7.76           0           0           0
        7.92           0           0           0
        0.08           0        0.05   0.0212049
        0.24        0.04    0.339184    0.070733
         0.4        0.06     0.98898    0.104163
        0.56        0.18      1.6549     0.13662
        0.72        0.18     1.66939    0.119312
        0.88        0.17     2.54633    0.166488
        1.04        0.19     5.03612    0.285364
         1.2        0.29     6.35143    0.351416
        1.36        0.67     7.45653    0.376474
        1.52        1.02     7.57755    0.297763
        1.68        3.21     8.27878     0.37035
        1.84        8.31     9.09245    0.318301
           2         9.7     8.38755    0.308206
        2.16        9.76     7.78347    0.294738
        2.32       15.16     6.43408    0.380625
        2.48       17.59     6.20653    0.391911
        2.64       16.24     6.70245    0.321257
         2.8       14.31     5.84122    0.346809
        2.96        7.82     4.17245    0.221862
        3.12        2.91     3.23286    0.276352
        3.28        0.19     2.90776    0.257408
        3.44           0     1.73918     0.16749
         3.6           0     1.35633    0.146875
        3.76           0    0.598776    0.109333
        3.92           0    0.497143   0.0850381
        4.08           0    0.330612    0.058899
        4.24           0    0.474694   0.0711675
         4.4           0    0.171429   0.0521132
        4.56           0   0.0361224   0.0139518
        4.72           0   0.0322449   0.0223174
        4.88           0   0.0157143  0.00903047
        5.04           0    0.022449   0.0141142
         5.2           0  0.00571429   0.0039678
        5.36           0  0.00959184  0.00949346
        5.52           0           0           0
        5.68           0           0           0
        5.84           0           0           0
           6           0           0           0
        6.16           0           0           0
        6.32           0           0           0
        6.48           0           0           0
        6.64           0           0           0
         6.8           0           0           0
        6.96           0           0           0
        7.12           0           0           0
        7.28           0           0           0
        7.44           0           0           0
         7.6           0           0           0
        7.76           0           0           0
        7.92           0           0           0
        0.08           0       0.049   0.0208043
        0.24           0      0.3324   0.0696428
         0.4           0      0.9692    0.103941
        0.56           0      1.6218    0.137838
        0.72           0       1.636    0.121508
        0.88           0      2.4954    0.170769
        1.04           0      4.9354    0.296901
         1.2           0      6.2244    0.366628
        1.36           0      7.3074    0.397385
        1.52           0       7.426    0.328116
        1.68           0      8.1132    0.398239
        1.84           0      8.9106    0.360154
           2        1.54      8.2506    0.331073
        2.16        6.76       7.763    0.289553
        2.32       34.58       6.997     0.67058
        2.48       22.97      6.5418    0.507612
        2.64       33.18       7.232    0.611502
         2.8        7.84      5.8812    0.342169
        2.96        1.13      4.1116    0.225614
        3.12           0      3.1682    0.278286
        3.28           0      2.8496    0.258746
        3.44           0      1.7044    0.167714
         3.6           0      1.3292    0.146421
        3.76           0      0.5868      0.1078
        3.92           0      0.4872   0.0839166
        4.08           0       0.324    0.058091
        4.24           0      0.4652   0.0703746
         4.4           0       0.168   0.0511836
        4.56           0      0.0354   0.0136915
        4.72           0      0.0316   0.0218803
        4.88           0      0.0154  0.00885533
        5.04           0       0.022   0.0138391
         5.2           0      0.0056  0.00389009
        5.36           0      0.0094  0.00930553
        5.52           0           0           0
        5.68           0           0           0
        5.84           0           0           0
           6           0           0           0
        6.16           0           0           0
        6.32           0           0           0
        6.48           0           0           0
        6.64           0           0           0
         6.8           0           0           0
        6.96           0           0           0
        7.12           0           0           0
        7.28           0           0           0
        7.44           0           0           0
         7.6           0           0           0
        7.76           0           0           0
        7.92           0           0           0
