# DISTANCE:     SINGLE_BLOCK_AVE_GOFR:       PROGRESSIVE_AVE_GOFR:        ERROR:
                 0                 0                 0                 0
         0.0256496                 0                 0                 0
         0.0512993                 0                 0                 0
         0.0769489                 0                 0                 0
          0.102599                 0                 0                 0
          0.128248                 0                 0                 0
          0.153898                 0                 0                 0
          0.179547                 0                 0                 0
          0.205197                 0                 0                 0
          0.230847                 0                 0                 0
          0.256496                 0                 0                 0
          0.282146                 0                 0                 0
          0.307796                 0                 0                 0
          0.333445                 0                 0                 0
          0.359095                 0                 0                 0
          0.384745                 0                 0                 0
          0.410394                 0                 0                 0
          0.436044                 0                 0                 0
          0.461694                 0                 0                 0
          0.487343                 0                 0                 0
          0.512993                 0                 0                 0
          0.538642                 0                 0                 0
          0.564292                 0                 0                 0
          0.589942                 0                 0                 0
          0.615591                 0                 0                 0
          0.641241                 0                 0                 0
          0.666891                 0                 0                 0
           0.69254                 0                 0                 0
           0.71819                 0                 0                 0
           0.74384                 0                 0                 0
          0.769489                 0                 0                 0
          0.795139                 0                 0                 0
          0.820788                 0                 0                 0
          0.846438                 0                 0                 0
          0.872088             0.044             0.044                 0
          0.897737             0.604             0.604                 0
          0.923387             4.132             4.132                 0
          0.949037            14.212            14.212                 0
          0.974686            32.218            32.218                 0
           1.00034            53.254            53.254                 0
           1.02599            69.376            69.376                 0
           1.05164            79.718            79.718                 0
           1.07728            83.612            83.612                 0
           1.10293            82.914            82.914                 0
           1.12858             79.34             79.34                 0
           1.15423            74.958            74.958                 0
           1.17988            70.286            70.286                 0
           1.20553            65.182            65.182                 0
           1.23118             60.37             60.37                 0
           1.25683            56.156            56.156                 0
           1.28248            54.132            54.132                 0
           1.30813            50.124            50.124                 0
           1.33378            48.702            48.702                 0
           1.35943            46.506            46.506                 0
           1.38508            45.422            45.422                 0
           1.41073            44.566            44.566                 0
           1.43638            43.996            43.996                 0
           1.46203            43.262            43.262                 0
           1.48768            43.134            43.134                 0
           1.51333            43.716            43.716                 0
           1.53898              43.9              43.9                 0
           1.56463            45.052            45.052                 0
           1.59028            47.004            47.004                 0
           1.61593            50.074            50.074                 0
           1.64158            51.872            51.872                 0
           1.66723            55.488            55.488                 0
           1.69288            59.964            59.964                 0
           1.71853            64.262            64.262                 0
           1.74418            69.404            69.404                 0
           1.76983            75.432            75.432                 0
           1.79547             81.49             81.49                 0
           1.82112            88.426            88.426                 0
           1.84677            94.738            94.738                 0
           1.87242            101.45            101.45                 0
           1.89807           109.278           109.278                 0
           1.92372           115.152           115.152                 0
           1.94937           121.512           121.512                 0
           1.97502           127.654           127.654                 0
           2.00067           134.144           134.144                 0
           2.02632           139.432           139.432                 0
           2.05197           143.976           143.976                 0
           2.07762           147.476           147.476                 0
           2.10327           149.976           149.976                 0
           2.12892           153.026           153.026                 0
           2.15457            152.87            152.87                 0
           2.18022           153.382           153.382                 0
           2.20587            153.35            153.35                 0
           2.23152           154.086           154.086                 0
           2.25717           153.056           153.056                 0
           2.28282           153.598           153.598                 0
           2.30847           152.014           152.014                 0
           2.33412           154.248           154.248                 0
           2.35977           152.934           152.934                 0
           2.38542           152.788           152.788                 0
           2.41107           153.528           153.528                 0
           2.43672            153.96            153.96                 0
           2.46237           154.488           154.488                 0
           2.48802           156.402           156.402                 0
           2.51366           156.346           156.346                 0
           2.53931           159.804           159.804                 0
                 0                 0                 0                 0
         0.0256496                 0                 0                 0
         0.0512993                 0                 0                 0
         0.0769489                 0                 0                 0
          0.102599                 0                 0                 0
          0.128248                 0                 0                 0
          0.153898                 0                 0                 0
          0.179547                 0                 0                 0
          0.205197                 0                 0                 0
          0.230847                 0                 0                 0
          0.256496                 0                 0                 0
          0.282146                 0                 0                 0
          0.307796                 0                 0                 0
          0.333445                 0                 0                 0
          0.359095                 0                 0                 0
          0.384745                 0                 0                 0
          0.410394                 0                 0                 0
          0.436044                 0                 0                 0
          0.461694                 0                 0                 0
          0.487343                 0                 0                 0
          0.512993                 0                 0                 0
          0.538642                 0                 0                 0
          0.564292                 0                 0                 0
          0.589942                 0                 0                 0
          0.615591                 0                 0                 0
          0.641241                 0                 0                 0
          0.666891                 0                 0                 0
           0.69254                 0                 0                 0
           0.71819                 0                 0                 0
           0.74384                 0                 0                 0
          0.769489                 0                 0                 0
          0.795139                 0                 0                 0
          0.820788                 0                 0                 0
          0.846438                 0                 0                 0
          0.872088              0.05             0.047        0.00212132
          0.897737             0.544             0.574         0.0212132
          0.923387             3.742             3.937          0.137886
          0.949037            14.702            14.457          0.173241
          0.974686            31.724            31.971          0.174655
           1.00034            53.238            53.246        0.00565685
           1.02599             70.62            69.998           0.43982
           1.05164            79.648            79.683         0.0247487
           1.07728            84.716            84.164          0.390323
           1.10293            83.592            83.253          0.239709
           1.12858            80.894            80.117          0.549422
           1.15423            74.566            74.762          0.138593
           1.17988            69.034             69.66          0.442649
           1.20553            64.434            64.808          0.264458
           1.23118            60.596            60.483         0.0799031
           1.25683            56.002            56.079         0.0544472
           1.28248            52.948             53.54          0.418607
           1.30813            50.068            50.096          0.019799
           1.33378            47.742            48.222          0.339411
           1.35943             44.99            45.748          0.535987
           1.38508            44.324            44.873          0.388202
           1.41073            43.504            44.035          0.375474
           1.43638            43.218            43.607          0.275065
           1.46203             42.56            42.911          0.248194
           1.48768              43.1            43.117         0.0120208
           1.51333            44.032            43.874          0.111723
           1.53898            45.434            44.667          0.542351
           1.56463            46.498            45.775          0.511238
           1.59028            48.992            47.998          0.702864
           1.61593             51.12            50.597          0.369817
           1.64158             53.51            52.691           0.57912
           1.66723            56.882            56.185          0.492853
           1.69288             60.08            60.022         0.0410122
           1.71853            64.974            64.618           0.25173
           1.74418            70.202            69.803          0.282136
           1.76983            75.172            75.302         0.0919239
           1.79547            81.586            81.538         0.0339411
           1.82112             88.42            88.423        0.00212132
           1.84677            94.668            94.703         0.0247487
           1.87242           100.836           101.143          0.217082
           1.89807            107.06           108.169          0.784181
           1.92372           113.434           114.293          0.607405
           1.94937           120.412           120.962          0.388909
           1.97502           126.004           126.829          0.583363
           2.00067           131.718           132.931          0.857721
           2.02632            138.78           139.106          0.230517
           2.05197           144.072           144.024         0.0339411
           2.07762           148.806           148.141          0.470226
           2.10327           151.732           150.854           0.62084
           2.12892            152.89           152.958         0.0480833
           2.15457           154.806           153.838          0.684479
           2.18022           154.766           154.074          0.489318
           2.20587           155.094           154.222          0.616597
           2.23152            156.09           155.088          0.708521
           2.25717           153.144             153.1         0.0311127
           2.28282           152.116           152.857          0.523966
           2.30847           153.212           152.613          0.423557
           2.33412           152.222           153.235          0.716299
           2.35977             150.4           151.667          0.895904
           2.38542           151.938           152.363           0.30052
           2.41107            153.11           153.319          0.147785
           2.43672            152.52            153.24          0.509117
           2.46237           154.624           154.556         0.0480833
           2.48802           155.186           155.794          0.429921
           2.51366           156.816           156.581           0.16617
           2.53931           160.348           160.076          0.192333
                 0                 0                 0                 0
         0.0256496                 0                 0                 0
         0.0512993                 0                 0                 0
         0.0769489                 0                 0                 0
          0.102599                 0                 0                 0
          0.128248                 0                 0                 0
          0.153898                 0                 0                 0
          0.179547                 0                 0                 0
          0.205197                 0                 0                 0
          0.230847                 0                 0                 0
          0.256496                 0                 0                 0
          0.282146                 0                 0                 0
          0.307796                 0                 0                 0
          0.333445                 0                 0                 0
          0.359095                 0                 0                 0
          0.384745                 0                 0                 0
          0.410394                 0                 0                 0
          0.436044                 0                 0                 0
          0.461694                 0                 0                 0
          0.487343                 0                 0                 0
          0.512993                 0                 0                 0
          0.538642                 0                 0                 0
          0.564292                 0                 0                 0
          0.589942                 0                 0                 0
          0.615591                 0                 0                 0
          0.641241                 0                 0                 0
          0.666891                 0                 0                 0
           0.69254                 0                 0                 0
           0.71819                 0                 0                 0
           0.74384                 0                 0                 0
          0.769489                 0                 0                 0
          0.795139                 0                 0                 0
          0.820788                 0                 0                 0
          0.846438                 0                 0                 0
          0.872088              0.01         0.0346667         0.0101689
          0.897737             0.606          0.584667         0.0166088
          0.923387              3.88             3.918         0.0932237
          0.949037            13.972           14.2953          0.175394
          0.974686            32.426           32.1227          0.169979
           1.00034            54.224            53.572          0.266205
           1.02599            70.014           70.0033          0.293246
           1.05164            80.392           79.9193          0.193669
           1.07728            83.978            84.102          0.265094
           1.10293            83.412            83.306          0.165562
           1.12858            79.794           80.0093          0.376683
           1.15423             75.11            74.878          0.132316
           1.17988            69.738            69.686          0.295862
           1.20553            64.556            64.724          0.189176
           1.23118            59.614           60.1933          0.242436
           1.25683            55.478           55.8787          0.167551
           1.28248            52.232            53.104           0.45234
           1.30813              49.2           49.7973          0.244217
           1.33378            47.686           48.0433          0.269223
           1.35943            45.116           45.5373           0.39657
           1.38508            44.812           44.8527          0.259333
           1.41073            44.516           44.1953          0.282482
           1.43638            43.418            43.544          0.190454
           1.46203            43.178                43          0.180717
           1.48768            44.372           43.5353          0.341662
           1.51333            44.958           44.2353          0.304284
           1.53898            45.324            44.886          0.403367
           1.56463            48.034            46.528          0.702971
           1.59028             48.49            48.162          0.487334
           1.61593            50.596           50.5967          0.246545
           1.64158            53.394           52.9253           0.43089
           1.66723            55.916           56.0953          0.336627
           1.69288            60.624           60.2227          0.166109
           1.71853            65.078           64.7713          0.209374
           1.74418            70.156           69.9207          0.211207
           1.76983            74.504            75.036          0.225668
           1.79547            81.354           81.4767         0.0549532
           1.82112            87.158           88.0013          0.344292
           1.84677            94.342           94.5827         0.0996275
           1.87242           100.246           100.844          0.283804
           1.89807           107.636           107.991          0.542541
           1.92372           111.846           113.477          0.779432
           1.94937            120.64           120.855          0.273683
           1.97502           126.456           126.705           0.40194
           2.00067           132.368           132.743          0.591988
           2.02632           139.066           139.093          0.154063
           2.05197           142.856           143.635          0.318694
           2.07762           146.946           147.743          0.451721
           2.10327           149.166           150.291          0.618361
           2.12892           152.054           152.657          0.248117
           2.15457            154.69           154.122          0.511858
           2.18022           155.386           154.511          0.483654
           2.20587           155.358           154.601           0.51436
           2.23152           154.664           154.947          0.486239
           2.25717           155.444           153.881          0.638293
           2.28282            155.18           153.631           0.72232
           2.30847           153.164           152.797          0.319723
           2.33412           154.868           153.779          0.652357
           2.35977           155.462           152.932           1.19313
           2.38542            152.72           152.482          0.222665
           2.41107           152.634           153.091          0.210866
           2.43672           153.854           153.445          0.378319
           2.46237           155.946           155.019          0.379666
           2.48802           155.574           155.721          0.292802
           2.51366           158.488           157.217           0.53071
           2.53931           161.386           160.513          0.378892
                 0                 0                 0                 0
         0.0256496                 0                 0                 0
         0.0512993                 0                 0                 0
         0.0769489                 0                 0                 0
          0.102599                 0                 0                 0
          0.128248                 0                 0                 0
          0.153898                 0                 0                 0
          0.179547                 0                 0                 0
          0.205197                 0                 0                 0
          0.230847                 0                 0                 0
          0.256496                 0                 0                 0
          0.282146                 0                 0                 0
          0.307796                 0                 0                 0
          0.333445                 0                 0                 0
          0.359095                 0                 0                 0
          0.384745                 0                 0                 0
          0.410394                 0                 0                 0
          0.436044                 0                 0                 0
          0.461694                 0                 0                 0
          0.487343                 0                 0                 0
          0.512993                 0                 0                 0
          0.538642                 0                 0                 0
          0.564292                 0                 0                 0
          0.589942                 0                 0                 0
          0.615591                 0                 0                 0
          0.641241                 0                 0                 0
          0.666891                 0                 0                 0
           0.69254                 0                 0                 0
           0.71819                 0                 0                 0
           0.74384                 0                 0                 0
          0.769489                 0                 0                 0
          0.795139                 0                 0                 0
          0.820788                 0                 0                 0
          0.846438             0.002            0.0005       0.000433013
          0.872088             0.026            0.0325        0.00785414
          0.897737             0.582             0.584           0.01247
          0.923387              4.24            3.9985         0.0987354
          0.949037            14.536           14.3555          0.141489
          0.974686            32.952             32.33           0.22021
           1.00034            53.284              53.5          0.209164
           1.02599            69.572           69.8955           0.23894
           1.05164            80.786            80.136           0.23729
           1.07728            83.562            83.967          0.230647
           1.10293            83.058            83.244          0.135283
           1.12858            78.812             79.71          0.383423
           1.15423            73.922            74.639           0.22954
           1.17988             69.03            69.522          0.263458
           1.20553            64.196            64.592          0.182205
           1.23118            60.366           60.2365          0.185631
           1.25683            57.308            56.236          0.334001
           1.28248            53.688             53.25          0.362051
           1.30813             49.99           49.8455          0.187853
           1.33378             48.36           48.1225           0.21324
           1.35943            46.804            45.854          0.404563
           1.38508            44.948           44.8765          0.195592
           1.41073            44.748           44.3335          0.243316
           1.43638             44.55           43.7955          0.260466
           1.46203            43.768            43.192          0.214519
           1.48768            43.972           43.6445           0.27313
           1.51333            44.572           44.3195          0.239571
           1.53898            45.536           45.0485          0.333656
           1.56463            46.544            46.532           0.52724
           1.59028            48.092           48.1445          0.365814
           1.61593            50.024           50.4535          0.222629
           1.64158             52.82            52.899          0.323971
           1.66723            56.718            56.251          0.286208
           1.69288            60.742           60.3525          0.167819
           1.71853            64.736           64.7625          0.157217
           1.74418            69.574            69.834          0.175287
           1.76983            74.272            74.845          0.236657
           1.79547            80.618            81.262          0.190421
           1.82112            85.418           87.3555          0.616038
           1.84677             91.84            93.897          0.598487
           1.87242            99.016           100.387          0.449381
           1.89807           106.002           107.494          0.592518
           1.92372            112.22           113.163           0.64485
           1.94937           118.772           120.334          0.495432
           1.97502           126.352           126.617          0.310975
           2.00067            132.82           132.762          0.444301
           2.02632            137.34           138.655          0.396666
           2.05197           143.572           143.619          0.239405
           2.07762           147.268           147.624          0.354035
           2.10327           150.798           150.418          0.476567
           2.12892           153.246           152.804           0.22563
           2.15457           156.062           154.607          0.569028
           2.18022           156.778           155.078          0.610257
           2.20587            157.87           155.418          0.806129
           2.23152           157.954           155.699          0.746278
           2.25717             155.4           154.261           0.58076
           2.28282           155.826            154.18          0.720596
           2.30847           154.462           153.213          0.433013
           2.33412           156.636           154.494          0.788612
           2.35977           155.402           153.549           1.04246
           2.38542           154.756            153.05          0.519887
           2.41107           153.788           153.265          0.218644
           2.43672           155.494           153.957          0.526661
           2.46237            155.13           155.047          0.285756
           2.48802           156.582           155.936          0.288099
           2.51366           157.536           157.297          0.403993
           2.53931           158.956           160.124           0.44084
                 0                 0                 0                 0
         0.0256496                 0                 0                 0
         0.0512993                 0                 0                 0
         0.0769489                 0                 0                 0
          0.102599                 0                 0                 0
          0.128248                 0                 0                 0
          0.153898                 0                 0                 0
          0.179547                 0                 0                 0
          0.205197                 0                 0                 0
          0.230847                 0                 0                 0
          0.256496                 0                 0                 0
          0.282146                 0                 0                 0
          0.307796                 0                 0                 0
          0.333445                 0                 0                 0
          0.359095                 0                 0                 0
          0.384745                 0                 0                 0
          0.410394                 0                 0                 0
          0.436044                 0                 0                 0
          0.461694                 0                 0                 0
          0.487343                 0                 0                 0
          0.512993                 0                 0                 0
          0.538642                 0                 0                 0
          0.564292                 0                 0                 0
          0.589942                 0                 0                 0
          0.615591                 0                 0                 0
          0.641241                 0                 0                 0
          0.666891                 0                 0                 0
           0.69254                 0                 0                 0
           0.71819                 0                 0                 0
           0.74384                 0                 0                 0
          0.769489                 0                 0                 0
          0.795139                 0                 0                 0
          0.820788                 0                 0                 0
          0.846438                 0            0.0004       0.000357771
          0.872088             0.034            0.0328        0.00628904
          0.897737              0.58            0.5832         0.0100016
          0.923387              4.31            4.0608         0.0966654
          0.949037            15.494           14.5832          0.233002
          0.974686            33.588           32.5816          0.285792
           1.00034            54.966           53.7932          0.311083
           1.02599            71.576           70.2316          0.356244
           1.05164            81.406             80.39          0.296056
           1.07728            84.028           83.9792           0.18484
           1.10293            81.774             82.95          0.284362
           1.12858            78.652           79.4984          0.360428
           1.15423            74.038           74.5188          0.212789
           1.17988            67.662             69.15          0.393865
           1.20553            62.606           64.1948          0.384007
           1.23118            58.512           59.8916          0.342372
           1.25683             55.45           56.0788          0.301936
           1.28248            51.458           52.8916          0.432033
           1.30813            48.226           49.5216          0.326364
           1.33378             47.38            47.974          0.216202
           1.35943            45.296           45.7424          0.338694
           1.38508            43.896           44.6804          0.235049
           1.41073            44.326            44.332          0.194657
           1.43638            43.688            43.774          0.209259
           1.46203            43.298           43.2132           0.17266
           1.48768            43.498           43.6152           0.22007
           1.51333            44.816           44.4188          0.211236
           1.53898            46.002           45.2392          0.316768
           1.56463            47.968           46.8192          0.493858
           1.59028             48.96           48.3076          0.326996
           1.61593            51.504           50.6636           0.25891
           1.64158            54.546           53.2284          0.392398
           1.66723            58.516            56.704          0.465395
           1.69288            61.866           60.6552          0.302202
           1.71853             66.57            65.124          0.346936
           1.74418            71.246           70.1164          0.288902
           1.76983             76.35            75.146          0.329128
           1.79547             81.34           81.2776          0.152974
           1.82112            87.362           87.3568          0.492832
           1.84677             93.05           93.7276          0.502192
           1.87242            99.294           100.168          0.409234
           1.89807           107.326            107.46          0.474966
           1.92372           113.744           113.279          0.526245
           1.94937            120.05           120.277          0.399588
           1.97502            127.31           126.755          0.277995
           2.00067           134.106           133.031          0.429067
           2.02632            139.55           138.834          0.355473
           2.05197           145.254           143.946          0.349606
           2.07762           148.236           147.746           0.30365
           2.10327           151.278            150.59          0.411123
           2.12892           152.098           152.663          0.220299
           2.15457           152.252           154.136          0.620242
           2.18022           151.786            154.42          0.764943
           2.20587           152.368           154.808          0.844737
           2.23152           152.648           155.088          0.808835
           2.25717            152.02           153.813          0.613651
           2.28282           152.176           153.779           0.67885
           2.30847           151.988           152.968          0.409903
           2.33412           151.898           153.974          0.783322
           2.35977            152.51           153.342          0.854448
           2.38542           151.032           152.647          0.550781
           2.41107           153.746           153.361          0.194933
           2.43672           154.202           154.006          0.423602
           2.46237           155.296           155.097          0.232903
           2.48802             155.4           155.829          0.249628
           2.51366           158.504           157.538          0.388732
           2.53931           160.606            160.22          0.363081
                 0                 0                 0                 0
         0.0256496                 0                 0                 0
         0.0512993                 0                 0                 0
         0.0769489                 0                 0                 0
          0.102599                 0                 0                 0
          0.128248                 0                 0                 0
          0.153898                 0                 0                 0
          0.179547                 0                 0                 0
          0.205197                 0                 0                 0
          0.230847                 0                 0                 0
          0.256496                 0                 0                 0
          0.282146                 0                 0                 0
          0.307796                 0                 0                 0
          0.333445                 0                 0                 0
          0.359095                 0                 0                 0
          0.384745                 0                 0                 0
          0.410394                 0                 0                 0
          0.436044                 0                 0                 0
          0.461694                 0                 0                 0
          0.487343                 0                 0                 0
          0.512993                 0                 0                 0
          0.538642                 0                 0                 0
          0.564292                 0                 0                 0
          0.589942                 0                 0                 0
          0.615591                 0                 0                 0
          0.641241                 0                 0                 0
          0.666891                 0                 0                 0
           0.69254                 0                 0                 0
           0.71819                 0                 0                 0
           0.74384                 0                 0                 0
          0.769489                 0                 0                 0
          0.795139                 0                 0                 0
          0.820788                 0                 0                 0
          0.846438                 0       0.000333333        0.00030429
          0.872088             0.026         0.0316667        0.00534201
          0.897737              0.52          0.572667          0.012725
          0.923387             3.906             4.035         0.0839269
          0.949037             14.41           14.5543          0.195949
          0.974686            33.268            32.696          0.260051
           1.00034             54.13           53.8493          0.264252
           1.02599             69.93           70.1813          0.300395
           1.05164            80.234            80.364          0.247852
           1.07728            84.948           84.1407          0.213196
           1.10293            82.444           82.8657           0.24916
           1.12858            79.198           79.4483          0.303814
           1.15423             74.03           74.4373          0.192288
           1.17988            69.254           69.1673          0.328602
           1.20553            64.436            64.235          0.322103
           1.23118            60.296            59.959          0.291869
           1.25683            55.974           56.0613          0.252118
           1.28248            51.308           52.6277          0.433209
           1.30813            49.942           49.5917           0.27939
           1.33378            47.792           47.9437          0.182284
           1.35943            46.268             45.83          0.293355
           1.38508            44.286           44.6147           0.20486
           1.41073             43.99            44.275          0.170356
           1.43638             43.43           43.7167          0.182067
           1.46203             42.69            43.126          0.164435
           1.48768            43.938            43.669          0.189854
           1.51333            44.456            44.425          0.176121
           1.53898            45.402           45.2663          0.265133
           1.56463             46.66           46.7927           0.41226
           1.59028            48.656           48.3657          0.277604
           1.61593            52.104           50.9037          0.307536
           1.64158            54.482           53.4373          0.378557
           1.66723            58.142           56.9437          0.445285
           1.69288            61.656            60.822          0.294289
           1.71853            64.938            65.093          0.290495
           1.74418             69.63           70.0353          0.251868
           1.76983            73.684           74.9023          0.353134
           1.79547            80.744           81.1887          0.151135
           1.82112            86.352           87.1893          0.438223
           1.84677            92.934           93.5953          0.435563
           1.87242             99.95           100.132          0.342643
           1.89807           106.246           107.258          0.436806
           1.92372            112.04           113.073          0.477349
           1.94937           120.506           120.315          0.334805
           1.97502           127.696           126.912          0.272316
           2.00067           132.322           132.913          0.373482
           2.02632           138.974           138.857          0.296997
           2.05197           144.078           143.968           0.29203
           2.07762           147.656           147.731          0.253415
           2.10327           151.262           150.702          0.357533
           2.12892            153.67           152.831          0.239134
           2.15457           153.934           154.102          0.517781
           2.18022           154.852           154.492          0.640838
           2.20587            154.06           154.683          0.713087
           2.23152            154.58           155.004          0.678453
           2.25717           152.896            153.66          0.530058
           2.28282           153.962            153.81          0.566392
           2.30847           153.142           152.997           0.34261
           2.33412           152.408           153.713          0.694912
           2.35977           153.548           153.376          0.712732
           2.38542           152.102           152.556          0.466409
           2.41107           152.664           153.245          0.194011
           2.43672           152.866           153.816          0.393311
           2.46237            156.72           155.367          0.314101
           2.48802           157.564           156.118          0.336111
           2.51366           156.008           157.283          0.398907
           2.53931           162.968           160.678          0.516091
                 0                 0                 0                 0
         0.0256496                 0                 0                 0
         0.0512993                 0                 0                 0
         0.0769489                 0                 0                 0
          0.102599                 0                 0                 0
          0.128248                 0                 0                 0
          0.153898                 0                 0                 0
          0.179547                 0                 0                 0
          0.205197                 0                 0                 0
          0.230847                 0                 0                 0
          0.256496                 0                 0                 0
          0.282146                 0                 0                 0
          0.307796                 0                 0                 0
          0.333445                 0                 0                 0
          0.359095                 0                 0                 0
          0.384745                 0                 0                 0
          0.410394                 0                 0                 0
          0.436044                 0                 0                 0
          0.461694                 0                 0                 0
          0.487343                 0                 0                 0
          0.512993                 0                 0                 0
          0.538642                 0                 0                 0
          0.564292                 0                 0                 0
          0.589942                 0                 0                 0
          0.615591                 0                 0                 0
          0.641241                 0                 0                 0
          0.666891                 0                 0                 0
           0.69254                 0                 0                 0
           0.71819                 0                 0                 0
           0.74384                 0                 0                 0
          0.769489                 0                 0                 0
          0.795139                 0                 0                 0
          0.820788                 0                 0                 0
          0.846438                 0       0.000285714        0.00026452
          0.872088             0.004         0.0277143        0.00586137
          0.897737             0.574          0.572857         0.0109086
          0.923387             3.816           4.00371         0.0775496
          0.949037            13.216           14.3631           0.24401
          0.974686            30.918            32.442          0.324013
           1.00034            52.086           53.5974          0.325106
           1.02599            68.036           69.8749          0.383153
           1.05164            80.806           80.4271          0.220341
           1.07728            85.596           84.3486          0.265411
           1.10293            84.688            83.126          0.322028
           1.12858            80.256           79.5637           0.28147
           1.15423             77.44           74.8663          0.429976
           1.17988             71.45           69.4934          0.412891
           1.20553            66.016           64.4894           0.36292
           1.23118            61.042           60.1137          0.288277
           1.25683            56.462           56.1186          0.222504
           1.28248             53.03           52.6851          0.375116
           1.30813            50.332           49.6974          0.258722
           1.33378            47.524           47.8837           0.16581
           1.35943            46.132           45.8731          0.254599
           1.38508            44.676           44.6234          0.175781
           1.41073            44.072            44.246          0.148467
           1.43638            42.522            43.546          0.222081
           1.46203             43.14            43.128          0.140956
           1.48768            43.418           43.6331          0.166084
           1.51333            42.898           44.2069          0.252146
           1.53898            44.088            45.098          0.275561
           1.56463            46.316           46.7246          0.358946
           1.59028            47.322           48.2166          0.275086
           1.61593            49.818           50.7486          0.300174
           1.64158             52.68           53.3291          0.339586
           1.66723            55.838           56.7857          0.408728
           1.69288            58.656           60.5126          0.381703
           1.71853            63.082           64.8057          0.364337
           1.74418            68.308           69.7886          0.314325
           1.76983            73.758           74.7389          0.338416
           1.79547            80.018           81.0214          0.201878
           1.82112                87           87.1623          0.376454
           1.84677            93.424           93.5709          0.374027
           1.87242           100.086           100.125          0.293757
           1.89807           107.516           107.295          0.375957
           1.92372           114.974           113.344          0.480256
           1.94937           121.594           120.498            0.3331
           1.97502           126.784           126.894          0.234027
           2.00067           134.236           133.102          0.364828
           2.02632           139.606           138.964          0.273164
           2.05197            145.11           144.131          0.292351
           2.07762            149.57           147.994          0.326066
           2.10327           152.798           151.001          0.413237
           2.12892           154.788            153.11          0.330198
           2.15457            157.12           154.533          0.596878
           2.18022           155.136           154.584          0.555861
           2.20587           157.544           155.092          0.718844
           2.23152           155.438           155.066          0.584361
           2.25717            155.39           153.907          0.508699
           2.28282           154.904           153.966          0.506595
           2.30847           153.584           153.081          0.303755
           2.33412           152.652           153.562          0.611956
           2.35977           152.504           153.251          0.621705
           2.38542           153.388           152.675          0.414647
           2.41107           152.894           153.195          0.172653
           2.43672           155.038           153.991          0.373864
           2.46237           155.426           155.376          0.269342
           2.48802           155.016           155.961          0.322866
           2.51366           156.158           157.122          0.372892
           2.53931           160.628           160.671          0.442413
                 0                 0                 0                 0
         0.0256496                 0                 0                 0
         0.0512993                 0                 0                 0
         0.0769489                 0                 0                 0
          0.102599                 0                 0                 0
          0.128248                 0                 0                 0
          0.153898                 0                 0                 0
          0.179547                 0                 0                 0
          0.205197                 0                 0                 0
          0.230847                 0                 0                 0
          0.256496                 0                 0                 0
          0.282146                 0                 0                 0
          0.307796                 0                 0                 0
          0.333445                 0                 0                 0
          0.359095                 0                 0                 0
          0.384745                 0                 0                 0
          0.410394                 0                 0                 0
          0.436044                 0                 0                 0
          0.461694                 0                 0                 0
          0.487343                 0                 0                 0
          0.512993                 0                 0                 0
          0.538642                 0                 0                 0
          0.564292                 0                 0                 0
          0.589942                 0                 0                 0
          0.615591                 0                 0                 0
          0.641241                 0                 0                 0
          0.666891                 0                 0                 0
           0.69254                 0                 0                 0
           0.71819                 0                 0                 0
           0.74384                 0                 0                 0
          0.769489                 0                 0                 0
          0.795139                 0                 0                 0
          0.820788                 0                 0                 0
          0.846438                 0           0.00025       0.000233854
          0.872088             0.038             0.029        0.00526783
          0.897737             0.584           0.57425        0.00963352
          0.923387             4.072           4.01225         0.0683241
          0.949037              14.6           14.3927          0.215298
          0.974686            32.828           32.4903          0.287081
           1.00034              53.3           53.5602          0.286586
           1.02599            70.608           69.9665          0.346045
           1.05164            80.436           80.4283          0.192801
           1.07728            82.904            84.168          0.287164
           1.10293            83.494            83.172          0.285041
           1.12858            80.262            79.651          0.259467
           1.15423            74.632            74.837          0.377225
           1.17988            69.206           69.4575          0.362839
           1.20553             64.17           64.4495          0.319744
           1.23118             60.35           60.1432          0.253751
           1.25683             56.12           56.1187          0.194691
           1.28248            51.558           52.5442          0.353698
           1.30813            50.644           49.8158          0.251989
           1.33378            48.196           47.9228          0.149608
           1.35943              46.1           45.9015          0.224348
           1.38508             43.84           44.5255          0.179021
           1.41073            44.188           44.2387          0.130086
           1.43638            43.114            43.492          0.200779
           1.46203            43.442           43.1672          0.128686
           1.48768              44.5           43.7415          0.177179
           1.51333            44.222           44.2088          0.220635
           1.53898            45.598           45.1605          0.248102
           1.56463            46.058           46.6412          0.323604
           1.59028            48.482           48.2497          0.242693
           1.61593            49.786           50.6282          0.285751
           1.64158            53.134           53.3048          0.298013
           1.66723             56.09           56.6988          0.366772
           1.69288            59.288           60.3595          0.363389
           1.71853            64.634           64.7843          0.319427
           1.74418            68.946           69.6833          0.292147
           1.76983            75.382           74.8193          0.305514
           1.79547             80.24           80.9238          0.198875
           1.82112            87.942           87.2597          0.341781
           1.84677            92.774           93.4712          0.340279
           1.87242           101.606           100.311          0.309901
           1.89807           108.658           107.465          0.365542
           1.92372           116.476           113.736          0.557384
           1.94937           122.686           120.771          0.387817
           1.97502           128.086           127.043          0.247725
           2.00067            133.65           133.171          0.325592
           2.02632           138.266           138.877          0.252569
           2.05197               145            144.24          0.275242
           2.07762            148.44            148.05          0.290035
           2.10327           151.438           151.056          0.365168
           2.12892           151.666            152.93          0.334658
           2.15457           151.816           154.194          0.611329
           2.18022           153.526           154.452          0.501856
           2.20587           154.012           154.957           0.64154
           2.23152           152.156           154.702          0.614163
           2.25717           151.478           153.603          0.528014
           2.28282           152.426           153.773          0.478449
           2.30847           152.304           152.984          0.280879
           2.33412            152.36           153.411          0.553591
           2.35977            152.42           153.148           0.55261
           2.38542           152.522           152.656          0.363256
           2.41107            154.15           153.314          0.187871
           2.43672           154.154           154.011          0.327688
           2.46237            156.98           155.576          0.301214
           2.48802             158.1           156.228          0.377344
           2.51366           159.624           157.435          0.438207
           2.53931           163.034           160.966           0.47561
                 0                 0                 0                 0
         0.0256496                 0                 0                 0
         0.0512993                 0                 0                 0
         0.0769489                 0                 0                 0
          0.102599                 0                 0                 0
          0.128248                 0                 0                 0
          0.153898                 0                 0                 0
          0.179547                 0                 0                 0
          0.205197                 0                 0                 0
          0.230847                 0                 0                 0
          0.256496                 0                 0                 0
          0.282146                 0                 0                 0
          0.307796                 0                 0                 0
          0.333445                 0                 0                 0
          0.359095                 0                 0                 0
          0.384745                 0                 0                 0
          0.410394                 0                 0                 0
          0.436044                 0                 0                 0
          0.461694                 0                 0                 0
          0.487343                 0                 0                 0
          0.512993                 0                 0                 0
          0.538642                 0                 0                 0
          0.564292                 0                 0                 0
          0.589942                 0                 0                 0
          0.615591                 0                 0                 0
          0.641241                 0                 0                 0
          0.666891                 0                 0                 0
           0.69254                 0                 0                 0
           0.71819                 0                 0                 0
           0.74384                 0                 0                 0
          0.769489                 0                 0                 0
          0.795139                 0                 0                 0
          0.820788                 0                 0                 0
          0.846438                 0       0.000222222       0.000209513
          0.872088             0.022         0.0282222        0.00473958
          0.897737             0.534          0.569778        0.00954493
          0.923387             3.758             3.984         0.0663161
          0.949037            14.254           14.3773          0.191927
          0.974686            31.942           32.4293          0.261566
           1.00034            52.274           53.4173          0.288183
           1.02599             68.47           69.8002          0.345241
           1.05164             80.11           80.3929          0.174591
           1.07728            83.602           84.1051          0.262053
           1.10293            83.746           83.2358          0.260407
           1.12858            81.026           79.8038          0.271922
           1.15423            76.042           74.9709          0.358285
           1.17988            70.612           69.5858          0.344454
           1.20553            66.042           64.6264           0.32956
           1.23118             60.88           60.2251          0.238395
           1.25683            56.072           56.1136          0.173128
           1.28248            52.618           52.5524          0.314493
           1.30813            50.682            49.912          0.241674
           1.33378            47.688           47.8967          0.135239
           1.35943            46.072           45.9204          0.200219
           1.38508            44.676           44.5422          0.159908
           1.41073            44.392           44.2558          0.116741
           1.43638             43.58           43.5018          0.178708
           1.46203            43.192             43.17          0.114417
           1.48768             42.63            43.618          0.195861
           1.51333             44.12           44.1989           0.19634
           1.53898            44.266           45.0611          0.239617
           1.56463            47.136           46.6962          0.292279
           1.59028             48.72            48.302           0.22128
           1.61593            49.946           50.5524          0.263864
           1.64158            52.612           53.2278          0.274661
           1.66723            56.282           56.6524           0.32893
           1.69288            60.196           60.3413          0.323466
           1.71853            63.552           64.6473          0.311901
           1.74418              68.8           69.5851          0.275677
           1.76983            74.646              74.8          0.272174
           1.79547            80.338           80.8587          0.187125
           1.82112             87.28            87.262          0.303813
           1.84677            92.234           93.3338           0.32907
           1.87242             99.65           100.237          0.284024
           1.89807           107.028           107.417          0.328139
           1.92372           115.126            113.89          0.516414
           1.94937            120.85            120.78          0.344825
           1.97502           128.956           127.255          0.297755
           2.00067           134.452           133.313          0.319034
           2.02632           141.884           139.211          0.386841
           2.05197           146.338           144.473          0.328897
           2.07762           149.506           148.212          0.299562
           2.10327            152.33           151.198           0.35096
           2.12892           153.182           152.958          0.298645
           2.15457            154.12           154.186          0.543458
           2.18022           154.714           154.481          0.446941
           2.20587           153.802           154.829          0.582952
           2.23152           152.878           154.499          0.578396
           2.25717            153.83           153.629          0.469945
           2.28282           152.752            153.66          0.438543
           2.30847             152.3           152.908          0.259741
           2.33412           151.478           153.197          0.532136
           2.35977           152.496           153.075          0.495927
           2.38542           151.478           152.525          0.345663
           2.41107           152.062           153.175          0.212359
           2.43672           152.822           153.879          0.316792
           2.46237           153.462           155.341          0.347479
           2.48802           153.724            155.95          0.425807
           2.51366           155.518           157.222          0.438237
           2.53931            159.83            160.84          0.439202
                 0                 0                 0                 0
         0.0256496                 0                 0                 0
         0.0512993                 0                 0                 0
         0.0769489                 0                 0                 0
          0.102599                 0                 0                 0
          0.128248                 0                 0                 0
          0.153898                 0                 0                 0
          0.179547                 0                 0                 0
          0.205197                 0                 0                 0
          0.230847                 0                 0                 0
          0.256496                 0                 0                 0
          0.282146                 0                 0                 0
          0.307796                 0                 0                 0
          0.333445                 0                 0                 0
          0.359095                 0                 0                 0
          0.384745                 0                 0                 0
          0.410394                 0                 0                 0
          0.436044                 0                 0                 0
          0.461694                 0                 0                 0
          0.487343                 0                 0                 0
          0.512993                 0                 0                 0
          0.538642                 0                 0                 0
          0.564292                 0                 0                 0
          0.589942                 0                 0                 0
          0.615591                 0                 0                 0
          0.641241                 0                 0                 0
          0.666891                 0                 0                 0
           0.69254                 0                 0                 0
           0.71819                 0                 0                 0
           0.74384                 0                 0                 0
          0.769489                 0                 0                 0
          0.795139                 0                 0                 0
          0.820788                 0                 0                 0
          0.846438                 0            0.0002       0.000189737
          0.872088             0.036             0.029        0.00432897
          0.897737             0.592             0.572        0.00884534
          0.923387             4.292            4.0148         0.0664531
          0.949037            14.796           14.4192          0.177242
          0.974686            33.178           32.5042          0.245891
           1.00034            54.894            53.565           0.29478
           1.02599            70.554           69.8756          0.318839
           1.05164             79.67           80.3206          0.171446
           1.07728             84.27           84.1216          0.236366
           1.10293            81.946           83.1068          0.264385
           1.12858            78.842           79.7076          0.261185
           1.15423            73.066           74.7804          0.369642
           1.17988            69.196           69.5468          0.312206
           1.20553            63.752            64.539          0.307987
           1.23118            60.452           60.2478          0.215633
           1.25683            54.634           55.9656          0.209714
           1.28248            51.606           52.4578          0.296943
           1.30813            49.492             49.87          0.221126
           1.33378            47.898           47.8968          0.121715
           1.35943            46.112           45.9396          0.181111
           1.38508            44.322           44.5202          0.145426
           1.41073            43.972           44.2274          0.108461
           1.43638            43.578           43.5094             0.161
           1.46203             44.41            43.294           0.15634
           1.48768            43.814           43.6376          0.177253
           1.51333            45.006           44.2796          0.192582
           1.53898            46.234           45.1784          0.242669
           1.56463            46.578           46.6844          0.263291
           1.59028            49.156           48.3874          0.215001
           1.61593             52.04           50.7012          0.276245
           1.64158            54.578           53.3628          0.278412
           1.66723            57.434           56.7306          0.305181
           1.69288            61.634           60.4706          0.315895
           1.71853            66.522           64.8348          0.332307
           1.74418            70.226           69.6492          0.255451
           1.76983              75.5             74.87          0.253799
           1.79547            81.236           80.8964          0.172175
           1.82112            86.674           87.2032          0.279064
           1.84677            92.682           93.2686          0.302549
           1.87242           100.674           100.281           0.25896
           1.89807           105.084           107.183          0.369038
           1.92372           113.748           113.876          0.464969
           1.94937           121.184           120.821          0.312697
           1.97502           127.836           127.313          0.273583
           2.00067           133.676           133.349           0.28919
           2.02632           138.638           139.154          0.352374
           2.05197           144.164           144.442          0.297454
           2.07762            147.97           148.187          0.270578
           2.10327           150.048           151.083           0.33416
           2.12892           153.296           152.992          0.270689
           2.15457           151.464           153.913          0.553076
           2.18022            153.32           154.365          0.417046
           2.20587           152.842            154.63          0.557482
           2.23152           152.236           154.273          0.563101
           2.25717           151.904           153.456          0.453495
           2.28282           151.028           153.397           0.46704
           2.30847           150.788           152.696          0.308364
           2.33412           150.746           152.952          0.532371
           2.35977           151.206           152.888          0.480267
           2.38542           152.586           152.531           0.31115
           2.41107            152.66           153.124          0.197272
           2.43672           153.554           153.846          0.286774
           2.46237           156.186           155.426          0.322835
           2.48802           156.972           156.052          0.395306
           2.51366           158.738           157.374          0.419817
           2.53931           162.456           161.002           0.42397
                 0                 0                 0                 0
         0.0256496                 0                 0                 0
         0.0512993                 0                 0                 0
         0.0769489                 0                 0                 0
          0.102599                 0                 0                 0
          0.128248                 0                 0                 0
          0.153898                 0                 0                 0
          0.179547                 0                 0                 0
          0.205197                 0                 0                 0
          0.230847                 0                 0                 0
          0.256496                 0                 0                 0
          0.282146                 0                 0                 0
          0.307796                 0                 0                 0
          0.333445                 0                 0                 0
          0.359095                 0                 0                 0
          0.384745                 0                 0                 0
          0.410394                 0                 0                 0
          0.436044                 0                 0                 0
          0.461694                 0                 0                 0
          0.487343                 0                 0                 0
          0.512993                 0                 0                 0
          0.538642                 0                 0                 0
          0.564292                 0                 0                 0
          0.589942                 0                 0                 0
          0.615591                 0                 0                 0
          0.641241                 0                 0                 0
          0.666891                 0                 0                 0
           0.69254                 0                 0                 0
           0.71819                 0                 0                 0
           0.74384                 0                 0                 0
          0.769489                 0                 0                 0
          0.795139                 0                 0                 0
          0.820788                 0                 0                 0
          0.846438                 0       0.000181818       0.000173357
          0.872088              0.04              0.03        0.00404928
          0.897737             0.526          0.567818        0.00897547
          0.923387             3.972           4.01091         0.0605257
          0.949037            14.712           14.4458          0.163115
          0.974686            32.792           32.5304          0.224925
           1.00034            53.414           53.5513          0.268301
           1.02599             70.31           69.9151          0.292289
           1.05164            80.368           80.3249          0.155914
           1.07728            84.328           84.1404          0.215622
           1.10293            81.826           82.9904          0.264751
           1.12858            79.782           79.7144          0.237529
           1.15423            74.616           74.7655          0.336341
           1.17988            69.752           69.5655           0.28438
           1.20553            64.278           64.5153            0.2809
           1.23118            59.772           60.2045          0.200321
           1.25683            55.634           55.9355          0.192804
           1.28248            52.754           52.4847          0.271167
           1.30813            50.246           49.9042          0.203649
           1.33378            47.764           47.8847          0.111248
           1.35943            45.518           45.9013          0.168653
           1.38508             44.62           44.5293          0.132488
           1.41073            43.056           44.1209          0.141533
           1.43638             43.66           43.5231          0.146944
           1.46203            43.368           43.3007          0.142272
           1.48768             43.84            43.656          0.162091
           1.51333            44.882           44.3344          0.182695
           1.53898            45.666           45.2227           0.22462
           1.56463             46.69           46.6849          0.239356
           1.59028            48.792           48.4242          0.198577
           1.61593            51.018             50.73          0.252628
           1.64158            53.954           53.4165          0.258237
           1.66723            57.116           56.7656          0.279441
           1.69288             61.69           60.5815           0.30601
           1.71853            65.372           64.8836          0.305665
           1.74418            70.206           69.6998           0.23719
           1.76983            74.082           74.7984          0.240624
           1.79547              82.1           81.0058          0.188104
           1.82112            87.518           87.2318          0.255157
           1.84677             93.19           93.2615          0.275128
           1.87242           101.096           100.355          0.245794
           1.89807           107.858           107.245          0.340546
           1.92372            114.35           113.919          0.424691
           1.94937           121.488           120.881          0.290097
           1.97502           127.392           127.321          0.248805
           2.00067           133.948           133.404          0.267974
           2.02632           136.844           138.944          0.377749
           2.05197           142.472           144.263          0.319814
           2.07762           147.004            148.08           0.26651
           2.10327           150.634           151.042          0.306261
           2.12892           151.748           152.879          0.268654
           2.15457            150.78           153.629          0.571463
           2.18022           152.632           154.207          0.407793
           2.20587           153.828           154.557          0.511548
           2.23152           153.074           154.164          0.522353
           2.25717           153.392            153.45          0.412305
           2.28282           151.296           153.206          0.461983
           2.30847           153.078           152.731          0.282282
           2.33412           152.018           152.867          0.490692
           2.35977           152.042           152.811          0.442725
           2.38542           154.086           152.672          0.313335
           2.41107            152.39           153.057          0.190277
           2.43672            154.79           153.932          0.273233
           2.46237           155.784           155.458          0.295124
           2.48802           158.226            156.25          0.405777
           2.51366           157.828           157.415          0.383679
           2.53931           162.978           161.181          0.421784
                 0                 0                 0                 0
         0.0256496                 0                 0                 0
         0.0512993                 0                 0                 0
         0.0769489                 0                 0                 0
          0.102599                 0                 0                 0
          0.128248                 0                 0                 0
          0.153898                 0                 0                 0
          0.179547                 0                 0                 0
          0.205197                 0                 0                 0
          0.230847                 0                 0                 0
          0.256496                 0                 0                 0
          0.282146                 0                 0                 0
          0.307796                 0                 0                 0
          0.333445                 0                 0                 0
          0.359095                 0                 0                 0
          0.384745                 0                 0                 0
          0.410394                 0                 0                 0
          0.436044                 0                 0                 0
          0.461694                 0                 0                 0
          0.487343                 0                 0                 0
          0.512993                 0                 0                 0
          0.538642                 0                 0                 0
          0.564292                 0                 0                 0
          0.589942                 0                 0                 0
          0.615591                 0                 0                 0
          0.641241                 0                 0                 0
          0.666891                 0                 0                 0
           0.69254                 0                 0                 0
           0.71819                 0                 0                 0
           0.74384                 0                 0                 0
          0.769489                 0                 0                 0
          0.795139                 0                 0                 0
          0.820788                 0                 0                 0
          0.846438                 0       0.000166667       0.000159571
          0.872088             0.012            0.0285        0.00397998
          0.897737              0.64          0.573833         0.0100428
          0.923387             3.844             3.997         0.0570577
          0.949037            14.376             14.44          0.149626
          0.974686             31.98           32.4845          0.210805
           1.00034            53.032            53.508          0.249408
           1.02599            69.224           69.8575          0.273547
           1.05164            80.284           80.3215          0.142958
           1.07728            84.422           84.1638          0.198926
           1.10293             83.17           83.0053          0.243111
           1.12858            79.316           79.6812          0.220042
           1.15423            74.646           74.7555          0.308459
           1.17988            69.892           69.5927          0.261981
           1.20553            65.682           64.6125          0.273802
           1.23118            60.372           60.2185          0.184113
           1.25683            56.152           55.9535          0.177579
           1.28248            52.484           52.4847          0.248569
           1.30813            50.394            49.945          0.190725
           1.33378             48.58           47.9427          0.116088
           1.35943            45.386           45.8583          0.159971
           1.38508            44.798           44.5517          0.123326
           1.41073            43.212           44.0452           0.14863
           1.43638             42.83           43.4653          0.145608
           1.46203            43.598           43.3255          0.132555
           1.48768            44.094           43.6925          0.152638
           1.51333             44.35           44.3357          0.167475
           1.53898            45.848           45.2748          0.211859
           1.56463            47.862            46.783          0.238664
           1.59028            48.792           48.4548          0.184379
           1.61593            50.694            50.727          0.231594
           1.64158            54.984           53.5472          0.267722
           1.66723             55.44           56.6552          0.277131
           1.69288            60.604           60.5833          0.280515
           1.71853             65.24           64.9133          0.281632
           1.74418            69.656           69.6962          0.217452
           1.76983             75.09           74.8227          0.221795
           1.79547              81.4           81.0387          0.175273
           1.82112            87.104           87.2212          0.234116
           1.84677            94.092           93.3307          0.260761
           1.87242            99.854           100.313          0.228828
           1.89807            105.85           107.128          0.331409
           1.92372           112.368            113.79          0.408497
           1.94937            119.46           120.763          0.289091
           1.97502           126.646           127.264          0.234335
           2.00067           133.404           133.404          0.245643
           2.02632           136.782           138.763          0.386844
           2.05197           143.898           144.232          0.294605
           2.07762           145.806            147.89          0.304295
           2.10327            152.64           151.175           0.30834
           2.12892            153.36           152.919          0.249244
           2.15457            156.05            153.83          0.558332
           2.18022           154.994           154.273          0.379046
           2.20587            154.24           154.531          0.469601
           2.23152           154.686           154.208          0.480632
           2.25717           153.794           153.479           0.37894
           2.28282            153.58           153.237          0.424535
           2.30847           153.146           152.765          0.260873
           2.33412           151.776           152.776          0.458142
           2.35977           150.722           152.637          0.438732
           2.38542           153.314           152.726          0.291751
           2.41107            153.79           153.118          0.183966
           2.43672            155.03           154.024          0.265337
           2.46237           156.734           155.565          0.289042
           2.48802           157.232           156.331          0.380131
           2.51366           160.282           157.654          0.419553
           2.53931           161.194           161.182          0.386637
                 0                 0                 0                 0
         0.0256496                 0                 0                 0
         0.0512993                 0                 0                 0
         0.0769489                 0                 0                 0
          0.102599                 0                 0                 0
          0.128248                 0                 0                 0
          0.153898                 0                 0                 0
          0.179547                 0                 0                 0
          0.205197                 0                 0                 0
          0.230847                 0                 0                 0
          0.256496                 0                 0                 0
          0.282146                 0                 0                 0
          0.307796                 0                 0                 0
          0.333445                 0                 0                 0
          0.359095                 0                 0                 0
          0.384745                 0                 0                 0
          0.410394                 0                 0                 0
          0.436044                 0                 0                 0
          0.461694                 0                 0                 0
          0.487343                 0                 0                 0
          0.512993                 0                 0                 0
          0.538642                 0                 0                 0
          0.564292                 0                 0                 0
          0.589942                 0                 0                 0
          0.615591                 0                 0                 0
          0.641241                 0                 0                 0
          0.666891                 0                 0                 0
           0.69254                 0                 0                 0
           0.71819                 0                 0                 0
           0.74384                 0                 0                 0
          0.769489                 0                 0                 0
          0.795139                 0                 0                 0
          0.820788                 0                 0                 0
          0.846438                 0       0.000153846       0.000147811
          0.872088             0.038         0.0292308        0.00374032
          0.897737             0.642          0.579077         0.0105508
          0.923387             3.996           3.99692         0.0526687
          0.949037            14.284            14.428          0.138597
          0.974686            32.358           32.4748          0.194814
           1.00034             52.77           53.4512          0.236595
           1.02599            69.412           69.8232          0.254642
           1.05164            80.748           80.3543          0.135674
           1.07728            83.852           84.1398          0.185065
           1.10293            84.316           83.1062          0.244423
           1.12858            80.044           79.7091          0.204878
           1.15423            75.606           74.8209          0.291587
           1.17988            70.614           69.6712          0.253335
           1.20553             65.02           64.6438          0.254528
           1.23118            60.762           60.2603          0.174633
           1.25683            55.448           55.9146          0.168123
           1.28248            51.876           52.4378          0.233817
           1.30813             49.42           49.9046          0.180279
           1.33378            46.752           47.8511          0.138659
           1.35943            45.956           45.8658          0.147842
           1.38508            44.258           44.5291          0.115889
           1.41073            44.408           44.0731          0.139793
           1.43638            43.682            43.482          0.135358
           1.46203            43.356           43.3278          0.122379
           1.48768            42.958            43.636          0.150992
           1.51333            44.488           44.3474          0.155002
           1.53898            45.878           45.3212          0.200579
           1.56463            46.582           46.7675          0.220805
           1.59028            49.182           48.5108          0.178479
           1.61593             50.72           50.7265           0.21378
           1.64158            53.392           53.5352          0.247394
           1.66723            57.134            56.692          0.258249
           1.69288            58.938           60.4568          0.286067
           1.71853            64.426           64.8758          0.262451
           1.74418            69.054           69.6468          0.206259
           1.76983            74.346            74.786          0.207743
           1.79547            81.038           81.0386          0.161791
           1.82112            85.802            87.112          0.240215
           1.84677            92.684           93.2809          0.245402
           1.87242            99.674           100.264          0.216443
           1.89807            107.38           107.148           0.30648
           1.92372           114.638           113.855          0.382249
           1.94937           121.494           120.819          0.272269
           1.97502           127.964           127.318          0.222404
           2.00067           133.308           133.396          0.226858
           2.02632           140.006           138.859          0.368705
           2.05197            144.32           144.239           0.27202
           2.07762           148.524           147.939          0.284765
           2.10327           152.568           151.282          0.302668
           2.12892           154.254           153.021          0.250344
           2.15457           153.828            153.83          0.515383
           2.18022           154.028           154.254          0.350356
           2.20587           155.076           154.573          0.435347
           2.23152            153.68           154.167          0.445369
           2.25717           152.682           153.418          0.354715
           2.28282           153.124           153.228          0.391968
           2.30847           152.638           152.755          0.240989
           2.33412           150.902           152.632          0.444998
           2.35977            151.43           152.544          0.414694
           2.38542           153.428            152.78          0.274262
           2.41107           154.238           153.204          0.188915
           2.43672           154.712           154.077          0.250154
           2.46237           155.514           155.561          0.266834
           2.48802           155.796            156.29          0.353115
           2.51366            158.62           157.728          0.393807
           2.53931           162.176           161.259          0.364373
                 0                 0                 0                 0
         0.0256496                 0                 0                 0
         0.0512993                 0                 0                 0
         0.0769489                 0                 0                 0
          0.102599                 0                 0                 0
          0.128248                 0                 0                 0
          0.153898                 0                 0                 0
          0.179547                 0                 0                 0
          0.205197                 0                 0                 0
          0.230847                 0                 0                 0
          0.256496                 0                 0                 0
          0.282146                 0                 0                 0
          0.307796                 0                 0                 0
          0.333445                 0                 0                 0
          0.359095                 0                 0                 0
          0.384745                 0                 0                 0
          0.410394                 0                 0                 0
          0.436044                 0                 0                 0
          0.461694                 0                 0                 0
          0.487343                 0                 0                 0
          0.512993                 0                 0                 0
          0.538642                 0                 0                 0
          0.564292                 0                 0                 0
          0.589942                 0                 0                 0
          0.615591                 0                 0                 0
          0.641241                 0                 0                 0
          0.666891                 0                 0                 0
           0.69254                 0                 0                 0
           0.71819                 0                 0                 0
           0.74384                 0                 0                 0
          0.769489                 0                 0                 0
          0.795139                 0                 0                 0
          0.820788                 0                 0                 0
          0.846438                 0       0.000142857       0.000137661
          0.872088              0.02         0.0285714        0.00353079
          0.897737             0.492          0.572857         0.0114851
          0.923387              3.96           3.99429         0.0489727
          0.949037            14.734           14.4499          0.130409
          0.974686            32.388           32.4686          0.180997
           1.00034            53.018           53.4203           0.22171
           1.02599            71.076           69.9127          0.251686
           1.05164            81.204            80.415          0.138896
           1.07728            84.508           84.1661          0.173704
           1.10293             83.84           83.1586          0.232517
           1.12858            80.604            79.773          0.199968
           1.15423             74.46           74.7951          0.271897
           1.17988            70.242            69.712          0.238497
           1.20553            64.644           64.6439          0.236348
           1.23118             59.93           60.2367          0.163745
           1.25683            56.022           55.9223          0.156289
           1.28248             51.97           52.4044          0.219491
           1.30813            49.678           49.8884          0.168127
           1.33378            45.942           47.7147          0.183968
           1.35943            45.168            45.816          0.145443
           1.38508             44.38           44.5184            0.1081
           1.41073            43.776           44.0519          0.131408
           1.43638            42.646           43.4223          0.138235
           1.46203            42.428           43.2636          0.129421
           1.48768            42.212           43.5343          0.171069
           1.51333            42.278           44.1996          0.202495
           1.53898            44.368           45.2531           0.19747
           1.56463            46.216           46.7281          0.208518
           1.59028             48.58           48.5157          0.165799
           1.61593            50.524            50.712          0.198998
           1.64158            55.032           53.6421          0.251767
           1.66723            57.576           56.7551          0.247402
           1.69288            60.562           60.4643          0.265733
           1.71853            64.676           64.8616          0.244092
           1.74418            69.164           69.6123          0.194388
           1.76983             75.43            74.832          0.197932
           1.79547            82.252           81.1253          0.171888
           1.82112            87.798            87.161          0.227999
           1.84677            95.102            93.411          0.260072
           1.87242           101.756           100.371            0.2257
           1.89807           108.972           107.278          0.311055
           1.92372           116.342           114.033          0.394065
           1.94937           122.576           120.945          0.280254
           1.97502           129.606           127.482          0.259707
           2.00067           134.862           133.501          0.233565
           2.02632            139.51           138.906          0.345288
           2.05197            145.26           144.312          0.262179
           2.07762            147.27           147.891          0.268405
           2.10327           150.716           151.242          0.283738
           2.12892           152.376           152.975          0.236669
           2.15457           153.044           153.774           0.48162
           2.18022           152.578           154.134          0.345174
           2.20587           153.704           154.511          0.408648
           2.23152           154.252           154.173          0.413599
           2.25717           152.516           153.353          0.335175
           2.28282           151.086           153.075          0.392705
           2.30847           150.672           152.607           0.26578
           2.33412           149.424           152.403          0.468499
           2.35977           150.748           152.416          0.404436
           2.38542            149.77           152.565          0.328294
           2.41107           150.662           153.023          0.247769
           2.43672           152.368           153.955           0.26036
           2.46237           153.852           155.439          0.274273
           2.48802           153.996           156.126          0.363939
           2.51366           157.472            157.71          0.366103
           2.53931           160.422           161.199          0.343213
                 0                 0                 0                 0
         0.0256496                 0                 0                 0
         0.0512993                 0                 0                 0
         0.0769489                 0                 0                 0
          0.102599                 0                 0                 0
          0.128248                 0                 0                 0
          0.153898                 0                 0                 0
          0.179547                 0                 0                 0
          0.205197                 0                 0                 0
          0.230847                 0                 0                 0
          0.256496                 0                 0                 0
          0.282146                 0                 0                 0
          0.307796                 0                 0                 0
          0.333445                 0                 0                 0
          0.359095                 0                 0                 0
          0.384745                 0                 0                 0
          0.410394                 0                 0                 0
          0.436044                 0                 0                 0
          0.461694                 0                 0                 0
          0.487343                 0                 0                 0
          0.512993                 0                 0                 0
          0.538642                 0                 0                 0
          0.564292                 0                 0                 0
          0.589942                 0                 0                 0
          0.615591                 0                 0                 0
          0.641241                 0                 0                 0
          0.666891                 0                 0                 0
           0.69254                 0                 0                 0
           0.71819                 0                 0                 0
           0.74384                 0                 0                 0
          0.769489                 0                 0                 0
          0.795139                 0                 0                 0
          0.820788                 0                 0                 0
          0.846438                 0       0.000133333       0.000128812
          0.872088             0.014            0.0276        0.00342643
          0.897737               0.6          0.574667          0.010861
          0.923387             4.066           3.99907         0.0459406
          0.949037             15.03           14.4885          0.127321
          0.974686            33.782           32.5561          0.188927
           1.00034            55.322           53.5471          0.240461
           1.02599            71.396           70.0116          0.253589
           1.05164            81.382           80.4795          0.143821
           1.07728            83.414            84.116          0.169207
           1.10293            82.248           83.0979          0.224801
           1.12858            79.296           79.7412          0.189148
           1.15423            74.574           74.7804           0.25417
           1.17988            67.988           69.5971          0.248754
           1.20553            63.018           64.5355          0.244184
           1.23118            59.028           60.1561          0.171514
           1.25683            54.418            55.822          0.175113
           1.28248            51.242           52.3269           0.21811
           1.30813            49.364           49.8535          0.160512
           1.33378            47.034           47.6693          0.177213
           1.35943            45.666            45.806           0.13609
           1.38508            44.724           44.5321          0.101758
           1.41073            43.088           43.9876          0.137463
           1.43638            43.508            43.428          0.129138
           1.46203            43.874           43.3043           0.12703
           1.48768            44.466           43.5964          0.170569
           1.51333             44.81           44.2403          0.193041
           1.53898            46.068           45.3075          0.191632
           1.56463            47.224           46.7612           0.19722
           1.59028            49.556           48.5851          0.168628
           1.61593            51.802           50.7847          0.198556
           1.64158            55.384           53.7583          0.260389
           1.66723            59.586           56.9439          0.294212
           1.69288             62.94           60.6293          0.294851
           1.71853            66.108           64.9447          0.241549
           1.74418            70.066           69.6425          0.183767
           1.76983              76.2           74.9232          0.204671
           1.79547            81.366           81.1413          0.161176
           1.82112            86.708           87.1308           0.21479
           1.84677            93.924           93.4452          0.244972
           1.87242            98.674           100.257          0.237307
           1.89807           107.366           107.284          0.290373
           1.92372           113.076           113.969           0.37292
           1.94937           119.962           120.879          0.269117
           1.97502             127.8           127.503          0.243259
           2.00067           133.218           133.482          0.218754
           2.02632             138.5           138.879          0.323325
           2.05197           143.656           144.268          0.248323
           2.07762           145.694           147.745          0.287721
           2.10327           149.662           151.136          0.283694
           2.12892           149.758           152.761           0.30287
           2.15457            153.52           153.757          0.449809
           2.18022           152.988           154.058          0.330511
           2.20587           151.398           154.303           0.43088
           2.23152           153.852           154.152          0.386579
           2.25717           152.592           153.303          0.316649
           2.28282           152.268           153.021          0.370194
           2.30847           152.238           152.582          0.249194
           2.33412           152.076           152.381          0.437771
           2.35977           151.564           152.359          0.381441
           2.38542           153.538            152.63          0.312752
           2.41107           153.594           153.061          0.234161
           2.43672            154.26           153.975          0.243798
           2.46237            157.83           155.598          0.298747
           2.48802            159.35           156.341          0.398102
           2.51366           159.414           157.823          0.358891
           2.53931           163.096           161.325          0.342841
                 0                 0                 0                 0
         0.0256496                 0                 0                 0
         0.0512993                 0                 0                 0
         0.0769489                 0                 0                 0
          0.102599                 0                 0                 0
          0.128248                 0                 0                 0
          0.153898                 0                 0                 0
          0.179547                 0                 0                 0
          0.205197                 0                 0                 0
          0.230847                 0                 0                 0
          0.256496                 0                 0                 0
          0.282146                 0                 0                 0
          0.307796                 0                 0                 0
          0.333445                 0                 0                 0
          0.359095                 0                 0                 0
          0.384745                 0                 0                 0
          0.410394                 0                 0                 0
          0.436044                 0                 0                 0
          0.461694                 0                 0                 0
          0.487343                 0                 0                 0
          0.512993                 0                 0                 0
          0.538642                 0                 0                 0
          0.564292                 0                 0                 0
          0.589942                 0                 0                 0
          0.615591                 0                 0                 0
          0.641241                 0                 0                 0
          0.666891                 0                 0                 0
           0.69254                 0                 0                 0
           0.71819                 0                 0                 0
           0.74384                 0                 0                 0
          0.769489                 0                 0                 0
          0.795139                 0                 0                 0
          0.820788                 0                 0                 0
          0.846438                 0          0.000125       0.000121031
          0.872088             0.038           0.02825        0.00327335
          0.897737             0.564             0.574         0.0102026
          0.923387              4.02           4.00038         0.0430879
          0.949037             15.04            14.523          0.123941
          0.974686             33.66           32.6251          0.189298
           1.00034            52.976           53.5114          0.228066
           1.02599            70.772           70.0591          0.242152
           1.05164            81.556           80.5468          0.149746
           1.07728            84.076           84.1135           0.15865
           1.10293            83.902           83.1481          0.216296
           1.12858            79.562             79.73          0.177658
           1.15423            74.446           74.7595          0.239142
           1.17988             68.78            69.546          0.238391
           1.20553            63.822           64.4909          0.232958
           1.23118            58.718           60.0662          0.182836
           1.25683            54.794           55.7578           0.17556
           1.28248            52.298           52.3251          0.204485
           1.30813             49.71           49.8445           0.15073
           1.33378            48.066           47.6941          0.167862
           1.35943            45.202           45.7683          0.132717
           1.38508            44.078           44.5037         0.0992778
           1.41073            44.198           44.0007          0.129499
           1.43638            42.216           43.3522           0.14155
           1.46203            42.996            43.285          0.120543
           1.48768            43.234           43.5738          0.161405
           1.51333            43.846           44.2156          0.182542
           1.53898             45.67           45.3301           0.18099
           1.56463            45.804           46.7014          0.193755
           1.59028            48.388           48.5728          0.158538
           1.61593            52.098           50.8667          0.202403
           1.64158            54.312           53.7929          0.246404
           1.66723            57.978           57.0085          0.282834
           1.69288            61.472            60.682          0.281087
           1.71853            64.974           64.9465           0.22646
           1.74418            71.374           69.7507          0.201643
           1.76983             76.07           74.9949          0.204044
           1.79547            82.244           81.2102          0.165181
           1.82112            88.874           87.2398          0.227324
           1.84677            94.264           93.4964          0.234946
           1.87242           101.502           100.335          0.234877
           1.89807           107.718           107.311          0.273489
           1.92372           112.856           113.899           0.35604
           1.94937           121.282           120.904          0.253473
           1.97502           127.006           127.472          0.230028
           2.00067           134.108           133.521           0.20855
           2.02632           138.848           138.877          0.303123
           2.05197           143.616           144.228          0.236127
           2.07762           146.012           147.637          0.289404
           2.10327           148.614           150.979          0.306654
           2.12892           151.256           152.667          0.298186
           2.15457           152.766           153.695           0.42594
           2.18022           153.508           154.023          0.311635
           2.20587           152.744           154.206          0.414822
           2.23152           152.306           154.036          0.379237
           2.25717           152.684           153.264          0.299209
           2.28282           154.576           153.119          0.359581
           2.30847           151.346           152.505          0.245301
           2.33412           150.376           152.256          0.427967
           2.35977           149.826           152.201          0.389074
           2.38542           153.688           152.696          0.300118
           2.41107           152.402            153.02          0.223116
           2.43672           154.128           153.985          0.228748
           2.46237           157.278           155.703          0.297954
           2.48802            155.67           156.299          0.375425
           2.51366             157.8           157.822          0.336463
           2.53931           161.584           161.342          0.321794
                 0                 0                 0                 0
         0.0256496                 0                 0                 0
         0.0512993                 0                 0                 0
         0.0769489                 0                 0                 0
          0.102599                 0                 0                 0
          0.128248                 0                 0                 0
          0.153898                 0                 0                 0
          0.179547                 0                 0                 0
          0.205197                 0                 0                 0
          0.230847                 0                 0                 0
          0.256496                 0                 0                 0
          0.282146                 0                 0                 0
          0.307796                 0                 0                 0
          0.333445                 0                 0                 0
          0.359095                 0                 0                 0
          0.384745                 0                 0                 0
          0.410394                 0                 0                 0
          0.436044                 0                 0                 0
          0.461694                 0                 0                 0
          0.487343                 0                 0                 0
          0.512993                 0                 0                 0
          0.538642                 0                 0                 0
          0.564292                 0                 0                 0
          0.589942                 0                 0                 0
          0.615591                 0                 0                 0
          0.641241                 0                 0                 0
          0.666891                 0                 0                 0
           0.69254                 0                 0                 0
           0.71819                 0                 0                 0
           0.74384                 0                 0                 0
          0.769489                 0                 0                 0
          0.795139                 0                 0                 0
          0.820788                 0                 0                 0
          0.846438                 0       0.000117647       0.000114134
          0.872088             0.026         0.0281176        0.00308348
          0.897737             0.484          0.568706         0.0108897
          0.923387             3.906           3.99482         0.0409094
          0.949037            14.174           14.5025          0.118339
          0.974686            33.182           32.6579          0.180975
           1.00034            53.666           53.5205          0.214831
           1.02599            70.308           70.0738           0.22835
           1.05164            80.488           80.5433          0.140977
           1.07728             84.75           84.1509          0.153672
           1.10293            83.906           83.1927          0.208116
           1.12858            78.834           79.6773          0.174851
           1.15423            74.898           74.7676          0.225213
           1.17988            69.776           69.5595          0.224752
           1.20553            63.918           64.4572          0.221679
           1.23118             59.93           60.0582          0.172256
           1.25683            54.954           55.7105          0.171482
           1.28248            52.294           52.3233          0.192465
           1.30813            49.092           49.8002          0.148221
           1.33378            47.544           47.6853           0.15822
           1.35943             45.81           45.7707          0.124933
           1.38508             44.16           44.4835          0.095475
           1.41073            43.568           43.9753          0.124359
           1.43638            42.898           43.3255          0.135723
           1.46203            43.236           43.2821          0.113486
           1.48768             43.29           43.5571          0.152771
           1.51333            44.192           44.2142          0.171809
           1.53898            45.752           45.3549          0.172036
           1.56463            47.894           46.7715          0.194645
           1.59028            48.028           48.5407          0.152416
           1.61593            51.032           50.8765          0.190731
           1.64158            54.134           53.8129          0.232725
           1.66723            57.236           57.0219          0.266514
           1.69288            61.632           60.7379          0.270051
           1.71853            65.278            64.966          0.213976
           1.74418            69.646           69.7446          0.189876
           1.76983            76.022           75.0553          0.200788
           1.79547             81.89           81.2502          0.160231
           1.82112            87.544           87.2576          0.214656
           1.84677            94.296           93.5434          0.225785
           1.87242           101.318           100.393          0.228064
           1.89807           107.748           107.337          0.258606
           1.92372           114.404           113.929          0.336332
           1.94937           120.892           120.904          0.238564
           1.97502           127.106            127.45          0.217501
           2.00067           132.946           133.487          0.199009
           2.02632           138.274           138.841          0.287358
           2.05197            142.82           144.145          0.236309
           2.07762           146.898           147.593          0.275621
           2.10327           148.942           150.859          0.311141
           2.12892           151.306           152.587          0.291191
           2.15457            152.28           153.612          0.408938
           2.18022             154.6           154.057          0.295144
           2.20587           153.818           154.183          0.391046
           2.23152           151.366           153.879          0.388097
           2.25717            153.19            153.26           0.28164
           2.28282           153.046           153.114          0.338454
           2.30847           152.436           152.501          0.230905
           2.33412           153.504           152.329          0.409045
           2.35977           151.888           152.182          0.366622
           2.38542            153.36           152.735          0.284995
           2.41107           153.894           153.071           0.21584
           2.43672           154.706           154.027          0.219194
           2.46237           155.122           155.669          0.282381
           2.48802            157.21           156.353          0.357142
           2.51366             158.1           157.838          0.317069
           2.53931           161.664           161.361          0.303424
                 0                 0                 0                 0
         0.0256496                 0                 0                 0
         0.0512993                 0                 0                 0
         0.0769489                 0                 0                 0
          0.102599                 0                 0                 0
          0.128248                 0                 0                 0
          0.153898                 0                 0                 0
          0.179547                 0                 0                 0
          0.205197                 0                 0                 0
          0.230847                 0                 0                 0
          0.256496                 0                 0                 0
          0.282146                 0                 0                 0
          0.307796                 0                 0                 0
          0.333445                 0                 0                 0
          0.359095                 0                 0                 0
          0.384745                 0                 0                 0
          0.410394                 0                 0                 0
          0.436044                 0                 0                 0
          0.461694                 0                 0                 0
          0.487343                 0                 0                 0
          0.512993                 0                 0                 0
          0.538642                 0                 0                 0
          0.564292                 0                 0                 0
          0.589942                 0                 0                 0
          0.615591                 0                 0                 0
          0.641241                 0                 0                 0
          0.666891                 0                 0                 0
           0.69254                 0                 0                 0
           0.71819                 0                 0                 0
           0.74384                 0                 0                 0
          0.769489                 0                 0                 0
          0.795139                 0                 0                 0
          0.820788                 0                 0                 0
          0.846438                 0       0.000111111       0.000107981
          0.872088              0.01         0.0271111        0.00307207
          0.897737             0.538             0.567         0.0104175
          0.923387             4.228           4.00778          0.040636
          0.949037            14.696           14.5132          0.112251
          0.974686             32.66            32.658           0.17092
           1.00034            52.332           53.4544          0.212801
           1.02599            69.016            70.015          0.223097
           1.05164            80.594           80.5461          0.133173
           1.07728            84.466           84.1684          0.146128
           1.10293            84.246           83.2512          0.204615
           1.12858            78.984           79.6388          0.169326
           1.15423            74.434           74.7491          0.213463
           1.17988            69.044           69.5309          0.214083
           1.20553            64.938           64.4839          0.210967
           1.23118             59.76           60.0417          0.163481
           1.25683             56.49           55.7538          0.167334
           1.28248            53.226           52.3734          0.188193
           1.30813            50.642            49.847          0.147179
           1.33378            48.078           47.7071          0.150927
           1.35943             46.48           45.8101          0.124051
           1.38508             45.04           44.5144         0.0950443
           1.41073            44.142           43.9846          0.117794
           1.43638            42.892           43.3014          0.130302
           1.46203            42.982           43.2654            0.1084
           1.48768            43.086           43.5309          0.146508
           1.51333            44.044           44.2048          0.162524
           1.53898            44.502           45.3076          0.168879
           1.56463            46.094           46.7339          0.187435
           1.59028            48.084           48.5153          0.146045
           1.61593            50.352           50.8473          0.182347
           1.64158            52.972           53.7662          0.224436
           1.66723             55.94           56.9618          0.258396
           1.69288            60.292           60.7131          0.256181
           1.71853            64.312           64.9297           0.20515
           1.74418            69.442           69.7278           0.18007
           1.76983            75.586           75.0848          0.191785
           1.79547            80.456           81.2061          0.157287
           1.82112            86.514           87.2163          0.206668
           1.84677            94.626           93.6036          0.221107
           1.87242            99.856           100.363          0.217337
           1.89807           107.178           107.328          0.244389
           1.92372           113.708           113.917          0.317871
           1.94937           121.468           120.935          0.227362
           1.97502           128.256           127.495          0.209974
           2.00067           134.022           133.517          0.190156
           2.02632           139.952           138.903          0.277941
           2.05197           145.624           144.227          0.237039
           2.07762           149.768           147.714          0.285569
           2.10327           152.012           150.923          0.300377
           2.12892           153.234           152.623          0.277225
           2.15457           154.834            153.68          0.391815
           2.18022           155.774           154.153          0.293752
           2.20587           155.184           154.238          0.373256
           2.23152           154.258             153.9          0.367106
           2.25717           152.402           153.212          0.269992
           2.28282            152.11           153.059          0.324218
           2.30847            151.92           152.468          0.220319
           2.33412            153.37           152.387          0.390388
           2.35977           150.908           152.112          0.353025
           2.38542            152.78           152.737          0.269173
           2.41107            151.29           152.972          0.225388
           2.43672           153.678           154.008          0.207872
           2.46237           153.896            155.57          0.283352
           2.48802           155.012           156.278          0.344983
           2.51366           156.368           157.757          0.309797
           2.53931           159.834           161.276          0.298184
                 0                 0                 0                 0
         0.0256496                 0                 0                 0
         0.0512993                 0                 0                 0
         0.0769489                 0                 0                 0
          0.102599                 0                 0                 0
          0.128248                 0                 0                 0
          0.153898                 0                 0                 0
          0.179547                 0                 0                 0
          0.205197                 0                 0                 0
          0.230847                 0                 0                 0
          0.256496                 0                 0                 0
          0.282146                 0                 0                 0
          0.307796                 0                 0                 0
          0.333445                 0                 0                 0
          0.359095                 0                 0                 0
          0.384745                 0                 0                 0
          0.410394                 0                 0                 0
          0.436044                 0                 0                 0
          0.461694                 0                 0                 0
          0.487343                 0                 0                 0
          0.512993                 0                 0                 0
          0.538642                 0                 0                 0
          0.564292                 0                 0                 0
          0.589942                 0                 0                 0
          0.615591                 0                 0                 0
          0.641241                 0                 0                 0
          0.666891                 0                 0                 0
           0.69254                 0                 0                 0
           0.71819                 0                 0                 0
           0.74384                 0                 0                 0
          0.769489                 0                 0                 0
          0.795139                 0                 0                 0
          0.820788                 0                 0                 0
          0.846438                 0       0.000105263       0.000102456
          0.872088             0.028         0.0271579        0.00291073
          0.897737             0.556          0.566421         0.0098853
          0.923387             4.212           4.01853         0.0398934
          0.949037             14.84           14.5304          0.107653
          0.974686            32.542           32.6519          0.162034
           1.00034            53.092           53.4354          0.202454
           1.02599            70.762           70.0543          0.214792
           1.05164            80.066           80.5208          0.128539
           1.07728            84.578             84.19          0.140018
           1.10293            83.068           83.2416          0.194073
           1.12858            80.654           79.6922          0.168634
           1.15423            74.788           74.7512          0.202238
           1.17988            69.924           69.5516          0.203812
           1.20553            63.958           64.4562          0.201671
           1.23118            60.172           60.0485          0.155021
           1.25683            54.626           55.6944          0.168726
           1.28248             50.89           52.2954          0.193808
           1.30813            48.854           49.7947          0.148422
           1.33378            46.342           47.6353          0.159169
           1.35943             44.73           45.7533          0.129896
           1.38508              44.9           44.5347         0.0921828
           1.41073            43.628           43.9658          0.113079
           1.43638            43.618           43.3181          0.124505
           1.46203            44.018           43.3051          0.109692
           1.48768            43.878           43.5492          0.139932
           1.51333             43.87           44.1872          0.154923
           1.53898             45.58           45.3219          0.160598
           1.56463            46.432            46.718          0.178242
           1.59028            48.562           48.5178          0.138379
           1.61593            51.288           50.8705          0.174218
           1.64158            54.378           53.7984          0.214921
           1.66723            58.178           57.0258            0.2526
           1.69288            62.004           60.7811          0.251546
           1.71853             65.98           64.9849          0.201664
           1.74418            70.978           69.7936          0.182219
           1.76983            76.644           75.1668          0.198474
           1.79547            82.182           81.2575          0.157172
           1.82112            87.508           87.2317           0.19636
           1.84677             93.75           93.6113          0.209604
           1.87242            99.618           100.324          0.209407
           1.89807           105.844            107.25          0.243688
           1.92372           112.782           113.857          0.306701
           1.94937           120.596           120.917          0.216094
           1.97502           128.262           127.535          0.202766
           2.00067           134.006           133.543           0.18188
           2.02632            139.67           138.943          0.266229
           2.05197           144.078           144.219          0.224693
           2.07762           148.476           147.754          0.273342
           2.10327           151.422           150.949          0.285714
           2.12892           152.852           152.635          0.262897
           2.15457           154.238           153.709          0.372293
           2.18022           153.104           154.097          0.283429
           2.20587           154.454            154.25          0.353784
           2.23152           154.142           153.913          0.348005
           2.25717           152.936           153.197          0.256173
           2.28282           152.884           153.049          0.307284
           2.30847           150.596            152.37          0.229709
           2.33412           150.364            152.28          0.384083
           2.35977           150.776           152.041          0.341372
           2.38542           151.314           152.663          0.265227
           2.41107           150.724           152.854          0.242601
           2.43672           151.252           153.863          0.242298
           2.46237           153.706           155.472          0.284924
           2.48802           155.266           156.225          0.330916
           2.51366           157.604           157.749          0.293596
           2.53931           162.508           161.341          0.289457
                 0                 0                 0                 0
         0.0256496                 0                 0                 0
         0.0512993                 0                 0                 0
         0.0769489                 0                 0                 0
          0.102599                 0                 0                 0
          0.128248                 0                 0                 0
          0.153898                 0                 0                 0
          0.179547                 0                 0                 0
          0.205197                 0                 0                 0
          0.230847                 0                 0                 0
          0.256496                 0                 0                 0
          0.282146                 0                 0                 0
          0.307796                 0                 0                 0
          0.333445                 0                 0                 0
          0.359095                 0                 0                 0
          0.384745                 0                 0                 0
          0.410394                 0                 0                 0
          0.436044                 0                 0                 0
          0.461694                 0                 0                 0
          0.487343                 0                 0                 0
          0.512993                 0                 0                 0
          0.538642                 0                 0                 0
          0.564292                 0                 0                 0
          0.589942                 0                 0                 0
          0.615591                 0                 0                 0
          0.641241                 0                 0                 0
          0.666891                 0                 0                 0
           0.69254                 0                 0                 0
           0.71819                 0                 0                 0
           0.74384                 0                 0                 0
          0.769489                 0                 0                 0
          0.795139                 0                 0                 0
          0.820788                 0                 0                 0
          0.846438                 0            0.0001       9.74679e-05
          0.872088             0.024             0.027        0.00276948
          0.897737             0.616            0.5689        0.00969688
          0.923387              3.91            4.0131          0.038266
          0.949037            13.944           14.5011          0.106188
          0.974686             32.15           32.6268          0.155863
           1.00034             51.57           53.3421          0.212733
           1.02599            69.368             70.02          0.206775
           1.05164            80.912           80.5404          0.123591
           1.07728            84.104           84.1857          0.133083
           1.10293            83.508           83.2549          0.184826
           1.12858             80.76           79.7456          0.168442
           1.15423            75.128             74.77          0.193002
           1.17988            70.088           69.5784          0.195379
           1.20553            65.042           64.4855          0.193702
           1.23118             60.22           60.0571          0.147507
           1.25683            56.324           55.7259            0.1632
           1.28248            53.516           52.3564          0.193489
           1.30813            50.252           49.8176          0.142751
           1.33378            48.074           47.6572          0.152714
           1.35943             46.14           45.7726          0.124832
           1.38508            44.856           44.5508         0.0889622
           1.41073            44.344           43.9847          0.108995
           1.43638            43.888           43.3466          0.121496
           1.46203            43.572           43.3184          0.105016
           1.48768            44.544           43.5989            0.1415
           1.51333            44.508           44.2032          0.148005
           1.53898            44.728           45.2922          0.155289
           1.56463            45.316           46.6479          0.182595
           1.59028            47.484           48.4661          0.140784
           1.61593            49.582           50.8061          0.177019
           1.64158             52.57            53.737          0.212771
           1.66723            56.326           56.9908          0.242382
           1.69288            60.572           60.7706          0.239186
           1.71853             64.09           64.9402          0.196482
           1.74418            68.864           69.7471          0.178937
           1.76983            74.032           75.1101          0.196494
           1.79547            81.192           81.2542          0.149347
           1.82112            87.198             87.23          0.186549
           1.84677            92.612           93.5613          0.204992
           1.87242           100.294           100.323          0.198942
           1.89807            107.27           107.251          0.231506
           1.92372           113.648           113.847          0.291544
           1.94937           120.002           120.871          0.210077
           1.97502           127.224            127.52          0.193224
           2.00067           133.796           133.555          0.173226
           2.02632           138.026           138.897          0.256837
           2.05197           144.896           144.253          0.215992
           2.07762           147.872            147.76          0.259738
           2.10327           150.414           150.922          0.272679
           2.12892           155.316           152.769          0.281869
           2.15457           156.396           153.844          0.377139
           2.18022           154.768           154.131          0.271234
           2.20587           157.496           154.412          0.371466
           2.23152           156.134           154.024          0.347873
           2.25717           155.288           153.302           0.26383
           2.28282           153.164           153.055          0.291973
           2.30847           152.658           152.384          0.218675
           2.33412            152.78           152.305          0.365691
           2.35977           152.784           152.078          0.326317
           2.38542           151.924           152.626          0.254523
           2.41107            151.93           152.808          0.234825
           2.43672           152.782           153.809           0.23613
           2.46237           153.684           155.383          0.284362
           2.48802           155.452           156.186           0.31662
           2.51366           156.148           157.669          0.289619
           2.53931           159.794           161.263          0.285127
                 0                 0                 0                 0
         0.0256496                 0                 0                 0
         0.0512993                 0                 0                 0
         0.0769489                 0                 0                 0
          0.102599                 0                 0                 0
          0.128248                 0                 0                 0
          0.153898                 0                 0                 0
          0.179547                 0                 0                 0
          0.205197                 0                 0                 0
          0.230847                 0                 0                 0
          0.256496                 0                 0                 0
          0.282146                 0                 0                 0
          0.307796                 0                 0                 0
          0.333445                 0                 0                 0
          0.359095                 0                 0                 0
          0.384745                 0                 0                 0
          0.410394                 0                 0                 0
          0.436044                 0                 0                 0
          0.461694                 0                 0                 0
          0.487343                 0                 0                 0
          0.512993                 0                 0                 0
          0.538642                 0                 0                 0
          0.564292                 0                 0                 0
          0.589942                 0                 0                 0
          0.615591                 0                 0                 0
          0.641241                 0                 0                 0
          0.666891                 0                 0                 0
           0.69254                 0                 0                 0
           0.71819                 0                 0                 0
           0.74384                 0                 0                 0
          0.769489                 0                 0                 0
          0.795139                 0                 0                 0
          0.820788                 0                 0                 0
          0.846438                 0       9.52381e-05       9.29429e-05
          0.872088             0.014          0.026381         0.0027059
          0.897737             0.426          0.562095         0.0113749
          0.923387             3.978           4.01143         0.0364803
          0.949037            14.472           14.4997          0.101141
          0.974686             33.02           32.6455          0.149561
           1.00034            53.146           53.3328          0.202808
           1.02599             70.31           70.0338          0.197389
           1.05164            80.612           80.5438          0.117753
           1.07728            85.274           84.2375          0.136463
           1.10293            83.532           83.2681          0.176495
           1.12858            80.114           79.7631          0.161332
           1.15423            75.406           74.8003          0.186172
           1.17988            69.536           69.5764          0.186085
           1.20553             64.38           64.4805          0.184544
           1.23118            59.158           60.0143          0.146564
           1.25683            55.548           55.7174          0.155648
           1.28248            52.268           52.3522          0.184321
           1.30813            49.228           49.7895          0.138687
           1.33378            47.232            47.637          0.146778
           1.35943            45.646           45.7666          0.119033
           1.38508            44.688           44.5573         0.0849654
           1.41073              43.9           43.9807           0.10388
           1.43638            43.206           43.3399          0.115895
           1.46203            42.666           43.2873           0.10451
           1.48768             42.84           43.5628          0.139301
           1.51333            44.016           44.1943          0.141225
           1.53898            45.498            45.302          0.148203
           1.56463            46.644           46.6477            0.1739
           1.59028            48.248           48.4557          0.134462
           1.61593            51.414            50.835           0.17094
           1.64158            53.814           53.7407           0.20267
           1.66723            56.218            56.954          0.233616
           1.69288            60.604           60.7627          0.227928
           1.71853            65.104            64.948          0.187281
           1.74418             69.48           69.7344          0.170868
           1.76983            75.118           75.1105          0.187137
           1.79547             81.27            81.255          0.142237
           1.82112            87.694           87.2521           0.17897
           1.84677            93.672           93.5666          0.195298
           1.87242           100.812           100.346           0.19083
           1.89807           108.284             107.3          0.225648
           1.92372           114.328            113.87           0.27856
           1.94937           120.068           120.833          0.203526
           1.97502           126.204           127.457          0.193916
           2.00067           133.276           133.542          0.165488
           2.02632           140.916           138.994          0.261978
           2.05197           144.586           144.269          0.206288
           2.07762           147.982            147.77          0.247585
           2.10327           151.776           150.963          0.262705
           2.12892            154.77           152.864            0.2841
           2.15457            153.93           153.848          0.359202
           2.18022           154.732            154.16          0.259823
           2.20587           154.814           154.431           0.35427
           2.23152            154.77            154.06          0.333116
           2.25717           154.278           153.348          0.255329
           2.28282           152.768           153.041           0.27839
           2.30847           151.436           152.339          0.212874
           2.33412           152.546           152.317          0.348457
           2.35977           151.346           152.044          0.312637
           2.38542           151.752           152.584          0.245779
           2.41107           152.076           152.773          0.226212
           2.43672           153.374           153.788           0.22579
           2.46237           154.322           155.332          0.275272
           2.48802           156.016           156.178          0.301647
           2.51366           158.506           157.708          0.278559
           2.53931           159.814           161.194          0.279777
                 0                 0                 0                 0
         0.0256496                 0                 0                 0
         0.0512993                 0                 0                 0
         0.0769489                 0                 0                 0
          0.102599                 0                 0                 0
          0.128248                 0                 0                 0
          0.153898                 0                 0                 0
          0.179547                 0                 0                 0
          0.205197                 0                 0                 0
          0.230847                 0                 0                 0
          0.256496                 0                 0                 0
          0.282146                 0                 0                 0
          0.307796                 0                 0                 0
          0.333445                 0                 0                 0
          0.359095                 0                 0                 0
          0.384745                 0                 0                 0
          0.410394                 0                 0                 0
          0.436044                 0                 0                 0
          0.461694                 0                 0                 0
          0.487343                 0                 0                 0
          0.512993                 0                 0                 0
          0.538642                 0                 0                 0
          0.564292                 0                 0                 0
          0.589942                 0                 0                 0
          0.615591                 0                 0                 0
          0.641241                 0                 0                 0
          0.666891                 0                 0                 0
           0.69254                 0                 0                 0
           0.71819                 0                 0                 0
           0.74384                 0                 0                 0
          0.769489                 0                 0                 0
          0.795139                 0                 0                 0
          0.820788                 0                 0                 0
          0.846438                 0       9.09091e-05       8.88189e-05
          0.872088             0.016         0.0259091        0.00262372
          0.897737             0.518          0.560091          0.011033
          0.923387             3.874           4.00518         0.0353529
          0.949037             14.23           14.4875         0.0972837
          0.974686            33.282           32.6745          0.145534
           1.00034            52.954           53.3155          0.194319
           1.02599            70.324            70.047          0.188857
           1.05164            79.632           80.5024          0.119472
           1.07728             84.22           84.2367          0.130263
           1.10293              82.7           83.2423          0.170351
           1.12858            79.598           79.7556          0.154173
           1.15423            74.456           74.7846          0.178366
           1.17988             69.57           69.5761          0.177627
           1.20553            64.178           64.4667          0.176667
           1.23118             59.32           59.9827           0.14326
           1.25683            56.844           55.7686          0.156771
           1.28248            53.444           52.4018          0.182502
           1.30813            50.516           49.8225          0.136258
           1.33378            48.578           47.6797          0.146207
           1.35943            46.408           45.7957          0.117139
           1.38508            45.066           44.5805         0.0841905
           1.41073            44.232           43.9921         0.0997839
           1.43638            43.394           43.3424          0.110653
           1.46203            43.304           43.2881         0.0997622
           1.48768             43.41           43.5558          0.133142
           1.51333            43.844           44.1784            0.1357
           1.53898            44.694           45.2744           0.14402
           1.56463            46.354           46.6344          0.166507
           1.59028            48.764           48.4697          0.129078
           1.61593             50.85           50.8357          0.163172
           1.64158            54.248           53.7637          0.194766
           1.66723            57.122           56.9616          0.223122
           1.69288            60.294           60.7414          0.218561
           1.71853            65.232           64.9609          0.179212
           1.74418             70.85           69.7851           0.17046
           1.76983            75.444           75.1256          0.179244
           1.79547            81.828            81.281          0.138137
           1.82112            86.748           87.2292          0.172295
           1.84677            94.672           93.6168          0.192777
           1.87242           100.726           100.363          0.182936
           1.89807           105.846           107.234          0.224863
           1.92372           113.116           113.835          0.267996
           1.94937           120.078           120.799          0.197148
           1.97502           126.496           127.413           0.18996
           2.00067           133.526           133.541          0.157967
           2.02632           138.004           138.949          0.253901
           2.05197           142.296           144.179          0.215523
           2.07762           148.206            147.79          0.237121
           2.10327           150.768           150.954          0.250914
           2.12892            152.28           152.838          0.272424
           2.15457           152.918           153.805          0.345351
           2.18022            153.56           154.132          0.249438
           2.20587           153.896           154.407          0.339001
           2.23152           154.898           154.098          0.320148
           2.25717           153.866           153.372          0.244804
           2.28282           152.612           153.022          0.266419
           2.30847           153.386           152.387          0.208448
           2.33412           153.184           152.356           0.33484
           2.35977           152.044           152.044          0.298426
           2.38542           153.628           152.631          0.239145
           2.41107            154.94           152.871           0.23641
           2.43672           156.366           153.905          0.244052
           2.46237            157.05            155.41          0.273607
           2.48802            157.59           156.243          0.294681
           2.51366           157.686           157.707            0.2659
           2.53931           161.286           161.198          0.267091
                 0                 0                 0                 0
         0.0256496                 0                 0                 0
         0.0512993                 0                 0                 0
         0.0769489                 0                 0                 0
          0.102599                 0                 0                 0
          0.128248                 0                 0                 0
          0.153898                 0                 0                 0
          0.179547                 0                 0                 0
          0.205197                 0                 0                 0
          0.230847                 0                 0                 0
          0.256496                 0                 0                 0
          0.282146                 0                 0                 0
          0.307796                 0                 0                 0
          0.333445                 0                 0                 0
          0.359095                 0                 0                 0
          0.384745                 0                 0                 0
          0.410394                 0                 0                 0
          0.436044                 0                 0                 0
          0.461694                 0                 0                 0
          0.487343                 0                 0                 0
          0.512993                 0                 0                 0
          0.538642                 0                 0                 0
          0.564292                 0                 0                 0
          0.589942                 0                 0                 0
          0.615591                 0                 0                 0
          0.641241                 0                 0                 0
          0.666891                 0                 0                 0
           0.69254                 0                 0                 0
           0.71819                 0                 0                 0
           0.74384                 0                 0                 0
          0.769489                 0                 0                 0
          0.795139                 0                 0                 0
          0.820788                 0                 0                 0
          0.846438                 0       8.69565e-05       8.50452e-05
          0.872088             0.018         0.0255652        0.00253208
          0.897737             0.548          0.559565         0.0105658
          0.923387             3.958           4.00313         0.0338753
          0.949037            14.868            14.504         0.0944505
          0.974686            33.294           32.7014          0.141678
           1.00034            54.344           53.3603          0.190946
           1.02599             70.88           70.0832          0.184086
           1.05164             81.14           80.5301           0.11745
           1.07728            83.694           84.2131          0.126719
           1.10293            83.502           83.2536          0.163319
           1.12858            79.406           79.7404          0.148217
           1.15423            74.126            74.756          0.172895
           1.17988            68.504           69.5295          0.175914
           1.20553            63.514           64.4253          0.173774
           1.23118            59.098           59.9443          0.142102
           1.25683            54.788            55.726          0.155645
           1.28248             51.86           52.3783          0.176081
           1.30813            48.968           49.7854          0.135304
           1.33378            46.728           47.6383          0.145588
           1.35943            45.854           45.7983          0.112073
           1.38508            44.708            44.586         0.0807125
           1.41073             44.08           43.9959         0.0955187
           1.43638            44.018           43.3717          0.109672
           1.46203            43.764           43.3088         0.0975469
           1.48768            44.572              43.6          0.134484
           1.51333             44.55           44.1945          0.130759
           1.53898             45.34           45.2772          0.137787
           1.56463            47.454             46.67          0.163037
           1.59028            48.644           48.4773          0.123688
           1.61593            51.488           50.8641          0.158523
           1.64158            53.984           53.7733          0.186533
           1.66723            57.424           56.9817          0.214325
           1.69288             60.79           60.7435          0.209068
           1.71853            66.398           65.0234          0.181987
           1.74418            69.976           69.7934          0.163251
           1.76983            76.206           75.1726          0.177499
           1.79547            81.546           81.2925           0.13261
           1.82112            88.578           87.2878          0.174499
           1.84677             94.29           93.6461          0.186604
           1.87242           100.374           100.364          0.174983
           1.89807           108.014           107.268          0.217629
           1.92372           115.466           113.906          0.265557
           1.94937            121.39           120.824          0.190245
           1.97502           127.452           127.415          0.181708
           2.00067           132.944           133.515           0.15322
           2.02632           137.322           138.878          0.252519
           2.05197           144.618           144.198          0.206995
           2.07762           146.422           147.731          0.234155
           2.10327           148.176           150.833          0.267505
           2.12892           151.936           152.798          0.263384
           2.15457           151.788           153.718          0.341293
           2.18022           150.676           153.982          0.280228
           2.20587            149.66           154.201          0.381955
           2.23152           152.578           154.032          0.312972
           2.25717           152.518           153.335          0.236959
           2.28282           151.626           152.961          0.261657
           2.30847           151.896           152.365          0.200474
           2.33412           151.928           152.338          0.320799
           2.35977           152.142           152.048          0.285482
           2.38542           152.676           152.633          0.228755
           2.41107           152.734           152.865          0.226207
           2.43672           155.614           153.979          0.244491
           2.46237           158.128           155.529          0.286088
           2.48802           158.716            156.35          0.300853
           2.51366           159.832             157.8          0.269907
           2.53931           164.088           161.324           0.28349
                 0                 0                 0                 0
         0.0256496                 0                 0                 0
         0.0512993                 0                 0                 0
         0.0769489                 0                 0                 0
          0.102599                 0                 0                 0
          0.128248                 0                 0                 0
          0.153898                 0                 0                 0
          0.179547                 0                 0                 0
          0.205197                 0                 0                 0
          0.230847                 0                 0                 0
          0.256496                 0                 0                 0
          0.282146                 0                 0                 0
          0.307796                 0                 0                 0
          0.333445                 0                 0                 0
          0.359095                 0                 0                 0
          0.384745                 0                 0                 0
          0.410394                 0                 0                 0
          0.436044                 0                 0                 0
          0.461694                 0                 0                 0
          0.487343                 0                 0                 0
          0.512993                 0                 0                 0
          0.538642                 0                 0                 0
          0.564292                 0                 0                 0
          0.589942                 0                 0                 0
          0.615591                 0                 0                 0
          0.641241                 0                 0                 0
          0.666891                 0                 0                 0
           0.69254                 0                 0                 0
           0.71819                 0                 0                 0
           0.74384                 0                 0                 0
          0.769489                 0                 0                 0
          0.795139                 0                 0                 0
          0.820788                 0                 0                 0
          0.846438                 0       8.33333e-05       8.15788e-05
          0.872088             0.024            0.0255        0.00242742
          0.897737             0.596          0.561083         0.0102341
          0.923387             4.312             4.016         0.0348228
          0.949037            14.716           14.5128         0.0909272
          0.974686            32.818           32.7063          0.135858
           1.00034             54.31           53.3998          0.187045
           1.02599            69.792           70.0711          0.176815
           1.05164            80.154           80.5144          0.113597
           1.07728            84.686           84.2328          0.122961
           1.10293            82.376            83.217          0.160555
           1.12858            79.096           79.7136          0.144454
           1.15423            75.058           74.7686          0.166148
           1.17988            68.524           69.4876          0.173501
           1.20553            64.018           64.4083           0.16736
           1.23118            59.494           59.9255          0.137413
           1.25683            55.772           55.7279          0.149171
           1.28248             52.49           52.3829          0.168805
           1.30813            51.112           49.8407          0.140504
           1.33378            47.178           47.6192          0.140779
           1.35943            46.154           45.8131          0.108379
           1.38508            45.124           44.6084         0.0804022
           1.41073            43.504           43.9754          0.093712
           1.43638             42.99           43.3558           0.10625
           1.46203             42.87           43.2905         0.0951803
           1.48768             43.47           43.5946          0.128989
           1.51333            44.182            44.194          0.125312
           1.53898            44.744            45.255          0.133825
           1.56463             47.02           46.6846          0.156895
           1.59028            48.952           48.4971          0.120106
           1.61593            50.716           50.8579          0.152037
           1.64158              54.4           53.7994          0.180579
           1.66723             56.76           56.9725          0.205594
           1.69288            60.862           60.7484          0.200415
           1.71853            65.338           65.0365          0.174876
           1.74418            70.652           69.8292          0.160321
           1.76983             75.41           75.1825          0.170378
           1.79547             80.65           81.2657          0.129759
           1.82112             87.75           87.3071          0.168288
           1.84677            93.292           93.6313          0.179411
           1.87242            99.828           100.341          0.169109
           1.89807           107.956           107.297          0.210441
           1.92372           115.452           113.971          0.262187
           1.94937           119.894           120.786          0.186226
           1.97502           128.226           127.449           0.17725
           2.00067           134.552           133.559          0.152802
           2.02632            139.56           138.906          0.243592
           2.05197            144.88           144.227           0.20031
           2.07762           145.846           147.652          0.237203
           2.10327           149.538           150.779          0.261749
           2.12892            150.83           152.716          0.264871
           2.15457           152.534           153.668          0.330616
           2.18022            153.69            153.97          0.268816
           2.20587           152.604           154.134          0.371788
           2.23152           152.596           153.972          0.305594
           2.25717            151.39           153.254          0.240543
           2.28282           152.122           152.926          0.253081
           2.30847           152.526           152.372          0.192233
           2.33412           151.586           152.306          0.308957
           2.35977           152.518           152.067          0.274258
           2.38542            152.87           152.643          0.219436
           2.41107           154.716           152.942           0.22955
           2.43672           155.066           154.025           0.23846
           2.46237           156.754            155.58          0.278687
           2.48802           158.774           156.451          0.304798
           2.51366           159.526           157.872          0.268073
           2.53931           162.906            161.39          0.279235
                 0                 0                 0                 0
         0.0256496                 0                 0                 0
         0.0512993                 0                 0                 0
         0.0769489                 0                 0                 0
          0.102599                 0                 0                 0
          0.128248                 0                 0                 0
          0.153898                 0                 0                 0
          0.179547                 0                 0                 0
          0.205197                 0                 0                 0
          0.230847                 0                 0                 0
          0.256496                 0                 0                 0
          0.282146                 0                 0                 0
          0.307796                 0                 0                 0
          0.333445                 0                 0                 0
          0.359095                 0                 0                 0
          0.384745                 0                 0                 0
          0.410394                 0                 0                 0
          0.436044                 0                 0                 0
          0.461694                 0                 0                 0
          0.487343                 0                 0                 0
          0.512993                 0                 0                 0
          0.538642                 0                 0                 0
          0.564292                 0                 0                 0
          0.589942                 0                 0                 0
          0.615591                 0                 0                 0
          0.641241                 0                 0                 0
          0.666891                 0                 0                 0
           0.69254                 0                 0                 0
           0.71819                 0                 0                 0
           0.74384                 0                 0                 0
          0.769489                 0                 0                 0
          0.795139                 0                 0                 0
          0.820788                 0                 0                 0
          0.846438                 0             8e-05       7.83837e-05
          0.872088             0.034           0.02584        0.00235401
          0.897737             0.548           0.56056        0.00983806
          0.923387              3.96           4.01376         0.0335018
          0.949037            14.282           14.5036         0.0877576
          0.974686            32.296           32.6898          0.131411
           1.00034            53.068           53.3866          0.180034
           1.02599            69.782           70.0595           0.17012
           1.05164            81.422           80.5507          0.114707
           1.07728            84.888            84.259          0.120803
           1.10293            84.438           83.2658           0.16139
           1.12858            80.318           79.7378          0.140684
           1.15423            75.332           74.7911          0.161023
           1.17988            69.892           69.5038          0.167314
           1.20553            64.916           64.4286          0.161893
           1.23118            60.088            59.932          0.132071
           1.25683            55.688           55.7263          0.143213
           1.28248             52.54           52.3892           0.16217
           1.30813            49.686           49.8345           0.13502
           1.33378            47.294           47.6062          0.135748
           1.35943            44.698           45.7685           0.11285
           1.38508            43.612           44.5686         0.0865026
           1.41073            43.252           43.9465         0.0943253
           1.43638            43.196           43.3494          0.102192
           1.46203            43.362           43.2934         0.0914161
           1.48768            43.644           43.5966          0.123845
           1.51333            42.922           44.1431          0.130219
           1.53898            45.018           45.2455          0.128807
           1.56463            46.128           46.6623           0.15219
           1.59028             48.48           48.4964          0.115304
           1.61593            50.668           50.8503          0.146146
           1.64158             53.35           53.7814          0.174248
           1.66723            57.488           56.9931          0.198401
           1.69288            61.094           60.7622          0.192875
           1.71853            66.102           65.0791          0.172996
           1.74418            70.308           69.8483          0.155048
           1.76983            76.374           75.2302          0.170099
           1.79547            82.592           81.3188          0.134978
           1.82112             87.89           87.3304          0.163164
           1.84677            94.322            93.659          0.174348
           1.87242           101.618           100.392          0.169881
           1.89807           106.828           107.278          0.202856
           1.92372           112.702            113.92          0.256563
           1.94937           120.014           120.755          0.181317
           1.97502           127.256           127.441          0.170328
           2.00067           132.824           133.529          0.149489
           2.02632           137.798           138.862          0.237848
           2.05197            142.46           144.156          0.204383
           2.07762           147.016           147.627          0.229076
           2.10327            151.01           150.789          0.251441
           2.12892           153.288           152.739          0.255262
           2.15457           156.274           153.773          0.333416
           2.18022           154.154           153.977          0.258165
           2.20587           155.352           154.183          0.360094
           2.23152            153.24           153.942          0.294768
           2.25717           154.942           153.321          0.240213
           2.28282           151.288           152.861          0.251298
           2.30847           151.764           152.348          0.186076
           2.33412           150.238           152.224          0.307476
           2.35977           150.186           151.992          0.273419
           2.38542           152.802            152.65           0.21075
           2.41107           151.102           152.869          0.231871
           2.43672            154.12           154.028          0.228952
           2.46237           155.392           155.572           0.26764
           2.48802           154.906           156.389          0.298807
           2.51366            157.61           157.861          0.257554
           2.53931           160.922           161.371          0.268693
                 0                 0                 0                 0
         0.0256496                 0                 0                 0
         0.0512993                 0                 0                 0
         0.0769489                 0                 0                 0
          0.102599                 0                 0                 0
          0.128248                 0                 0                 0
          0.153898                 0                 0                 0
          0.179547                 0                 0                 0
          0.205197                 0                 0                 0
          0.230847                 0                 0                 0
          0.256496                 0                 0                 0
          0.282146                 0                 0                 0
          0.307796                 0                 0                 0
          0.333445                 0                 0                 0
          0.359095                 0                 0                 0
          0.384745                 0                 0                 0
          0.410394                 0                 0                 0
          0.436044                 0                 0                 0
          0.461694                 0                 0                 0
          0.487343                 0                 0                 0
          0.512993                 0                 0                 0
          0.538642                 0                 0                 0
          0.564292                 0                 0                 0
          0.589942                 0                 0                 0
          0.615591                 0                 0                 0
          0.641241                 0                 0                 0
          0.666891                 0                 0                 0
           0.69254                 0                 0                 0
           0.71819                 0                 0                 0
           0.74384                 0                 0                 0
          0.769489                 0                 0                 0
          0.795139                 0                 0                 0
          0.820788                 0                 0                 0
          0.846438                 0       7.69231e-05       7.54293e-05
          0.872088             0.026         0.0258462        0.00226348
          0.897737              0.56          0.560538         0.0094597
          0.923387             4.238           4.02238         0.0333049
          0.949037             15.58            14.545         0.0936398
          0.974686            33.152           32.7076          0.127553
           1.00034            53.018           53.3724          0.173666
           1.02599            71.434           70.1124          0.171595
           1.05164            79.958           80.5279          0.112538
           1.07728            83.948           84.2471          0.116747
           1.10293            83.606           83.2789          0.155712
           1.12858            79.556           79.7308          0.135447
           1.15423            75.004           74.7993          0.155038
           1.17988            68.034           69.4472           0.17016
           1.20553            63.748           64.4025          0.157768
           1.23118            58.704           59.8848          0.135173
           1.25683            56.548           55.7579          0.141149
           1.28248            52.048           52.3761          0.156463
           1.30813            49.456           49.8199           0.13061
           1.33378            48.296           47.6327          0.133094
           1.35943            45.768           45.7685          0.108509
           1.38508            44.226           44.5554          0.084173
           1.41073            43.622            43.934         0.0915193
           1.43638             42.77           43.3272          0.100662
           1.46203            43.026           43.2831         0.0884765
           1.48768            44.048           43.6139          0.120293
           1.51333            42.988           44.0987          0.132573
           1.53898            45.438           45.2529          0.124066
           1.56463            45.982           46.6362          0.148569
           1.59028            48.064           48.4798          0.112062
           1.61593            49.946           50.8155          0.144604
           1.64158             53.77            53.781          0.167547
           1.66723            57.344           57.0066          0.191229
           1.69288             60.72           60.7606          0.185463
           1.71853            65.946           65.1125          0.169525
           1.74418            71.508           69.9122          0.161692
           1.76983            76.098           75.2635          0.166799
           1.79547            82.568           81.3668          0.138073
           1.82112              87.5           87.3369          0.157018
           1.84677            94.438           93.6889          0.170198
           1.87242            101.19           100.423          0.166095
           1.89807           108.246           107.315          0.198442
           1.92372           115.652           113.986          0.255198
           1.94937           121.046           120.766          0.174689
           1.97502             127.1           127.428          0.164281
           2.00067           133.792           133.539           0.14408
           2.02632           140.034           138.907          0.232933
           2.05197           143.086           144.115          0.200622
           2.07762           145.982           147.564          0.228834
           2.10327           149.812           150.751           0.24456
           2.12892           151.916           152.708            0.2474
           2.15457           153.106           153.747          0.321576
           2.18022           154.348           153.992          0.248629
           2.20587            155.14            154.22          0.348122
           2.23152           154.522           153.965          0.284273
           2.25717           153.366           153.323           0.23098
           2.28282           153.508           152.886          0.242863
           2.30847           151.126           152.301          0.184757
           2.33412           152.634           152.239          0.296055
           2.35977           150.354           151.929          0.270065
           2.38542           152.526           152.645          0.202698
           2.41107           152.588           152.858          0.223204
           2.43672           152.872           153.984          0.224424
           2.46237           155.536           155.571           0.25735
           2.48802           155.362            156.35          0.289915
           2.51366           158.058           157.869          0.247759
           2.53931           160.488           161.337          0.260497
                 0                 0                 0                 0
         0.0256496                 0                 0                 0
         0.0512993                 0                 0                 0
         0.0769489                 0                 0                 0
          0.102599                 0                 0                 0
          0.128248                 0                 0                 0
          0.153898                 0                 0                 0
          0.179547                 0                 0                 0
          0.205197                 0                 0                 0
          0.230847                 0                 0                 0
          0.256496                 0                 0                 0
          0.282146                 0                 0                 0
          0.307796                 0                 0                 0
          0.333445                 0                 0                 0
          0.359095                 0                 0                 0
          0.384745                 0                 0                 0
          0.410394                 0                 0                 0
          0.436044                 0                 0                 0
          0.461694                 0                 0                 0
          0.487343                 0                 0                 0
          0.512993                 0                 0                 0
          0.538642                 0                 0                 0
          0.564292                 0                 0                 0
          0.589942                 0                 0                 0
          0.615591                 0                 0                 0
          0.641241                 0                 0                 0
          0.666891                 0                 0                 0
           0.69254                 0                 0                 0
           0.71819                 0                 0                 0
           0.74384                 0                 0                 0
          0.769489                 0                 0                 0
          0.795139                 0                 0                 0
          0.820788                 0                 0                 0
          0.846438                 0       7.40741e-05       7.26894e-05
          0.872088             0.038         0.0262963        0.00222396
          0.897737              0.58          0.561259        0.00913676
          0.923387             4.188           4.02852         0.0326314
          0.949037            15.108           14.5659         0.0924642
          0.974686              33.6           32.7407          0.127039
           1.00034             52.45           53.3382          0.170561
           1.02599            68.936           70.0688          0.170681
           1.05164            80.846           80.5397          0.108985
           1.07728            82.996           84.2007          0.121271
           1.10293            82.346           83.2444          0.153731
           1.12858            78.714           79.6931          0.135564
           1.15423            74.212           74.7776          0.150814
           1.17988            69.706           69.4568          0.164128
           1.20553            64.048           64.3893           0.15247
           1.23118            58.634           59.8384          0.137876
           1.25683             56.88           55.7995          0.141907
           1.28248            53.504           52.4179          0.156145
           1.30813             50.61           49.8492          0.129009
           1.33378            47.954           47.6446          0.128696
           1.35943            47.174           45.8205          0.116309
           1.38508            45.154           44.5776         0.0839246
           1.41073            44.592           43.9584         0.0913168
           1.43638            44.326           43.3641          0.103509
           1.46203            43.608           43.2951         0.0860142
           1.48768            44.614            43.651          0.121406
           1.51333            44.428           44.1109          0.128223
           1.53898            45.576           45.2649          0.120046
           1.56463            47.008           46.6499          0.143703
           1.59028            48.294           48.4729          0.108122
           1.61593            51.564           50.8433          0.141881
           1.64158             53.76           53.7802          0.161343
           1.66723             56.78           56.9982          0.184331
           1.69288            59.992           60.7321          0.180766
           1.71853            64.278           65.0816           0.16604
           1.74418            69.226           69.8867          0.157687
           1.76983             75.03           75.2549          0.160846
           1.79547            80.966            81.352          0.133755
           1.82112            87.416           87.3399           0.15123
           1.84677            93.978           93.6996          0.164231
           1.87242           100.068            100.41          0.160463
           1.89807           106.522           107.286          0.193254
           1.92372           113.622           113.973          0.246103
           1.94937            120.41           120.753          0.168716
           1.97502           126.598           127.397          0.161048
           2.00067           131.842           133.477          0.151841
           2.02632           138.858           138.905          0.224313
           2.05197           143.046           144.075          0.197059
           2.07762           147.054           147.545          0.221135
           2.10327           149.856           150.718          0.237739
           2.12892            154.13            152.76          0.243782
           2.15457           153.438           153.735           0.30987
           2.18022           155.188           154.036          0.243337
           2.20587           155.386           154.263          0.337898
           2.23152            154.96           154.002          0.276123
           2.25717           152.136           153.279          0.226571
           2.28282           155.138           152.969          0.247781
           2.30847           152.832            152.32          0.178959
           2.33412            152.09           152.234          0.285141
           2.35977           152.474           151.949          0.260815
           2.38542           152.782            152.65          0.195254
           2.41107           153.608           152.886          0.216659
           2.43672           156.272           154.069           0.23156
           2.46237            156.14           155.592           0.24868
           2.48802           156.674           156.362          0.279426
           2.51366           157.612           157.859          0.238765
           2.53931            160.47           161.305          0.252822
                 0                 0                 0                 0
         0.0256496                 0                 0                 0
         0.0512993                 0                 0                 0
         0.0769489                 0                 0                 0
          0.102599                 0                 0                 0
          0.128248                 0                 0                 0
          0.153898                 0                 0                 0
          0.179547                 0                 0                 0
          0.205197                 0                 0                 0
          0.230847                 0                 0                 0
          0.256496                 0                 0                 0
          0.282146                 0                 0                 0
          0.307796                 0                 0                 0
          0.333445                 0                 0                 0
          0.359095                 0                 0                 0
          0.384745                 0                 0                 0
          0.410394                 0                 0                 0
          0.436044                 0                 0                 0
          0.461694                 0                 0                 0
          0.487343                 0                 0                 0
          0.512993                 0                 0                 0
          0.538642                 0                 0                 0
          0.564292                 0                 0                 0
          0.589942                 0                 0                 0
          0.615591                 0                 0                 0
          0.641241                 0                 0                 0
          0.666891                 0                 0                 0
           0.69254                 0                 0                 0
           0.71819                 0                 0                 0
           0.74384                 0                 0                 0
          0.769489                 0                 0                 0
          0.795139                 0                 0                 0
          0.820788                 0                 0                 0
          0.846438                 0       7.14286e-05       7.01415e-05
          0.872088              0.02         0.0260714        0.00215587
          0.897737             0.592          0.562357        0.00887616
          0.923387              4.14            4.0325          0.031708
          0.949037             14.35           14.5581         0.0894827
          0.974686            31.326           32.6901          0.132167
           1.00034            52.604            53.312          0.166473
           1.02599            70.186            70.073          0.164637
           1.05164            80.898           80.5525          0.105841
           1.07728            85.072           84.2319          0.120866
           1.10293             85.21           83.3146          0.163485
           1.12858            80.762           79.7313          0.135991
           1.15423            75.062           74.7877           0.14577
           1.17988            69.496           69.4582          0.158272
           1.20553             65.08            64.414          0.149007
           1.23118            60.762           59.8714           0.13684
           1.25683            56.914           55.8393          0.142312
           1.28248            54.706           52.4996          0.170618
           1.30813            48.886           49.8148          0.128906
           1.33378            47.182           47.6281          0.125156
           1.35943            46.562            45.847          0.115131
           1.38508            44.526           44.5757         0.0809475
           1.41073             43.04           43.9256          0.093761
           1.43638             42.03           43.3165          0.110235
           1.46203             41.14           43.2181          0.112214
           1.48768                41           43.5563          0.149496
           1.51333            43.292           44.0816          0.126935
           1.53898            43.532            45.203          0.130742
           1.56463            45.378           46.6045          0.145574
           1.59028            46.962           48.4189          0.116953
           1.61593            49.886           50.8091          0.140872
           1.64158            52.952           53.7506          0.158269
           1.66723            56.132           56.9673          0.180325
           1.69288             60.08           60.7089          0.175804
           1.71853            64.156           65.0485          0.163367
           1.74418             68.75           69.8461          0.157195
           1.76983             74.95            75.244          0.155469
           1.79547             81.42           81.3544             0.129
           1.82112            89.824           87.4286          0.169871
           1.84677            97.024           93.8184          0.196653
           1.87242           104.068           100.541          0.201001
           1.89807               110           107.383          0.209258
           1.92372           116.358           114.058          0.251624
           1.94937           124.584            120.89          0.211001
           1.97502            128.39           127.433          0.159151
           2.00067           135.018           133.532          0.156079
           2.02632           139.056           138.911          0.216366
           2.05197           143.284           144.047          0.192037
           2.07762            147.06           147.527          0.213914
           2.10327           150.842           150.722           0.22929
           2.12892           153.092           152.772          0.235363
           2.15457            152.76           153.701          0.300755
           2.18022           154.006           154.035          0.234649
           2.20587           152.622           154.204          0.330872
           2.23152           153.378           153.979          0.267159
           2.25717           154.688           153.329          0.223997
           2.28282           153.046           152.972          0.238947
           2.30847           152.958           152.343           0.17401
           2.33412           151.856            152.22          0.275277
           2.35977           152.072           151.954          0.251537
           2.38542            151.17           152.597          0.195304
           2.41107           151.522           152.837          0.214326
           2.43672           151.978           153.994           0.23502
           2.46237           153.286            155.51          0.253068
           2.48802           155.206           156.321          0.272478
           2.51366            154.26           157.731          0.262572
           2.53931           157.838           161.181          0.272434
                 0                 0                 0                 0
         0.0256496                 0                 0                 0
         0.0512993                 0                 0                 0
         0.0769489                 0                 0                 0
          0.102599                 0                 0                 0
          0.128248                 0                 0                 0
          0.153898                 0                 0                 0
          0.179547                 0                 0                 0
          0.205197                 0                 0                 0
          0.230847                 0                 0                 0
          0.256496                 0                 0                 0
          0.282146                 0                 0                 0
          0.307796                 0                 0                 0
          0.333445                 0                 0                 0
          0.359095                 0                 0                 0
          0.384745                 0                 0                 0
          0.410394                 0                 0                 0
          0.436044                 0                 0                 0
          0.461694                 0                 0                 0
          0.487343                 0                 0                 0
          0.512993                 0                 0                 0
          0.538642                 0                 0                 0
          0.564292                 0                 0                 0
          0.589942                 0                 0                 0
          0.615591                 0                 0                 0
          0.641241                 0                 0                 0
          0.666891                 0                 0                 0
           0.69254                 0                 0                 0
           0.71819                 0                 0                 0
           0.74384                 0                 0                 0
          0.769489                 0                 0                 0
          0.795139                 0                 0                 0
          0.820788                 0                 0                 0
          0.846438                 0       6.89655e-05        6.7766e-05
          0.872088              0.02         0.0258621        0.00209167
          0.897737             0.594          0.563448        0.00863689
          0.923387             3.946           4.02952         0.0307545
          0.949037             14.39           14.5523         0.0865847
          0.974686            31.446           32.6472          0.134392
           1.00034             51.48           53.2488          0.172303
           1.02599            69.748           70.0618           0.15934
           1.05164            79.218           80.5065          0.111748
           1.07728            83.338            84.201          0.120564
           1.10293             83.85            83.333          0.158887
           1.12858            80.466           79.7566          0.133641
           1.15423            75.212           74.8023          0.141476
           1.17988            70.652           69.4994          0.158077
           1.20553            66.176           64.4748          0.155764
           1.23118            61.138           59.9151          0.138917
           1.25683             56.85           55.8741          0.141608
           1.28248             54.28            52.561          0.175433
           1.30813            50.934           49.8534           0.13011
           1.33378            48.386           47.6542          0.123539
           1.35943            47.244           45.8952          0.120819
           1.38508            45.244           44.5988         0.0813703
           1.41073            43.704           43.9179         0.0908386
           1.43638            43.306           43.3161          0.106434
           1.46203            43.094           43.2139          0.108426
           1.48768            43.476           43.5535          0.144367
           1.51333            43.456           44.0601          0.124378
           1.53898            44.054           45.1634          0.132101
           1.56463            45.074           46.5517          0.149816
           1.59028            47.392           48.3835           0.11816
           1.61593            48.536           50.7307          0.156307
           1.64158            51.648           53.6781          0.168604
           1.66723             55.88           56.9298          0.177962
           1.69288            60.052           60.6862          0.171195
           1.71853            65.298           65.0571           0.15796
           1.74418            70.238           69.8597          0.152354
           1.76983              75.9           75.2666          0.151745
           1.79547             81.52           81.3601          0.124678
           1.82112             86.64           87.4014          0.166176
           1.84677            93.908           93.8214          0.189896
           1.87242             99.51           100.505          0.197186
           1.89807           106.384           107.348          0.204856
           1.92372           113.684           114.045          0.243277
           1.94937           120.264           120.868          0.204825
           1.97502            126.45           127.399          0.157229
           2.00067            134.58           133.568          0.154828
           2.02632           139.108           138.917          0.209012
           2.05197           146.034           144.116           0.19726
           2.07762            147.87           147.539          0.206864
           2.10327           151.002           150.732          0.221586
           2.12892            152.47           152.762          0.227477
           2.15457            154.18           153.717          0.290838
           2.18022           156.664           154.125          0.243443
           2.20587           154.638           154.219          0.319801
           2.23152            155.74            154.04          0.264755
           2.25717           155.562           153.406          0.229122
           2.28282           155.348           153.054          0.244353
           2.30847            154.02           152.401          0.177356
           2.33412           152.726           152.238          0.266336
           2.35977           152.798           151.983          0.244542
           2.38542            151.09           152.545          0.195361
           2.41107           152.754           152.834          0.206954
           2.43672            156.32           154.074          0.240213
           2.46237           156.404            155.54          0.246214
           2.48802            155.91           156.306           0.26345
           2.51366           157.162           157.711          0.254249
           2.53931           159.566           161.126          0.268674
                 0                 0                 0                 0
         0.0256496                 0                 0                 0
         0.0512993                 0                 0                 0
         0.0769489                 0                 0                 0
          0.102599                 0                 0                 0
          0.128248                 0                 0                 0
          0.153898                 0                 0                 0
          0.179547                 0                 0                 0
          0.205197                 0                 0                 0
          0.230847                 0                 0                 0
          0.256496                 0                 0                 0
          0.282146                 0                 0                 0
          0.307796                 0                 0                 0
          0.333445                 0                 0                 0
          0.359095                 0                 0                 0
          0.384745                 0                 0                 0
          0.410394                 0                 0                 0
          0.436044                 0                 0                 0
          0.461694                 0                 0                 0
          0.487343                 0                 0                 0
          0.512993                 0                 0                 0
          0.538642                 0                 0                 0
          0.564292                 0                 0                 0
          0.589942                 0                 0                 0
          0.615591                 0                 0                 0
          0.641241                 0                 0                 0
          0.666891                 0                 0                 0
           0.69254                 0                 0                 0
           0.71819                 0                 0                 0
           0.74384                 0                 0                 0
          0.769489                 0                 0                 0
          0.795139                 0                 0                 0
          0.820788                 0                 0                 0
          0.846438                 0       6.66667e-05       6.55461e-05
          0.872088             0.028         0.0259333        0.00202316
          0.897737             0.586            0.5642        0.00838165
          0.923387             3.886           4.02473         0.0300992
          0.949037             15.12           14.5713         0.0857412
          0.974686             32.74           32.6503          0.129948
           1.00034            53.912           53.2709          0.167971
           1.02599              70.2           70.0664          0.154096
           1.05164            80.598           80.5095          0.108065
           1.07728            84.718           84.2183           0.11777
           1.10293            84.896           83.3851          0.161907
           1.12858            80.388           79.7777          0.130833
           1.15423            74.868           74.8045          0.136777
           1.17988             69.58           69.5021          0.152831
           1.20553            65.684           64.5151            0.1557
           1.23118            60.844           59.9461          0.137694
           1.25683            56.076           55.8809          0.137048
           1.28248            52.156           52.5475          0.170104
           1.30813            49.828           49.8525          0.125776
           1.33378            46.368           47.6113          0.126642
           1.35943             44.16           45.8373            0.1299
           1.38508            43.612           44.5659         0.0850464
           1.41073            42.688           43.8769         0.0966204
           1.43638             41.78           43.2649          0.114543
           1.46203            41.448            43.155          0.119728
           1.48768            41.694           43.4915          0.152281
           1.51333            42.756           44.0166          0.127602
           1.53898            45.454           45.1731          0.128052
           1.56463            46.336           46.5445          0.144994
           1.59028            48.872           48.3998          0.115337
           1.61593             51.07            50.742          0.151505
           1.64158            53.988           53.6885          0.163299
           1.66723            57.368           56.9444          0.172628
           1.69288             59.97           60.6623          0.167145
           1.71853            65.456           65.0704          0.153253
           1.74418            69.876           69.8602          0.147277
           1.76983             75.95           75.2894          0.148387
           1.79547             80.96           81.3468          0.121234
           1.82112            87.646           87.4095          0.160836
           1.84677            95.024           93.8615          0.187749
           1.87242           102.838           100.583          0.205376
           1.89807           108.672           107.392          0.202724
           1.92372           115.782           114.103          0.241958
           1.94937           121.992           120.906          0.201395
           1.97502            129.19           127.459           0.16293
           2.00067           136.256           133.657          0.173673
           2.02632           140.674           138.976          0.210087
           2.05197           146.002           144.178          0.200457
           2.07762           149.552           147.606          0.210568
           2.10327           151.254           150.749          0.214882
           2.12892           153.862           152.798          0.222832
           2.15457           154.918           153.757          0.283884
           2.18022           154.986           154.154          0.237012
           2.20587            154.02           154.212           0.30921
           2.23152           153.304           154.016          0.257064
           2.25717           152.718           153.383           0.22263
           2.28282           150.276           152.961          0.253143
           2.30847           149.282           152.297          0.199605
           2.33412           148.678           152.119          0.282657
           2.35977           149.474           151.899          0.250283
           2.38542            147.96           152.392          0.241339
           2.41107            148.14           152.678          0.252368
           2.43672               151           153.972          0.253121
           2.46237           152.532            155.44          0.257619
           2.48802           153.698           156.219          0.268632
           2.51366           156.872           157.683          0.247308
           2.53931           160.908           161.118          0.259816
                 0                 0                 0                 0
         0.0256496                 0                 0                 0
         0.0512993                 0                 0                 0
         0.0769489                 0                 0                 0
          0.102599                 0                 0                 0
          0.128248                 0                 0                 0
          0.153898                 0                 0                 0
          0.179547                 0                 0                 0
          0.205197                 0                 0                 0
          0.230847                 0                 0                 0
          0.256496                 0                 0                 0
          0.282146                 0                 0                 0
          0.307796                 0                 0                 0
          0.333445                 0                 0                 0
          0.359095                 0                 0                 0
          0.384745                 0                 0                 0
          0.410394                 0                 0                 0
          0.436044                 0                 0                 0
          0.461694                 0                 0                 0
          0.487343                 0                 0                 0
          0.512993                 0                 0                 0
          0.538642                 0                 0                 0
          0.564292                 0                 0                 0
          0.589942                 0                 0                 0
          0.615591                 0                 0                 0
          0.641241                 0                 0                 0
          0.666891                 0                 0                 0
           0.69254                 0                 0                 0
           0.71819                 0                 0                 0
           0.74384                 0                 0                 0
          0.769489                 0                 0                 0
          0.795139                 0                 0                 0
          0.820788                 0                 0                 0
          0.846438                 0       6.45161e-05        6.3467e-05
          0.872088             0.022         0.0258065        0.00196187
          0.897737             0.626          0.566194        0.00834498
          0.923387             3.888           4.02032         0.0294496
          0.949037            14.554           14.5707         0.0829772
          0.974686            33.204           32.6682          0.126978
           1.00034            54.362           53.3061          0.166199
           1.02599            70.036           70.0654          0.149128
           1.05164            80.804            80.519          0.104996
           1.07728            84.964           84.2423          0.116402
           1.10293            82.724           83.3638          0.158083
           1.12858             79.42           79.7661           0.12712
           1.15423            74.346           74.7897          0.133162
           1.17988            68.952           69.4843          0.148927
           1.20553            63.582            64.485          0.153559
           1.23118            58.614           59.9031          0.139796
           1.25683             56.62           55.9047          0.134685
           1.28248            52.226           52.5371          0.164932
           1.30813             49.44           49.8392           0.12242
           1.33378            47.204           47.5982          0.123236
           1.35943            45.214           45.8172          0.127257
           1.38508             44.58           44.5663         0.0823042
           1.41073             43.03           43.8496         0.0972895
           1.43638            43.014           43.2568          0.111134
           1.46203            43.504           43.1663          0.116394
           1.48768            44.338           43.5188          0.149796
           1.51333            45.326           44.0588          0.130289
           1.53898            46.114           45.2034          0.127468
           1.56463             47.39           46.5718          0.142859
           1.59028             49.29           48.4285          0.115136
           1.61593            52.124           50.7866          0.153037
           1.64158            53.954            53.697          0.158256
           1.66723            58.458           56.9932          0.173827
           1.69288            61.872           60.7014          0.166245
           1.71853              66.4           65.1133          0.154195
           1.74418            70.338           69.8756           0.14333
           1.76983            75.846           75.3074          0.144682
           1.79547            79.346           81.2823          0.133401
           1.82112            86.588            87.383          0.157816
           1.84677            92.392           93.8141          0.187582
           1.87242            98.094           100.502          0.213868
           1.89807            105.63           107.335             0.204
           1.92372           112.778            114.06          0.237899
           1.94937           118.724           120.835          0.206828
           1.97502           125.626           127.399          0.168057
           2.00067            132.67           133.625          0.170966
           2.02632           138.376           138.957          0.204199
           2.05197           144.646           144.193          0.194557
           2.07762           147.412             147.6          0.203869
           2.10327           150.564           150.743          0.208033
           2.12892            152.34           152.784          0.216134
           2.15457           154.854           153.793          0.276923
           2.18022            153.96           154.148          0.229449
           2.20587            154.78           154.231          0.299777
           2.23152            153.71           154.006           0.24896
           2.25717           154.788           153.429          0.220011
           2.28282            154.69           153.017          0.251045
           2.30847            152.72           152.311          0.193632
           2.33412            152.77            152.14          0.274318
           2.35977            152.83           151.929          0.244003
           2.38542           153.352           152.423          0.235531
           2.41107            153.78           152.713          0.246719
           2.43672           154.928           154.003          0.246828
           2.46237           157.956           155.521          0.261781
           2.48802           156.526           156.229          0.260148
           2.51366            159.51           157.742          0.246251
           2.53931           161.816           161.141          0.252408
                 0                 0                 0                 0
         0.0256496                 0                 0                 0
         0.0512993                 0                 0                 0
         0.0769489                 0                 0                 0
          0.102599                 0                 0                 0
          0.128248                 0                 0                 0
          0.153898                 0                 0                 0
          0.179547                 0                 0                 0
          0.205197                 0                 0                 0
          0.230847                 0                 0                 0
          0.256496                 0                 0                 0
          0.282146                 0                 0                 0
          0.307796                 0                 0                 0
          0.333445                 0                 0                 0
          0.359095                 0                 0                 0
          0.384745                 0                 0                 0
          0.410394                 0                 0                 0
          0.436044                 0                 0                 0
          0.461694                 0                 0                 0
          0.487343                 0                 0                 0
          0.512993                 0                 0                 0
          0.538642                 0                 0                 0
          0.564292                 0                 0                 0
          0.589942                 0                 0                 0
          0.615591                 0                 0                 0
          0.641241                 0                 0                 0
          0.666891                 0                 0                 0
           0.69254                 0                 0                 0
           0.71819                 0                 0                 0
           0.74384                 0                 0                 0
          0.769489                 0                 0                 0
          0.795139                 0                 0                 0
          0.820788                 0                 0                 0
          0.846438                 0          6.25e-05       6.15157e-05
          0.872088             0.038         0.0261875        0.00193722
          0.897737             0.514          0.564563        0.00824206
          0.923387             4.212           4.02631         0.0291321
          0.949037            14.994           14.5839         0.0814316
          0.974686              32.4           32.6598          0.123286
           1.00034            52.918            53.294          0.161448
           1.02599            70.068           70.0655          0.144468
           1.05164             81.56           80.5516          0.106635
           1.07728            85.148           84.2706          0.116154
           1.10293             83.51           83.3684          0.153209
           1.12858            80.106           79.7767          0.123591
           1.15423            75.568           74.8141          0.131203
           1.17988            70.958           69.5304          0.151226
           1.20553             64.94           64.4992          0.149418
           1.23118            60.068           59.9082          0.135522
           1.25683            56.018           55.9083          0.130522
           1.28248            52.282           52.5291          0.159971
           1.30813            49.212           49.8196          0.120154
           1.33378            46.956           47.5781          0.121008
           1.35943            44.972           45.7908          0.125991
           1.38508            43.438           44.5311         0.0869577
           1.41073            43.774           43.8473         0.0942779
           1.43638             42.79           43.2422          0.108614
           1.46203            42.206           43.1362          0.116561
           1.48768            43.072           43.5049          0.145765
           1.51333            42.994           44.0256          0.130398
           1.53898             45.21           45.2036          0.123485
           1.56463            45.916           46.5513          0.139857
           1.59028            47.884           48.4115          0.112789
           1.61593            49.874           50.7581          0.150888
           1.64158            52.714           53.6663          0.156264
           1.66723            56.228           56.9693          0.170032
           1.69288             60.12           60.6832           0.16204
           1.71853            65.628           65.1294          0.150213
           1.74418             70.49           69.8948          0.140131
           1.76983            76.092           75.3319          0.142224
           1.79547            81.962           81.3035          0.130913
           1.82112            87.238           87.3785           0.15295
           1.84677            93.712           93.8109          0.181747
           1.87242           101.288           100.527          0.208588
           1.89807           108.704           107.378          0.202058
           1.92372           114.446           114.072           0.23077
           1.94937           122.902             120.9          0.210207
           1.97502           129.544           127.467           0.17566
           2.00067           135.616           133.688          0.176577
           2.02632           140.814           139.015          0.205903
           2.05197           144.672           144.208          0.189051
           2.07762           148.134           147.617           0.19818
           2.10327           150.868           150.747          0.201569
           2.12892            152.03            152.76          0.210659
           2.15457           153.388            153.78          0.268557
           2.18022           154.594           154.162          0.222702
           2.20587            155.19           154.261          0.291904
           2.23152           152.714           153.965          0.244431
           2.25717           152.346           153.395          0.215722
           2.28282           150.968           152.953          0.251233
           2.30847           152.284            152.31          0.187582
           2.33412           151.786           152.129          0.265969
           2.35977           152.386           151.944          0.236795
           2.38542           151.628           152.398          0.229478
           2.41107           152.756           152.715          0.239013
           2.43672           152.238           153.947          0.245197
           2.46237            153.01           155.443          0.265102
           2.48802            154.31           156.169          0.258841
           2.51366           157.116           157.723          0.239332
           2.53931           159.896           161.102            0.2475
                 0                 0                 0                 0
         0.0256496                 0                 0                 0
         0.0512993                 0                 0                 0
         0.0769489                 0                 0                 0
          0.102599                 0                 0                 0
          0.128248                 0                 0                 0
          0.153898                 0                 0                 0
          0.179547                 0                 0                 0
          0.205197                 0                 0                 0
          0.230847                 0                 0                 0
          0.256496                 0                 0                 0
          0.282146                 0                 0                 0
          0.307796                 0                 0                 0
          0.333445                 0                 0                 0
          0.359095                 0                 0                 0
          0.384745                 0                 0                 0
          0.410394                 0                 0                 0
          0.436044                 0                 0                 0
          0.461694                 0                 0                 0
          0.487343                 0                 0                 0
          0.512993                 0                 0                 0
          0.538642                 0                 0                 0
          0.564292                 0                 0                 0
          0.589942                 0                 0                 0
          0.615591                 0                 0                 0
          0.641241                 0                 0                 0
          0.666891                 0                 0                 0
           0.69254                 0                 0                 0
           0.71819                 0                 0                 0
           0.74384                 0                 0                 0
          0.769489                 0                 0                 0
          0.795139                 0                 0                 0
          0.820788                 0                 0                 0
          0.846438                 0       6.06061e-05       5.96807e-05
          0.872088             0.046         0.0267879        0.00196935
          0.897737             0.514           0.56303        0.00813347
          0.923387             3.984           4.02503         0.0282775
          0.949037            13.534           14.5521         0.0849524
          0.974686             32.18           32.6453          0.120404
           1.00034            53.124           53.2888          0.156637
           1.02599            68.454           70.0167          0.148114
           1.05164            80.532            80.551          0.103405
           1.07728            85.022           84.2934          0.114844
           1.10293             84.15           83.3921          0.150386
           1.12858            80.958           79.8125          0.124922
           1.15423            76.028           74.8508          0.132283
           1.17988            70.264           69.5526          0.148268
           1.20553            65.978            64.544          0.151461
           1.23118            60.744           59.9336          0.133761
           1.25683            56.758            55.934          0.129082
           1.28248            52.678           52.5336          0.155187
           1.30813             48.78           49.7881          0.120572
           1.33378            47.734           47.5828          0.117433
           1.35943            45.454           45.7806          0.122586
           1.38508            43.608           44.5031         0.0887074
           1.41073            43.396           43.8336         0.0924074
           1.43638             43.63            43.254          0.105956
           1.46203             42.39           43.1136          0.115201
           1.48768            43.048            43.491          0.142003
           1.51333            43.402           44.0067          0.127808
           1.53898            45.248            45.205           0.11975
           1.56463            46.198           46.5406          0.136028
           1.59028            49.176           48.4347          0.111725
           1.61593            50.394            50.747          0.146718
           1.64158            53.496           53.6612          0.151614
           1.66723             55.31            56.919          0.172154
           1.69288            60.848           60.6882          0.157207
           1.71853            64.968           65.1245           0.14574
           1.74418            70.618           69.9167          0.137587
           1.76983            75.044           75.3232          0.138181
           1.79547            80.888           81.2909           0.12755
           1.82112             87.28           87.3755          0.148344
           1.84677            94.216           93.8232          0.176654
           1.87242            99.008           100.481          0.207284
           1.89807           107.314           107.376          0.195944
           1.92372             114.2           114.076          0.223809
           1.94937           120.136           120.877          0.205108
           1.97502           128.424           127.496          0.172716
           2.00067           133.836           133.692          0.171284
           2.02632           140.562           139.062          0.204933
           2.05197           144.604            144.22          0.183702
           2.07762           148.172           147.634          0.192887
           2.10327           151.504            150.77           0.19676
           2.12892            155.31           152.837          0.217987
           2.15457           153.404           153.769          0.260661
           2.18022           155.514           154.203          0.219691
           2.20587            155.03           154.284          0.283987
           2.23152           153.534           153.952          0.237373
           2.25717            152.19           153.358          0.212252
           2.28282            151.86            152.92          0.245793
           2.30847           152.348           152.311          0.181902
           2.33412           151.126           152.099           0.25964
           2.35977           152.494            151.96          0.230206
           2.38542            151.54           152.372          0.223993
           2.41107            151.82           152.687          0.233302
           2.43672            152.57           153.906          0.241294
           2.46237           155.044           155.431          0.257344
           2.48802           156.076           156.166          0.251012
           2.51366           156.978             157.7           0.23314
           2.53931           161.086           161.102              0.24
                 0                 0                 0                 0
         0.0256496                 0                 0                 0
         0.0512993                 0                 0                 0
         0.0769489                 0                 0                 0
          0.102599                 0                 0                 0
          0.128248                 0                 0                 0
          0.153898                 0                 0                 0
          0.179547                 0                 0                 0
          0.205197                 0                 0                 0
          0.230847                 0                 0                 0
          0.256496                 0                 0                 0
          0.282146                 0                 0                 0
          0.307796                 0                 0                 0
          0.333445                 0                 0                 0
          0.359095                 0                 0                 0
          0.384745                 0                 0                 0
          0.410394                 0                 0                 0
          0.436044                 0                 0                 0
          0.461694                 0                 0                 0
          0.487343                 0                 0                 0
          0.512993                 0                 0                 0
          0.538642                 0                 0                 0
          0.564292                 0                 0                 0
          0.589942                 0                 0                 0
          0.615591                 0                 0                 0
          0.641241                 0                 0                 0
          0.666891                 0                 0                 0
           0.69254                 0                 0                 0
           0.71819                 0                 0                 0
           0.74384                 0                 0                 0
          0.769489                 0                 0                 0
          0.795139                 0                 0                 0
          0.820788                 0                 0                 0
          0.846438                 0       5.88235e-05        5.7952e-05
          0.872088             0.014         0.0264118        0.00194701
          0.897737             0.534          0.562176        0.00793894
          0.923387             4.082           4.02671         0.0274954
          0.949037             13.91           14.5332         0.0845271
          0.974686            31.576           32.6138          0.120901
           1.00034            51.194           53.2272            0.1637
           1.02599             69.69           70.0071          0.144069
           1.05164            79.804            80.529          0.102671
           1.07728            85.516           84.3294          0.116961
           1.10293            83.702           83.4012          0.146239
           1.12858             80.75           79.8401          0.124253
           1.15423             76.26           74.8923          0.134729
           1.17988            69.728           69.5578          0.143997
           1.20553            65.628           64.5759          0.150324
           1.23118            60.888           59.9616           0.13274
           1.25683            56.142           55.9401          0.125431
           1.28248            52.948           52.5458            0.1511
           1.30813            50.332           49.8041          0.118082
           1.33378            48.416           47.6074          0.116508
           1.35943             46.06           45.7888          0.119256
           1.38508            44.732           44.5098         0.0863535
           1.41073             44.13           43.8423         0.0900998
           1.43638            43.458             43.26           0.10301
           1.46203            42.364           43.0916          0.113903
           1.48768             43.49            43.491          0.137827
           1.51333            43.272           43.9851          0.125863
           1.53898            44.116           45.1729          0.120435
           1.56463            45.862           46.5206          0.133483
           1.59028            47.368           48.4033          0.112757
           1.61593             48.61           50.6842          0.155284
           1.64158            52.026           53.6131          0.154594
           1.66723            56.798           56.9155          0.167127
           1.69288            59.102           60.6415          0.159355
           1.71853            64.912           65.1182          0.141588
           1.74418            70.062            69.921          0.133607
           1.76983            75.462           75.3272          0.134177
           1.79547            81.626           81.3008          0.124179
           1.82112            86.732           87.3566          0.145183
           1.84677            93.586           93.8162          0.171596
           1.87242            99.674           100.457          0.202542
           1.89807           107.376           107.376          0.190181
           1.92372           114.078           114.076          0.217227
           1.94937           121.278           120.888          0.199415
           1.97502           129.198           127.546          0.174744
           2.00067            131.77           133.636          0.175328
           2.02632           140.164           139.094          0.201454
           2.05197           147.526           144.318          0.202397
           2.07762           148.988           147.673          0.191284
           2.10327           152.262           150.814          0.195803
           2.12892           153.246           152.849          0.211907
           2.15457           154.896           153.802          0.255095
           2.18022           155.552           154.242          0.216784
           2.20587           155.474           154.319          0.277783
           2.23152           154.594           153.971          0.231141
           2.25717           152.884           153.344          0.206467
           2.28282           153.066           152.924          0.238601
           2.30847           151.886           152.299          0.176981
           2.33412            152.11           152.099          0.252004
           2.35977           150.752           151.925          0.226162
           2.38542            152.17           152.366          0.217484
           2.41107             152.9           152.694          0.226524
           2.43672           153.438           153.892          0.234589
           2.46237            153.73           155.381           0.25459
           2.48802           155.774           156.155          0.243895
           2.51366           156.096           157.653          0.231007
           2.53931            162.21           161.134          0.235146
                 0                 0                 0                 0
         0.0256496                 0                 0                 0
         0.0512993                 0                 0                 0
         0.0769489                 0                 0                 0
          0.102599                 0                 0                 0
          0.128248                 0                 0                 0
          0.153898                 0                 0                 0
          0.179547                 0                 0                 0
          0.205197                 0                 0                 0
          0.230847                 0                 0                 0
          0.256496                 0                 0                 0
          0.282146                 0                 0                 0
          0.307796                 0                 0                 0
          0.333445                 0                 0                 0
          0.359095                 0                 0                 0
          0.384745                 0                 0                 0
          0.410394                 0                 0                 0
          0.436044                 0                 0                 0
          0.461694                 0                 0                 0
          0.487343                 0                 0                 0
          0.512993                 0                 0                 0
          0.538642                 0                 0                 0
          0.564292                 0                 0                 0
          0.589942                 0                 0                 0
          0.615591                 0                 0                 0
          0.641241                 0                 0                 0
          0.666891                 0                 0                 0
           0.69254                 0                 0                 0
           0.71819                 0                 0                 0
           0.74384                 0                 0                 0
          0.769489                 0                 0                 0
          0.795139                 0                 0                 0
          0.820788                 0                 0                 0
          0.846438                 0       5.71429e-05       5.63206e-05
          0.872088             0.016         0.0261143        0.00191397
          0.897737              0.55          0.561829        0.00771973
          0.923387             4.212             4.032         0.0272148
          0.949037             14.45           14.5309         0.0821454
          0.974686            32.466           32.6096           0.11752
           1.00034              52.6           53.2093          0.160001
           1.02599             69.85           70.0026          0.140022
           1.05164            78.872           80.4817          0.110113
           1.07728             84.25           84.3271          0.113641
           1.10293            81.748           83.3539          0.149494
           1.12858            80.338           79.8543          0.121515
           1.15423             74.26           74.8742          0.132085
           1.17988            69.472           69.5553          0.139904
           1.20553            64.992           64.5878          0.146499
           1.23118            59.912           59.9602          0.128955
           1.25683            56.368           55.9523          0.122441
           1.28248            53.234           52.5655          0.148057
           1.30813            50.072           49.8118          0.114956
           1.33378            47.498           47.6042          0.113221
           1.35943            46.454           45.8078          0.117353
           1.38508             45.27           44.5315         0.0865745
           1.41073             44.68           43.8662         0.0906488
           1.43638            44.124           43.2847          0.102982
           1.46203            43.196           43.0946          0.110688
           1.48768            43.992           43.5053           0.13463
           1.51333              44.5           43.9998          0.123123
           1.53898            44.912           45.1655          0.117225
           1.56463            47.076           46.5365          0.130609
           1.59028            48.404           48.4033          0.109536
           1.61593             50.49           50.6786          0.150946
           1.64158            53.776           53.6177          0.150247
           1.66723            57.284            56.926          0.162684
           1.69288            60.794           60.6459          0.154861
           1.71853            65.288           65.1231          0.137625
           1.74418            70.068           69.9252          0.129856
           1.76983            75.478           75.3315          0.130413
           1.79547            82.078            81.323            0.1226
           1.82112             85.97            87.317          0.146341
           1.84677             93.36           93.8032          0.167187
           1.87242            99.214           100.422          0.199845
           1.89807           106.148           107.341          0.187958
           1.92372           113.756           114.067          0.211213
           1.94937           121.054           120.893          0.193773
           1.97502           127.146           127.534          0.170124
           2.00067           132.928           133.615           0.17148
           2.02632           138.418           139.075          0.196622
           2.05197           144.276           144.316          0.196618
           2.07762            146.47           147.639          0.188883
           2.10327           149.454           150.775          0.194027
           2.12892           152.482           152.839          0.206112
           2.15457            151.81           153.745          0.254074
           2.18022           155.278           154.272          0.212599
           2.20587           155.042            154.34          0.270613
           2.23152           154.324           153.981          0.224756
           2.25717               154           153.363          0.201416
           2.28282           153.098           152.929          0.231836
           2.30847           151.742           152.283          0.172637
           2.33412            151.72           152.088          0.245036
           2.35977           152.434           151.939          0.220168
           2.38542            153.37           152.395          0.213152
           2.41107            153.86           152.727           0.22249
           2.43672            153.86           153.891          0.227888
           2.46237           157.894           155.452          0.257244
           2.48802           155.294            156.13          0.238164
           2.51366           158.708           157.683          0.226366
           2.53931           160.474           161.115          0.229182
                 0                 0                 0                 0
         0.0256496                 0                 0                 0
         0.0512993                 0                 0                 0
         0.0769489                 0                 0                 0
          0.102599                 0                 0                 0
          0.128248                 0                 0                 0
          0.153898                 0                 0                 0
          0.179547                 0                 0                 0
          0.205197                 0                 0                 0
          0.230847                 0                 0                 0
          0.256496                 0                 0                 0
          0.282146                 0                 0                 0
          0.307796                 0                 0                 0
          0.333445                 0                 0                 0
          0.359095                 0                 0                 0
          0.384745                 0                 0                 0
          0.410394                 0                 0                 0
          0.436044                 0                 0                 0
          0.461694                 0                 0                 0
          0.487343                 0                 0                 0
          0.512993                 0                 0                 0
          0.538642                 0                 0                 0
          0.564292                 0                 0                 0
          0.589942                 0                 0                 0
          0.615591                 0                 0                 0
          0.641241                 0                 0                 0
          0.666891                 0                 0                 0
           0.69254                 0                 0                 0
           0.71819                 0                 0                 0
           0.74384                 0                 0                 0
          0.769489                 0                 0                 0
          0.795139                 0                 0                 0
          0.820788                 0                 0                 0
          0.846438                 0       5.55556e-05       5.47785e-05
          0.872088             0.024         0.0260556        0.00186171
          0.897737             0.532             0.561        0.00754963
          0.923387             3.874           4.02761         0.0268104
          0.949037            14.284            14.524         0.0801493
          0.974686            33.356           32.6303           0.11607
           1.00034            52.828           53.1987          0.155907
           1.02599            70.192           70.0078          0.136232
           1.05164             80.29           80.4763          0.107183
           1.07728            83.088           84.2927          0.115579
           1.10293            82.726           83.3365          0.146355
           1.12858            78.678           79.8217          0.122454
           1.15423            75.472           74.8908          0.129456
           1.17988            70.196           69.5731          0.137145
           1.20553            64.308             64.58          0.142635
           1.23118            60.774           59.9828          0.127338
           1.25683             55.87           55.9501          0.119061
           1.28248            53.044           52.5788           0.14454
           1.30813             50.41           49.8284          0.112958
           1.33378            48.386           47.6259          0.112139
           1.35943             46.64           45.8309          0.116348
           1.38508            45.614           44.5616         0.0892386
           1.41073            44.568           43.8857         0.0902025
           1.43638            43.082           43.2791          0.100275
           1.46203            43.546           43.1071          0.108321
           1.48768            43.644           43.5092          0.130946
           1.51333             44.15           44.0039          0.119774
           1.53898            44.762           45.1543          0.114503
           1.56463            46.162           46.5261          0.127395
           1.59028            47.578           48.3804          0.108866
           1.61593            49.986           50.6594          0.147974
           1.64158            53.242           53.6073          0.146436
           1.66723             55.32           56.8814          0.164167
           1.69288             60.22           60.6341          0.151011
           1.71853            63.144           65.0681          0.144365
           1.74418            68.962           69.8984          0.128976
           1.76983             74.15           75.2987          0.130855
           1.79547            80.376           81.2967          0.121984
           1.82112            88.232           87.3424          0.144466
           1.84677             92.37           93.7634          0.167216
           1.87242            99.876           100.407          0.194868
           1.89807           107.158           107.336          0.182805
           1.92372           114.808           114.088          0.206346
           1.94937           123.104           120.955          0.197883
           1.97502           127.752            127.54          0.165506
           2.00067           134.832           133.649          0.170014
           2.02632           140.476           139.114          0.194976
           2.05197           144.718           144.328          0.191473
           2.07762            147.09           147.624          0.184251
           2.10327           151.322            150.79          0.189231
           2.12892           152.614           152.833          0.200481
           2.15457           153.398           153.735          0.247199
           2.18022           155.954           154.319          0.211765
           2.20587           155.894           154.383          0.266518
           2.23152           155.584           154.026          0.222879
           2.25717           153.464           153.366          0.195841
           2.28282           154.224           152.965          0.228169
           2.30847           154.546           152.346          0.178924
           2.33412            151.84           152.081          0.238326
           2.35977           150.806           151.908          0.216291
           2.38542           152.662           152.403           0.20736
           2.41107            151.31           152.688          0.219764
           2.43672           152.956           153.865          0.223033
           2.46237            155.53           155.455          0.250107
           2.48802            156.36           156.137          0.231633
           2.51366           156.896           157.661          0.221131
           2.53931           158.972           161.056          0.230419
                 0                 0                 0                 0
         0.0256496                 0                 0                 0
         0.0512993                 0                 0                 0
         0.0769489                 0                 0                 0
          0.102599                 0                 0                 0
          0.128248                 0                 0                 0
          0.153898                 0                 0                 0
          0.179547                 0                 0                 0
          0.205197                 0                 0                 0
          0.230847                 0                 0                 0
          0.256496                 0                 0                 0
          0.282146                 0                 0                 0
          0.307796                 0                 0                 0
          0.333445                 0                 0                 0
          0.359095                 0                 0                 0
          0.384745                 0                 0                 0
          0.410394                 0                 0                 0
          0.436044                 0                 0                 0
          0.461694                 0                 0                 0
          0.487343                 0                 0                 0
          0.512993                 0                 0                 0
          0.538642                 0                 0                 0
          0.564292                 0                 0                 0
          0.589942                 0                 0                 0
          0.615591                 0                 0                 0
          0.641241                 0                 0                 0
          0.666891                 0                 0                 0
           0.69254                 0                 0                 0
           0.71819                 0                 0                 0
           0.74384                 0                 0                 0
          0.769489                 0                 0                 0
          0.795139                 0                 0                 0
          0.820788                 0                 0                 0
          0.846438                 0       5.40541e-05       5.33186e-05
          0.872088             0.006         0.0255135        0.00188865
          0.897737              0.58          0.561514        0.00736303
          0.923387             3.894             4.024         0.0263278
          0.949037            14.178           14.5146         0.0785268
          0.974686            31.888           32.6103          0.114654
           1.00034            52.532           53.1807          0.152731
           1.02599            69.688           69.9992          0.132824
           1.05164            79.708           80.4556          0.106279
           1.07728            83.686           84.2763          0.113613
           1.10293            83.618           83.3441          0.142597
           1.12858             79.59           79.8154          0.119304
           1.15423            74.686           74.8853          0.126075
           1.17988            69.938            69.583          0.133792
           1.20553            65.248           64.5981          0.139918
           1.23118             60.67           60.0014          0.125244
           1.25683             56.16           55.9557          0.115979
           1.28248            53.368           52.6001          0.142198
           1.30813             50.14           49.8368          0.110218
           1.33378             48.19           47.6412           0.11014
           1.35943            46.662           45.8534          0.115351
           1.38508            44.468           44.5591         0.0868626
           1.41073            44.488            43.902         0.0892212
           1.43638            43.998           43.2985           0.09943
           1.46203            43.266           43.1114          0.105479
           1.48768            43.084           43.4977           0.12791
           1.51333            44.872           44.0274          0.118812
           1.53898            45.064           45.1518          0.111435
           1.56463            46.912           46.5365          0.124378
           1.59028            48.326           48.3789          0.105933
           1.61593            51.638           50.6858           0.14632
           1.64158            53.008           53.5911          0.143371
           1.66723            55.762           56.8511          0.162494
           1.69288            60.498           60.6304          0.146974
           1.71853            63.816           65.0343          0.144375
           1.74418            69.242           69.8807          0.126704
           1.76983            73.772           75.2575          0.133666
           1.79547            81.206           81.2942          0.118712
           1.82112            87.882            87.357          0.141296
           1.84677            94.614           93.7864          0.164269
           1.87242            99.402           100.379          0.191483
           1.89807            107.35           107.336          0.177865
           1.92372            113.73           114.078          0.200995
           1.94937           120.356           120.938          0.193195
           1.97502            126.57           127.514          0.163097
           2.00067           132.408           133.616          0.168696
           2.02632             140.4           139.148          0.192781
           2.05197           143.408           144.303          0.187904
           2.07762           146.014            147.58          0.184336
           2.10327           150.346           150.778          0.184498
           2.12892           151.394           152.794          0.198797
           2.15457           153.672           153.733          0.240524
           2.18022           154.776           154.331          0.206402
           2.20587           154.832           154.395          0.259591
           2.23152           154.926            154.05           0.21818
           2.25717           153.444           153.368          0.190559
           2.28282           152.752           152.959          0.222075
           2.30847           152.858           152.359          0.174623
           2.33412           152.196           152.084          0.231905
           2.35977           152.308           151.919          0.210715
           2.38542           154.534            152.46          0.209605
           2.41107           153.788           152.717          0.215827
           2.43672           154.648           153.886          0.218006
           2.46237           157.628           155.513           0.25015
           2.48802           157.702           156.179          0.229204
           2.51366            160.27           157.732          0.226117
           2.53931           162.332            161.09          0.226759
                 0                 0                 0                 0
         0.0256496                 0                 0                 0
         0.0512993                 0                 0                 0
         0.0769489                 0                 0                 0
          0.102599                 0                 0                 0
          0.128248                 0                 0                 0
          0.153898                 0                 0                 0
          0.179547                 0                 0                 0
          0.205197                 0                 0                 0
          0.230847                 0                 0                 0
          0.256496                 0                 0                 0
          0.282146                 0                 0                 0
          0.307796                 0                 0                 0
          0.333445                 0                 0                 0
          0.359095                 0                 0                 0
          0.384745                 0                 0                 0
          0.410394                 0                 0                 0
          0.436044                 0                 0                 0
          0.461694                 0                 0                 0
          0.487343                 0                 0                 0
          0.512993                 0                 0                 0
          0.538642                 0                 0                 0
          0.564292                 0                 0                 0
          0.589942                 0                 0                 0
          0.615591                 0                 0                 0
          0.641241                 0                 0                 0
          0.666891                 0                 0                 0
           0.69254                 0                 0                 0
           0.71819                 0                 0                 0
           0.74384                 0                 0                 0
          0.769489                 0                 0                 0
          0.795139                 0                 0                 0
          0.820788                 0                 0                 0
          0.846438                 0       5.26316e-05       5.19344e-05
          0.872088              0.03         0.0256316        0.00184264
          0.897737             0.596          0.562421        0.00722498
          0.923387             3.872              4.02         0.0259371
          0.949037            13.782           14.4954         0.0787916
          0.974686            32.172           32.5987          0.112215
           1.00034            53.174           53.1805          0.148712
           1.02599            69.616           69.9891           0.12971
           1.05164            79.952           80.4423          0.104305
           1.07728              84.7           84.2874          0.111169
           1.10293            84.062            83.363          0.140091
           1.12858            80.016           79.8207          0.116281
           1.15423            75.636           74.9051          0.124296
           1.17988            70.578           69.6092          0.132809
           1.20553             64.86           64.6049          0.136406
           1.23118            61.054           60.0291          0.124974
           1.25683             55.86           55.9532          0.112954
           1.28248            53.314           52.6189          0.139692
           1.30813            50.344           49.8502          0.108123
           1.33378            47.686           47.6424          0.107248
           1.35943            45.558           45.8456          0.112577
           1.38508             45.16           44.5749         0.0860041
           1.41073            43.262           43.8852         0.0884486
           1.43638            42.616           43.2805         0.0984221
           1.46203             42.44           43.0937          0.104172
           1.48768            42.702           43.4767          0.126246
           1.51333            43.582           44.0157          0.116262
           1.53898             44.36            45.131          0.110433
           1.56463            46.272           46.5296            0.1213
           1.59028            48.192            48.374           0.10326
           1.61593            50.962           50.6931          0.142649
           1.64158            52.776           53.5696          0.141193
           1.66723            56.432           56.8401          0.158592
           1.69288            60.126           60.6171          0.143705
           1.71853            64.684           65.0251           0.14087
           1.74418            69.236           69.8637          0.124501
           1.76983            75.282           75.2581           0.13015
           1.79547             81.34           81.2954          0.115594
           1.82112            88.374           87.3837          0.140089
           1.84677            93.436           93.7772          0.160205
           1.87242             99.99           100.369          0.186718
           1.89807           108.074           107.356           0.17424
           1.92372           114.708           114.095          0.196388
           1.94937           120.354           120.923          0.188722
           1.97502           128.028           127.528          0.159365
           2.00067           132.668           133.591           0.16609
           2.02632           138.944           139.143          0.187783
           2.05197           143.946           144.293          0.183194
           2.07762           147.406           147.576          0.179542
           2.10327           150.118           150.761          0.180459
           2.12892            153.37           152.809          0.194143
           2.15457           153.076           153.716          0.234816
           2.18022            156.72           154.394          0.210326
           2.20587           155.486           154.424          0.254342
           2.23152           155.032           154.076          0.213963
           2.25717           155.452           153.423          0.193275
           2.28282           152.982            152.96          0.216232
           2.30847           153.222           152.382          0.171497
           2.33412            151.01           152.056          0.227519
           2.35977           153.576           151.962          0.209636
           2.38542           152.394           152.458          0.204097
           2.41107           152.894           152.722          0.210197
           2.43672           153.368           153.873          0.212696
           2.46237           156.352           155.535          0.244539
           2.48802            159.41           156.264          0.238422
           2.51366            157.45           157.724          0.220288
           2.53931           160.372           161.071          0.221578
                 0                 0                 0                 0
         0.0256496                 0                 0                 0
         0.0512993                 0                 0                 0
         0.0769489                 0                 0                 0
          0.102599                 0                 0                 0
          0.128248                 0                 0                 0
          0.153898                 0                 0                 0
          0.179547                 0                 0                 0
          0.205197                 0                 0                 0
          0.230847                 0                 0                 0
          0.256496                 0                 0                 0
          0.282146                 0                 0                 0
          0.307796                 0                 0                 0
          0.333445                 0                 0                 0
          0.359095                 0                 0                 0
          0.384745                 0                 0                 0
          0.410394                 0                 0                 0
          0.436044                 0                 0                 0
          0.461694                 0                 0                 0
          0.487343                 0                 0                 0
          0.512993                 0                 0                 0
          0.538642                 0                 0                 0
          0.564292                 0                 0                 0
          0.589942                 0                 0                 0
          0.615591                 0                 0                 0
          0.641241                 0                 0                 0
          0.666891                 0                 0                 0
           0.69254                 0                 0                 0
           0.71819                 0                 0                 0
           0.74384                 0                 0                 0
          0.769489                 0                 0                 0
          0.795139                 0                 0                 0
          0.820788                 0                 0                 0
          0.846438                 0       5.12821e-05       5.06203e-05
          0.872088             0.074         0.0268718        0.00217305
          0.897737             0.632          0.564205        0.00725665
          0.923387             4.132           4.02287         0.0254305
          0.949037             14.53           14.4963         0.0767763
          0.974686            33.056           32.6105          0.109949
           1.00034            53.588            53.191          0.145265
           1.02599            70.536           70.0031           0.12714
           1.05164              80.6           80.4464          0.101709
           1.07728            84.194            84.285          0.108344
           1.10293             83.05            83.355          0.136728
           1.12858            80.414           79.8359          0.114291
           1.15423             76.32           74.9413          0.126293
           1.17988            69.308           69.6014          0.129628
           1.20553             64.74           64.6084          0.132952
           1.23118            58.918           60.0006          0.124974
           1.25683             55.87           55.9511          0.110078
           1.28248             51.81           52.5982          0.137641
           1.30813            49.606           49.8439          0.105531
           1.33378             46.87           47.6226          0.106311
           1.35943             45.76           45.8434          0.109712
           1.38508            44.786           44.5803         0.0839691
           1.41073            43.066           43.8642         0.0886396
           1.43638            43.124           43.2765         0.0959803
           1.46203            42.748           43.0849          0.101878
           1.48768             42.62           43.4548          0.124905
           1.51333            43.764           44.0092           0.11346
           1.53898              45.3           45.1353          0.107687
           1.56463            46.354           46.5251          0.118273
           1.59028            47.874           48.3612          0.101405
           1.61593            50.634           50.6916             0.139
           1.64158            52.886           53.5521          0.138657
           1.66723             56.32           56.8268          0.155085
           1.69288            60.468           60.6133          0.140071
           1.71853            64.342           65.0075          0.138342
           1.74418            70.684           69.8848          0.123072
           1.76983            77.118           75.3058          0.135268
           1.79547            81.734           81.3067          0.113176
           1.82112             88.86           87.4216          0.141519
           1.84677            95.818           93.8295          0.164422
           1.87242            101.07           100.387          0.182794
           1.89807           108.304            107.38           0.17146
           1.92372           113.566           114.081           0.19182
           1.94937           121.282           120.932          0.184107
           1.97502           128.576           127.554           0.15753
           2.00067           135.704           133.645          0.170441
           2.02632           138.898           139.137          0.183073
           2.05197           144.544             144.3          0.178609
           2.07762           148.536             147.6          0.176619
           2.10327           150.298           150.749          0.176222
           2.12892           154.228           152.845          0.192545
           2.15457           154.068           153.725          0.228968
           2.18022           153.852            154.38          0.205392
           2.20587            155.28           154.446          0.248767
           2.23152           152.108           154.025          0.214344
           2.25717            151.67           153.378          0.193474
           2.28282           151.218           152.915          0.215251
           2.30847           151.864           152.369          0.167614
           2.33412           150.128           152.007          0.226993
           2.35977            149.82           151.907          0.211334
           2.38542           149.526           152.383          0.212262
           2.41107           151.194           152.683          0.208427
           2.43672           153.394            153.86          0.207595
           2.46237           153.136           155.474          0.245886
           2.48802           154.202           156.211          0.238099
           2.51366           155.796           157.675          0.220118
           2.53931           160.044           161.045          0.217456
                 0                 0                 0                 0
         0.0256496                 0                 0                 0
         0.0512993                 0                 0                 0
         0.0769489                 0                 0                 0
          0.102599                 0                 0                 0
          0.128248                 0                 0                 0
          0.153898                 0                 0                 0
          0.179547                 0                 0                 0
          0.205197                 0                 0                 0
          0.230847                 0                 0                 0
          0.256496                 0                 0                 0
          0.282146                 0                 0                 0
          0.307796                 0                 0                 0
          0.333445                 0                 0                 0
          0.359095                 0                 0                 0
          0.384745                 0                 0                 0
          0.410394                 0                 0                 0
          0.436044                 0                 0                 0
          0.461694                 0                 0                 0
          0.487343                 0                 0                 0
          0.512993                 0                 0                 0
          0.538642                 0                 0                 0
          0.564292                 0                 0                 0
          0.589942                 0                 0                 0
          0.615591                 0                 0                 0
          0.641241                 0                 0                 0
          0.666891                 0                 0                 0
           0.69254                 0                 0                 0
           0.71819                 0                 0                 0
           0.74384                 0                 0                 0
          0.769489                 0                 0                 0
          0.795139                 0                 0                 0
          0.820788                 0                 0                 0
          0.846438             0.002            0.0001       6.89202e-05
          0.872088             0.038           0.02715        0.00213645
          0.897737             0.652            0.5664        0.00739973
          0.923387             4.354           4.03115         0.0261074
          0.949037            15.008            14.509         0.0759153
          0.974686            34.184           32.6498          0.114021
           1.00034             53.69           53.2034          0.142168
           1.02599            70.622           70.0186            0.1249
           1.05164            80.868           80.4569         0.0997107
           1.07728            83.744           84.2715          0.106476
           1.10293            82.616           83.3365          0.134552
           1.12858            79.316           79.8229           0.11217
           1.15423            75.206            74.948          0.123308
           1.17988            69.394           69.5963          0.126491
           1.20553            63.632            64.584           0.13185
           1.23118            59.298            59.983          0.123078
           1.25683            55.588            55.942          0.107699
           1.28248            52.742           52.6018          0.134247
           1.30813            48.906           49.8205          0.105466
           1.33378            47.724           47.6251          0.103683
           1.35943            45.588            45.837          0.107155
           1.38508            43.642           44.5569         0.0850834
           1.41073             42.82           43.8381         0.0901854
           1.43638            42.226           43.2503         0.0971074
           1.46203            42.718           43.0757         0.0997428
           1.48768             41.82           43.4139          0.128295
           1.51333             43.72            44.002          0.110854
           1.53898            44.386           45.1166          0.106611
           1.56463            46.436           46.5229          0.115337
           1.59028            48.748           48.3709         0.0993298
           1.61593            50.348            50.683           0.13579
           1.64158             53.57           53.5526          0.135191
           1.66723            57.148           56.8348          0.151416
           1.69288            61.334           60.6313          0.137723
           1.71853            65.358           65.0163          0.135161
           1.74418            71.806           69.9328          0.129028
           1.76983            76.268           75.3298          0.134008
           1.79547            82.256           81.3304          0.112807
           1.82112            89.222           87.4666          0.144962
           1.84677            96.444           93.8948          0.172815
           1.87242            102.68           100.444          0.186996
           1.89807           109.634           107.437          0.176188
           1.92372           114.738           114.098          0.187726
           1.94937           122.398           120.969          0.183115
           1.97502           128.522           127.579          0.155438
           2.00067           134.212           133.659          0.166769
           2.02632           139.092           139.136            0.1785
           2.05197            143.18           144.272          0.176324
           2.07762           148.384            147.62          0.173287
           2.10327           149.678           150.722           0.17384
           2.12892           152.002           152.824          0.188882
           2.15457             154.6           153.747          0.224286
           2.18022           153.224           154.351           0.20228
           2.20587           153.192           154.414          0.244514
           2.23152           151.288           153.957          0.219639
           2.25717           151.732           153.337          0.192964
           2.28282           150.418           152.853          0.218735
           2.30847           149.366           152.294          0.179448
           2.33412            148.06           151.908          0.241812
           2.35977           149.822           151.855          0.212383
           2.38542           149.086           152.301          0.222385
           2.41107           151.288           152.648          0.206113
           2.43672            153.48           153.851          0.202623
           2.46237           152.988           155.412          0.247468
           2.48802           157.852           156.252          0.235653
           2.51366           157.738           157.676           0.21462
           2.53931            161.84           161.065          0.212926
                 0                 0                 0                 0
         0.0256496                 0                 0                 0
         0.0512993                 0                 0                 0
         0.0769489                 0                 0                 0
          0.102599                 0                 0                 0
          0.128248                 0                 0                 0
          0.153898                 0                 0                 0
          0.179547                 0                 0                 0
          0.205197                 0                 0                 0
          0.230847                 0                 0                 0
          0.256496                 0                 0                 0
          0.282146                 0                 0                 0
          0.307796                 0                 0                 0
          0.333445                 0                 0                 0
          0.359095                 0                 0                 0
          0.384745                 0                 0                 0
          0.410394                 0                 0                 0
          0.436044                 0                 0                 0
          0.461694                 0                 0                 0
          0.487343                 0                 0                 0
          0.512993                 0                 0                 0
          0.538642                 0                 0                 0
          0.564292                 0                 0                 0
          0.589942                 0                 0                 0
          0.615591                 0                 0                 0
          0.641241                 0                 0                 0
          0.666891                 0                 0                 0
           0.69254                 0                 0                 0
           0.71819                 0                 0                 0
           0.74384                 0                 0                 0
          0.769489                 0                 0                 0
          0.795139                 0                 0                 0
          0.820788                 0                 0                 0
          0.846438                 0        9.7561e-05       6.72824e-05
          0.872088              0.02         0.0269756        0.00209145
          0.897737             0.554          0.566098        0.00722543
          0.923387              4.07            4.0321         0.0254878
          0.949037            14.112           14.4994         0.0746789
          0.974686            32.658             32.65           0.11124
           1.00034            52.468           53.1855          0.139828
           1.02599            70.476           70.0298           0.12235
           1.05164            79.962           80.4448         0.0980066
           1.07728            83.394           84.2501          0.106008
           1.10293            82.666           83.3201          0.132261
           1.12858             79.74           79.8209          0.109452
           1.15423            75.608            74.964          0.121347
           1.17988            69.974           69.6055          0.123741
           1.20553            63.312            64.553          0.132234
           1.23118            59.458           59.9702          0.120741
           1.25683            56.676           55.9599           0.10655
           1.28248            53.206           52.6165          0.131779
           1.30813            50.476           49.8364          0.104098
           1.33378            48.084           47.6363          0.101757
           1.35943            45.838           45.8371          0.104541
           1.38508            45.424            44.578         0.0855965
           1.41073            44.262           43.8484         0.0885766
           1.43638            42.872            43.241         0.0951762
           1.46203              44.1           43.1007           0.10039
           1.48768            43.802           43.4234          0.125515
           1.51333            44.144           44.0055          0.108204
           1.53898            45.902           45.1358          0.105718
           1.56463            46.906           46.5322          0.112902
           1.59028              49.1           48.3886         0.0984863
           1.61593            50.752           50.6847          0.132488
           1.64158            54.338           53.5717          0.133244
           1.66723            57.344           56.8472          0.148231
           1.69288            59.486           60.6034          0.137167
           1.71853            65.328           65.0239          0.132078
           1.74418            68.976           69.9095          0.127974
           1.76983            74.624           75.3126          0.131841
           1.79547            80.352           81.3065          0.112552
           1.82112            85.854           87.4273          0.146665
           1.84677             90.78           93.8189          0.184546
           1.87242            99.198           100.414          0.184889
           1.89807           105.792           107.396          0.176398
           1.92372           114.062           114.097          0.183149
           1.94937            120.01           120.945          0.180136
           1.97502           125.996            127.54          0.156366
           2.00067           134.322           133.675          0.163483
           2.02632           138.312           139.115          0.175272
           2.05197           143.802            144.26          0.172395
           2.07762            148.05            147.63          0.169378
           2.10327           151.024            150.73          0.169755
           2.12892           153.234           152.834           0.18454
           2.15457           155.924             153.8          0.225013
           2.18022           155.428           154.377          0.199044
           2.20587            156.25           154.459          0.242615
           2.23152            155.99           154.007          0.219808
           2.25717           154.418           153.363          0.190051
           2.28282           155.216            152.91          0.220864
           2.30847           153.582           152.325          0.177801
           2.33412           153.548           151.948            0.2392
           2.35977           154.386           151.917          0.215987
           2.38542           154.086           152.344          0.221183
           2.41107            153.27           152.663          0.201643
           2.43672           155.682           153.895          0.202544
           2.46237           155.716           155.419          0.241544
           2.48802           156.638           156.262          0.230094
           2.51366           159.782           157.728          0.215443
           2.53931           159.952           161.038          0.209456
                 0                 0                 0                 0
         0.0256496                 0                 0                 0
         0.0512993                 0                 0                 0
         0.0769489                 0                 0                 0
          0.102599                 0                 0                 0
          0.128248                 0                 0                 0
          0.153898                 0                 0                 0
          0.179547                 0                 0                 0
          0.205197                 0                 0                 0
          0.230847                 0                 0                 0
          0.256496                 0                 0                 0
          0.282146                 0                 0                 0
          0.307796                 0                 0                 0
          0.333445                 0                 0                 0
          0.359095                 0                 0                 0
          0.384745                 0                 0                 0
          0.410394                 0                 0                 0
          0.436044                 0                 0                 0
          0.461694                 0                 0                 0
          0.487343                 0                 0                 0
          0.512993                 0                 0                 0
          0.538642                 0                 0                 0
          0.564292                 0                 0                 0
          0.589942                 0                 0                 0
          0.615591                 0                 0                 0
          0.641241                 0                 0                 0
          0.666891                 0                 0                 0
           0.69254                 0                 0                 0
           0.71819                 0                 0                 0
           0.74384                 0                 0                 0
          0.769489                 0                 0                 0
          0.795139                 0                 0                 0
          0.820788                 0                 0                 0
          0.846438                 0       9.52381e-05       6.57205e-05
          0.872088             0.064         0.0278571        0.00221967
          0.897737              0.66          0.568333        0.00739121
          0.923387             4.498           4.04319         0.0271879
          0.949037            14.662           14.5032         0.0730011
          0.974686             34.24           32.6879          0.114852
           1.00034            53.774           53.1995          0.137199
           1.02599            70.012           70.0293          0.119438
           1.05164             80.68           80.4504          0.095833
           1.07728            84.422           84.2542          0.103563
           1.10293            82.742           83.3064          0.129826
           1.12858            79.302           79.8085          0.107541
           1.15423            74.242           74.9469           0.11967
           1.17988            68.932           69.5894          0.121829
           1.20553            65.008           64.5638          0.129529
           1.23118            59.816           59.9666          0.117922
           1.25683            56.086           55.9629          0.104056
           1.28248            51.122           52.5809          0.133359
           1.30813            48.668           49.8086          0.105272
           1.33378            46.776           47.6158          0.101375
           1.35943            45.552           45.8303          0.102272
           1.38508            43.926           44.5625         0.0849546
           1.41073            43.362           43.8368         0.0872214
           1.43638            43.678           43.2514          0.093477
           1.46203            42.164           43.0784          0.100446
           1.48768            43.978           43.4366          0.123219
           1.51333            44.652           44.0209          0.106717
           1.53898            44.788           45.1275          0.103525
           1.56463            47.086           46.5454          0.110981
           1.59028            48.934           48.4016         0.0969936
           1.61593            50.534           50.6811          0.129383
           1.64158            54.162           53.5858          0.130811
           1.66723            57.576           56.8646          0.145714
           1.69288            60.946           60.6115          0.134144
           1.71853             65.18           65.0276          0.128986
           1.74418            70.244           69.9174          0.125174
           1.76983            76.214           75.3341          0.130437
           1.79547             81.63           81.3142          0.110135
           1.82112            88.568           87.4544          0.145666
           1.84677              94.4           93.8327           0.18067
           1.87242           102.524           100.464          0.187188
           1.89807            109.05           107.436          0.176537
           1.92372           115.244           114.124          0.180814
           1.94937           121.338           120.955           0.17609
           1.97502           128.548           127.564          0.154474
           2.00067           135.562            133.72          0.165648
           2.02632           139.868           139.133          0.172013
           2.05197           144.756           144.272          0.168694
           2.07762           147.414           147.625          0.165423
           2.10327            149.13           150.692          0.169933
           2.12892            151.25           152.796           0.18396
           2.15457           151.866           153.754          0.224318
           2.18022            151.71           154.314          0.204187
           2.20587           152.396            154.41           0.24176
           2.23152           151.844           153.955          0.220523
           2.25717           151.242           153.313          0.192119
           2.28282           151.994           152.889          0.216681
           2.30847           149.686           152.262          0.184337
           2.33412            149.35           151.886           0.24137
           2.35977            151.22             151.9          0.211481
           2.38542           151.132           152.315          0.217792
           2.41107           154.004           152.695          0.199354
           2.43672           152.218           153.856          0.201621
           2.46237           155.168           155.413          0.235867
           2.48802           157.818           156.299           0.22758
           2.51366           158.484           157.746          0.211064
           2.53931           163.334           161.092          0.211484
                 0                 0                 0                 0
         0.0256496                 0                 0                 0
         0.0512993                 0                 0                 0
         0.0769489                 0                 0                 0
          0.102599                 0                 0                 0
          0.128248                 0                 0                 0
          0.153898                 0                 0                 0
          0.179547                 0                 0                 0
          0.205197                 0                 0                 0
          0.230847                 0                 0                 0
          0.256496                 0                 0                 0
          0.282146                 0                 0                 0
          0.307796                 0                 0                 0
          0.333445                 0                 0                 0
          0.359095                 0                 0                 0
          0.384745                 0                 0                 0
          0.410394                 0                 0                 0
          0.436044                 0                 0                 0
          0.461694                 0                 0                 0
          0.487343                 0                 0                 0
          0.512993                 0                 0                 0
          0.538642                 0                 0                 0
          0.564292                 0                 0                 0
          0.589942                 0                 0                 0
          0.615591                 0                 0                 0
          0.641241                 0                 0                 0
          0.666891                 0                 0                 0
           0.69254                 0                 0                 0
           0.71819                 0                 0                 0
           0.74384                 0                 0                 0
          0.769489                 0                 0                 0
          0.795139                 0                 0                 0
          0.820788                 0                 0                 0
          0.846438                 0       9.30233e-05       6.42295e-05
          0.872088             0.012         0.0274884        0.00219847
          0.897737             0.428           0.56507        0.00790707
          0.923387             3.626           4.03349         0.0282338
          0.949037            14.168           14.4954         0.0717185
          0.974686            31.986           32.6715          0.113335
           1.00034            53.482           53.2061          0.134165
           1.02599            70.726           70.0455          0.117754
           1.05164            81.114           80.4659         0.0948386
           1.07728            85.116           84.2742          0.103076
           1.10293             83.37           83.3079          0.126815
           1.12858             79.57            79.803          0.105183
           1.15423            74.716           74.9415          0.117007
           1.17988            68.758           69.5701          0.120521
           1.20553            64.406           64.5601          0.126568
           1.23118            60.562           59.9804           0.11599
           1.25683            55.486           55.9518          0.102225
           1.28248             52.25           52.5732           0.13048
           1.30813            50.092           49.8152           0.10303
           1.33378            46.868           47.5984          0.100498
           1.35943            45.668           45.8265         0.0999633
           1.38508            44.134           44.5525         0.0835612
           1.41073             43.67           43.8329         0.0852792
           1.43638            43.446            43.256         0.0914126
           1.46203            43.398           43.0858         0.0983852
           1.48768            43.808           43.4452          0.120656
           1.51333            44.554           44.0333          0.104953
           1.53898            45.296           45.1314          0.101191
           1.56463            47.148           46.5594          0.109281
           1.59028            49.406            48.425         0.0975098
           1.61593             51.24           50.6941          0.127025
           1.64158            53.862           53.5922          0.127926
           1.66723                57           56.8677          0.142359
           1.69288             61.07           60.6222          0.131447
           1.71853            65.002            65.027          0.125987
           1.74418             70.37            69.928          0.122705
           1.76983            75.362           75.3347          0.127405
           1.79547            81.202           81.3116          0.107605
           1.82112            87.652            87.459          0.142351
           1.84677            93.676           93.8291          0.176505
           1.87242            99.252           100.436          0.184946
           1.89807            106.26           107.408          0.174536
           1.92372           112.698           114.091          0.179625
           1.94937           119.714           120.926          0.174343
           1.97502           127.174           127.555          0.151147
           2.00067            134.43           133.737          0.162616
           2.02632           138.956           139.129          0.168062
           2.05197           143.548           144.255          0.165609
           2.07762            148.24           147.639          0.162193
           2.10327           150.746           150.693          0.165986
           2.12892           152.922           152.799          0.179705
           2.15457           154.556           153.773          0.219876
           2.18022            155.24           154.335          0.200571
           2.20587           153.742           154.394          0.236636
           2.23152            155.39           153.988          0.217904
           2.25717            152.76             153.3           0.18808
           2.28282           153.886           152.912           0.21288
           2.30847           152.104           152.259          0.180087
           2.33412           152.276           151.895          0.235927
           2.35977           149.754            151.85          0.212372
           2.38542           149.826           152.258          0.220287
           2.41107           151.972           152.678          0.195425
           2.43672           152.346            153.82          0.199965
           2.46237           154.724           155.397          0.230926
           2.48802           156.432           156.302          0.222308
           2.51366           157.282           157.735          0.206431
           2.53931            161.32           161.098          0.206632
                 0                 0                 0                 0
         0.0256496                 0                 0                 0
         0.0512993                 0                 0                 0
         0.0769489                 0                 0                 0
          0.102599                 0                 0                 0
          0.128248                 0                 0                 0
          0.153898                 0                 0                 0
          0.179547                 0                 0                 0
          0.205197                 0                 0                 0
          0.230847                 0                 0                 0
          0.256496                 0                 0                 0
          0.282146                 0                 0                 0
          0.307796                 0                 0                 0
          0.333445                 0                 0                 0
          0.359095                 0                 0                 0
          0.384745                 0                 0                 0
          0.410394                 0                 0                 0
          0.436044                 0                 0                 0
          0.461694                 0                 0                 0
          0.487343                 0                 0                 0
          0.512993                 0                 0                 0
          0.538642                 0                 0                 0
          0.564292                 0                 0                 0
          0.589942                 0                 0                 0
          0.615591                 0                 0                 0
          0.641241                 0                 0                 0
          0.666891                 0                 0                 0
           0.69254                 0                 0                 0
           0.71819                 0                 0                 0
           0.74384                 0                 0                 0
          0.769489                 0                 0                 0
          0.795139                 0                 0                 0
          0.820788                 0                 0                 0
          0.846438                 0       9.09091e-05       6.28045e-05
          0.872088             0.038         0.0277273        0.00216145
          0.897737             0.582          0.565455        0.00773672
          0.923387             4.002           4.03277         0.0276011
          0.949037             14.83            14.503         0.0704905
          0.974686            32.432           32.6661           0.11089
           1.00034            52.766           53.1961          0.131488
           1.02599            69.644           70.0364          0.115431
           1.05164            80.344           80.4631         0.0927237
           1.07728            84.856           84.2875          0.101578
           1.10293             82.59           83.2915          0.124978
           1.12858            78.666           79.7771          0.105919
           1.15423            74.864           74.9397          0.114361
           1.17988            68.882           69.5545          0.118792
           1.20553            64.668           64.5626          0.123715
           1.23118            60.946           60.0024          0.115411
           1.25683            57.092           55.9777          0.103134
           1.28248            52.834           52.5791          0.127649
           1.30813            50.784           49.8372          0.103014
           1.33378            48.404           47.6167         0.0998674
           1.35943            46.726            45.847         0.0997599
           1.38508            45.754           44.5798         0.0860081
           1.41073            44.314           43.8439          0.084039
           1.43638            43.228           43.2553         0.0893372
           1.46203            42.932           43.0823         0.0962112
           1.48768            43.064           43.4365          0.118224
           1.51333            43.936            44.031          0.102591
           1.53898            44.312           45.1128          0.100591
           1.56463            45.428           46.5337          0.109781
           1.59028            47.602           48.4063          0.097071
           1.61593            50.074             50.68          0.124917
           1.64158            52.734           53.5727          0.126497
           1.66723            56.784           56.8658          0.139137
           1.69288             59.95           60.6069          0.129345
           1.71853             63.56           64.9937          0.127459
           1.74418            69.702           69.9228          0.120024
           1.76983            75.044           75.3281          0.124681
           1.79547            82.198           81.3318          0.107028
           1.82112            88.842           87.4905          0.142544
           1.84677            95.112           93.8582          0.174885
           1.87242           102.396           100.481          0.186029
           1.89807           109.148           107.448           0.17499
           1.92372            114.42           114.098          0.175698
           1.94937           121.182           120.932          0.170478
           1.97502           125.758           127.514           0.15313
           2.00067           132.802           133.715          0.160302
           2.02632           137.836             139.1          0.166793
           2.05197           142.574           144.217          0.166195
           2.07762            147.88           147.645          0.158599
           2.10327           152.084           150.725          0.165197
           2.12892            152.65           152.796          0.175653
           2.15457           153.488           153.766          0.214974
           2.18022           152.476           154.293          0.200415
           2.20587            153.46           154.373          0.232209
           2.23152           153.382           153.975          0.213387
           2.25717           152.946           153.292          0.183978
           2.28282           152.434           152.901          0.208318
           2.30847            153.65            152.29          0.178749
           2.33412           152.278           151.904          0.230726
           2.35977           152.354           151.862          0.207853
           2.38542            153.14           152.278          0.216192
           2.41107           153.564           152.698          0.192018
           2.43672           155.644           153.862          0.199669
           2.46237           157.512           155.445          0.230625
           2.48802           156.958           156.317          0.217755
           2.51366           157.994           157.741          0.201824
           2.53931           162.712           161.134          0.205167
                 0                 0                 0                 0
         0.0256496                 0                 0                 0
         0.0512993                 0                 0                 0
         0.0769489                 0                 0                 0
          0.102599                 0                 0                 0
          0.128248                 0                 0                 0
          0.153898                 0                 0                 0
          0.179547                 0                 0                 0
          0.205197                 0                 0                 0
          0.230847                 0                 0                 0
          0.256496                 0                 0                 0
          0.282146                 0                 0                 0
          0.307796                 0                 0                 0
          0.333445                 0                 0                 0
          0.359095                 0                 0                 0
          0.384745                 0                 0                 0
          0.410394                 0                 0                 0
          0.436044                 0                 0                 0
          0.461694                 0                 0                 0
          0.487343                 0                 0                 0
          0.512993                 0                 0                 0
          0.538642                 0                 0                 0
          0.564292                 0                 0                 0
          0.589942                 0                 0                 0
          0.615591                 0                 0                 0
          0.641241                 0                 0                 0
          0.666891                 0                 0                 0
           0.69254                 0                 0                 0
           0.71819                 0                 0                 0
           0.74384                 0                 0                 0
          0.769489                 0                 0                 0
          0.795139                 0                 0                 0
          0.820788                 0                 0                 0
          0.846438                 0       8.88889e-05       6.14413e-05
          0.872088             0.022            0.0276        0.00211716
          0.897737             0.582          0.565822        0.00757353
          0.923387             4.258           4.03778         0.0274378
          0.949037             14.38           14.5003          0.068977
          0.974686             33.44           32.6833          0.109751
           1.00034            53.184           53.1958          0.128567
           1.02599             69.72           70.0294           0.11308
           1.05164             81.26           80.4808         0.0923388
           1.07728            84.302           84.2878         0.0993211
           1.10293             81.19           83.2448          0.130635
           1.12858            78.868           79.7569          0.105475
           1.15423            75.474           74.9516          0.112434
           1.17988            70.078           69.5661           0.11672
           1.20553            64.348           64.5578          0.121058
           1.23118            59.474           59.9906          0.113442
           1.25683            56.364           55.9863          0.101199
           1.28248            52.678           52.5813          0.124831
           1.30813            50.364           49.8489          0.101388
           1.33378             48.37           47.6335         0.0990411
           1.35943            45.748           45.8448         0.0975672
           1.38508            45.054           44.5904         0.0847399
           1.41073            43.678           43.8402         0.0822522
           1.43638             43.26           43.2554          0.087352
           1.46203            43.096           43.0826         0.0940737
           1.48768            43.486           43.4376          0.115602
           1.51333            42.888           44.0056          0.103408
           1.53898            44.776           45.1053         0.0986332
           1.56463            46.416           46.5311          0.107373
           1.59028            47.592           48.3882         0.0965857
           1.61593            49.978           50.6644          0.123112
           1.64158            53.734           53.5763          0.123737
           1.66723            56.914           56.8669          0.136049
           1.69288             60.78           60.6108          0.126528
           1.71853            64.686           64.9868           0.12481
           1.74418            71.112           69.9492           0.12023
           1.76983                77           75.3653          0.127325
           1.79547            80.364           81.3103          0.106789
           1.82112            88.272           87.5078           0.14043
           1.84677             94.67           93.8763          0.171926
           1.87242            101.58           100.505          0.183492
           1.89807           107.482           107.449          0.171103
           1.92372           114.498           114.107          0.172018
           1.94937           120.628           120.925          0.166823
           1.97502           127.872           127.522          0.149934
           2.00067           133.508           133.711          0.156806
           2.02632           138.534           139.087          0.163559
           2.05197            143.47             144.2          0.163329
           2.07762            148.06           147.654          0.155342
           2.10327           150.562           150.721          0.161565
           2.12892           152.702           152.794          0.171762
           2.15457           152.286           153.733          0.212698
           2.18022           152.692           154.258          0.199095
           2.20587           153.438           154.352          0.227977
           2.23152           153.858           153.972          0.208661
           2.25717           153.642             153.3          0.180054
           2.28282           152.914           152.901          0.203689
           2.30847           154.908           152.348          0.183999
           2.33412            152.71           151.922          0.226293
           2.35977            152.71           151.881          0.204087
           2.38542           152.552           152.284          0.211474
           2.41107           152.536           152.695          0.187785
           2.43672           154.354           153.873          0.195531
           2.46237            154.64           155.427          0.226193
           2.48802           156.368           156.318          0.212919
           2.51366           157.302           157.731          0.197574
           2.53931           159.718           161.103          0.203008
                 0                 0                 0                 0
         0.0256496                 0                 0                 0
         0.0512993                 0                 0                 0
         0.0769489                 0                 0                 0
          0.102599                 0                 0                 0
          0.128248                 0                 0                 0
          0.153898                 0                 0                 0
          0.179547                 0                 0                 0
          0.205197                 0                 0                 0
          0.230847                 0                 0                 0
          0.256496                 0                 0                 0
          0.282146                 0                 0                 0
          0.307796                 0                 0                 0
          0.333445                 0                 0                 0
          0.359095                 0                 0                 0
          0.384745                 0                 0                 0
          0.410394                 0                 0                 0
          0.436044                 0                 0                 0
          0.461694                 0                 0                 0
          0.487343                 0                 0                 0
          0.512993                 0                 0                 0
          0.538642                 0                 0                 0
          0.564292                 0                 0                 0
          0.589942                 0                 0                 0
          0.615591                 0                 0                 0
          0.641241                 0                 0                 0
          0.666891                 0                 0                 0
           0.69254                 0                 0                 0
           0.71819                 0                 0                 0
           0.74384                 0                 0                 0
          0.769489                 0                 0                 0
          0.795139                 0                 0                 0
          0.820788                 0                 0                 0
          0.846438                 0       8.69565e-05        6.0136e-05
          0.872088             0.014         0.0273043        0.00209168
          0.897737              0.58           0.56613        0.00741515
          0.923387              4.03           4.03761         0.0268419
          0.949037              14.5           14.5003         0.0674775
          0.974686            33.254           32.6957          0.108065
           1.00034            53.128           53.1943           0.12578
           1.02599             69.33           70.0142          0.111639
           1.05164            78.716           80.4424         0.0979778
           1.07728            84.246           84.2869         0.0971661
           1.10293            83.124           83.2422          0.127822
           1.12858            78.912           79.7386          0.104769
           1.15423            74.712           74.9464          0.110111
           1.17988            69.408           69.5627          0.114234
           1.20553            63.722           64.5397          0.119782
           1.23118            59.706           59.9844          0.111144
           1.25683            56.398           55.9953         0.0993936
           1.28248            53.208            52.595          0.122858
           1.30813            50.696           49.8673          0.100842
           1.33378            48.668            47.656         0.0994087
           1.35943            46.296           45.8546         0.0959381
           1.38508            45.902           44.6189         0.0875637
           1.41073              44.8            43.861         0.0830686
           1.43638             45.17            43.297          0.094852
           1.46203            44.042           43.1035         0.0943121
           1.48768            44.414           43.4589          0.115021
           1.51333            45.652           44.0414          0.107175
           1.53898            45.842           45.1213         0.0977806
           1.56463            47.552           46.5533          0.107308
           1.59028            48.824           48.3977         0.0949495
           1.61593            50.732           50.6659          0.120444
           1.64158            54.316           53.5923          0.122087
           1.66723             55.52           56.8376          0.136206
           1.69288             60.73           60.6133          0.123803
           1.71853            63.884           64.9629          0.124378
           1.74418             68.57           69.9193          0.121298
           1.76983            74.236           75.3407          0.126902
           1.79547            79.698           81.2752          0.110069
           1.82112            86.358           87.4828          0.139584
           1.84677            90.902           93.8116          0.179937
           1.87242            98.294           100.457          0.185692
           1.89807           105.328           107.403          0.173483
           1.92372           112.114           114.064           0.17365
           1.94937           120.062           120.906          0.164248
           1.97502           124.006           127.446          0.165011
           2.00067           131.926           133.672          0.158125
           2.02632           136.276           139.026          0.171041
           2.05197           142.398           144.161          0.164412
           2.07762            147.54           147.652          0.151985
           2.10327           151.136            150.73          0.158305
           2.12892           154.014            152.82          0.170064
           2.15457             155.2           153.765           0.21045
           2.18022            155.47           154.284          0.196504
           2.20587           156.986            154.41          0.230097
           2.23152           155.228           153.999          0.205904
           2.25717            156.26           153.364          0.187289
           2.28282           156.156           152.972          0.211193
           2.30847           155.996           152.428          0.196344
           2.33412           155.344           151.996          0.233282
           2.35977           156.726           151.986          0.225198
           2.38542           156.362           152.372          0.224694
           2.41107           156.706           152.782          0.202941
           2.43672           158.064           153.964          0.211446
           2.46237           158.352           155.491          0.230038
           2.48802           157.724           156.348          0.210474
           2.51366            158.61            157.75          0.194201
           2.53931            160.89           161.098          0.198648
                 0                 0                 0                 0
         0.0256496                 0                 0                 0
         0.0512993                 0                 0                 0
         0.0769489                 0                 0                 0
          0.102599                 0                 0                 0
          0.128248                 0                 0                 0
          0.153898                 0                 0                 0
          0.179547                 0                 0                 0
          0.205197                 0                 0                 0
          0.230847                 0                 0                 0
          0.256496                 0                 0                 0
          0.282146                 0                 0                 0
          0.307796                 0                 0                 0
          0.333445                 0                 0                 0
          0.359095                 0                 0                 0
          0.384745                 0                 0                 0
          0.410394                 0                 0                 0
          0.436044                 0                 0                 0
          0.461694                 0                 0                 0
          0.487343                 0                 0                 0
          0.512993                 0                 0                 0
          0.538642                 0                 0                 0
          0.564292                 0                 0                 0
          0.589942                 0                 0                 0
          0.615591                 0                 0                 0
          0.641241                 0                 0                 0
          0.666891                 0                 0                 0
           0.69254                 0                 0                 0
           0.71819                 0                 0                 0
           0.74384                 0                 0                 0
          0.769489                 0                 0                 0
          0.795139                 0                 0                 0
          0.820788                 0                 0                 0
          0.846438                 0       8.51064e-05        5.8885e-05
          0.872088             0.022         0.0271915        0.00205022
          0.897737              0.54          0.565574         0.0072782
          0.923387             3.814           4.03285         0.0266891
          0.949037            14.654           14.5036          0.066121
          0.974686            31.594           32.6723          0.108278
           1.00034            53.368            53.198          0.123158
           1.02599            70.316           70.0206          0.109448
           1.05164            80.494           80.4435         0.0958993
           1.07728            84.218           84.2854         0.0951098
           1.10293            83.014           83.2374          0.125194
           1.12858            79.346           79.7302          0.102872
           1.15423            74.468           74.9362          0.108237
           1.17988            68.872            69.548          0.112744
           1.20553            64.694           64.5429          0.117279
           1.23118              59.8           59.9805          0.108849
           1.25683            56.198           55.9996         0.0973724
           1.28248            52.758           52.5984          0.120293
           1.30813            49.924           49.8686         0.0987035
           1.33378            47.922           47.6616         0.0974546
           1.35943            46.486            45.868         0.0948329
           1.38508             45.54           44.6385         0.0878666
           1.41073            44.702           43.8789         0.0832059
           1.43638            44.348           43.3194         0.0954332
           1.46203            44.064           43.1239         0.0944938
           1.48768            43.808           43.4663          0.112813
           1.51333            44.504           44.0513          0.105346
           1.53898            45.344            45.126         0.0958149
           1.56463            46.998           46.5627          0.105441
           1.59028            48.618           48.4023          0.093045
           1.61593            51.426            50.682          0.118962
           1.64158             54.22           53.6057          0.120218
           1.66723             56.62            56.833          0.133386
           1.69288            59.888           60.5979          0.122127
           1.71853            63.884           64.9399          0.123832
           1.74418             67.99           69.8782           0.12547
           1.76983            74.894           75.3312          0.124557
           1.79547            80.076           81.2497          0.110645
           1.82112            86.832            87.469          0.137299
           1.84677            92.386           93.7813          0.178647
           1.87242            99.278           100.432          0.183428
           1.89807            107.05           107.395          0.169954
           1.92372            113.59           114.054          0.170248
           1.94937           121.474           120.918          0.161197
           1.97502            128.01           127.458          0.161937
           2.00067            133.85           133.676          0.154806
           2.02632            139.72           139.041          0.168038
           2.05197             145.1           144.181          0.162122
           2.07762           147.472           147.648            0.1488
           2.10327           150.736            150.73          0.154937
           2.12892           151.606           152.795          0.168397
           2.15457           154.342           153.778           0.20633
           2.18022           155.812           154.317          0.194993
           2.20587            155.79           154.439          0.227068
           2.23152           154.292           154.006          0.201617
           2.25717           153.638            153.37          0.183395
           2.28282           152.892            152.97          0.206707
           2.30847           152.306           152.425          0.192183
           2.33412            150.27           151.959          0.231192
           2.35977            151.44           151.974          0.220706
           2.38542           152.342           152.372          0.219914
           2.41107           153.398           152.795          0.199046
           2.43672           154.332           153.972          0.207092
           2.46237           156.804           155.519          0.226834
           2.48802           155.524           156.331          0.206725
           2.51366           158.874           157.774          0.191535
           2.53931            161.31           161.103          0.194472
                 0                 0                 0                 0
         0.0256496                 0                 0                 0
         0.0512993                 0                 0                 0
         0.0769489                 0                 0                 0
          0.102599                 0                 0                 0
          0.128248                 0                 0                 0
          0.153898                 0                 0                 0
          0.179547                 0                 0                 0
          0.205197                 0                 0                 0
          0.230847                 0                 0                 0
          0.256496                 0                 0                 0
          0.282146                 0                 0                 0
          0.307796                 0                 0                 0
          0.333445                 0                 0                 0
          0.359095                 0                 0                 0
          0.384745                 0                 0                 0
          0.410394                 0                 0                 0
          0.436044                 0                 0                 0
          0.461694                 0                 0                 0
          0.487343                 0                 0                 0
          0.512993                 0                 0                 0
          0.538642                 0                 0                 0
          0.564292                 0                 0                 0
          0.589942                 0                 0                 0
          0.615591                 0                 0                 0
          0.641241                 0                 0                 0
          0.666891                 0                 0                 0
           0.69254                 0                 0                 0
           0.71819                 0                 0                 0
           0.74384                 0                 0                 0
          0.769489                 0                 0                 0
          0.795139                 0                 0                 0
          0.820788                 0                 0                 0
          0.846438             0.006       0.000208333       0.000134881
          0.872088             0.036          0.027375         0.0020157
          0.897737             0.682             0.568        0.00751988
          0.923387             4.276           4.03792         0.0266094
          0.949037            14.378            14.501         0.0647952
          0.974686            32.372            32.666          0.106202
           1.00034             53.95           53.2137          0.121585
           1.02599            70.504           70.0307           0.10763
           1.05164            80.176            80.438         0.0940632
           1.07728            83.868           84.2767          0.093525
           1.10293            82.608           83.2243          0.123271
           1.12858             80.35           79.7431          0.101536
           1.15423            73.424           74.9047          0.110472
           1.17988            69.662           69.5503          0.110421
           1.20553            63.932           64.5302          0.115524
           1.23118            59.878           59.9784          0.106602
           1.25683            56.736           56.0149         0.0965449
           1.28248            52.024           52.5865          0.118381
           1.30813            49.668           49.8644         0.0967356
           1.33378            46.946           47.6467          0.096558
           1.35943              45.9           45.8687         0.0928595
           1.38508            45.324           44.6528          0.087189
           1.41073            43.856           43.8785         0.0814738
           1.43638            44.272           43.3393         0.0954862
           1.46203            44.524           43.1531         0.0969225
           1.48768            43.956           43.4765          0.110923
           1.51333            44.888           44.0687          0.104583
           1.53898            45.458            45.133          0.094068
           1.56463            46.522           46.5619          0.103248
           1.59028            49.196           48.4189         0.0925641
           1.61593            51.284           50.6946          0.117143
           1.64158            53.468           53.6028          0.117748
           1.66723            57.656           56.8501          0.131705
           1.69288            60.484           60.5955          0.119606
           1.71853             64.25           64.9255          0.122084
           1.74418            69.022           69.8604          0.124118
           1.76983            75.144           75.3273          0.122023
           1.79547             79.36           81.2103          0.115131
           1.82112            86.614           87.4512           0.13559
           1.84677             92.11           93.7465          0.178286
           1.87242            99.938           100.422          0.179895
           1.89807           106.354           107.373          0.167792
           1.92372           112.688           114.025          0.169062
           1.94937           120.312           120.906          0.158333
           1.97502           126.662           127.441          0.159409
           2.00067            133.95           133.682          0.151686
           2.02632           139.902           139.059          0.165492
           2.05197           144.398           144.186          0.158808
           2.07762           149.698           147.691          0.151706
           2.10327           153.158           150.781          0.159752
           2.12892           152.716           152.793          0.164896
           2.15457            154.59           153.794          0.202725
           2.18022           154.966            154.33            0.1914
           2.20587           154.646           154.443          0.222378
           2.23152           154.372           154.013          0.197561
           2.25717           153.346           153.369          0.179574
           2.28282           152.426           152.959          0.202711
           2.30847           152.402           152.425           0.18818
           2.33412             149.4           151.906          0.232443
           2.35977           152.724            151.99           0.21666
           2.38542           153.036           152.386          0.215768
           2.41107            153.36           152.807          0.195247
           2.43672           154.282           153.978          0.202878
           2.46237           157.302           155.556           0.22513
           2.48802           155.974           156.323          0.202552
           2.51366           158.106           157.781           0.18767
           2.53931            162.04           161.122          0.191398
                 0                 0                 0                 0
         0.0256496                 0                 0                 0
         0.0512993                 0                 0                 0
         0.0769489                 0                 0                 0
          0.102599                 0                 0                 0
          0.128248                 0                 0                 0
          0.153898                 0                 0                 0
          0.179547                 0                 0                 0
          0.205197                 0                 0                 0
          0.230847                 0                 0                 0
          0.256496                 0                 0                 0
          0.282146                 0                 0                 0
          0.307796                 0                 0                 0
          0.333445                 0                 0                 0
          0.359095                 0                 0                 0
          0.384745                 0                 0                 0
          0.410394                 0                 0                 0
          0.436044                 0                 0                 0
          0.461694                 0                 0                 0
          0.487343                 0                 0                 0
          0.512993                 0                 0                 0
          0.538642                 0                 0                 0
          0.564292                 0                 0                 0
          0.589942                 0                 0                 0
          0.615591                 0                 0                 0
          0.641241                 0                 0                 0
          0.666891                 0                 0                 0
           0.69254                 0                 0                 0
           0.71819                 0                 0                 0
           0.74384                 0                 0                 0
          0.769489                 0                 0                 0
          0.795139                 0                 0                 0
          0.820788                 0                 0                 0
          0.846438                 0       0.000204082       0.000132196
          0.872088              0.03         0.0274286        0.00197527
          0.897737             0.576          0.568163        0.00736819
          0.923387              4.42           4.04571         0.0271849
          0.949037            14.908           14.5093         0.0640032
          0.974686             33.21           32.6771          0.104614
           1.00034            53.366           53.2168          0.119143
           1.02599            70.974           70.0499          0.107142
           1.05164            79.736           80.4236         0.0932281
           1.07728            84.126           84.2736         0.0916669
           1.10293             82.06           83.2005          0.123024
           1.12858              78.7           79.7218          0.101671
           1.15423            73.514           74.8763          0.111804
           1.17988            68.176           69.5223          0.111672
           1.20553            64.048           64.5204          0.113585
           1.23118            59.472            59.968          0.104926
           1.25683            55.568           56.0058         0.0950044
           1.28248              51.8           52.5704          0.117048
           1.30813            49.758           49.8622         0.0947858
           1.33378            47.918           47.6522          0.094746
           1.35943            46.524            45.882         0.0919225
           1.38508            45.604           44.6722         0.0875442
           1.41073            44.168           43.8844         0.0800251
           1.43638            43.456           43.3416         0.0935672
           1.46203            43.798           43.1662          0.095834
           1.48768            44.064           43.4885          0.109306
           1.51333             44.37           44.0749           0.10263
           1.53898             45.34           45.1372         0.0922431
           1.56463            47.126           46.5734           0.10178
           1.59028            48.602           48.4226         0.0907504
           1.61593            51.524           50.7115          0.115969
           1.64158            54.112           53.6132          0.115802
           1.66723            58.616           56.8862          0.133857
           1.69288            60.384           60.5912          0.117243
           1.71853            65.252           64.9322          0.119774
           1.74418            70.016           69.8636          0.121625
           1.76983            74.258           75.3055          0.121469
           1.79547            80.496           81.1958            0.1137
           1.82112            86.678           87.4354          0.133737
           1.84677            94.092           93.7535          0.174787
           1.87242            100.17           100.416          0.176297
           1.89807           107.394           107.374          0.164368
           1.92372           114.588           114.037          0.166001
           1.94937           122.078            120.93          0.156898
           1.97502            129.52           127.483          0.161704
           2.00067            134.76           133.704          0.150178
           2.02632            140.39           139.086          0.164329
           2.05197           144.424           144.191          0.155641
           2.07762           147.134           147.679          0.149034
           2.10327            149.88           150.762          0.157546
           2.12892           152.788           152.793          0.161531
           2.15457           154.382           153.806          0.198942
           2.18022            154.71           154.338          0.187651
           2.20587           151.634           154.386           0.22511
           2.23152           151.568           153.963          0.199732
           2.25717            151.18           153.325          0.181383
           2.28282           150.238           152.903          0.206039
           2.30847            150.37           152.383          0.188954
           2.33412           151.076           151.889          0.228316
           2.35977           151.336           151.977          0.212649
           2.38542           153.052           152.399          0.211793
           2.41107           152.718           152.805          0.191271
           2.43672           154.112           153.981          0.198756
           2.46237           154.814           155.541          0.221044
           2.48802           155.832           156.313          0.198666
           2.51366           155.594           157.736          0.189073
           2.53931           160.612           161.112          0.187775
                 0                 0                 0                 0
         0.0256496                 0                 0                 0
         0.0512993                 0                 0                 0
         0.0769489                 0                 0                 0
          0.102599                 0                 0                 0
          0.128248                 0                 0                 0
          0.153898                 0                 0                 0
          0.179547                 0                 0                 0
          0.205197                 0                 0                 0
          0.230847                 0                 0                 0
          0.256496                 0                 0                 0
          0.282146                 0                 0                 0
          0.307796                 0                 0                 0
          0.333445                 0                 0                 0
          0.359095                 0                 0                 0
          0.384745                 0                 0                 0
          0.410394                 0                 0                 0
          0.436044                 0                 0                 0
          0.461694                 0                 0                 0
          0.487343                 0                 0                 0
          0.512993                 0                 0                 0
          0.538642                 0                 0                 0
          0.564292                 0                 0                 0
          0.589942                 0                 0                 0
          0.615591                 0                 0                 0
          0.641241                 0                 0                 0
          0.666891                 0                 0                 0
           0.69254                 0                 0                 0
           0.71819                 0                 0                 0
           0.74384                 0                 0                 0
          0.769489                 0                 0                 0
          0.795139                 0                 0                 0
          0.820788                 0                 0                 0
          0.846438                 0            0.0002       0.000129615
          0.872088             0.018           0.02724        0.00194475
          0.897737             0.602           0.56884        0.00725183
          0.923387             3.998           4.04476         0.0266579
          0.949037            14.818           14.5154         0.0630203
          0.974686            33.102           32.6856          0.102866
           1.00034             54.29           53.2383          0.118678
           1.02599            69.842           70.0458           0.10508
           1.05164            81.932           80.4538         0.0961206
           1.07728            85.428           84.2967         0.0926954
           1.10293            84.974            83.236          0.125573
           1.12858            80.364           79.7347          0.100446
           1.15423             73.89           74.8566          0.111295
           1.17988            68.702           69.5059          0.110637
           1.20553            62.756           64.4851          0.116666
           1.23118             59.23           59.9533          0.103861
           1.25683            54.204           55.9698         0.0997047
           1.28248             51.57           52.5504          0.116405
           1.30813            49.588           49.8567         0.0930486
           1.33378             47.34            47.646         0.0930566
           1.35943            45.944           45.8833         0.0900924
           1.38508            43.886           44.6564         0.0871939
           1.41073            43.702           43.8807         0.0785076
           1.43638            42.912            43.333         0.0920896
           1.46203            42.756            43.158         0.0942679
           1.48768              43.4           43.4867          0.107134
           1.51333            42.862           44.0506          0.103404
           1.53898             44.61           45.1266         0.0909988
           1.56463            46.486           46.5716         0.0997599
           1.59028             47.87           48.4116         0.0896059
           1.61593            50.578           50.7088           0.11368
           1.64158            53.382           53.6086          0.113579
           1.66723            57.534           56.8991          0.131805
           1.69288            61.124           60.6019          0.115381
           1.71853            66.562           64.9648          0.121733
           1.74418            71.854           69.9034          0.125539
           1.76983            77.542           75.3502          0.127008
           1.79547             82.83           81.2284          0.116029
           1.82112             89.73           87.4813          0.138713
           1.84677            94.882           93.7761          0.172742
           1.87242           102.938           100.467          0.179839
           1.89807           109.494           107.416           0.16646
           1.92372           115.384           114.064          0.164854
           1.94937           122.764           120.966          0.157992
           1.97502           128.418           127.502          0.159546
           2.00067           133.314           133.696          0.147377
           2.02632           138.024           139.065          0.162409
           2.05197           142.044           144.148          0.158339
           2.07762           146.762           147.661          0.147178
           2.10327            147.71           150.701          0.165801
           2.12892           150.948           152.756           0.16246
           2.15457           151.226           153.755          0.201546
           2.18022           151.996           154.291          0.189653
           2.20587           152.064            154.34          0.225347
           2.23152           154.208           153.968          0.195798
           2.25717           152.506           153.308          0.178492
           2.28282           151.326           152.872           0.20432
           2.30847            150.05           152.336          0.190847
           2.33412           150.262           151.857          0.226057
           2.35977           150.938           151.956          0.209408
           2.38542           152.404           152.399          0.207557
           2.41107           152.872           152.806           0.18745
           2.43672            152.03           153.942          0.198574
           2.46237           156.076           155.552          0.216882
           2.48802           155.788           156.303          0.194971
           2.51366           157.436            157.73          0.185387
           2.53931            161.09           161.111           0.18402
                 0                 0                 0                 0
         0.0256496                 0                 0                 0
         0.0512993                 0                 0                 0
         0.0769489                 0                 0                 0
          0.102599                 0                 0                 0
          0.128248                 0                 0                 0
          0.153898                 0                 0                 0
          0.179547                 0                 0                 0
          0.205197                 0                 0                 0
          0.230847                 0                 0                 0
          0.256496                 0                 0                 0
          0.282146                 0                 0                 0
          0.307796                 0                 0                 0
          0.333445                 0                 0                 0
          0.359095                 0                 0                 0
          0.384745                 0                 0                 0
          0.410394                 0                 0                 0
          0.436044                 0                 0                 0
          0.461694                 0                 0                 0
          0.487343                 0                 0                 0
          0.512993                 0                 0                 0
          0.538642                 0                 0                 0
          0.564292                 0                 0                 0
          0.589942                 0                 0                 0
          0.615591                 0                 0                 0
          0.641241                 0                 0                 0
          0.666891                 0                 0                 0
           0.69254                 0                 0                 0
           0.71819                 0                 0                 0
           0.74384                 0                 0                 0
          0.769489                 0                 0                 0
          0.795139                 0                 0                 0
          0.820788                 0                 0                 0
          0.846438                 0       0.000196078       0.000127133
          0.872088             0.014         0.0269804        0.00192387
          0.897737             0.514          0.567765        0.00718892
          0.923387              3.99           4.04369         0.0261569
          0.949037            14.124           14.5078         0.0622502
          0.974686            32.724           32.6864          0.100852
           1.00034             52.15           53.2169          0.118254
           1.02599            70.602           70.0567          0.103584
           1.05164            80.082           80.4465         0.0945119
           1.07728            83.278           84.2767         0.0930051
           1.10293             84.24           83.2556          0.124644
           1.12858            80.694           79.7535          0.100222
           1.15423            75.466           74.8685          0.109752
           1.17988            70.524           69.5258          0.110254
           1.20553            64.556           64.4865          0.114386
           1.23118            60.746           59.9688          0.102981
           1.25683            56.346           55.9771         0.0980223
           1.28248             53.42           52.5675          0.115364
           1.30813            50.744           49.8741         0.0928363
           1.33378            48.114           47.6552         0.0916833
           1.35943            45.986           45.8853         0.0883484
           1.38508            44.022            44.644          0.086367
           1.41073            42.982           43.8631         0.0789212
           1.43638            41.916           43.3053         0.0943825
           1.46203            42.316           43.1415         0.0938542
           1.48768            42.556           43.4685          0.106576
           1.51333            42.846            44.027          0.104039
           1.53898             44.67           45.1177         0.0896539
           1.56463            46.288           46.5661         0.0979587
           1.59028             48.28            48.409          0.087886
           1.61593            49.422           50.6836          0.114217
           1.64158            53.078           53.5982          0.111827
           1.66723            56.816           56.8975          0.129231
           1.69288            60.522           60.6003           0.11313
           1.71853            64.494           64.9556          0.119695
           1.74418            69.476            69.895          0.123357
           1.76983             74.73           75.3381          0.125099
           1.79547            81.426           81.2323          0.113819
           1.82112            88.558           87.5024          0.137591
           1.84677            94.974           93.7996          0.170944
           1.87242           100.922           100.476          0.176534
           1.89807           108.338           107.434          0.164175
           1.92372           114.394            114.07          0.161748
           1.94937           122.598           120.998            0.1581
           1.97502           128.542           127.523          0.157715
           2.00067           136.338           133.748          0.153323
           2.02632           140.666           139.096          0.162231
           2.05197           145.448           144.173          0.157274
           2.07762           148.342           147.674          0.144897
           2.10327           151.556           150.718          0.163395
           2.12892           153.298           152.767          0.159622
           2.15457           152.382           153.728          0.199384
           2.18022           153.772           154.281          0.186207
           2.20587           153.504           154.323          0.221523
           2.23152            154.97           153.988          0.192941
           2.25717           152.646           153.295          0.175464
           2.28282           152.006           152.855          0.201017
           2.30847           151.388           152.317          0.188008
           2.33412           150.964           151.839          0.222301
           2.35977           149.318           151.904          0.211593
           2.38542           149.802           152.348          0.209642
           2.41107            151.04           152.772          0.186947
           2.43672           153.128           153.926          0.195321
           2.46237           154.146           155.524          0.214373
           2.48802           154.374           156.265          0.194782
           2.51366           158.182           157.739          0.181963
           2.53931           160.532             161.1          0.180762
                 0                 0                 0                 0
         0.0256496                 0                 0                 0
         0.0512993                 0                 0                 0
         0.0769489                 0                 0                 0
          0.102599                 0                 0                 0
          0.128248                 0                 0                 0
          0.153898                 0                 0                 0
          0.179547                 0                 0                 0
          0.205197                 0                 0                 0
          0.230847                 0                 0                 0
          0.256496                 0                 0                 0
          0.282146                 0                 0                 0
          0.307796                 0                 0                 0
          0.333445                 0                 0                 0
          0.359095                 0                 0                 0
          0.384745                 0                 0                 0
          0.410394                 0                 0                 0
          0.436044                 0                 0                 0
          0.461694                 0                 0                 0
          0.487343                 0                 0                 0
          0.512993                 0                 0                 0
          0.538642                 0                 0                 0
          0.564292                 0                 0                 0
          0.589942                 0                 0                 0
          0.615591                 0                 0                 0
          0.641241                 0                 0                 0
          0.666891                 0                 0                 0
           0.69254                 0                 0                 0
           0.71819                 0                 0                 0
           0.74384                 0                 0                 0
          0.769489                 0                 0                 0
          0.795139                 0                 0                 0
          0.820788                 0                 0                 0
          0.846438                 0       0.000192308       0.000124744
          0.872088             0.026         0.0269615        0.00188696
          0.897737             0.596          0.568308        0.00707115
          0.923387             4.058           4.04396         0.0256553
          0.949037            14.372           14.5052         0.0611078
          0.974686            32.672           32.6861         0.0989127
           1.00034             53.43            53.221          0.116051
           1.02599            70.826           70.0715          0.102643
           1.05164            80.332           80.4443           0.09272
           1.07728            83.594           84.2636         0.0921387
           1.10293            83.194           83.2545          0.122253
           1.12858            80.102           79.7602         0.0985185
           1.15423            74.532           74.8621          0.107832
           1.17988            69.668           69.5286          0.108168
           1.20553             64.01           64.4773          0.112553
           1.23118            58.224           59.9353          0.106326
           1.25683            55.478           55.9675         0.0966061
           1.28248            52.296           52.5622          0.113264
           1.30813            49.392           49.8648         0.0915128
           1.33378            47.484           47.6519         0.0899793
           1.35943            46.022           45.8879         0.0866885
           1.38508            45.658           44.6635         0.0868796
           1.41073            44.758           43.8803         0.0792577
           1.43638             44.01           43.3188         0.0935354
           1.46203            43.568           43.1497          0.092407
           1.48768            44.458           43.4875          0.106212
           1.51333             44.85           44.0428          0.103235
           1.53898            46.006           45.1348         0.0895425
           1.56463            46.294           46.5608         0.0962145
           1.59028             49.14            48.423          0.087313
           1.61593            51.558           50.7004          0.113252
           1.64158            53.882           53.6037           0.10981
           1.66723              57.3           56.9052          0.126977
           1.69288            61.434           60.6163          0.112084
           1.71853            64.726           64.9512          0.117475
           1.74418            69.408           69.8856          0.121339
           1.76983            74.958           75.3308          0.122907
           1.79547            79.462           81.1983           0.11661
           1.82112            85.828           87.4702          0.138661
           1.84677            92.318           93.7711          0.170015
           1.87242            98.564           100.439          0.176926
           1.89807           105.442           107.396          0.165428
           1.92372           113.634           114.062          0.158855
           1.94937            119.51            120.97          0.157629
           1.97502           126.278           127.499          0.156488
           2.00067           132.758           133.729          0.151551
           2.02632           139.476           139.103          0.159276
           2.05197           144.168           144.173          0.154249
           2.07762           148.802           147.696          0.143724
           2.10327           149.482           150.694          0.161972
           2.12892           154.102           152.792          0.158605
           2.15457            155.77           153.767          0.199379
           2.18022           154.754            154.29          0.182848
           2.20587           155.002           154.336          0.217648
           2.23152           154.518           153.998            0.1895
           2.25717           154.056            153.31          0.172699
           2.28282           153.066           152.859          0.197193
           2.30847             153.3           152.336           0.18534
           2.33412           153.458            151.87          0.220195
           2.35977           153.498           151.935          0.209733
           2.38542           152.722           152.355          0.205733
           2.41107           153.996           152.795          0.184828
           2.43672           155.344           153.953          0.193459
           2.46237           156.804           155.549          0.211659
           2.48802           156.964           156.279          0.191499
           2.51366           157.966           157.744          0.178516
           2.53931            161.45           161.107          0.177411
                 0                 0                 0                 0
         0.0256496                 0                 0                 0
         0.0512993                 0                 0                 0
         0.0769489                 0                 0                 0
          0.102599                 0                 0                 0
          0.128248                 0                 0                 0
          0.153898                 0                 0                 0
          0.179547                 0                 0                 0
          0.205197                 0                 0                 0
          0.230847                 0                 0                 0
          0.256496                 0                 0                 0
          0.282146                 0                 0                 0
          0.307796                 0                 0                 0
          0.333445                 0                 0                 0
          0.359095                 0                 0                 0
          0.384745                 0                 0                 0
          0.410394                 0                 0                 0
          0.436044                 0                 0                 0
          0.461694                 0                 0                 0
          0.487343                 0                 0                 0
          0.512993                 0                 0                 0
          0.538642                 0                 0                 0
          0.564292                 0                 0                 0
          0.589942                 0                 0                 0
          0.615591                 0                 0                 0
          0.641241                 0                 0                 0
          0.666891                 0                 0                 0
           0.69254                 0                 0                 0
           0.71819                 0                 0                 0
           0.74384                 0                 0                 0
          0.769489                 0                 0                 0
          0.795139                 0                 0                 0
          0.820788                 0                 0                 0
          0.846438                 0       0.000188679       0.000122443
          0.872088             0.046         0.0273208        0.00188524
          0.897737             0.572          0.568377        0.00693807
          0.923387             4.078            4.0446         0.0251793
          0.949037            14.816            14.511         0.0602356
          0.974686            32.346           32.6797         0.0972543
           1.00034             53.91            53.234          0.114587
           1.02599            69.418           70.0591          0.101444
           1.05164             80.41           80.4437         0.0909728
           1.07728            83.672           84.2525         0.0910739
           1.10293            83.864            83.266          0.120486
           1.12858            79.104           79.7478         0.0974345
           1.15423             74.62           74.8575          0.105894
           1.17988            69.738           69.5325          0.106199
           1.20553            65.498           64.4966          0.112065
           1.23118            60.854           59.9526          0.105724
           1.25683            56.058           55.9692         0.0947984
           1.28248             52.68           52.5645          0.111149
           1.30813            49.676           49.8613         0.0898555
           1.33378             47.99           47.6583         0.0885074
           1.35943            46.476            45.899           0.08576
           1.38508            45.046           44.6707         0.0855396
           1.41073            44.016           43.8829         0.0778036
           1.43638             43.84           43.3286         0.0922861
           1.46203            42.454           43.1366         0.0915911
           1.48768            42.328           43.4656          0.106437
           1.51333            43.302           44.0288          0.102229
           1.53898             44.11           45.1154         0.0899164
           1.56463            45.158           46.5344         0.0979723
           1.59028            47.406           48.4038          0.087749
           1.61593            50.382           50.6944          0.111274
           1.64158            53.342           53.5987          0.107849
           1.66723            56.946            56.906          0.124584
           1.69288             60.37           60.6117          0.110066
           1.71853            64.774           64.9478          0.115306
           1.74418            69.524           69.8788          0.119242
           1.76983             75.02           75.3249          0.120727
           1.79547            81.492           81.2038          0.114542
           1.82112             86.72            87.456          0.136766
           1.84677            93.686           93.7695          0.166814
           1.87242           101.192           100.453          0.174158
           1.89807            108.93           107.425          0.164819
           1.92372            116.65           114.111          0.163191
           1.94937           122.954           121.007          0.159039
           1.97502            127.16           127.492          0.153665
           2.00067           134.512           133.743          0.149411
           2.02632           140.576           139.131          0.158675
           2.05197           144.686           144.183          0.151642
           2.07762           150.016            147.74          0.147529
           2.10327           150.956           150.699          0.158991
           2.12892            152.23           152.782          0.155966
           2.15457           153.188           153.756          0.195917
           2.18022           154.018           154.285           0.17947
           2.20587           153.918           154.328          0.213684
           2.23152           152.734           153.974          0.187419
           2.25717            151.77           153.281          0.171867
           2.28282           152.316           152.849          0.193738
           2.30847           153.456           152.357          0.183043
           2.33412            151.86            151.87          0.216041
           2.35977           149.658           151.892          0.210129
           2.38542           152.556           152.359          0.201886
           2.41107           153.302           152.805          0.181588
           2.43672           153.312           153.941          0.190187
           2.46237           154.948           155.537          0.207969
           2.48802           154.216            156.24          0.191799
           2.51366           155.098           157.694          0.181993
           2.53931            158.13           161.051          0.182739
                 0                 0                 0                 0
         0.0256496                 0                 0                 0
         0.0512993                 0                 0                 0
         0.0769489                 0                 0                 0
          0.102599                 0                 0                 0
          0.128248                 0                 0                 0
          0.153898                 0                 0                 0
          0.179547                 0                 0                 0
          0.205197                 0                 0                 0
          0.230847                 0                 0                 0
          0.256496                 0                 0                 0
          0.282146                 0                 0                 0
          0.307796                 0                 0                 0
          0.333445                 0                 0                 0
          0.359095                 0                 0                 0
          0.384745                 0                 0                 0
          0.410394                 0                 0                 0
          0.436044                 0                 0                 0
          0.461694                 0                 0                 0
          0.487343                 0                 0                 0
          0.512993                 0                 0                 0
          0.538642                 0                 0                 0
          0.564292                 0                 0                 0
          0.589942                 0                 0                 0
          0.615591                 0                 0                 0
          0.641241                 0                 0                 0
          0.666891                 0                 0                 0
           0.69254                 0                 0                 0
           0.71819                 0                 0                 0
           0.74384                 0                 0                 0
          0.769489                 0                 0                 0
          0.795139                 0                 0                 0
          0.820788                 0                 0                 0
          0.846438                 0       0.000185185       0.000120225
          0.872088             0.014         0.0270741         0.0018664
          0.897737             0.448          0.566148        0.00715876
          0.923387              3.61           4.03656         0.0259674
          0.949037            13.696           14.4959         0.0609817
          0.974686            31.952           32.6662         0.0963823
           1.00034             52.71           53.2243          0.112875
           1.02599            70.082           70.0596         0.0995663
           1.05164             81.06           80.4551         0.0900013
           1.07728            84.026           84.2483         0.0894838
           1.10293            83.512           83.2705          0.118341
           1.12858            80.902           79.7692         0.0979465
           1.15423            75.956           74.8779          0.105869
           1.17988            70.192           69.5447          0.104932
           1.20553            65.274            64.511          0.110911
           1.23118            60.392           59.9607          0.104079
           1.25683            57.134           55.9908         0.0954652
           1.28248            52.318           52.5599          0.109184
           1.30813            50.706           49.8769         0.0895427
           1.33378             47.42           47.6539         0.0869783
           1.35943             46.41           45.9085         0.0846923
           1.38508            44.608           44.6696         0.0839634
           1.41073            44.182           43.8884         0.0765597
           1.43638            42.142           43.3067         0.0931567
           1.46203             42.48           43.1244         0.0906985
           1.48768            42.738           43.4521          0.105316
           1.51333            43.662            44.022          0.100562
           1.53898            44.414           45.1024         0.0891846
           1.56463            46.242            46.529         0.0963075
           1.59028             48.21           48.4003         0.0861974
           1.61593            49.918             50.68          0.110138
           1.64158            53.024           53.5881          0.106375
           1.66723            56.422            56.897          0.122599
           1.69288            60.588           60.6113          0.108029
           1.71853             65.75           64.9627          0.114124
           1.74418            70.848           69.8967          0.118377
           1.76983            75.046           75.3197          0.118602
           1.79547             81.01           81.2002          0.112477
           1.82112              86.3           87.4346          0.135898
           1.84677            92.586           93.7476          0.165159
           1.87242           100.262            100.45          0.170968
           1.89807           107.458           107.426          0.161768
           1.92372           114.888           114.125          0.160803
           1.94937           122.584           121.036          0.158752
           1.97502           128.168           127.505          0.151328
           2.00067           133.016            133.73           0.14725
           2.02632           139.572           139.139          0.155946
           2.05197            142.83           144.158          0.150889
           2.07762            149.16           147.766          0.147122
           2.10327           151.176           150.708          0.156292
           2.12892           153.522           152.795           0.15368
           2.15457           154.654           153.773          0.192993
           2.18022           154.494           154.289          0.176188
           2.20587           154.958            154.34          0.210045
           2.23152           155.018           153.994          0.184943
           2.25717           155.214           153.317          0.172372
           2.28282           153.348           152.858          0.190371
           2.30847           152.144           152.354          0.179696
           2.33412            152.29           151.878           0.21218
           2.35977           151.688           151.888          0.206271
           2.38542           152.846           152.368          0.198349
           2.41107            154.85           152.843          0.182132
           2.43672            154.19           153.946          0.186721
           2.46237           155.578           155.538          0.204119
           2.48802           153.462           156.188          0.195022
           2.51366           156.694           157.675          0.179562
           2.53931           159.524           161.022          0.181528
                 0                 0                 0                 0
         0.0256496                 0                 0                 0
         0.0512993                 0                 0                 0
         0.0769489                 0                 0                 0
          0.102599                 0                 0                 0
          0.128248                 0                 0                 0
          0.153898                 0                 0                 0
          0.179547                 0                 0                 0
          0.205197                 0                 0                 0
          0.230847                 0                 0                 0
          0.256496                 0                 0                 0
          0.282146                 0                 0                 0
          0.307796                 0                 0                 0
          0.333445                 0                 0                 0
          0.359095                 0                 0                 0
          0.384745                 0                 0                 0
          0.410394                 0                 0                 0
          0.436044                 0                 0                 0
          0.461694                 0                 0                 0
          0.487343                 0                 0                 0
          0.512993                 0                 0                 0
          0.538642                 0                 0                 0
          0.564292                 0                 0                 0
          0.589942                 0                 0                 0
          0.615591                 0                 0                 0
          0.641241                 0                 0                 0
          0.666891                 0                 0                 0
           0.69254                 0                 0                 0
           0.71819                 0                 0                 0
           0.74384                 0                 0                 0
          0.769489                 0                 0                 0
          0.795139                 0                 0                 0
          0.820788                 0                 0                 0
          0.846438                 0       0.000181818       0.000118086
          0.872088             0.028         0.0270909        0.00183254
          0.897737             0.574          0.566291        0.00703003
          0.923387             4.284           4.04105         0.0258821
          0.949037            15.294           14.5104         0.0615751
          0.974686            33.574           32.6827         0.0960329
           1.00034            54.442           53.2465          0.112973
           1.02599            70.568           70.0688         0.0981843
           1.05164             80.48           80.4555         0.0883661
           1.07728            83.286           84.2308         0.0895509
           1.10293            83.312           83.2713          0.116191
           1.12858            78.236           79.7413          0.100054
           1.15423            73.626           74.8551          0.106363
           1.17988            67.562           69.5087          0.109041
           1.20553            65.552           64.5299          0.110497
           1.23118            59.574           59.9537          0.102424
           1.25683            56.022           55.9914         0.0937311
           1.28248            53.034           52.5685          0.107538
           1.30813            49.756           49.8747         0.0879417
           1.33378             47.59           47.6527         0.0854046
           1.35943            44.606           45.8848         0.0863999
           1.38508            44.726           44.6706         0.0824431
           1.41073            43.424             43.88         0.0756319
           1.43638            43.544            43.311         0.0915628
           1.46203            43.612           43.1333         0.0894816
           1.48768            43.306           43.4495          0.103434
           1.51333            43.826           44.0185         0.0987963
           1.53898            45.024            45.101         0.0875745
           1.56463            47.366           46.5442         0.0957514
           1.59028            49.164           48.4141         0.0857414
           1.61593            52.016           50.7043          0.110782
           1.64158            54.488           53.6044          0.105692
           1.66723            58.192           56.9206           0.12261
           1.69288            61.872           60.6342          0.108469
           1.71853             66.16           64.9844          0.114106
           1.74418            69.234           69.8847          0.116836
           1.76983            74.384           75.3027           0.11766
           1.79547             80.54           81.1882           0.11107
           1.82112            86.578           87.4191          0.134317
           1.84677            93.308           93.7396          0.162349
           1.87242            98.952           100.423          0.170015
           1.89807           108.466           107.445          0.159929
           1.92372           113.128           114.107          0.158898
           1.94937           121.828           121.051          0.156517
           1.97502            126.77           127.491          0.149165
           2.00067            132.75           133.712          0.145646
           2.02632           138.262           139.123          0.153925
           2.05197           143.232           144.141          0.149081
           2.07762           148.188           147.774          0.144647
           2.10327           152.418           150.739          0.156512
           2.12892           151.926            152.78          0.151696
           2.15457           153.654           153.771          0.189496
           2.18022           154.584           154.294          0.173067
           2.20587           155.502           154.361          0.207286
           2.23152           155.452            154.02          0.183471
           2.25717           154.246           153.333          0.170065
           2.28282           154.118           152.881          0.188283
           2.30847           153.274            152.37          0.177206
           2.33412           152.326           151.886          0.208478
           2.35977           152.284           151.895          0.202647
           2.38542           150.818            152.34          0.196735
           2.41107           151.252           152.814          0.181102
           2.43672           152.364           153.917          0.185527
           2.46237            153.98            155.51          0.202364
           2.48802            153.76           156.144           0.19641
           2.51366           156.348           157.651          0.177911
           2.53931             159.3           160.991          0.180909
                 0                 0                 0                 0
         0.0256496                 0                 0                 0
         0.0512993                 0                 0                 0
         0.0769489                 0                 0                 0
          0.102599                 0                 0                 0
          0.128248                 0                 0                 0
          0.153898                 0                 0                 0
          0.179547                 0                 0                 0
          0.205197                 0                 0                 0
          0.230847                 0                 0                 0
          0.256496                 0                 0                 0
          0.282146                 0                 0                 0
          0.307796                 0                 0                 0
          0.333445                 0                 0                 0
          0.359095                 0                 0                 0
          0.384745                 0                 0                 0
          0.410394                 0                 0                 0
          0.436044                 0                 0                 0
          0.461694                 0                 0                 0
          0.487343                 0                 0                 0
          0.512993                 0                 0                 0
          0.538642                 0                 0                 0
          0.564292                 0                 0                 0
          0.589942                 0                 0                 0
          0.615591                 0                 0                 0
          0.641241                 0                 0                 0
          0.666891                 0                 0                 0
           0.69254                 0                 0                 0
           0.71819                 0                 0                 0
           0.74384                 0                 0                 0
          0.769489                 0                 0                 0
          0.795139                 0                 0                 0
          0.820788                 0                 0                 0
          0.846438                 0       0.000178571       0.000116022
          0.872088              0.03         0.0271429        0.00180055
          0.897737             0.586          0.566643        0.00691329
          0.923387             4.056           4.04132         0.0254213
          0.949037            14.422           14.5089         0.0604958
          0.974686            33.144           32.6909         0.0946706
           1.00034            53.724            53.255          0.111277
           1.02599             70.41           70.0749         0.0966198
           1.05164            80.766           80.4611         0.0869618
           1.07728             85.04           84.2452         0.0891101
           1.10293            83.068           83.2676          0.114173
           1.12858            80.728           79.7589         0.0998065
           1.15423            73.904           74.8381          0.105811
           1.17988            68.376           69.4885          0.108954
           1.20553            63.676           64.5146          0.109571
           1.23118            59.086           59.9382           0.10176
           1.25683            54.654           55.9675         0.0950511
           1.28248            51.476            52.549          0.107373
           1.30813            49.558           49.8691          0.086553
           1.33378             47.04           47.6418         0.0845774
           1.35943            45.808           45.8834         0.0848679
           1.38508            44.906           44.6748          0.081078
           1.41073            44.024           43.8825         0.0743251
           1.43638            43.354           43.3118          0.089931
           1.46203            43.822           43.1456         0.0887248
           1.48768            43.336           43.4475          0.101607
           1.51333            45.082           44.0375         0.0988406
           1.53898            45.172           45.1023         0.0860198
           1.56463            46.914           46.5508          0.094269
           1.59028            48.558           48.4167         0.0842488
           1.61593            50.894           50.7077          0.108856
           1.64158            54.128           53.6138          0.104217
           1.66723            58.086           56.9414          0.122174
           1.69288            61.412           60.6481          0.107418
           1.71853            65.888           65.0006          0.113204
           1.74418             70.06           69.8878          0.114792
           1.76983             77.05           75.3339          0.119624
           1.79547            82.404           81.2099          0.111189
           1.82112            87.992           87.4293          0.132307
           1.84677             93.06           93.7274          0.159903
           1.87242            102.15           100.453          0.169754
           1.89807           108.854            107.47          0.159041
           1.92372           115.628           114.134          0.158365
           1.94937           121.884           121.066          0.154428
           1.97502           127.432            127.49          0.146506
           2.00067           132.656           133.693          0.144261
           2.02632           140.044            139.14          0.152051
           2.05197           143.522            144.13          0.146828
           2.07762           147.672           147.772          0.142076
           2.10327           149.252           150.713          0.155954
           2.12892           151.332           152.754          0.151173
           2.15457           151.784           153.735          0.189404
           2.18022           151.398           154.242          0.177535
           2.20587           152.424           154.327           0.20645
           2.23152           153.346           154.008          0.180589
           2.25717            152.33           153.316          0.167969
           2.28282             149.5            152.82          0.194359
           2.30847           150.922           152.344          0.175919
           2.33412           150.948           151.869          0.205427
           2.35977           150.038           151.862          0.201724
           2.38542           150.038           152.299           0.19747
           2.41107           151.424           152.789          0.179561
           2.43672           153.594           153.911          0.182304
           2.46237           155.688           155.513          0.198775
           2.48802           157.534           156.169          0.194465
           2.51366           158.438           157.665          0.175288
           2.53931           161.654           161.003          0.178065
                 0                 0                 0                 0
         0.0256496                 0                 0                 0
         0.0512993                 0                 0                 0
         0.0769489                 0                 0                 0
          0.102599                 0                 0                 0
          0.128248                 0                 0                 0
          0.153898                 0                 0                 0
          0.179547                 0                 0                 0
          0.205197                 0                 0                 0
          0.230847                 0                 0                 0
          0.256496                 0                 0                 0
          0.282146                 0                 0                 0
          0.307796                 0                 0                 0
          0.333445                 0                 0                 0
          0.359095                 0                 0                 0
          0.384745                 0                 0                 0
          0.410394                 0                 0                 0
          0.436044                 0                 0                 0
          0.461694                 0                 0                 0
          0.487343                 0                 0                 0
          0.512993                 0                 0                 0
          0.538642                 0                 0                 0
          0.564292                 0                 0                 0
          0.589942                 0                 0                 0
          0.615591                 0                 0                 0
          0.641241                 0                 0                 0
          0.666891                 0                 0                 0
           0.69254                 0                 0                 0
           0.71819                 0                 0                 0
           0.74384                 0                 0                 0
          0.769489                 0                 0                 0
          0.795139                 0                 0                 0
          0.820788                 0                 0                 0
          0.846438                 0       0.000175439       0.000114029
          0.872088             0.024         0.0270877        0.00176981
          0.897737             0.572          0.566737        0.00679265
          0.923387             4.414           4.04786         0.0258024
          0.949037            15.624           14.5284         0.0625179
          0.974686            33.452           32.7043         0.0939466
           1.00034            54.204           53.2716          0.110563
           1.02599            70.866           70.0888         0.0959164
           1.05164            79.724           80.4481         0.0863923
           1.07728            84.178            84.244         0.0875545
           1.10293            82.428           83.2529          0.113116
           1.12858            79.122           79.7478         0.0986791
           1.15423            74.506           74.8323          0.104115
           1.17988            69.156           69.4826          0.107199
           1.20553            63.712           64.5006           0.10855
           1.23118            59.834           59.9364         0.0999911
           1.25683            55.118           55.9526         0.0945447
           1.28248            52.528           52.5486           0.10549
           1.30813            50.064           49.8725          0.085102
           1.33378            47.704           47.6428         0.0831007
           1.35943            45.868           45.8832         0.0833795
           1.38508             44.19           44.6663         0.0801004
           1.41073            43.382           43.8738         0.0735381
           1.43638            42.974           43.3058         0.0885482
           1.46203            43.274           43.1479         0.0871968
           1.48768            41.986           43.4218          0.103009
           1.51333            43.012           44.0195         0.0987302
           1.53898             45.38           45.1072         0.0846486
           1.56463            47.288           46.5637         0.0934982
           1.59028            48.156           48.4121         0.0828948
           1.61593            51.542           50.7224          0.107925
           1.64158            54.008           53.6207          0.102618
           1.66723            58.578           56.9701          0.123358
           1.69288            61.758           60.6675          0.107284
           1.71853             66.46           65.0262          0.114076
           1.74418            70.664           69.9014          0.113582
           1.76983            75.798           75.3421          0.117802
           1.79547             81.25           81.2106           0.10924
           1.82112            88.788           87.4531          0.132116
           1.84677            94.512           93.7412          0.157689
           1.87242           101.506           100.472          0.167778
           1.89807           106.688           107.456          0.156841
           1.92372           114.522           114.141          0.155732
           1.94937           122.076           121.083          0.152732
           1.97502            126.77           127.478          0.144479
           2.00067           133.738           133.694          0.141732
           2.02632           139.028           139.138          0.149396
           2.05197           142.994            144.11          0.145598
           2.07762            148.31           147.781          0.139897
           2.10327           149.388           150.689          0.154939
           2.12892           152.672           152.752          0.148528
           2.15457           152.764           153.718          0.186846
           2.18022           152.186           154.206          0.178048
           2.20587           153.756           154.317          0.203071
           2.23152           154.412           154.015           0.17756
           2.25717           153.612           153.321          0.165103
           2.28282            153.39            152.83          0.191206
           2.30847           151.702           152.333          0.173193
           2.33412           151.234           151.858          0.202125
           2.35977            150.41           151.837          0.199787
           2.38542           151.254           152.281          0.194855
           2.41107           152.836            152.79          0.176413
           2.43672           154.464           153.921          0.179363
           2.46237           155.562           155.514           0.19529
           2.48802           155.812           156.163          0.191154
           2.51366           155.836           157.633          0.175125
           2.53931            160.54           160.995          0.175126
                 0                 0                 0                 0
         0.0256496                 0                 0                 0
         0.0512993                 0                 0                 0
         0.0769489                 0                 0                 0
          0.102599                 0                 0                 0
          0.128248                 0                 0                 0
          0.153898                 0                 0                 0
          0.179547                 0                 0                 0
          0.205197                 0                 0                 0
          0.230847                 0                 0                 0
          0.256496                 0                 0                 0
          0.282146                 0                 0                 0
          0.307796                 0                 0                 0
          0.333445                 0                 0                 0
          0.359095                 0                 0                 0
          0.384745                 0                 0                 0
          0.410394                 0                 0                 0
          0.436044                 0                 0                 0
          0.461694                 0                 0                 0
          0.487343                 0                 0                 0
          0.512993                 0                 0                 0
          0.538642                 0                 0                 0
          0.564292                 0                 0                 0
          0.589942                 0                 0                 0
          0.615591                 0                 0                 0
          0.641241                 0                 0                 0
          0.666891                 0                 0                 0
           0.69254                 0                 0                 0
           0.71819                 0                 0                 0
           0.74384                 0                 0                 0
          0.769489                 0                 0                 0
          0.795139                 0                 0                 0
          0.820788                 0                 0                 0
          0.846438                 0       0.000172414       0.000112103
          0.872088             0.018          0.026931        0.00174621
          0.897737             0.512          0.565793        0.00674077
          0.923387             3.932           4.04586         0.0254347
          0.949037            14.978           14.5362         0.0619187
          0.974686            32.878           32.7073         0.0923746
           1.00034             52.65           53.2609          0.109175
           1.02599            70.306           70.0925         0.0943358
           1.05164             80.08           80.4418         0.0851356
           1.07728            83.546            84.232         0.0868682
           1.10293            83.456           83.2564           0.11122
           1.12858            78.914           79.7334         0.0980192
           1.15423            76.014           74.8527          0.104294
           1.17988            70.398           69.4984          0.106506
           1.20553            64.736           64.5046          0.106754
           1.23118            60.014           59.9377          0.098276
           1.25683             55.92            55.952         0.0929163
           1.28248            52.714           52.5515           0.10371
           1.30813            48.922           49.8561          0.085198
           1.33378             47.55           47.6412         0.0816833
           1.35943             44.69           45.8626         0.0844415
           1.38508            44.144           44.6573         0.0792239
           1.41073            43.964           43.8753         0.0722866
           1.43638            43.266           43.3051         0.0870242
           1.46203            42.366           43.1344         0.0867292
           1.48768            43.726           43.4271          0.101366
           1.51333            44.442           44.0268         0.0972964
           1.53898            45.504            45.114         0.0834652
           1.56463            46.846           46.5686         0.0920127
           1.59028            49.812           48.4363         0.0849065
           1.61593             50.76            50.723          0.106066
           1.64158            54.508            53.636          0.101983
           1.66723            56.104           56.9552          0.122132
           1.69288            61.684           60.6851          0.106856
           1.71853            65.544           65.0351          0.112458
           1.74418            70.652           69.9144          0.112359
           1.76983             75.68           75.3479          0.115915
           1.79547             80.08           81.1911          0.109082
           1.82112            87.286           87.4502           0.12987
           1.84677            93.192           93.7317          0.155254
           1.87242             99.88           100.462          0.165195
           1.89807           106.258           107.435          0.155491
           1.92372           113.802           114.135          0.153157
           1.94937           119.444           121.055          0.152692
           1.97502           127.624            127.48           0.14201
           2.00067           134.152           133.702          0.139509
           2.02632           139.274            139.14          0.146839
           2.05197           142.982            144.09          0.144381
           2.07762            146.67           147.762          0.138791
           2.10327           150.264           150.682          0.152441
           2.12892            153.31           152.762          0.146278
           2.15457            154.35           153.729          0.183942
           2.18022           155.152           154.223          0.175723
           2.20587           154.942           154.327          0.199856
           2.23152           155.698           154.044          0.176853
           2.25717            154.74           153.345          0.164059
           2.28282           153.588           152.844          0.188355
           2.30847           154.772           152.375          0.175237
           2.33412            152.12           151.863          0.198691
           2.35977           152.648           151.851          0.196831
           2.38542           151.304           152.264          0.192222
           2.41107           152.914           152.792          0.173384
           2.43672           152.608           153.898          0.177694
           2.46237           154.624           155.498          0.192524
           2.48802           154.006           156.125           0.19144
           2.51366            155.94           157.604          0.174521
           2.53931           159.678           160.972          0.173572
                 0                 0                 0                 0
         0.0256496                 0                 0                 0
         0.0512993                 0                 0                 0
         0.0769489                 0                 0                 0
          0.102599                 0                 0                 0
          0.128248                 0                 0                 0
          0.153898                 0                 0                 0
          0.179547                 0                 0                 0
          0.205197                 0                 0                 0
          0.230847                 0                 0                 0
          0.256496                 0                 0                 0
          0.282146                 0                 0                 0
          0.307796                 0                 0                 0
          0.333445                 0                 0                 0
          0.359095                 0                 0                 0
          0.384745                 0                 0                 0
          0.410394                 0                 0                 0
          0.436044                 0                 0                 0
          0.461694                 0                 0                 0
          0.487343                 0                 0                 0
          0.512993                 0                 0                 0
          0.538642                 0                 0                 0
          0.564292                 0                 0                 0
          0.589942                 0                 0                 0
          0.615591                 0                 0                 0
          0.641241                 0                 0                 0
          0.666891                 0                 0                 0
           0.69254                 0                 0                 0
           0.71819                 0                 0                 0
           0.74384                 0                 0                 0
          0.769489                 0                 0                 0
          0.795139                 0                 0                 0
          0.820788                 0                 0                 0
          0.846438                 0       0.000169492       0.000110241
          0.872088             0.022         0.0268475        0.00171862
          0.897737              0.62          0.566712        0.00668884
          0.923387             3.836           4.04231         0.0252511
          0.949037            13.878            14.525          0.061866
          0.974686            32.156           32.6979         0.0912802
           1.00034            52.476           53.2476          0.108132
           1.02599            69.874           70.0888         0.0928095
           1.05164            80.438           80.4417         0.0836926
           1.07728            84.136           84.2304         0.0854111
           1.10293            82.942           83.2511          0.109463
           1.12858            80.968           79.7543         0.0985662
           1.15423             75.23           74.8591          0.102722
           1.17988            70.498           69.5154           0.10604
           1.20553             64.59           64.5061          0.104955
           1.23118            60.466           59.9467         0.0970174
           1.25683            56.598            55.963         0.0919843
           1.28248            52.354           52.5481          0.102006
           1.30813              50.1           49.8602         0.0838542
           1.33378            47.422           47.6375         0.0803833
           1.35943            46.592           45.8749         0.0839105
           1.38508            44.532           44.6552         0.0779096
           1.41073            43.778           43.8737         0.0710802
           1.43638            43.288           43.3048         0.0855497
           1.46203            42.708           43.1272         0.0855597
           1.48768            43.546           43.4291         0.0996682
           1.51333            44.108           44.0281          0.095657
           1.53898            44.898           45.1103         0.0821307
           1.56463            45.856           46.5565         0.0912424
           1.59028            47.222           48.4157         0.0859256
           1.61593            49.752           50.7065          0.105538
           1.64158            52.624           53.6188          0.101687
           1.66723            55.252           56.9263          0.123426
           1.69288            60.904           60.6888          0.105109
           1.71853             64.81           65.0313          0.110617
           1.74418            69.886           69.9139          0.110456
           1.76983            75.096           75.3436          0.114029
           1.79547            82.334           81.2105           0.10894
           1.82112            88.288           87.4644          0.128442
           1.84677            94.316           93.7416          0.152938
           1.87242           101.778           100.484          0.163895
           1.89807            108.32            107.45          0.153577
           1.92372           114.344           114.139          0.150602
           1.94937           121.844           121.068          0.150688
           1.97502           129.202           127.509           0.14257
           2.00067           133.826           133.704           0.13716
           2.02632            139.08           139.139          0.144354
           2.05197           144.732           144.101          0.142343
           2.07762           146.854           147.747          0.137289
           2.10327           152.258           150.709           0.15218
           2.12892           152.458           152.757           0.14389
           2.15457           154.978            153.75          0.182038
           2.18022            155.47           154.244          0.174012
           2.20587           155.422           154.346          0.197328
           2.23152           155.728           154.073          0.176144
           2.25717            152.98           153.339          0.161395
           2.28282           152.424           152.836          0.185296
           2.30847           150.122           152.337           0.17638
           2.33412           150.214           151.835          0.197278
           2.35977           150.774           151.832          0.194339
           2.38542            151.02           152.243          0.190116
           2.41107           149.644           152.739          0.178466
           2.43672           151.916           153.865           0.17783
           2.46237           153.396           155.463          0.192531
           2.48802           154.348           156.095          0.190551
           2.51366           155.428           157.567          0.175416
           2.53931            159.06            160.94          0.173629
                 0                 0                 0                 0
         0.0256496                 0                 0                 0
         0.0512993                 0                 0                 0
         0.0769489                 0                 0                 0
          0.102599                 0                 0                 0
          0.128248                 0                 0                 0
          0.153898                 0                 0                 0
          0.179547                 0                 0                 0
          0.205197                 0                 0                 0
          0.230847                 0                 0                 0
          0.256496                 0                 0                 0
          0.282146                 0                 0                 0
          0.307796                 0                 0                 0
          0.333445                 0                 0                 0
          0.359095                 0                 0                 0
          0.384745                 0                 0                 0
          0.410394                 0                 0                 0
          0.436044                 0                 0                 0
          0.461694                 0                 0                 0
          0.487343                 0                 0                 0
          0.512993                 0                 0                 0
          0.538642                 0                 0                 0
          0.564292                 0                 0                 0
          0.589942                 0                 0                 0
          0.615591                 0                 0                 0
          0.641241                 0                 0                 0
          0.666891                 0                 0                 0
           0.69254                 0                 0                 0
           0.71819                 0                 0                 0
           0.74384                 0                 0                 0
          0.769489                 0                 0                 0
          0.795139                 0                 0                 0
          0.820788                 0                 0                 0
          0.846438             0.002            0.0002       0.000112546
          0.872088              0.02         0.0267333        0.00169376
          0.897737             0.572            0.5668        0.00657794
          0.923387             4.248           4.04573         0.0250619
          0.949037            14.682           14.5276         0.0608902
          0.974686            33.114           32.7049         0.0900219
           1.00034             53.42           53.2505          0.106368
           1.02599             70.21           70.0908         0.0912847
           1.05164            80.186           80.4375         0.0824062
           1.07728            82.542           84.2022         0.0885017
           1.10293            82.224            83.234          0.108969
           1.12858            80.282           79.7631          0.097315
           1.15423            75.652           74.8723          0.101857
           1.17988            68.858           69.5044          0.104837
           1.20553            64.464           64.5054          0.103208
           1.23118            60.292           59.9524          0.095571
           1.25683             55.37           55.9531         0.0909806
           1.28248            52.806           52.5524          0.100396
           1.30813            49.738           49.8582         0.0824814
           1.33378             47.95           47.6427         0.0792121
           1.35943            45.696            45.872         0.0825649
           1.38508            44.732           44.6564         0.0766216
           1.41073             44.47           43.8836          0.070587
           1.43638            43.866           43.3142         0.0846335
           1.46203            43.744           43.1374         0.0847491
           1.48768            43.678           43.4332         0.0980933
           1.51333            45.606           44.0544         0.0976107
           1.53898            45.464           45.1162         0.0809731
           1.56463            46.594           46.5571         0.0897239
           1.59028            47.928           48.4076         0.0848771
           1.61593            50.804           50.7082          0.103791
           1.64158            53.652           53.6194         0.0999933
           1.66723            56.312           56.9161          0.121793
           1.69288            62.018           60.7109          0.105666
           1.71853            64.482           65.0221          0.109152
           1.74418            70.078           69.9166          0.108649
           1.76983            75.738           75.3502          0.112318
           1.79547            79.496           81.1819          0.110808
           1.82112            86.302           87.4451          0.127754
           1.84677            92.738           93.7249          0.151301
           1.87242            99.932           100.475          0.161421
           1.89807            106.59           107.436          0.151685
           1.92372           114.692           114.148          0.148374
           1.94937           122.166           121.087          0.149283
           1.97502            128.24           127.522          0.140713
           2.00067            134.92           133.724          0.136363
           2.02632           139.476           139.145          0.142057
           2.05197           144.366           144.106          0.140039
           2.07762           148.322           147.756          0.135335
           2.10327           151.556           150.723          0.150297
           2.12892           154.478           152.785          0.144323
           2.15457           153.384           153.744          0.179106
           2.18022           154.714           154.251          0.171288
           2.20587           154.362           154.346          0.194039
           2.23152            151.93           154.037          0.176791
           2.25717           151.386           153.306          0.161955
           2.28282            151.44           152.813          0.183664
           2.30847           151.482           152.323          0.174015
           2.33412           151.088           151.822          0.194383
           2.35977           151.414           151.825          0.191225
           2.38542           150.136           152.208          0.190162
           2.41107           151.052           152.711          0.177692
           2.43672           152.114           153.835          0.177243
           2.46237           156.272           155.476          0.189794
           2.48802           157.744           156.123          0.189346
           2.51366           158.044           157.575          0.172673
           2.53931           161.044           160.941          0.170744
                 0                 0                 0                 0
         0.0256496                 0                 0                 0
         0.0512993                 0                 0                 0
         0.0769489                 0                 0                 0
          0.102599                 0                 0                 0
          0.128248                 0                 0                 0
          0.153898                 0                 0                 0
          0.179547                 0                 0                 0
          0.205197                 0                 0                 0
          0.230847                 0                 0                 0
          0.256496                 0                 0                 0
          0.282146                 0                 0                 0
          0.307796                 0                 0                 0
          0.333445                 0                 0                 0
          0.359095                 0                 0                 0
          0.384745                 0                 0                 0
          0.410394                 0                 0                 0
          0.436044                 0                 0                 0
          0.461694                 0                 0                 0
          0.487343                 0                 0                 0
          0.512993                 0                 0                 0
          0.538642                 0                 0                 0
          0.564292                 0                 0                 0
          0.589942                 0                 0                 0
          0.615591                 0                 0                 0
          0.641241                 0                 0                 0
          0.666891                 0                 0                 0
           0.69254                 0                 0                 0
           0.71819                 0                 0                 0
           0.74384                 0                 0                 0
          0.769489                 0                 0                 0
          0.795139                 0                 0                 0
          0.820788                 0                 0                 0
          0.846438                 0       0.000196721       0.000110749
          0.872088             0.022         0.0266557        0.00166777
          0.897737             0.444          0.564787        0.00677115
          0.923387             3.812            4.0419         0.0249422
          0.949037            13.944           14.5181          0.060639
          0.974686            31.894           32.6916         0.0895222
           1.00034            51.912           53.2286          0.106864
           1.02599            70.292           70.0941         0.0898478
           1.05164             79.91           80.4288         0.0815077
           1.07728            85.416           84.2221         0.0892596
           1.10293            83.164           83.2328          0.107188
           1.12858            81.896           79.7981          0.101808
           1.15423             76.28           74.8953          0.102768
           1.17988             70.11           69.5143          0.103587
           1.20553              65.2           64.5168          0.102142
           1.23118            61.274           59.9741         0.0964286
           1.25683            57.114           55.9721         0.0914579
           1.28248            53.908           52.5747           0.10118
           1.30813            50.656           49.8713         0.0821596
           1.33378            47.266           47.6366          0.078154
           1.35943            46.168           45.8768         0.0813539
           1.38508             44.37           44.6517         0.0755093
           1.41073            43.034           43.8697         0.0707906
           1.43638            42.132           43.2948         0.0854362
           1.46203            42.676           43.1299         0.0836967
           1.48768            42.976           43.4257         0.0967712
           1.51333              42.6           44.0306         0.0988797
           1.53898              43.8           45.0947         0.0824706
           1.56463             45.31           46.5367         0.0905523
           1.59028             47.17           48.3873         0.0858761
           1.61593            48.342           50.6694          0.109098
           1.64158            51.472           53.5842          0.104367
           1.66723            55.694            56.896          0.121433
           1.69288             60.05           60.7001          0.104488
           1.71853             64.93           65.0206          0.107373
           1.74418            69.196           69.9048          0.107508
           1.76983            76.066           75.3619          0.111088
           1.79547            82.832            81.209          0.112245
           1.82112            88.274           87.4587          0.126381
           1.84677            95.572           93.7552          0.151821
           1.87242           101.728           100.495          0.160077
           1.89807           109.144           107.464          0.151761
           1.92372            115.88           114.176          0.148634
           1.94937           121.914             121.1           0.14745
           1.97502           129.352           127.552           0.14157
           2.00067           134.946           133.744           0.13559
           2.02632           139.484            139.15          0.139837
           2.05197           144.292           144.109          0.137776
           2.07762           147.242           147.748          0.133379
           2.10327           151.678           150.738          0.148647
           2.12892           151.022           152.756          0.144823
           2.15457           154.374           153.754          0.176467
           2.18022            155.52           154.272          0.169738
           2.20587           153.936           154.339          0.190975
           2.23152           154.984           154.052          0.174573
           2.25717            154.06           153.319           0.15977
           2.28282           153.142           152.819          0.180732
           2.30847           152.892           152.332          0.171412
           2.33412           151.672            151.82          0.191212
           2.35977            151.88           151.826          0.188093
           2.38542           151.682           152.199           0.18724
           2.41107           152.506           152.707           0.17481
           2.43672           152.576           153.815          0.175536
           2.46237           155.062           155.469          0.186804
           2.48802           155.938            156.12          0.186266
           2.51366           156.514           157.557          0.170716
           2.53931           160.306           160.931          0.168263
                 0                 0                 0                 0
         0.0256496                 0                 0                 0
         0.0512993                 0                 0                 0
         0.0769489                 0                 0                 0
          0.102599                 0                 0                 0
          0.128248                 0                 0                 0
          0.153898                 0                 0                 0
          0.179547                 0                 0                 0
          0.205197                 0                 0                 0
          0.230847                 0                 0                 0
          0.256496                 0                 0                 0
          0.282146                 0                 0                 0
          0.307796                 0                 0                 0
          0.333445                 0                 0                 0
          0.359095                 0                 0                 0
          0.384745                 0                 0                 0
          0.410394                 0                 0                 0
          0.436044                 0                 0                 0
          0.461694                 0                 0                 0
          0.487343                 0                 0                 0
          0.512993                 0                 0                 0
          0.538642                 0                 0                 0
          0.564292                 0                 0                 0
          0.589942                 0                 0                 0
          0.615591                 0                 0                 0
          0.641241                 0                 0                 0
          0.666891                 0                 0                 0
           0.69254                 0                 0                 0
           0.71819                 0                 0                 0
           0.74384                 0                 0                 0
          0.769489                 0                 0                 0
          0.795139                 0                 0                 0
          0.820788                 0                 0                 0
          0.846438                 0       0.000193548       0.000109008
          0.872088             0.032         0.0267419        0.00164309
          0.897737             0.434          0.562677         0.0069828
          0.923387             3.694           4.03629         0.0251632
          0.949037              14.6           14.5194         0.0596754
          0.974686            33.752           32.7087         0.0896973
           1.00034            53.698           53.2361          0.105408
           1.02599             70.34           70.0981         0.0884861
           1.05164            81.304           80.4429         0.0814062
           1.07728             84.05           84.2194         0.0878631
           1.10293             82.99           83.2289          0.105531
           1.12858            79.376           79.7913          0.100393
           1.15423            74.626            74.891          0.101202
           1.17988            69.676           69.5169          0.101949
           1.20553            64.412           64.5151          0.100509
           1.23118            59.988           59.9743         0.0948736
           1.25683             55.64           55.9668         0.0901395
           1.28248            51.814           52.5624          0.100289
           1.30813            49.314           49.8623         0.0813246
           1.33378            47.152           47.6287         0.0772832
           1.35943             45.14           45.8649         0.0809051
           1.38508            44.028           44.6417         0.0749586
           1.41073             42.58           43.8489         0.0726407
           1.43638             42.91           43.2886         0.0842834
           1.46203            41.514           43.1038         0.0863092
           1.48768             42.72           43.4144         0.0958775
           1.51333            44.014           44.0303         0.0972852
           1.53898            44.968           45.0926         0.0811657
           1.56463            46.728           46.5398         0.0891444
           1.59028            49.034           48.3977         0.0851222
           1.61593            51.224           50.6783          0.107704
           1.64158            53.818            53.588          0.102752
           1.66723            57.228           56.9014          0.119592
           1.69288            62.046           60.7218          0.105033
           1.71853             65.96           65.0358          0.106704
           1.74418            72.284           69.9432          0.112414
           1.76983            77.134           75.3905          0.112913
           1.79547            81.534           81.2142          0.110557
           1.82112             88.24           87.4713          0.124969
           1.84677            94.568           93.7683          0.149937
           1.87242           101.246           100.507          0.157952
           1.89807           107.128           107.459           0.14941
           1.92372           115.722           114.201          0.148313
           1.94937           120.992           121.099          0.145083
           1.97502           128.908           127.573          0.140967
           2.00067           135.306           133.769          0.135723
           2.02632            140.46           139.172          0.139167
           2.05197           143.822           144.104          0.135632
           2.07762           147.648           147.746          0.131237
           2.10327           149.562            150.72          0.147456
           2.12892           151.504           152.736          0.143889
           2.15457           152.772           153.739          0.174331
           2.18022           150.956           154.219          0.175225
           2.20587           152.218           154.305          0.190935
           2.23152           152.172           154.022          0.174372
           2.25717           152.524           153.306          0.157707
           2.28282           150.098           152.775          0.183066
           2.30847           151.044           152.311          0.169901
           2.33412           149.916           151.789          0.190577
           2.35977           149.436           151.788          0.188969
           2.38542           153.194           152.215          0.184906
           2.41107           152.906            152.71           0.17202
           2.43672           152.632           153.796          0.173739
           2.46237           156.854           155.492          0.185121
           2.48802           156.878           156.132          0.183663
           2.51366           158.436           157.572          0.168549
           2.53931           163.222           160.968          0.169558
                 0                 0                 0                 0
         0.0256496                 0                 0                 0
         0.0512993                 0                 0                 0
         0.0769489                 0                 0                 0
          0.102599                 0                 0                 0
          0.128248                 0                 0                 0
          0.153898                 0                 0                 0
          0.179547                 0                 0                 0
          0.205197                 0                 0                 0
          0.230847                 0                 0                 0
          0.256496                 0                 0                 0
          0.282146                 0                 0                 0
          0.307796                 0                 0                 0
          0.333445                 0                 0                 0
          0.359095                 0                 0                 0
          0.384745                 0                 0                 0
          0.410394                 0                 0                 0
          0.436044                 0                 0                 0
          0.461694                 0                 0                 0
          0.487343                 0                 0                 0
          0.512993                 0                 0                 0
          0.538642                 0                 0                 0
          0.564292                 0                 0                 0
          0.589942                 0                 0                 0
          0.615591                 0                 0                 0
          0.641241                 0                 0                 0
          0.666891                 0                 0                 0
           0.69254                 0                 0                 0
           0.71819                 0                 0                 0
           0.74384                 0                 0                 0
          0.769489                 0                 0                 0
          0.795139                 0                 0                 0
          0.820788                 0                 0                 0
          0.846438                 0       0.000190476       0.000107321
          0.872088             0.024         0.0266984        0.00161759
          0.897737              0.59          0.563111        0.00688542
          0.923387             3.942           4.03479         0.0248083
          0.949037            13.692           14.5063         0.0601559
          0.974686             31.97            32.697         0.0890366
           1.00034              52.4           53.2229          0.104567
           1.02599            69.102           70.0823         0.0884828
           1.05164            79.462           80.4274         0.0815895
           1.07728            84.002           84.2159         0.0865362
           1.10293            83.806           83.2381          0.104253
           1.12858             80.08           79.7958          0.098904
           1.15423            75.366           74.8985         0.0998764
           1.17988            70.916           69.5391          0.102721
           1.20553            65.108           64.5245          0.099353
           1.23118                61           59.9906         0.0947542
           1.25683            56.964           55.9826         0.0900878
           1.28248            53.664           52.5799           0.10021
           1.30813            50.084           49.8658         0.0801099
           1.33378            48.862           47.6483         0.0784966
           1.35943              46.3           45.8718         0.0799151
           1.38508            44.616           44.6413         0.0737698
           1.41073            44.232            43.855         0.0717418
           1.43638            43.112           43.2858         0.0829922
           1.46203            43.586           43.1115          0.085278
           1.48768              42.9           43.4062         0.0947026
           1.51333            43.806           44.0268         0.0958062
           1.53898            44.708           45.0865         0.0801066
           1.56463            46.206           46.5345         0.0878867
           1.59028            47.484           48.3832         0.0849976
           1.61593            50.382           50.6736          0.106097
           1.64158            52.506           53.5708          0.102546
           1.66723             55.27           56.8755          0.120465
           1.69288            60.342           60.7158          0.103539
           1.71853            64.352           65.0249          0.105561
           1.74418            68.272           69.9167          0.113716
           1.76983            74.566           75.3774          0.111877
           1.79547            80.392           81.2012           0.10957
           1.82112            86.858           87.4615          0.123364
           1.84677             92.91           93.7547          0.148175
           1.87242            99.708           100.495          0.155954
           1.89807           106.856           107.449          0.147344
           1.92372           113.414           114.189          0.146484
           1.94937           121.404           121.103          0.142861
           1.97502           126.814           127.561          0.139244
           2.00067           134.112           133.775          0.133678
           2.02632           139.984           139.184          0.137555
           2.05197           144.286           144.107          0.133509
           2.07762           148.228           147.754          0.129377
           2.10327           152.326           150.745          0.147303
           2.12892           154.848            152.77          0.145457
           2.15457           155.206           153.762          0.173113
           2.18022           156.332           154.252          0.175625
           2.20587           155.752           154.328           0.18928
           2.23152           154.622           154.032          0.171864
           2.25717           152.272            153.29          0.156055
           2.28282           153.696           152.789          0.180744
           2.30847           153.086           152.324          0.167649
           2.33412           153.268           151.813          0.188992
           2.35977            152.76           151.803          0.186598
           2.38542           152.862           152.225          0.182256
           2.41107           155.242           152.751           0.17392
           2.43672           156.356           153.836           0.17567
           2.46237            157.67           155.526          0.185383
           2.48802           156.528           156.138          0.180855
           2.51366           157.478            157.57          0.165881
           2.53931           159.934           160.952          0.167659
                 0                 0                 0                 0
         0.0256496                 0                 0                 0
         0.0512993                 0                 0                 0
         0.0769489                 0                 0                 0
          0.102599                 0                 0                 0
          0.128248                 0                 0                 0
          0.153898                 0                 0                 0
          0.179547                 0                 0                 0
          0.205197                 0                 0                 0
          0.230847                 0                 0                 0
          0.256496                 0                 0                 0
          0.282146                 0                 0                 0
          0.307796                 0                 0                 0
          0.333445                 0                 0                 0
          0.359095                 0                 0                 0
          0.384745                 0                 0                 0
          0.410394                 0                 0                 0
          0.436044                 0                 0                 0
          0.461694                 0                 0                 0
          0.487343                 0                 0                 0
          0.512993                 0                 0                 0
          0.538642                 0                 0                 0
          0.564292                 0                 0                 0
          0.589942                 0                 0                 0
          0.615591                 0                 0                 0
          0.641241                 0                 0                 0
          0.666891                 0                 0                 0
           0.69254                 0                 0                 0
           0.71819                 0                 0                 0
           0.74384                 0                 0                 0
          0.769489                 0                 0                 0
          0.795139                 0                 0                 0
          0.820788                 0                 0                 0
          0.846438                 0         0.0001875       0.000105686
          0.872088              0.03           0.02675        0.00159314
          0.897737             0.604           0.56375        0.00680741
          0.923387             3.876           4.03231         0.0245444
          0.949037            14.816           14.5111         0.0594104
          0.974686            33.112           32.7034         0.0878812
           1.00034            54.162           53.2375          0.103958
           1.02599            70.748           70.0927         0.0877096
           1.05164            80.952           80.4356         0.0807254
           1.07728            85.106           84.2298         0.0862944
           1.10293            82.598           83.2281          0.103102
           1.12858            79.604           79.7928          0.097404
           1.15423             75.15           74.9025         0.0983931
           1.17988            70.048           69.5471          0.101423
           1.20553            63.708           64.5117         0.0986162
           1.23118             59.96           59.9901         0.0932749
           1.25683             55.91           55.9815         0.0886873
           1.28248            52.264           52.5749         0.0987658
           1.30813            49.744           49.8639         0.0788808
           1.33378            46.746           47.6342          0.078526
           1.35943            45.174           45.8609         0.0794068
           1.38508            44.556           44.6399         0.0726292
           1.41073            43.524           43.8498         0.0708069
           1.43638             43.06           43.2823         0.0817704
           1.46203            42.846           43.1073         0.0840463
           1.48768            42.714           43.3954         0.0938384
           1.51333            43.588           44.0199         0.0945541
           1.53898              44.3           45.0742         0.0797921
           1.56463            46.872           46.5398         0.0866715
           1.59028            47.948           48.3764         0.0839411
           1.61593            49.736            50.659          0.105446
           1.64158             52.73           53.5577          0.101782
           1.66723            56.404           56.8681          0.118807
           1.69288            60.892           60.7185          0.101958
           1.71853            66.226           65.0437          0.105567
           1.74418            70.802           69.9305          0.112778
           1.76983            75.522           75.3797          0.110152
           1.79547            81.722           81.2093          0.108159
           1.82112            87.642           87.4643          0.121469
           1.84677             93.75           93.7546          0.145859
           1.87242           101.178           100.505          0.153882
           1.89807           107.924           107.456          0.145229
           1.92372           114.168           114.188          0.144196
           1.94937            121.27           121.106          0.140652
           1.97502           128.802           127.581          0.138411
           2.00067           134.616           133.788          0.132233
           2.02632           141.466            139.22          0.139948
           2.05197           142.868           144.088           0.13282
           2.07762           148.614           147.767          0.128051
           2.10327            149.41           150.724          0.146471
           2.12892           153.084           152.775          0.143267
           2.15457            152.25           153.738          0.172012
           2.18022           154.876           154.262          0.173151
           2.20587           155.332           154.344          0.186971
           2.23152            155.23            154.05          0.170196
           2.25717           155.096           153.318          0.156148
           2.28282           153.558           152.801          0.178318
           2.30847           151.938           152.318          0.165138
           2.33412            151.69           151.811          0.186049
           2.35977            151.92           151.805          0.183692
           2.38542           151.474           152.214          0.179786
           2.41107           150.936           152.722          0.173498
           2.43672           151.828           153.805          0.175705
           2.46237           153.896           155.501          0.184228
           2.48802           154.774           156.117          0.179281
           2.51366           155.802           157.543          0.165573
           2.53931            159.36           160.927          0.166873
                 0                 0                 0                 0
         0.0256496                 0                 0                 0
         0.0512993                 0                 0                 0
         0.0769489                 0                 0                 0
          0.102599                 0                 0                 0
          0.128248                 0                 0                 0
          0.153898                 0                 0                 0
          0.179547                 0                 0                 0
          0.205197                 0                 0                 0
          0.230847                 0                 0                 0
          0.256496                 0                 0                 0
          0.282146                 0                 0                 0
          0.307796                 0                 0                 0
          0.333445                 0                 0                 0
          0.359095                 0                 0                 0
          0.384745                 0                 0                 0
          0.410394                 0                 0                 0
          0.436044                 0                 0                 0
          0.461694                 0                 0                 0
          0.487343                 0                 0                 0
          0.512993                 0                 0                 0
          0.538642                 0                 0                 0
          0.564292                 0                 0                 0
          0.589942                 0                 0                 0
          0.615591                 0                 0                 0
          0.641241                 0                 0                 0
          0.666891                 0                 0                 0
           0.69254                 0                 0                 0
           0.71819                 0                 0                 0
           0.74384                 0                 0                 0
          0.769489                 0                 0                 0
          0.795139                 0                 0                 0
          0.820788                 0                 0                 0
          0.846438                 0       0.000184615       0.000104099
          0.872088             0.042         0.0269846        0.00158581
          0.897737               0.5          0.562769        0.00677296
          0.923387              3.94           4.03089         0.0242079
          0.949037            14.662           14.5134         0.0585417
          0.974686            32.896           32.7064         0.0865791
           1.00034            52.608           53.2278          0.102809
           1.02599            69.172           70.0785         0.0874964
           1.05164            79.806           80.4259         0.0800624
           1.07728            83.248           84.2147         0.0862786
           1.10293            83.028            83.225          0.101562
           1.12858            78.952           79.7799         0.0967607
           1.15423            75.928           74.9182         0.0981362
           1.17988            70.338           69.5593           0.10059
           1.20553            65.906           64.5332         0.0994046
           1.23118            60.474           59.9976         0.0921365
           1.25683            56.408            55.988         0.0875654
           1.28248            52.642            52.576         0.0972517
           1.30813             51.11           49.8831         0.0799628
           1.33378            48.142            47.642         0.0777055
           1.35943             47.31           45.8832         0.0812543
           1.38508            45.604           44.6548         0.0730106
           1.41073            44.058            43.853           0.06979
           1.43638            43.658           43.2881         0.0807164
           1.46203            42.958            43.105         0.0827847
           1.48768             43.59           43.3984         0.0924425
           1.51333              43.7            44.015         0.0932275
           1.53898             43.99           45.0575          0.080289
           1.56463            45.304           46.5207         0.0873984
           1.59028             46.73           48.3511         0.0863868
           1.61593            49.938           50.6479          0.104406
           1.64158             52.42           53.5402           0.10171
           1.66723            55.534           56.8476          0.118739
           1.69288            59.722           60.7032          0.101535
           1.71853            64.244           65.0314          0.104657
           1.74418            69.134           69.9182          0.111706
           1.76983            74.306           75.3632          0.109688
           1.79547            80.908           81.2047          0.106595
           1.82112            87.546           87.4656          0.119606
           1.84677            96.172           93.7918          0.148281
           1.87242           100.956           100.512          0.151671
           1.89807            106.37            107.44          0.143953
           1.92372           114.332           114.191          0.141994
           1.94937           120.908           121.103          0.138521
           1.97502           129.302           127.607          0.138791
           2.00067           134.856           133.804          0.131216
           2.02632           140.532            139.24          0.139243
           2.05197           145.786           144.114          0.133321
           2.07762           147.974           147.771          0.126121
           2.10327           151.822           150.741          0.145189
           2.12892           154.196           152.797          0.142722
           2.15457             155.4           153.764          0.171255
           2.18022             155.2           154.277          0.171088
           2.20587           153.194           154.326           0.18493
           2.23152            155.13           154.067          0.168386
           2.25717           154.182           153.331          0.154311
           2.28282           153.514           152.812          0.175912
           2.30847            152.77           152.325          0.162744
           2.33412           153.862           151.842          0.185844
           2.35977           151.422           151.799           0.18096
           2.38542            151.69           152.206          0.177201
           2.41107            151.73           152.707          0.171499
           2.43672           152.318           153.782          0.174485
           2.46237           153.164           155.465          0.184869
           2.48802           154.568           156.093            0.1781
           2.51366             155.4            157.51          0.166275
           2.53931           157.484           160.874          0.172506
                 0                 0                 0                 0
         0.0256496                 0                 0                 0
         0.0512993                 0                 0                 0
         0.0769489                 0                 0                 0
          0.102599                 0                 0                 0
          0.128248                 0                 0                 0
          0.153898                 0                 0                 0
          0.179547                 0                 0                 0
          0.205197                 0                 0                 0
          0.230847                 0                 0                 0
          0.256496                 0                 0                 0
          0.282146                 0                 0                 0
          0.307796                 0                 0                 0
          0.333445                 0                 0                 0
          0.359095                 0                 0                 0
          0.384745                 0                 0                 0
          0.410394                 0                 0                 0
          0.436044                 0                 0                 0
          0.461694                 0                 0                 0
          0.487343                 0                 0                 0
          0.512993                 0                 0                 0
          0.538642                 0                 0                 0
          0.564292                 0                 0                 0
          0.589942                 0                 0                 0
          0.615591                 0                 0                 0
          0.641241                 0                 0                 0
          0.666891                 0                 0                 0
           0.69254                 0                 0                 0
           0.71819                 0                 0                 0
           0.74384                 0                 0                 0
          0.769489                 0                 0                 0
          0.795139                 0                 0                 0
          0.820788                 0                 0                 0
          0.846438                 0       0.000181818       0.000102559
          0.872088             0.036         0.0271212        0.00156765
          0.897737             0.526          0.562212        0.00669322
          0.923387             4.132           4.03242         0.0238895
          0.949037             14.36           14.5111         0.0577008
          0.974686            32.158           32.6981         0.0856651
           1.00034            53.696           53.2349          0.101495
           1.02599            69.888           70.0756         0.0862183
           1.05164            79.038           80.4048         0.0815642
           1.07728            84.514           84.2192         0.0850905
           1.10293            81.632           83.2008          0.102851
           1.12858            79.628           79.7776          0.095322
           1.15423            75.326           74.9244         0.0968435
           1.17988             70.29           69.5703         0.0996736
           1.20553            63.912           64.5238          0.098343
           1.23118            59.582           59.9913         0.0909554
           1.25683             56.22           55.9915         0.0863091
           1.28248            53.816           52.5948         0.0975762
           1.30813            50.862           49.8979         0.0801151
           1.33378            47.914           47.6462         0.0766373
           1.35943            46.234           45.8885         0.0801968
           1.38508            44.736            44.656         0.0719147
           1.41073            44.034           43.8557         0.0687864
           1.43638             44.54            43.307         0.0816919
           1.46203            43.572           43.1121         0.0818322
           1.48768            44.392           43.4134         0.0922597
           1.51333            44.684           44.0251         0.0923644
           1.53898             44.96           45.0561         0.0790861
           1.56463            47.396            46.534         0.0870745
           1.59028            48.138           48.3478         0.0851382
           1.61593            50.344           50.6433          0.102925
           1.64158            53.602           53.5411          0.100173
           1.66723            56.436           56.8414          0.117104
           1.69288            60.846           60.7054           0.10002
           1.71853            63.812           65.0129           0.10469
           1.74418            70.104           69.9211          0.110049
           1.76983            74.172           75.3451          0.109501
           1.79547            81.488            81.209          0.105066
           1.82112            86.652           87.4533          0.118428
           1.84677            94.018           93.7952          0.146074
           1.87242             99.91           100.503          0.149647
           1.89807           105.474            107.41           0.14482
           1.92372            113.21           114.176          0.140618
           1.94937           120.368           121.092          0.136869
           1.97502           125.878           127.581          0.139139
           2.00067           132.564           133.786          0.130567
           2.02632           138.008           139.222           0.13838
           2.05197           141.792           144.079          0.135863
           2.07762           146.076           147.745          0.126796
           2.10327           151.048           150.746          0.143063
           2.12892           151.652           152.779          0.141609
           2.15457           152.794           153.749           0.16929
           2.18022            155.82             154.3          0.170086
           2.20587           156.184           154.354          0.184258
           2.23152           155.218           154.084          0.166735
           2.25717            155.44           153.363          0.155246
           2.28282           155.588           152.854          0.178203
           2.30847           155.338            152.37           0.16656
           2.33412            154.62           151.884          0.187734
           2.35977           153.854            151.83          0.180877
           2.38542           154.206           152.236          0.177089
           2.41107           153.866           152.724          0.169797
           2.43672           154.784           153.797            0.1725
           2.46237           155.098           155.459          0.182151
           2.48802           157.108           156.108          0.176064
           2.51366           157.346           157.507          0.163774
           2.53931           159.432           160.852           0.17127
                 0                 0                 0                 0
         0.0256496                 0                 0                 0
         0.0512993                 0                 0                 0
         0.0769489                 0                 0                 0
          0.102599                 0                 0                 0
          0.128248                 0                 0                 0
          0.153898                 0                 0                 0
          0.179547                 0                 0                 0
          0.205197                 0                 0                 0
          0.230847                 0                 0                 0
          0.256496                 0                 0                 0
          0.282146                 0                 0                 0
          0.307796                 0                 0                 0
          0.333445                 0                 0                 0
          0.359095                 0                 0                 0
          0.384745                 0                 0                 0
          0.410394                 0                 0                 0
          0.436044                 0                 0                 0
          0.461694                 0                 0                 0
          0.487343                 0                 0                 0
          0.512993                 0                 0                 0
          0.538642                 0                 0                 0
          0.564292                 0                 0                 0
          0.589942                 0                 0                 0
          0.615591                 0                 0                 0
          0.641241                 0                 0                 0
          0.666891                 0                 0                 0
           0.69254                 0                 0                 0
           0.71819                 0                 0                 0
           0.74384                 0                 0                 0
          0.769489                 0                 0                 0
          0.795139                 0                 0                 0
          0.820788                 0                 0                 0
          0.846438                 0       0.000179104       0.000101064
          0.872088              0.03         0.0271642        0.00154484
          0.897737             0.532          0.561761        0.00660849
          0.923387             4.002           4.03197         0.0235373
          0.949037            13.942           14.5026         0.0574614
          0.974686            31.528           32.6806         0.0861483
           1.00034            52.262           53.2204          0.101014
           1.02599            69.692           70.0699         0.0851214
           1.05164             80.28            80.403         0.0803681
           1.07728            84.548           84.2241         0.0839618
           1.10293            83.606           83.2069          0.101494
           1.12858            80.328           79.7858         0.0942526
           1.15423            74.874           74.9237          0.095401
           1.17988            69.898           69.5752         0.0983058
           1.20553            64.644           64.5256         0.0968916
           1.23118             60.32           59.9962         0.0897301
           1.25683            56.922           56.0054         0.0861309
           1.28248            53.576           52.6094         0.0972127
           1.30813             50.64            49.909         0.0796813
           1.33378            48.354           47.6567         0.0762182
           1.35943            45.662           45.8852         0.0790711
           1.38508            45.534           44.6691         0.0720254
           1.41073             44.19           43.8607         0.0679405
           1.43638             42.76           43.2989         0.0808796
           1.46203             43.42           43.1167         0.0807397
           1.48768            43.192           43.4101         0.0909418
           1.51333             43.98           44.0244         0.0909882
           1.53898            44.666           45.0502         0.0781197
           1.56463            46.008           46.5261          0.086128
           1.59028             47.84           48.3403         0.0842042
           1.61593            50.722           50.6444          0.101396
           1.64158            54.008           53.5481         0.0989199
           1.66723            56.612           56.8379          0.115406
           1.69288            61.856           60.7225         0.0999908
           1.71853            65.224           65.0161          0.103174
           1.74418            69.806           69.9193           0.10842
           1.76983            76.126           75.3568          0.108485
           1.79547            80.986           81.2056          0.103551
           1.82112            87.024           87.4469          0.116833
           1.84677            93.534           93.7913          0.143946
           1.87242            98.028           100.466          0.151905
           1.89807           105.778           107.386          0.144692
           1.92372            113.17           114.161          0.139318
           1.94937           119.212           121.064          0.137672
           1.97502           126.014           127.558          0.139015
           2.00067           134.122           133.791          0.128715
           2.02632            137.51           139.196          0.138652
           2.05197           141.544           144.041          0.139003
           2.07762            147.97           147.748          0.124948
           2.10327            150.87           150.748           0.14094
           2.12892           152.948           152.782          0.139518
           2.15457            153.15            153.74          0.166999
           2.18022            155.79           154.322          0.168995
           2.20587           154.214           154.352           0.18152
           2.23152           155.858           154.111          0.166335
           2.25717            155.12           153.389          0.155128
           2.28282           155.874           152.899          0.181153
           2.30847           155.422           152.416          0.170188
           2.33412           154.292            151.92           0.18834
           2.35977           154.302           151.867          0.181901
           2.38542           153.576           152.256          0.175572
           2.41107           154.514           152.751          0.169351
           2.43672           155.364           153.821          0.171503
           2.46237           155.394           155.458          0.179435
           2.48802           157.466           156.129          0.174598
           2.51366            156.46           157.491          0.162073
           2.53931           160.166           160.842          0.169019
                 0                 0                 0                 0
         0.0256496                 0                 0                 0
         0.0512993                 0                 0                 0
         0.0769489                 0                 0                 0
          0.102599                 0                 0                 0
          0.128248                 0                 0                 0
          0.153898                 0                 0                 0
          0.179547                 0                 0                 0
          0.205197                 0                 0                 0
          0.230847                 0                 0                 0
          0.256496                 0                 0                 0
          0.282146                 0                 0                 0
          0.307796                 0                 0                 0
          0.333445                 0                 0                 0
          0.359095                 0                 0                 0
          0.384745                 0                 0                 0
          0.410394                 0                 0                 0
          0.436044                 0                 0                 0
          0.461694                 0                 0                 0
          0.487343                 0                 0                 0
          0.512993                 0                 0                 0
          0.538642                 0                 0                 0
          0.564292                 0                 0                 0
          0.589942                 0                 0                 0
          0.615591                 0                 0                 0
          0.641241                 0                 0                 0
          0.666891                 0                 0                 0
           0.69254                 0                 0                 0
           0.71819                 0                 0                 0
           0.74384                 0                 0                 0
          0.769489                 0                 0                 0
          0.795139                 0                 0                 0
          0.820788                 0                 0                 0
          0.846438                 0       0.000176471       9.96125e-05
          0.872088             0.032         0.0272353        0.00152376
          0.897737             0.458          0.560235        0.00668515
          0.923387               3.8           4.02856          0.023437
          0.949037             14.22           14.4984         0.0567665
          0.974686            32.366            32.676         0.0850055
           1.00034            51.612           53.1968           0.10226
           1.02599             69.42           70.0604         0.0844045
           1.05164            81.322           80.4165         0.0803145
           1.07728             84.18           84.2235         0.0827296
           1.10293            85.756           83.2444            0.1067
           1.12858             81.22           79.8069          0.095197
           1.15423            75.722           74.9354         0.0947177
           1.17988            69.892           69.5799         0.0969704
           1.20553             64.85           64.5303         0.0955841
           1.23118            60.088           59.9975         0.0884207
           1.25683            56.444           56.0119         0.0851054
           1.28248            52.684           52.6105         0.0957893
           1.30813            49.042           49.8962          0.079523
           1.33378            47.648           47.6566         0.0750975
           1.35943             45.93           45.8858          0.077911
           1.38508              44.1           44.6607         0.0714508
           1.41073            43.576           43.8565         0.0670702
           1.43638            42.236           43.2832         0.0811865
           1.46203            42.144           43.1024         0.0808095
           1.48768            42.734           43.4002         0.0901464
           1.51333            43.174           44.0119         0.0905056
           1.53898             44.19           45.0376         0.0779885
           1.56463            45.892           46.5168         0.0853648
           1.59028             48.24           48.3388         0.0829788
           1.61593            50.466           50.6418         0.0999385
           1.64158            53.558           53.5482         0.0974653
           1.66723            55.952           56.8249          0.114442
           1.69288             60.22           60.7151          0.098793
           1.71853            65.242           65.0194          0.101711
           1.74418            70.754           69.9316          0.107518
           1.76983            75.836           75.3638          0.107119
           1.79547            80.468           81.1948          0.102594
           1.82112            86.968           87.4398          0.115327
           1.84677            93.642           93.7891          0.141846
           1.87242           101.196           100.477           0.15005
           1.89807           109.406           107.415          0.145583
           1.92372           115.156           114.175          0.138036
           1.94937           123.308           121.097          0.139547
           1.97502           128.678           127.574          0.137943
           2.00067           133.256           133.783          0.127062
           2.02632            141.07           139.224          0.139325
           2.05197           144.516           144.048          0.137134
           2.07762           149.314           147.771          0.125215
           2.10327            152.22           150.769          0.140521
           2.12892           154.864           152.812          0.140787
           2.15457           155.814           153.771          0.167305
           2.18022           154.892           154.331          0.166718
           2.20587           153.728           154.343          0.179082
           2.23152           151.852           154.078          0.167173
           2.25717            153.23           153.387          0.152864
           2.28282           152.342           152.891          0.178674
           2.30847            150.95           152.394          0.169045
           2.33412           150.662           151.902          0.186477
           2.35977           150.526           151.847          0.180292
           2.38542           149.474           152.215          0.177692
           2.41107           149.368           152.701          0.174015
           2.43672           150.638           153.774          0.175252
           2.46237           152.214           155.411           0.18303
           2.48802           155.408           156.118          0.172352
           2.51366           156.064            157.47          0.161044
           2.53931           160.392           160.835          0.166663
                 0                 0                 0                 0
         0.0256496                 0                 0                 0
         0.0512993                 0                 0                 0
         0.0769489                 0                 0                 0
          0.102599                 0                 0                 0
          0.128248                 0                 0                 0
          0.153898                 0                 0                 0
          0.179547                 0                 0                 0
          0.205197                 0                 0                 0
          0.230847                 0                 0                 0
          0.256496                 0                 0                 0
          0.282146                 0                 0                 0
          0.307796                 0                 0                 0
          0.333445                 0                 0                 0
          0.359095                 0                 0                 0
          0.384745                 0                 0                 0
          0.410394                 0                 0                 0
          0.436044                 0                 0                 0
          0.461694                 0                 0                 0
          0.487343                 0                 0                 0
          0.512993                 0                 0                 0
          0.538642                 0                 0                 0
          0.564292                 0                 0                 0
          0.589942                 0                 0                 0
          0.615591                 0                 0                 0
          0.641241                 0                 0                 0
          0.666891                 0                 0                 0
           0.69254                 0                 0                 0
           0.71819                 0                 0                 0
           0.74384                 0                 0                 0
          0.769489                 0                 0                 0
          0.795139                 0                 0                 0
          0.820788                 0                 0                 0
          0.846438                 0       0.000173913       9.82017e-05
          0.872088             0.032         0.0273043        0.00150324
          0.897737             0.492          0.559246        0.00666101
          0.923387             4.278           4.03217         0.0233745
          0.949037            14.604              14.5         0.0559644
          0.974686            32.768           32.6773          0.083784
           1.00034            54.494           53.2156          0.102492
           1.02599            70.506           70.0668          0.083428
           1.05164            80.018           80.4107         0.0793579
           1.07728            84.542           84.2281         0.0816593
           1.10293            84.042           83.2559          0.105778
           1.12858            80.716           79.8201         0.0947247
           1.15423            74.828           74.9339         0.0933578
           1.17988             69.83           69.5835         0.0956328
           1.20553            63.718           64.5186         0.0949211
           1.23118            60.178           60.0001         0.0871779
           1.25683            54.704           55.9929         0.0859569
           1.28248            52.058           52.6025         0.0947351
           1.30813            49.944           49.8969         0.0783735
           1.33378            47.424           47.6532         0.0740847
           1.35943              45.6           45.8817         0.0768919
           1.38508            44.238           44.6546         0.0706775
           1.41073            42.286           43.8338         0.0698537
           1.43638             42.66           43.2742         0.0805108
           1.46203            42.628           43.0955         0.0799303
           1.48768            42.854           43.3923         0.0891867
           1.51333            43.562           44.0054         0.0894286
           1.53898            44.512             45.03         0.0772293
           1.56463             46.46            46.516         0.0841316
           1.59028            47.884           48.3322         0.0820376
           1.61593            50.192           50.6353         0.0987025
           1.64158              53.9           53.5533         0.0961861
           1.66723            57.102           56.8289          0.112854
           1.69288            61.362           60.7245          0.097805
           1.71853            65.702           65.0293          0.100717
           1.74418            71.546            69.955          0.108476
           1.76983            75.918           75.3719          0.105867
           1.79547             82.29           81.2107          0.102328
           1.82112            90.828           87.4889          0.123669
           1.84677            94.672           93.8019          0.140366
           1.87242           100.536           100.478          0.147878
           1.89807           107.108           107.411          0.143541
           1.92372           114.348           114.178          0.136058
           1.94937            121.27           121.099          0.137548
           1.97502           130.786           127.621          0.143583
           2.00067           134.468           133.793          0.125608
           2.02632            139.49           139.228          0.137359
           2.05197           147.482           144.098          0.143895
           2.07762           148.686           147.785            0.1241
           2.10327           151.404           150.778          0.138785
           2.12892           153.558           152.823           0.13916
           2.15457            152.59           153.754          0.165753
           2.18022           152.888            154.31          0.165607
           2.20587            152.93           154.323          0.177654
           2.23152           150.502           154.026          0.172595
           2.25717            150.86            153.35          0.154973
           2.28282           150.848           152.862          0.178522
           2.30847           148.476           152.337          0.175874
           2.33412           149.054            151.86          0.188286
           2.35977           148.874           151.804          0.182756
           2.38542           149.452           152.175          0.179572
           2.41107           150.898           152.675          0.173445
           2.43672           152.888           153.761          0.173181
           2.46237           154.744           155.401          0.180632
           2.48802             155.5           156.109          0.170087
           2.51366           158.332           157.483          0.159193
           2.53931           160.042           160.824          0.164643
                 0                 0                 0                 0
         0.0256496                 0                 0                 0
         0.0512993                 0                 0                 0
         0.0769489                 0                 0                 0
          0.102599                 0                 0                 0
          0.128248                 0                 0                 0
          0.153898                 0                 0                 0
          0.179547                 0                 0                 0
          0.205197                 0                 0                 0
          0.230847                 0                 0                 0
          0.256496                 0                 0                 0
          0.282146                 0                 0                 0
          0.307796                 0                 0                 0
          0.333445                 0                 0                 0
          0.359095                 0                 0                 0
          0.384745                 0                 0                 0
          0.410394                 0                 0                 0
          0.436044                 0                 0                 0
          0.461694                 0                 0                 0
          0.487343                 0                 0                 0
          0.512993                 0                 0                 0
          0.538642                 0                 0                 0
          0.564292                 0                 0                 0
          0.589942                 0                 0                 0
          0.615591                 0                 0                 0
          0.641241                 0                 0                 0
          0.666891                 0                 0                 0
           0.69254                 0                 0                 0
           0.71819                 0                 0                 0
           0.74384                 0                 0                 0
          0.769489                 0                 0                 0
          0.795139                 0                 0                 0
          0.820788                 0                 0                 0
          0.846438                 0       0.000171429       9.68302e-05
          0.872088              0.03         0.0273429        0.00148226
          0.897737             0.536          0.558914        0.00657412
          0.923387             4.052           4.03246         0.0230423
          0.949037            14.408           14.4987         0.0551803
          0.974686            31.962           32.6671          0.083208
           1.00034             53.27           53.2163          0.101031
           1.02599            70.092           70.0672         0.0822369
           1.05164            81.932           80.4325         0.0811455
           1.07728            84.172           84.2273         0.0804967
           1.10293            83.748            83.263            0.1045
           1.12858            80.956           79.8363         0.0947513
           1.15423            74.792           74.9318         0.0920461
           1.17988            69.726           69.5855         0.0942883
           1.20553            64.914           64.5242          0.093733
           1.23118            59.574           59.9941         0.0861448
           1.25683            55.468           55.9854         0.0850555
           1.28248            52.636            52.603          0.093383
           1.30813            49.196           49.8869         0.0778909
           1.33378            47.404           47.6497         0.0731119
           1.35943            45.498           45.8762         0.0759886
           1.38508             43.73           44.6414         0.0708913
           1.41073             43.72           43.8321         0.0688747
           1.43638            43.184           43.2729         0.0793709
           1.46203            42.892           43.0926         0.0788413
           1.48768             43.75           43.3974         0.0880589
           1.51333             44.01           44.0055          0.088151
           1.53898            45.666           45.0391         0.0766587
           1.56463            46.358           46.5137           0.08296
           1.59028            48.144           48.3295         0.0809097
           1.61593            50.836           50.6382         0.0973341
           1.64158            53.046           53.5461         0.0950846
           1.66723            56.882           56.8297          0.111244
           1.69288            60.558           60.7221         0.0964367
           1.71853             64.31            65.019         0.0998005
           1.74418            69.332           69.9461          0.107291
           1.76983            75.578           75.3748          0.104395
           1.79547            80.348           81.1983          0.101606
           1.82112            86.962           87.4814          0.122131
           1.84677             94.46           93.8113          0.138675
           1.87242           101.188           100.488          0.146113
           1.89807           108.472           107.426          0.142289
           1.92372           114.786           114.187          0.134392
           1.94937           123.164           121.129          0.138709
           1.97502           129.564           127.648          0.144191
           2.00067            134.79           133.807          0.124618
           2.02632            139.68           139.234          0.135549
           2.05197           143.886           144.095          0.141871
           2.07762            148.19            147.79          0.122462
           2.10327           150.026           150.768          0.137218
           2.12892           153.308            152.83          0.137345
           2.15457           152.716           153.739          0.164046
           2.18022           153.218           154.294          0.163974
           2.20587           154.534           154.326          0.175142
           2.23152           151.876           153.995          0.172841
           2.25717           152.164           153.333          0.153683
           2.28282           150.394           152.826          0.179418
           2.30847           150.146           152.306          0.176126
           2.33412           150.244           151.837          0.187007
           2.35977           150.188           151.781          0.181598
           2.38542           150.692           152.154          0.178252
           2.41107           152.982            152.68          0.171023
           2.43672            154.37            153.77          0.170926
           2.46237           155.654           155.405          0.178088
           2.48802           157.822           156.134          0.169408
           2.51366           157.844           157.488          0.157002
           2.53931           162.652            160.85           0.16435
                 0                 0                 0                 0
         0.0256496                 0                 0                 0
         0.0512993                 0                 0                 0
         0.0769489                 0                 0                 0
          0.102599                 0                 0                 0
          0.128248                 0                 0                 0
          0.153898                 0                 0                 0
          0.179547                 0                 0                 0
          0.205197                 0                 0                 0
          0.230847                 0                 0                 0
          0.256496                 0                 0                 0
          0.282146                 0                 0                 0
          0.307796                 0                 0                 0
          0.333445                 0                 0                 0
          0.359095                 0                 0                 0
          0.384745                 0                 0                 0
          0.410394                 0                 0                 0
          0.436044                 0                 0                 0
          0.461694                 0                 0                 0
          0.487343                 0                 0                 0
          0.512993                 0                 0                 0
          0.538642                 0                 0                 0
          0.564292                 0                 0                 0
          0.589942                 0                 0                 0
          0.615591                 0                 0                 0
          0.641241                 0                 0                 0
          0.666891                 0                 0                 0
           0.69254                 0                 0                 0
           0.71819                 0                 0                 0
           0.74384                 0                 0                 0
          0.769489                 0                 0                 0
          0.795139                 0                 0                 0
          0.820788                 0                 0                 0
          0.846438                 0       0.000169014       9.54965e-05
          0.872088             0.022         0.0272676        0.00146329
          0.897737             0.594          0.559408        0.00650007
          0.923387             3.884           4.03037         0.0228124
          0.949037             14.69           14.5014         0.0544689
          0.974686            32.568           32.6657         0.0820478
           1.00034            53.414           53.2191         0.0996461
           1.02599            71.024           70.0806         0.0821755
           1.05164            81.352           80.4454         0.0810295
           1.07728            84.986            84.238          0.080069
           1.10293            82.632           83.2541          0.103405
           1.12858            78.906           79.8232         0.0943184
           1.15423            74.336           74.9234         0.0911314
           1.17988            69.008           69.5774         0.0933105
           1.20553            64.066           64.5177         0.0926347
           1.23118            59.468           59.9866         0.0852495
           1.25683            54.752           55.9681         0.0856132
           1.28248            51.636           52.5894         0.0930556
           1.30813            48.978           49.8741         0.0778387
           1.33378            48.276           47.6585         0.0726124
           1.35943            45.108           45.8654         0.0756847
           1.38508            45.114           44.6481         0.0702046
           1.41073            43.292           43.8245         0.0683235
           1.43638            43.626           43.2779         0.0784087
           1.46203            42.908             43.09         0.0777737
           1.48768            42.712           43.3877         0.0873462
           1.51333             43.43           43.9974         0.0872813
           1.53898            45.384           45.0439         0.0757328
           1.56463            46.744            46.517         0.0818549
           1.59028              48.8           48.3361          0.080041
           1.61593            50.448           50.6355         0.0960001
           1.64158            54.692           53.5622         0.0951054
           1.66723            57.674           56.8416          0.110311
           1.69288            61.926           60.7391         0.0965576
           1.71853            66.004           65.0329         0.0993545
           1.74418            71.996            69.975          0.109595
           1.76983             77.63           75.4066          0.107649
           1.79547            83.754           81.2343          0.106359
           1.82112            88.438           87.4949          0.121151
           1.84677            94.998            93.828          0.137725
           1.87242            101.28           100.499           0.14448
           1.89807           106.328           107.411          0.141123
           1.92372           113.294           114.174          0.133085
           1.94937           119.586           121.107          0.138447
           1.97502           127.052            127.64          0.142405
           2.00067            132.24           133.785          0.124802
           2.02632            137.88           139.215          0.134975
           2.05197           142.126           144.067          0.142557
           2.07762           147.646           147.788          0.120754
           2.10327           150.166           150.759          0.135547
           2.12892             151.7           152.814          0.136329
           2.15457           152.038           153.715          0.163475
           2.18022           154.146           154.292          0.161678
           2.20587           154.628            154.33          0.172727
           2.23152           153.442           153.987          0.170582
           2.25717           153.146           153.331          0.151542
           2.28282            151.23           152.804          0.178294
           2.30847           150.984           152.287          0.174627
           2.33412           150.398           151.817          0.185468
           2.35977           150.398           151.762          0.180082
           2.38542           150.492            152.13          0.177271
           2.41107           151.766           152.667          0.169097
           2.43672           152.898           153.757          0.168959
           2.46237           154.146           155.387           0.17646
           2.48802           156.378           156.137          0.167057
           2.51366            158.29           157.499          0.155197
           2.53931           160.824           160.849          0.162036
                 0                 0                 0                 0
         0.0256496                 0                 0                 0
         0.0512993                 0                 0                 0
         0.0769489                 0                 0                 0
          0.102599                 0                 0                 0
          0.128248                 0                 0                 0
          0.153898                 0                 0                 0
          0.179547                 0                 0                 0
          0.205197                 0                 0                 0
          0.230847                 0                 0                 0
          0.256496                 0                 0                 0
          0.282146                 0                 0                 0
          0.307796                 0                 0                 0
          0.333445                 0                 0                 0
          0.359095                 0                 0                 0
          0.384745                 0                 0                 0
          0.410394                 0                 0                 0
          0.436044                 0                 0                 0
          0.461694                 0                 0                 0
          0.487343                 0                 0                 0
          0.512993                 0                 0                 0
          0.538642                 0                 0                 0
          0.564292                 0                 0                 0
          0.589942                 0                 0                 0
          0.615591                 0                 0                 0
          0.641241                 0                 0                 0
          0.666891                 0                 0                 0
           0.69254                 0                 0                 0
           0.71819                 0                 0                 0
           0.74384                 0                 0                 0
          0.769489                 0                 0                 0
          0.795139                 0                 0                 0
          0.820788                 0                 0                 0
          0.846438                 0       0.000166667        9.4199e-05
          0.872088             0.034         0.0273611        0.00144595
          0.897737               0.6          0.559972         0.0064342
          0.923387             3.872           4.02817         0.0226014
          0.949037            14.832           14.5059         0.0539056
          0.974686             32.58           32.6645         0.0809168
           1.00034            53.656           53.2252         0.0984467
           1.02599            70.016           70.0798          0.081039
           1.05164            80.178           80.4417         0.0799892
           1.07728            84.536           84.2421         0.0790638
           1.10293            82.724           83.2467          0.102231
           1.12858            80.032           79.8261          0.093053
           1.15423             73.92           74.9095         0.0909251
           1.17988            69.366           69.5745         0.0920607
           1.20553             64.52           64.5178         0.0913481
           1.23118              59.8           59.9841         0.0841049
           1.25683            55.832           55.9662          0.084445
           1.28248            52.668           52.5904         0.0917695
           1.30813            50.328           49.8804         0.0770125
           1.33378            48.044           47.6638          0.071801
           1.35943            46.326           45.8718         0.0749034
           1.38508            45.344           44.6577         0.0698918
           1.41073             43.29           43.8171         0.0677767
           1.43638             42.85           43.2719         0.0775445
           1.46203            42.684           43.0844         0.0768977
           1.48768            42.034           43.3689         0.0881334
           1.51333            44.082           43.9986          0.086077
           1.53898              45.5           45.0503         0.0749454
           1.56463            46.022           46.5101         0.0810062
           1.59028            49.086           48.3466          0.079604
           1.61593              50.7           50.6364         0.0946709
           1.64158            54.264           53.5719         0.0942826
           1.66723            56.922           56.8427          0.108785
           1.69288            60.958           60.7421         0.0952644
           1.71853            65.556           65.0401         0.0982399
           1.74418            69.904            69.974          0.108078
           1.76983            74.884           75.3993          0.106398
           1.79547            81.204           81.2339          0.104883
           1.82112            89.074           87.5168          0.121438
           1.84677             94.79           93.8414          0.136459
           1.87242           100.938           100.505          0.142602
           1.89807           107.236           107.408          0.139184
           1.92372           113.822           114.169          0.131327
           1.94937            121.22           121.109          0.136533
           1.97502           127.668            127.64          0.140427
           2.00067           134.106           133.789          0.123149
           2.02632           139.914           139.225          0.133449
           2.05197           145.032            144.08          0.141206
           2.07762            147.52           147.785          0.119134
           2.10327           149.826           150.746          0.134282
           2.12892            152.14           152.805          0.134757
           2.15457           152.396           153.697          0.162228
           2.18022           153.716           154.284           0.15963
           2.20587           152.344           154.302          0.172516
           2.23152           151.916           153.959          0.170621
           2.25717           152.718           153.322          0.149676
           2.28282           153.474           152.813          0.176061
           2.30847           151.412           152.275          0.172624
           2.33412            150.94           151.805          0.183292
           2.35977            152.31           151.769          0.177742
           2.38542           152.812            152.14          0.175062
           2.41107           153.834           152.683          0.167524
           2.43672           153.576           153.755          0.166631
           2.46237           154.116           155.369           0.17489
           2.48802           156.216           156.138           0.16474
           2.51366           156.808            157.49          0.153338
           2.53931           159.692           160.833          0.160581
                 0                 0                 0                 0
         0.0256496                 0                 0                 0
         0.0512993                 0                 0                 0
         0.0769489                 0                 0                 0
          0.102599                 0                 0                 0
          0.128248                 0                 0                 0
          0.153898                 0                 0                 0
          0.179547                 0                 0                 0
          0.205197                 0                 0                 0
          0.230847                 0                 0                 0
          0.256496                 0                 0                 0
          0.282146                 0                 0                 0
          0.307796                 0                 0                 0
          0.333445                 0                 0                 0
          0.359095                 0                 0                 0
          0.384745                 0                 0                 0
          0.410394                 0                 0                 0
          0.436044                 0                 0                 0
          0.461694                 0                 0                 0
          0.487343                 0                 0                 0
          0.512993                 0                 0                 0
          0.538642                 0                 0                 0
          0.564292                 0                 0                 0
          0.589942                 0                 0                 0
          0.615591                 0                 0                 0
          0.641241                 0                 0                 0
          0.666891                 0                 0                 0
           0.69254                 0                 0                 0
           0.71819                 0                 0                 0
           0.74384                 0                 0                 0
          0.769489                 0                 0                 0
          0.795139                 0                 0                 0
          0.820788                 0                 0                 0
          0.846438                 0       0.000164384       9.29363e-05
          0.872088             0.016         0.0272055         0.0014345
          0.897737             0.454          0.558521        0.00650776
          0.923387             3.848            4.0257         0.0224261
          0.949037            14.402           14.5045          0.053186
          0.974686             32.37           32.6605         0.0799089
           1.00034            53.266           53.2258         0.0970997
           1.02599            69.764           70.0754         0.0800443
           1.05164            80.288           80.4396         0.0789212
           1.07728            84.802           84.2498         0.0783519
           1.10293            83.918           83.2559          0.101243
           1.12858            79.644           79.8236         0.0918117
           1.15423            74.438            74.903         0.0899087
           1.17988            68.926           69.5656         0.0912272
           1.20553            64.712           64.5204         0.0901355
           1.23118             60.02           59.9845         0.0829542
           1.25683            55.628           55.9615         0.0834152
           1.28248            52.144           52.5843          0.090716
           1.30813            50.678           49.8913         0.0767286
           1.33378            48.036           47.6689         0.0709982
           1.35943            46.418           45.8793         0.0742501
           1.38508            44.508           44.6557         0.0689645
           1.41073            44.604           43.8279            0.0677
           1.43638            43.228           43.2713         0.0764846
           1.46203            43.764           43.0937         0.0764058
           1.48768            44.112           43.3791         0.0875119
           1.51333            44.518           44.0057         0.0851915
           1.53898            44.652           45.0448          0.074117
           1.56463             46.16           46.5053         0.0800384
           1.59028            48.048           48.3425         0.0786185
           1.61593            51.124           50.6431         0.0936094
           1.64158            53.866            53.576         0.0930771
           1.66723            56.888           56.8433          0.107296
           1.69288            60.714           60.7418         0.0939601
           1.71853            65.232           65.0428         0.0969293
           1.74418            69.824           69.9719          0.106617
           1.76983            75.538           75.4012          0.104958
           1.79547             81.28           81.2345          0.103448
           1.82112            87.736           87.5198          0.119811
           1.84677            93.128           93.8316          0.134939
           1.87242            98.458           100.477           0.14338
           1.89807           107.342           107.407           0.13728
           1.92372           113.048           114.154          0.130423
           1.94937           120.188           121.096          0.135244
           1.97502           126.834           127.629          0.138937
           2.00067           133.116            133.78          0.121807
           2.02632           138.612           139.216          0.131884
           2.05197           143.222           144.068           0.13976
           2.07762            148.66           147.797          0.118104
           2.10327           152.018           150.764          0.133568
           2.12892           154.888           152.833          0.135899
           2.15457            155.09           153.716          0.161125
           2.18022            153.46           154.273          0.157842
           2.20587           153.714           154.294          0.170341
           2.23152           153.102           153.947          0.168687
           2.25717            152.54           153.312          0.148008
           2.28282           152.952           152.815          0.173659
           2.30847           151.852            152.27          0.170357
           2.33412           153.272           151.825           0.18188
           2.35977           154.062           151.801           0.17806
           2.38542           152.944           152.151           0.17301
           2.41107            154.37           152.706          0.166815
           2.43672           153.952           153.758           0.16437
           2.46237           156.482           155.385          0.173157
           2.48802            156.24            156.14          0.162489
           2.51366           156.418           157.475          0.151939
           2.53931           158.836           160.806          0.160695
                 0                 0                 0                 0
         0.0256496                 0                 0                 0
         0.0512993                 0                 0                 0
         0.0769489                 0                 0                 0
          0.102599                 0                 0                 0
          0.128248                 0                 0                 0
          0.153898                 0                 0                 0
          0.179547                 0                 0                 0
          0.205197                 0                 0                 0
          0.230847                 0                 0                 0
          0.256496                 0                 0                 0
          0.282146                 0                 0                 0
          0.307796                 0                 0                 0
          0.333445                 0                 0                 0
          0.359095                 0                 0                 0
          0.384745                 0                 0                 0
          0.410394                 0                 0                 0
          0.436044                 0                 0                 0
          0.461694                 0                 0                 0
          0.487343                 0                 0                 0
          0.512993                 0                 0                 0
          0.538642                 0                 0                 0
          0.564292                 0                 0                 0
          0.589942                 0                 0                 0
          0.615591                 0                 0                 0
          0.641241                 0                 0                 0
          0.666891                 0                 0                 0
           0.69254                 0                 0                 0
           0.71819                 0                 0                 0
           0.74384                 0                 0                 0
          0.769489                 0                 0                 0
          0.795139                 0                 0                 0
          0.820788                 0                 0                 0
          0.846438                 0       0.000162162       9.17069e-05
          0.872088             0.026         0.0271892         0.0014152
          0.897737             0.522          0.558027         0.0064385
          0.923387             4.146           4.02732         0.0221819
          0.949037            14.602           14.5058         0.0524836
          0.974686            32.968           32.6646          0.078937
           1.00034            52.598           53.2173         0.0961574
           1.02599             70.57           70.0821         0.0792411
           1.05164            79.664           80.4291         0.0785475
           1.07728            83.542           84.2402         0.0778747
           1.10293            82.996           83.2524          0.099936
           1.12858            80.034           79.8265          0.090615
           1.15423            74.812           74.9018         0.0887021
           1.17988            69.016           69.5582         0.0902962
           1.20553            64.366           64.5184         0.0889416
           1.23118            59.522           59.9783         0.0820684
           1.25683             56.13           55.9638          0.082319
           1.28248            52.582           52.5843         0.0894901
           1.30813             50.47           49.8992         0.0760892
           1.33378            47.732           47.6698         0.0700439
           1.35943            46.212           45.8838         0.0733828
           1.38508            46.276           44.6776         0.0714241
           1.41073            44.748           43.8403         0.0679174
           1.43638            44.236           43.2844         0.0765539
           1.46203            43.228           43.0955         0.0753949
           1.48768            43.568           43.3816         0.0863665
           1.51333            44.038           44.0061         0.0840413
           1.53898            45.358            45.049         0.0732362
           1.56463            46.302           46.5026          0.079004
           1.59028             48.12           48.3395         0.0776136
           1.61593            50.022           50.6347         0.0927199
           1.64158            53.332           53.5727         0.0918777
           1.66723            55.568           56.8261          0.107221
           1.69288             59.23           60.7213         0.0948853
           1.71853            63.288           65.0191         0.0984773
           1.74418            69.272           69.9625          0.105595
           1.76983             74.27           75.3859          0.104646
           1.79547            80.198           81.2205          0.102994
           1.82112            87.836           87.5241          0.118269
           1.84677            93.544           93.8277          0.133172
           1.87242           101.786           100.495          0.142529
           1.89807           108.832           107.426          0.136768
           1.92372           115.528           114.172          0.129976
           1.94937           123.924           121.134          0.138711
           1.97502           130.284           127.665          0.141615
           2.00067           136.024            133.81          0.123877
           2.02632           139.304           139.217          0.130107
           2.05197           145.862           144.093          0.139957
           2.07762           147.672           147.795           0.11652
           2.10327           149.326           150.744          0.133169
           2.12892            151.28           152.812          0.135674
           2.15457           153.456           153.712          0.158986
           2.18022            152.53           154.249          0.157456
           2.20587           151.726            154.26          0.171538
           2.23152            151.99            153.92          0.168468
           2.25717           151.962           153.293          0.147128
           2.28282           151.484           152.797          0.172241
           2.30847           153.094           152.281          0.168419
           2.33412             153.5           151.848          0.180825
           2.35977           152.316           151.808           0.17579
           2.38542           154.282            152.18          0.173053
           2.41107            152.39           152.702          0.164616
           2.43672            153.83           153.759          0.162152
           2.46237           155.788            155.39          0.170903
           2.48802           157.564           156.159           0.16143
           2.51366           157.468           157.475          0.149886
           2.53931           160.828           160.806          0.158523
                 0                 0                 0                 0
         0.0256496                 0                 0                 0
         0.0512993                 0                 0                 0
         0.0769489                 0                 0                 0
          0.102599                 0                 0                 0
          0.128248                 0                 0                 0
          0.153898                 0                 0                 0
          0.179547                 0                 0                 0
          0.205197                 0                 0                 0
          0.230847                 0                 0                 0
          0.256496                 0                 0                 0
          0.282146                 0                 0                 0
          0.307796                 0                 0                 0
          0.333445                 0                 0                 0
          0.359095                 0                 0                 0
          0.384745                 0                 0                 0
          0.410394                 0                 0                 0
          0.436044                 0                 0                 0
          0.461694                 0                 0                 0
          0.487343                 0                 0                 0
          0.512993                 0                 0                 0
          0.538642                 0                 0                 0
          0.564292                 0                 0                 0
          0.589942                 0                 0                 0
          0.615591                 0                 0                 0
          0.641241                 0                 0                 0
          0.666891                 0                 0                 0
           0.69254                 0                 0                 0
           0.71819                 0                 0                 0
           0.74384                 0                 0                 0
          0.769489                 0                 0                 0
          0.795139                 0                 0                 0
          0.820788                 0                 0                 0
          0.846438                 0           0.00016       9.05097e-05
          0.872088              0.03         0.0272267        0.00139683
          0.897737             0.544           0.55784        0.00635537
          0.923387             3.954           4.02635         0.0219077
          0.949037            14.758           14.5092         0.0518914
          0.974686            33.882           32.6809         0.0795358
           1.00034            54.426           53.2334         0.0962164
           1.02599            70.014           70.0812         0.0781898
           1.05164            81.502           80.4434         0.0787921
           1.07728            84.768           84.2473         0.0771536
           1.10293            84.078           83.2634         0.0992079
           1.12858            79.606           79.8235         0.0894545
           1.15423            73.442           74.8823         0.0896295
           1.17988            69.156           69.5528         0.0892513
           1.20553            64.208           64.5142         0.0878519
           1.23118             58.43           59.9577         0.0835302
           1.25683            54.544           55.9449         0.0833698
           1.28248            51.582           52.5709         0.0892892
           1.30813            48.194           49.8764         0.0783978
           1.33378            47.532           47.6679         0.0691341
           1.35943             45.25           45.8753         0.0728892
           1.38508            44.662           44.6774          0.070472
           1.41073              43.8           43.8398         0.0670139
           1.43638            43.144           43.2825          0.075556
           1.46203            43.674           43.1032         0.0747831
           1.48768             43.43           43.3823         0.0852174
           1.51333             43.59           44.0006         0.0831037
           1.53898            44.674            45.044         0.0724302
           1.56463            45.328           46.4869         0.0794877
           1.59028            47.876           48.3333         0.0768243
           1.61593            50.324           50.6305         0.0915761
           1.64158            53.778           53.5754         0.0906934
           1.66723            57.572            56.836          0.106252
           1.69288            61.734           60.7348          0.094576
           1.71853            65.758           65.0289         0.0976559
           1.74418            70.708           69.9724          0.104654
           1.76983             76.85           75.4054          0.105056
           1.79547              81.6           81.2256          0.101745
           1.82112            88.938           87.5429          0.118185
           1.84677            95.238           93.8465          0.132717
           1.87242           102.974           100.528          0.144411
           1.89807           110.118           107.462          0.139574
           1.92372           116.534           114.204          0.132002
           1.94937           123.104            121.16          0.139325
           1.97502           128.734            127.68          0.140442
           2.00067           134.126           133.815          0.122297
           2.02632            139.17           139.217          0.128374
           2.05197            144.59           144.099          0.138248
           2.07762            145.39           147.763          0.119297
           2.10327           148.464           150.714          0.134819
           2.12892           151.632           152.797          0.134775
           2.15457           153.164           153.705          0.157034
           2.18022           153.066           154.233          0.156144
           2.20587            152.32           154.234          0.171189
           2.23152            153.39           153.913           0.16637
           2.25717           151.872           153.274          0.146381
           2.28282           149.718           152.756          0.174769
           2.30847           150.788           152.261          0.167345
           2.33412           150.366           151.828           0.17949
           2.35977           151.238             151.8           0.17361
           2.38542            151.09           152.165          0.171354
           2.41107           150.992           152.679          0.163992
           2.43672            151.15           153.724          0.163678
           2.46237           154.368           155.376          0.169166
           2.48802           153.862           156.128          0.162156
           2.51366           155.884           157.454          0.149381
           2.53931            160.61           160.804          0.156431
                 0                 0                 0                 0
         0.0256496                 0                 0                 0
         0.0512993                 0                 0                 0
         0.0769489                 0                 0                 0
          0.102599                 0                 0                 0
          0.128248                 0                 0                 0
          0.153898                 0                 0                 0
          0.179547                 0                 0                 0
          0.205197                 0                 0                 0
          0.230847                 0                 0                 0
          0.256496                 0                 0                 0
          0.282146                 0                 0                 0
          0.307796                 0                 0                 0
          0.333445                 0                 0                 0
          0.359095                 0                 0                 0
          0.384745                 0                 0                 0
          0.410394                 0                 0                 0
          0.436044                 0                 0                 0
          0.461694                 0                 0                 0
          0.487343                 0                 0                 0
          0.512993                 0                 0                 0
          0.538642                 0                 0                 0
          0.564292                 0                 0                 0
          0.589942                 0                 0                 0
          0.615591                 0                 0                 0
          0.641241                 0                 0                 0
          0.666891                 0                 0                 0
           0.69254                 0                 0                 0
           0.71819                 0                 0                 0
           0.74384                 0                 0                 0
          0.769489                 0                 0                 0
          0.795139                 0                 0                 0
          0.820788                 0                 0                 0
          0.846438                 0       0.000157895       8.93432e-05
          0.872088             0.038         0.0273684        0.00138563
          0.897737             0.564          0.557921        0.00627227
          0.923387             4.168           4.02821         0.0216986
          0.949037            14.764           14.5126         0.0513168
          0.974686            32.318           32.6761         0.0786325
           1.00034            54.546           53.2507         0.0964881
           1.02599            71.562           70.1007         0.0795516
           1.05164            80.698           80.4468         0.0778265
           1.07728            83.962           84.2435         0.0762297
           1.10293             83.28           83.2636         0.0979028
           1.12858            79.156           79.8147         0.0887076
           1.15423            74.502           74.8773         0.0885898
           1.17988              68.6           69.5403         0.0889531
           1.20553            63.136           64.4961         0.0885479
           1.23118            60.158           59.9603         0.0824727
           1.25683            55.048           55.9331         0.0831038
           1.28248            52.448           52.5693          0.088129
           1.30813             50.25           49.8813         0.0775202
           1.33378            47.882           47.6708         0.0682818
           1.35943             45.37           45.8687         0.0722328
           1.38508                45           44.6816         0.0696725
           1.41073            43.936           43.8411         0.0661441
           1.43638             42.97           43.2784         0.0746737
           1.46203             42.25            43.092          0.074637
           1.48768            42.254           43.3674         0.0853795
           1.51333            44.298           44.0045         0.0821024
           1.53898            45.128           45.0451         0.0714856
           1.56463            46.874            46.492         0.0786048
           1.59028            48.704           48.3382         0.0759682
           1.61593             50.55           50.6295         0.0903773
           1.64158            53.824           53.5787          0.089559
           1.66723            56.804           56.8356          0.104855
           1.69288             61.19           60.7408          0.093521
           1.71853            65.118           65.0301          0.096378
           1.74418             70.41           69.9782          0.103435
           1.76983             76.36            75.418          0.104422
           1.79547            82.074           81.2368          0.101017
           1.82112            88.176           87.5513          0.116923
           1.84677            95.284           93.8654          0.132312
           1.87242           100.704            100.53          0.142529
           1.89807           107.766           107.466          0.137795
           1.92372           114.062           114.202          0.130278
           1.94937           121.614           121.166           0.13762
           1.97502           127.508           127.677          0.138612
           2.00067            135.44           133.836          0.122543
           2.02632            139.78           139.224          0.126899
           2.05197             142.8           144.082          0.137482
           2.07762           146.946           147.752          0.118211
           2.10327           151.958            150.73          0.134035
           2.12892           153.692           152.808          0.133515
           2.15457           152.764           153.692          0.155455
           2.18022            153.69           154.226          0.154254
           2.20587           153.818           154.228          0.169024
           2.23152           153.612           153.909          0.164228
           2.25717           151.508           153.251          0.146289
           2.28282           151.228           152.736          0.173622
           2.30847           150.146           152.233           0.16744
           2.33412           151.356           151.822          0.177235
           2.35977           151.484           151.796          0.171376
           2.38542           149.768           152.134          0.171977
           2.41107           152.558           152.677          0.161842
           2.43672            153.86           153.726          0.161534
           2.46237           156.218           155.387          0.167303
           2.48802           155.278           156.117          0.160408
           2.51366           157.384           157.453          0.147418
           2.53931           160.728           160.803          0.154376
                 0                 0                 0                 0
         0.0256496                 0                 0                 0
         0.0512993                 0                 0                 0
         0.0769489                 0                 0                 0
          0.102599                 0                 0                 0
          0.128248                 0                 0                 0
          0.153898                 0                 0                 0
          0.179547                 0                 0                 0
          0.205197                 0                 0                 0
          0.230847                 0                 0                 0
          0.256496                 0                 0                 0
          0.282146                 0                 0                 0
          0.307796                 0                 0                 0
          0.333445                 0                 0                 0
          0.359095                 0                 0                 0
          0.384745                 0                 0                 0
          0.410394                 0                 0                 0
          0.436044                 0                 0                 0
          0.461694                 0                 0                 0
          0.487343                 0                 0                 0
          0.512993                 0                 0                 0
          0.538642                 0                 0                 0
          0.564292                 0                 0                 0
          0.589942                 0                 0                 0
          0.615591                 0                 0                 0
          0.641241                 0                 0                 0
          0.666891                 0                 0                 0
           0.69254                 0                 0                 0
           0.71819                 0                 0                 0
           0.74384                 0                 0                 0
          0.769489                 0                 0                 0
          0.795139                 0                 0                 0
          0.820788                 0                 0                 0
          0.846438              0.01       0.000285714       0.000154602
          0.872088             0.042         0.0275584         0.0013806
          0.897737              0.67          0.559377        0.00635746
          0.923387              4.11           4.02927         0.0214427
          0.949037            14.404           14.5111         0.0506697
          0.974686            33.056            32.681         0.0777659
           1.00034            54.656           53.2689         0.0969458
           1.02599            70.938           70.1116         0.0792582
           1.05164            80.064           80.4418         0.0769744
           1.07728            82.724           84.2238         0.0777521
           1.10293            83.392           83.2653         0.0966455
           1.12858            79.962           79.8166         0.0875762
           1.15423            74.256           74.8693          0.087806
           1.17988            68.886           69.5318         0.0882027
           1.20553            64.314           64.4937         0.0874295
           1.23118            59.302           59.9517         0.0818436
           1.25683            55.412           55.9263         0.0822996
           1.28248            53.088           52.5761         0.0872415
           1.30813             49.71           49.8791         0.0765454
           1.33378            47.672           47.6708          0.067395
           1.35943            45.908           45.8692         0.0712965
           1.38508            44.812           44.6833         0.0687883
           1.41073            44.624           43.8512         0.0660621
           1.43638            43.912           43.2866         0.0741559
           1.46203            43.886           43.1023         0.0743767
           1.48768            44.306           43.3796         0.0851363
           1.51333            44.422           44.0099          0.081215
           1.53898            44.544           45.0386         0.0708529
           1.56463            46.518           46.4923         0.0775847
           1.59028            48.798           48.3441         0.0752159
           1.61593            51.426           50.6398         0.0897936
           1.64158            54.278           53.5878         0.0888552
           1.66723            56.832           56.8356          0.103493
           1.69288            61.346           60.7487         0.0926361
           1.71853            65.188           65.0321         0.0951482
           1.74418            70.546           69.9856          0.102354
           1.76983            75.452           75.4184          0.103067
           1.79547            81.058           81.2344         0.0997317
           1.82112            86.922           87.5431          0.115689
           1.84677            93.018           93.8544           0.13105
           1.87242            99.908           100.522          0.140907
           1.89807           106.006           107.447          0.137304
           1.92372           113.702           114.195          0.128748
           1.94937           121.642           121.173          0.135971
           1.97502           127.646           127.677          0.136813
           2.00067           133.434           133.831          0.121063
           2.02632           138.484           139.215          0.125614
           2.05197           144.612           144.089          0.135868
           2.07762           146.998           147.742           0.11708
           2.10327            149.85           150.719          0.132781
           2.12892           151.766           152.795          0.132466
           2.15457           152.848           153.681          0.153822
           2.18022           153.082           154.211          0.152964
           2.20587           153.732           154.222          0.166951
           2.23152           154.304           153.915          0.162175
           2.25717           152.676           153.244          0.144579
           2.28282           153.886           152.751          0.172008
           2.30847            153.61           152.251          0.166218
           2.33412           151.102           151.812           0.17518
           2.35977           153.472           151.818          0.170527
           2.38542           151.756           152.129          0.169814
           2.41107           153.214           152.684           0.15989
           2.43672           155.618            153.75          0.161295
           2.46237            154.54           155.376          0.165491
           2.48802           156.424           156.121          0.158374
           2.51366           159.598           157.481          0.148113
           2.53931           161.856           160.816          0.152976
                 0                 0                 0                 0
         0.0256496                 0                 0                 0
         0.0512993                 0                 0                 0
         0.0769489                 0                 0                 0
          0.102599                 0                 0                 0
          0.128248                 0                 0                 0
          0.153898                 0                 0                 0
          0.179547                 0                 0                 0
          0.205197                 0                 0                 0
          0.230847                 0                 0                 0
          0.256496                 0                 0                 0
          0.282146                 0                 0                 0
          0.307796                 0                 0                 0
          0.333445                 0                 0                 0
          0.359095                 0                 0                 0
          0.384745                 0                 0                 0
          0.410394                 0                 0                 0
          0.436044                 0                 0                 0
          0.461694                 0                 0                 0
          0.487343                 0                 0                 0
          0.512993                 0                 0                 0
          0.538642                 0                 0                 0
          0.564292                 0                 0                 0
          0.589942                 0                 0                 0
          0.615591                 0                 0                 0
          0.641241                 0                 0                 0
          0.666891                 0                 0                 0
           0.69254                 0                 0                 0
           0.71819                 0                 0                 0
           0.74384                 0                 0                 0
          0.769489                 0                 0                 0
          0.795139                 0                 0                 0
          0.820788                 0                 0                 0
          0.846438                 0       0.000282051       0.000152664
          0.872088              0.01         0.0273333        0.00138113
          0.897737             0.562           0.55941        0.00627604
          0.923387             3.934           4.02805         0.0212026
          0.949037             14.69           14.5134         0.0500719
          0.974686            33.232           32.6881          0.077089
           1.00034            54.012           53.2784         0.0961698
           1.02599            71.012           70.1231         0.0790783
           1.05164            81.428           80.4544          0.077019
           1.07728            83.556           84.2152         0.0772252
           1.10293             83.35           83.2664         0.0954126
           1.12858            79.152           79.8081         0.0868669
           1.15423            73.842           74.8561         0.0876624
           1.17988            68.268           69.5156         0.0885475
           1.20553            64.172           64.4896         0.0864058
           1.23118            59.558           59.9467         0.0809498
           1.25683             55.45           55.9202         0.0814707
           1.28248             51.66           52.5643         0.0869099
           1.30813            49.322            49.872         0.0758965
           1.33378            47.228           47.6651         0.0667696
           1.35943            45.404           45.8632         0.0706314
           1.38508             43.94           44.6738         0.0685633
           1.41073            44.528           43.8599         0.0657824
           1.43638            43.572           43.2903         0.0732954
           1.46203             41.73           43.0847         0.0754753
           1.48768            43.566            43.382         0.0840783
           1.51333            43.564           44.0042         0.0803747
           1.53898             46.01           45.0511         0.0710305
           1.56463            46.064           46.4868         0.0767841
           1.59028            49.564           48.3598         0.0758601
           1.61593            51.408           50.6497         0.0891809
           1.64158            54.874           53.6043         0.0892331
           1.66723            57.896           56.8492          0.103055
           1.69288             61.26           60.7552         0.0916801
           1.71853              65.3           65.0356         0.0939903
           1.74418            71.042           69.9991          0.101934
           1.76983             76.89           75.4373          0.103458
           1.79547            83.108           81.2585          0.101304
           1.82112            89.296           87.5656          0.116369
           1.84677            94.976           93.8688          0.130157
           1.87242           101.156            100.53          0.139335
           1.89807           109.124           107.469          0.137216
           1.92372            114.48           114.199          0.127149
           1.94937           121.494           121.177           0.13429
           1.97502           127.592           127.676          0.135063
           2.00067           131.242           133.798          0.123977
           2.02632           138.136           139.201          0.124763
           2.05197           142.324           144.067          0.135998
           2.07762            145.05           147.708           0.12056
           2.10327           150.038            150.71          0.131365
           2.12892           151.352           152.776          0.132053
           2.15457           151.974            153.66            0.1534
           2.18022           154.092            154.21          0.151011
           2.20587           154.756           154.229          0.164951
           2.23152           152.832           153.901          0.160689
           2.25717           152.864           153.239          0.142808
           2.28282           151.178           152.731          0.170981
           2.30847           150.372           152.227          0.165823
           2.33412           150.118           151.791          0.174276
           2.35977           149.084           151.783          0.171905
           2.38542           150.724           152.111          0.168589
           2.41107           153.106            152.69          0.157932
           2.43672            153.47           153.747          0.159267
           2.46237           155.634            155.38          0.163403
           2.48802           156.184           156.122          0.156346
           2.51366           156.908           157.473          0.146396
           2.53931           161.182           160.821          0.151087
                 0                 0                 0                 0
         0.0256496                 0                 0                 0
         0.0512993                 0                 0                 0
         0.0769489                 0                 0                 0
          0.102599                 0                 0                 0
          0.128248                 0                 0                 0
          0.153898                 0                 0                 0
          0.179547                 0                 0                 0
          0.205197                 0                 0                 0
          0.230847                 0                 0                 0
          0.256496                 0                 0                 0
          0.282146                 0                 0                 0
          0.307796                 0                 0                 0
          0.333445                 0                 0                 0
          0.359095                 0                 0                 0
          0.384745                 0                 0                 0
          0.410394                 0                 0                 0
          0.436044                 0                 0                 0
          0.461694                 0                 0                 0
          0.487343                 0                 0                 0
          0.512993                 0                 0                 0
          0.538642                 0                 0                 0
          0.564292                 0                 0                 0
          0.589942                 0                 0                 0
          0.615591                 0                 0                 0
          0.641241                 0                 0                 0
          0.666891                 0                 0                 0
           0.69254                 0                 0                 0
           0.71819                 0                 0                 0
           0.74384                 0                 0                 0
          0.769489                 0                 0                 0
          0.795139                 0                 0                 0
          0.820788                 0                 0                 0
          0.846438                 0       0.000278481       0.000150773
          0.872088             0.044         0.0275443        0.00137967
          0.897737             0.574          0.559595        0.00619932
          0.923387             3.952           4.02709         0.0209561
          0.949037            14.198           14.5094          0.049597
          0.974686            31.528           32.6734         0.0774993
           1.00034             52.33           53.2664         0.0956989
           1.02599            69.176           70.1111         0.0789808
           1.05164             80.36           80.4532         0.0760533
           1.07728            84.346           84.2169         0.0762654
           1.10293            84.926           83.2874         0.0964898
           1.12858            80.256           79.8138         0.0859522
           1.15423            76.422           74.8759         0.0887654
           1.17988            70.954           69.5338         0.0892791
           1.20553            65.834           64.5066         0.0869718
           1.23118            61.788             59.97          0.083213
           1.25683            57.876            55.945         0.0841169
           1.28248            53.558           52.5769         0.0867152
           1.30813             50.52           49.8802         0.0753778
           1.33378            47.014           47.6569         0.0664311
           1.35943            45.834           45.8628         0.0697383
           1.38508            43.592           44.6601         0.0690492
           1.41073            43.004           43.8491         0.0658359
           1.43638            42.564           43.2811         0.0729419
           1.46203             41.21            43.061         0.0781614
           1.48768            42.344           43.3689         0.0840345
           1.51333             42.89           43.9901         0.0805852
           1.53898             44.71           45.0468         0.0702625
           1.56463             44.81           46.4656         0.0786913
           1.59028             46.71           48.3389         0.0777212
           1.61593            49.208           50.6314         0.0898998
           1.64158            51.122           53.5728          0.093472
           1.66723            54.686           56.8218          0.105326
           1.69288            59.136           60.7347         0.0927825
           1.71853            63.954           65.0219         0.0937923
           1.74418            69.004           69.9865          0.101419
           1.76983             75.56           75.4389           0.10216
           1.79547             81.68           81.2638          0.100162
           1.82112            88.108           87.5724          0.115098
           1.84677            95.918           93.8948          0.131068
           1.87242           100.796           100.534          0.137611
           1.89807           109.376           107.493          0.137586
           1.92372           115.286           114.213          0.126282
           1.94937           123.224           121.203          0.135068
           1.97502           128.678           127.688          0.133948
           2.00067           138.408           133.856          0.135449
           2.02632           142.476           139.242          0.129889
           2.05197           146.714             144.1          0.138344
           2.07762           148.624           147.719           0.11959
           2.10327           150.816           150.711          0.129709
           2.12892           154.208           152.795          0.131619
           2.15457           154.272           153.667          0.151654
           2.18022            153.75           154.204          0.149211
           2.20587           154.472           154.232          0.162892
           2.23152           154.888           153.913           0.15914
           2.25717           154.666           153.257          0.142138
           2.28282           152.476           152.727          0.168847
           2.30847           152.144           152.226          0.163728
           2.33412           150.156            151.77          0.173293
           2.35977           150.918           151.772          0.170077
           2.38542           150.386           152.089          0.167862
           2.41107           151.396           152.673          0.156779
           2.43672           150.544           153.706          0.162328
           2.46237           152.336           155.341          0.165814
           2.48802            152.26           156.073          0.161828
           2.51366           155.716           157.451          0.146223
           2.53931           157.514           160.779          0.154865
                 0                 0                 0                 0
         0.0256496                 0                 0                 0
         0.0512993                 0                 0                 0
         0.0769489                 0                 0                 0
          0.102599                 0                 0                 0
          0.128248                 0                 0                 0
          0.153898                 0                 0                 0
          0.179547                 0                 0                 0
          0.205197                 0                 0                 0
          0.230847                 0                 0                 0
          0.256496                 0                 0                 0
          0.282146                 0                 0                 0
          0.307796                 0                 0                 0
          0.333445                 0                 0                 0
          0.359095                 0                 0                 0
          0.384745                 0                 0                 0
          0.410394                 0                 0                 0
          0.436044                 0                 0                 0
          0.461694                 0                 0                 0
          0.487343                 0                 0                 0
          0.512993                 0                 0                 0
          0.538642                 0                 0                 0
          0.564292                 0                 0                 0
          0.589942                 0                 0                 0
          0.615591                 0                 0                 0
          0.641241                 0                 0                 0
          0.666891                 0                 0                 0
           0.69254                 0                 0                 0
           0.71819                 0                 0                 0
           0.74384                 0                 0                 0
          0.769489                 0                 0                 0
          0.795139                 0                 0                 0
          0.820788                 0                 0                 0
          0.846438                 0          0.000275       0.000148928
          0.872088             0.008            0.0273        0.00138388
          0.897737             0.554          0.559525        0.00612222
          0.923387             3.952           4.02615         0.0207151
          0.949037            14.794            14.513         0.0491045
          0.974686             32.65           32.6731         0.0765311
           1.00034             53.27           53.2665         0.0945027
           1.02599             70.52           70.1162         0.0781588
           1.05164            79.758           80.4445         0.0755975
           1.07728              84.4           84.2192         0.0753464
           1.10293            83.762           83.2933         0.0954659
           1.12858            79.774           79.8133         0.0848792
           1.15423            74.234           74.8679         0.0880178
           1.17988             69.07            69.528         0.0883511
           1.20553            64.252           64.5034         0.0859428
           1.23118            58.874           59.9563          0.083293
           1.25683            55.992           55.9455         0.0830675
           1.28248            52.948           52.5815         0.0857553
           1.30813            49.408           49.8743         0.0746663
           1.33378            47.542           47.6554         0.0656162
           1.35943            46.232           45.8674         0.0690191
           1.38508            45.268           44.6677          0.068603
           1.41073            44.258           43.8542         0.0652111
           1.43638            43.872           43.2885         0.0724031
           1.46203             42.88           43.0587         0.0772171
           1.48768            43.972           43.3764         0.0833215
           1.51333            44.378           43.9949         0.0797236
           1.53898             45.03           45.0466         0.0693845
           1.56463            46.164           46.4619         0.0777979
           1.59028            48.298           48.3384         0.0767513
           1.61593            50.572           50.6307         0.0887791
           1.64158              53.7           53.5744         0.0923171
           1.66723             57.15           56.8259          0.104089
           1.69288            60.774           60.7352          0.091624
           1.71853            65.058           65.0223          0.092621
           1.74418            69.588           69.9815          0.100274
           1.76983            75.596           75.4408          0.100902
           1.79547            80.236            81.251          0.099731
           1.82112            86.644           87.5608          0.114243
           1.84677            94.568           93.9032            0.1297
           1.87242           100.878           100.538          0.135959
           1.89807            107.42           107.492          0.135869
           1.92372           114.372           114.215          0.124719
           1.94937            121.21           121.203          0.133379
           1.97502            128.93           127.704           0.13317
           2.00067           134.198            133.86          0.133823
           2.02632           138.726           139.236          0.128426
           2.05197           142.264           144.077          0.138505
           2.07762            147.08           147.711          0.118362
           2.10327           148.566           150.685          0.130831
           2.12892            152.71           152.793          0.129978
           2.15457           152.544           153.653          0.150407
           2.18022            152.67           154.185          0.148573
           2.20587           152.852           154.214          0.161766
           2.23152           154.626           153.922            0.1574
           2.25717           155.208           153.281          0.142438
           2.28282            153.55           152.738          0.167049
           2.30847           153.058           152.236          0.162011
           2.33412           152.452           151.778          0.171337
           2.35977           152.894           151.786          0.168528
           2.38542           152.882           152.099          0.166057
           2.41107           153.652           152.686          0.155296
           2.43672           154.786            153.72          0.160859
           2.46237           155.122           155.338          0.163764
           2.48802           155.506           156.066          0.159961
           2.51366           158.528           157.465          0.145013
           2.53931           162.348           160.799          0.154166
                 0                 0                 0                 0
         0.0256496                 0                 0                 0
         0.0512993                 0                 0                 0
         0.0769489                 0                 0                 0
          0.102599                 0                 0                 0
          0.128248                 0                 0                 0
          0.153898                 0                 0                 0
          0.179547                 0                 0                 0
          0.205197                 0                 0                 0
          0.230847                 0                 0                 0
          0.256496                 0                 0                 0
          0.282146                 0                 0                 0
          0.307796                 0                 0                 0
          0.333445                 0                 0                 0
          0.359095                 0                 0                 0
          0.384745                 0                 0                 0
          0.410394                 0                 0                 0
          0.436044                 0                 0                 0
          0.461694                 0                 0                 0
          0.487343                 0                 0                 0
          0.512993                 0                 0                 0
          0.538642                 0                 0                 0
          0.564292                 0                 0                 0
          0.589942                 0                 0                 0
          0.615591                 0                 0                 0
          0.641241                 0                 0                 0
          0.666891                 0                 0                 0
           0.69254                 0                 0                 0
           0.71819                 0                 0                 0
           0.74384                 0                 0                 0
          0.769489                 0                 0                 0
          0.795139                 0                 0                 0
          0.820788                 0                 0                 0
          0.846438                 0       0.000271605       0.000147129
          0.872088             0.022         0.0272346        0.00136834
          0.897737              0.59          0.559901        0.00605818
          0.923387             4.234           4.02872         0.0206177
          0.949037            15.244            14.522         0.0493206
          0.974686            33.124           32.6787         0.0757884
           1.00034            53.074           53.2641         0.0933659
           1.02599            71.546           70.1339          0.079162
           1.05164            80.436           80.4444         0.0746643
           1.07728            84.042            84.217          0.074448
           1.10293            82.556           83.2842         0.0947203
           1.12858            80.082           79.8166         0.0838961
           1.15423             74.86           74.8678         0.0869312
           1.17988            69.142           69.5232         0.0873888
           1.20553            63.926           64.4963          0.085177
           1.23118            60.254             59.96         0.0823457
           1.25683            56.228            55.949         0.0821151
           1.28248            52.216            52.577         0.0848152
           1.30813            49.884           49.8744         0.0737446
           1.33378            46.906           47.6462         0.0654552
           1.35943            45.394           45.8616          0.068414
           1.38508            44.544           44.6661          0.067773
           1.41073             43.12           43.8451         0.0650329
           1.43638             42.82           43.2827         0.0717399
           1.46203             42.69           43.0541         0.0763979
           1.48768            43.078           43.3727         0.0823743
           1.51333            43.432            43.988         0.0790417
           1.53898            44.234           45.0365         0.0692493
           1.56463            45.988            46.456         0.0770571
           1.59028            48.108           48.3355         0.0758565
           1.61593             49.95           50.6223         0.0880798
           1.64158             53.89           53.5783         0.0912596
           1.66723            57.456           56.8337          0.103094
           1.69288              60.5           60.7323         0.0905389
           1.71853            67.372           65.0513         0.0959126
           1.74418            71.394            69.999           0.10054
           1.76983            77.584           75.4673          0.103067
           1.79547            83.046           81.2731          0.100932
           1.82112            88.398           87.5712          0.113299
           1.84677            94.622            93.912          0.128402
           1.87242           102.674           100.564          0.136814
           1.89807           108.854           107.509          0.135228
           1.92372           114.028           114.212          0.123201
           1.94937           120.928           121.199          0.131776
           1.97502           128.518           127.714          0.131904
           2.00067           132.804           133.847          0.132805
           2.02632           138.426           139.226          0.127229
           2.05197           144.016           144.076          0.136797
           2.07762           146.556           147.697          0.117757
           2.10327           149.172           150.666          0.130541
           2.12892            150.31           152.763           0.13194
           2.15457           153.068           153.646          0.148723
           2.18022           152.924           154.169          0.147552
           2.20587           152.624           154.195          0.160957
           2.23152           153.614           153.918          0.155503
           2.25717            151.58            153.26           0.14222
           2.28282           150.094           152.705          0.168145
           2.30847           149.978           152.208          0.162392
           2.33412           149.918           151.755          0.170754
           2.35977           150.886           151.775          0.166813
           2.38542           152.564           152.104          0.164106
           2.41107           151.508           152.671          0.154058
           2.43672           153.328           153.715          0.158946
           2.46237           155.396           155.339          0.161744
           2.48802           157.258           156.081          0.158661
           2.51366           159.516            157.49          0.145418
           2.53931           164.286           160.842           0.15816
                 0                 0                 0                 0
         0.0256496                 0                 0                 0
         0.0512993                 0                 0                 0
         0.0769489                 0                 0                 0
          0.102599                 0                 0                 0
          0.128248                 0                 0                 0
          0.153898                 0                 0                 0
          0.179547                 0                 0                 0
          0.205197                 0                 0                 0
          0.230847                 0                 0                 0
          0.256496                 0                 0                 0
          0.282146                 0                 0                 0
          0.307796                 0                 0                 0
          0.333445                 0                 0                 0
          0.359095                 0                 0                 0
          0.384745                 0                 0                 0
          0.410394                 0                 0                 0
          0.436044                 0                 0                 0
          0.461694                 0                 0                 0
          0.487343                 0                 0                 0
          0.512993                 0                 0                 0
          0.538642                 0                 0                 0
          0.564292                 0                 0                 0
          0.589942                 0                 0                 0
          0.615591                 0                 0                 0
          0.641241                 0                 0                 0
          0.666891                 0                 0                 0
           0.69254                 0                 0                 0
           0.71819                 0                 0                 0
           0.74384                 0                 0                 0
          0.769489                 0                 0                 0
          0.795139                 0                 0                 0
          0.820788                 0                 0                 0
          0.846438                 0       0.000268293       0.000145372
          0.872088              0.03         0.0272683        0.00135207
          0.897737             0.568              0.56        0.00598511
          0.923387                 4           4.02837         0.0203692
          0.949037            14.674           14.5239         0.0487539
          0.974686            32.906           32.6815         0.0749149
           1.00034            53.468           53.2666         0.0922604
           1.02599            70.474            70.138         0.0783052
           1.05164            80.062           80.4398         0.0738993
           1.07728            83.448           84.2076         0.0741284
           1.10293            83.138           83.2824          0.093582
           1.12858            79.452           79.8122         0.0829907
           1.15423            75.464           74.8751         0.0861746
           1.17988            70.012           69.5292         0.0865261
           1.20553            64.354           64.4946         0.0841559
           1.23118            60.666           59.9686         0.0817904
           1.25683            57.222           55.9646         0.0825681
           1.28248              52.5           52.5761         0.0837861
           1.30813            49.628           49.8714         0.0729065
           1.33378            46.466           47.6318         0.0662204
           1.35943             45.96           45.8628         0.0675902
           1.38508             43.67            44.654         0.0680266
           1.41073            43.718           43.8436         0.0642583
           1.43638            42.736            43.276         0.0711741
           1.46203            42.618           43.0488         0.0756511
           1.48768            43.024           43.3685         0.0814794
           1.51333            44.358           43.9925         0.0782065
           1.53898             44.92           45.0351         0.0684194
           1.56463            46.088           46.4515         0.0762479
           1.59028             47.64            48.327         0.0754041
           1.61593             50.95           50.6263         0.0870963
           1.64158              53.4           53.5761         0.0901726
           1.66723            57.962           56.8474          0.102751
           1.69288            60.322           60.7273         0.0895729
           1.71853            65.386           65.0554         0.0948298
           1.74418            69.472           69.9925         0.0995195
           1.76983            76.214           75.4764          0.102211
           1.79547            81.038           81.2702         0.0997417
           1.82112            88.208           87.5789          0.112183
           1.84677            94.974            93.925          0.127487
           1.87242           100.888           100.568          0.135202
           1.89807           107.632            107.51          0.133588
           1.92372           115.022           114.222          0.122093
           1.94937             121.7           121.205           0.13031
           1.97502           128.138           127.719          0.130397
           2.00067           134.014           133.849          0.131201
           2.02632           138.076           139.212          0.126448
           2.05197           142.214           144.054          0.137002
           2.07762            146.07           147.677          0.117981
           2.10327           148.456           150.639          0.131702
           2.12892           151.954           152.753          0.130699
           2.15457           155.742           153.672           0.14909
           2.18022           154.462           154.173          0.145796
           2.20587            154.37           154.197          0.159008
           2.23152           154.614           153.927          0.153838
           2.25717            154.99           153.281          0.142041
           2.28282           152.322             152.7           0.16616
           2.30847           151.924           152.205          0.160448
           2.33412           151.428           151.751          0.168718
           2.35977           150.966           151.765           0.16507
           2.38542           150.838           152.089           0.16283
           2.41107           154.554           152.694          0.153881
           2.43672           154.536           153.725          0.157323
           2.46237           156.272           155.351          0.160171
           2.48802           157.136           156.093          0.157248
           2.51366           156.728           157.481          0.143941
           2.53931           161.004           160.844          0.156244
                 0                 0                 0                 0
         0.0256496                 0                 0                 0
         0.0512993                 0                 0                 0
         0.0769489                 0                 0                 0
          0.102599                 0                 0                 0
          0.128248                 0                 0                 0
          0.153898                 0                 0                 0
          0.179547                 0                 0                 0
          0.205197                 0                 0                 0
          0.230847                 0                 0                 0
          0.256496                 0                 0                 0
          0.282146                 0                 0                 0
          0.307796                 0                 0                 0
          0.333445                 0                 0                 0
          0.359095                 0                 0                 0
          0.384745                 0                 0                 0
          0.410394                 0                 0                 0
          0.436044                 0                 0                 0
          0.461694                 0                 0                 0
          0.487343                 0                 0                 0
          0.512993                 0                 0                 0
          0.538642                 0                 0                 0
          0.564292                 0                 0                 0
          0.589942                 0                 0                 0
          0.615591                 0                 0                 0
          0.641241                 0                 0                 0
          0.666891                 0                 0                 0
           0.69254                 0                 0                 0
           0.71819                 0                 0                 0
           0.74384                 0                 0                 0
          0.769489                 0                 0                 0
          0.795139                 0                 0                 0
          0.820788                 0                 0                 0
          0.846438                 0        0.00026506       0.000143656
          0.872088             0.032         0.0273253        0.00133698
          0.897737             0.668          0.561301        0.00605279
          0.923387             4.318           4.03186         0.0204205
          0.949037             15.44           14.5349         0.0494001
          0.974686            33.034           32.6857         0.0741326
           1.00034            54.066           53.2762         0.0916502
           1.02599            69.868           70.1348         0.0774293
           1.05164            81.038            80.447         0.0733596
           1.07728             84.62           84.2126         0.0734016
           1.10293            82.884           83.2776         0.0925775
           1.12858            79.526           79.8087         0.0820624
           1.15423            73.516           74.8587          0.086678
           1.17988            69.562           69.5296         0.0854846
           1.20553            65.118           64.5021         0.0834765
           1.23118            59.904           59.9678         0.0808087
           1.25683            55.362           55.9573         0.0818918
           1.28248            52.002           52.5692         0.0830616
           1.30813            49.446           49.8663          0.072208
           1.33378             47.02           47.6244         0.0658315
           1.35943            45.104           45.8537         0.0673914
           1.38508            43.908            44.645         0.0677981
           1.41073             43.34           43.8375         0.0637698
           1.43638            43.098           43.2739         0.0703489
           1.46203            42.678           43.0444         0.0748715
           1.48768            43.022           43.3643         0.0806046
           1.51333            43.838           43.9906         0.0772864
           1.53898              44.4           45.0274         0.0680216
           1.56463            45.966           46.4457         0.0755533
           1.59028            48.576             48.33         0.0745553
           1.61593             51.46           50.6363         0.0866243
           1.64158            53.494           53.5752         0.0890916
           1.66723            58.008           56.8614           0.10246
           1.69288            61.868           60.7411         0.0895418
           1.71853            64.866           65.0531         0.0937147
           1.74418            69.448            69.986         0.0985365
           1.76983            75.104           75.4719          0.101078
           1.79547            80.224           81.2576         0.0993334
           1.82112            88.878           87.5946          0.111918
           1.84677            95.176           93.9401          0.126839
           1.87242           101.944           100.585          0.134585
           1.89807           107.928           107.515          0.132073
           1.92372           116.572           114.251          0.123861
           1.94937           121.982           121.215          0.129076
           1.97502            129.84           127.745          0.131305
           2.00067           134.028           133.851          0.129638
           2.02632           139.694           139.218          0.125057
           2.05197           144.058           144.054          0.135351
           2.07762           147.194           147.671          0.116703
           2.10327           151.864           150.654           0.13094
           2.12892           153.066           152.757          0.129179
           2.15457           153.554            153.67            0.1473
           2.18022           152.564           154.153          0.145322
           2.20587           153.344           154.187          0.157424
           2.23152           152.664           153.912          0.152735
           2.25717           151.466           153.259          0.142004
           2.28282            151.59           152.687          0.164695
           2.30847           151.916           152.201          0.158553
           2.33412           149.392           151.723          0.169064
           2.35977           151.806           151.765          0.163082
           2.38542           149.666            152.06          0.163464
           2.41107            150.87           152.672          0.153588
           2.43672           152.262           153.707          0.156412
           2.46237           153.866           155.333          0.159237
           2.48802           154.428           156.073          0.156628
           2.51366           156.558            157.47          0.142635
           2.53931            160.45           160.839          0.154433
                 0                 0                 0                 0
         0.0256496                 0                 0                 0
         0.0512993                 0                 0                 0
         0.0769489                 0                 0                 0
          0.102599                 0                 0                 0
          0.128248                 0                 0                 0
          0.153898                 0                 0                 0
          0.179547                 0                 0                 0
          0.205197                 0                 0                 0
          0.230847                 0                 0                 0
          0.256496                 0                 0                 0
          0.282146                 0                 0                 0
          0.307796                 0                 0                 0
          0.333445                 0                 0                 0
          0.359095                 0                 0                 0
          0.384745                 0                 0                 0
          0.410394                 0                 0                 0
          0.436044                 0                 0                 0
          0.461694                 0                 0                 0
          0.487343                 0                 0                 0
          0.512993                 0                 0                 0
          0.538642                 0                 0                 0
          0.564292                 0                 0                 0
          0.589942                 0                 0                 0
          0.615591                 0                 0                 0
          0.641241                 0                 0                 0
          0.666891                 0                 0                 0
           0.69254                 0                 0                 0
           0.71819                 0                 0                 0
           0.74384                 0                 0                 0
          0.769489                 0                 0                 0
          0.795139                 0                 0                 0
          0.820788                 0                 0                 0
          0.846438                 0       0.000261905        0.00014198
          0.872088             0.038         0.0274524        0.00132709
          0.897737             0.626          0.562071        0.00602954
          0.923387             3.918            4.0305         0.0202224
          0.949037            14.314           14.5323          0.048882
          0.974686            32.424           32.6826         0.0733155
           1.00034            52.816           53.2707         0.0907227
           1.02599            69.146            70.123         0.0773971
           1.05164             80.71           80.4501          0.072553
           1.07728            85.352           84.2261         0.0737705
           1.10293            83.948           83.2856         0.0918187
           1.12858            80.556           79.8176         0.0815663
           1.15423            75.658           74.8682         0.0861669
           1.17988            69.282           69.5266         0.0845177
           1.20553            64.808           64.5057         0.0825621
           1.23118             59.03           59.9566         0.0806142
           1.25683            55.932            55.957         0.0809175
           1.28248            51.706           52.5589         0.0827059
           1.30813            49.406           49.8608          0.071556
           1.33378            47.772           47.6262         0.0650712
           1.35943            46.284           45.8588         0.0667835
           1.38508            45.094           44.6504         0.0672014
           1.41073            44.702           43.8478         0.0638357
           1.43638            43.466           43.2762         0.0695486
           1.46203            43.122           43.0453         0.0739859
           1.48768            43.718           43.3685         0.0797549
           1.51333            43.988           43.9906         0.0763663
           1.53898            44.676           45.0233         0.0673403
           1.56463            45.964           46.4399         0.0748711
           1.59028            47.518           48.3204         0.0742918
           1.61593             50.18           50.6309         0.0857632
           1.64158             54.43           53.5853         0.0886103
           1.66723            56.724           56.8598          0.101254
           1.69288             60.73           60.7409         0.0884759
           1.71853            65.348           65.0566         0.0926648
           1.74418            69.744           69.9831         0.0974055
           1.76983            75.362           75.4706         0.0998834
           1.79547            80.094           81.2438         0.0991121
           1.82112            86.614           87.5829          0.111193
           1.84677            93.526           93.9351          0.125425
           1.87242            99.742           100.575          0.133357
           1.89807           106.858           107.508          0.130732
           1.92372            113.59           114.243          0.122635
           1.94937           119.366           121.193          0.129402
           1.97502            126.75           127.733          0.130275
           2.00067           132.932            133.84          0.128556
           2.02632           138.966           139.215          0.123605
           2.05197           144.544           144.059          0.133865
           2.07762           148.696           147.684          0.115949
           2.10327           151.484           150.664          0.129753
           2.12892           156.098           152.796          0.133625
           2.15457           156.998            153.71           0.15078
           2.18022            156.65           154.183            0.1466
           2.20587           155.644           154.204          0.156503
           2.23152             155.6           153.932          0.152233
           2.25717           154.776           153.278          0.141456
           2.28282           154.532           152.709          0.164193
           2.30847           153.636           152.218          0.157583
           2.33412             152.7           151.735          0.167451
           2.35977           154.078           151.793          0.163448
           2.38542           152.194           152.061          0.161526
           2.41107           152.004           152.664          0.151966
           2.43672            149.98           153.663           0.16072
           2.46237           152.134           155.295           0.16183
           2.48802           153.494           156.043          0.157745
           2.51366            154.28           157.432          0.145904
           2.53931           155.786           160.779          0.163892
                 0                 0                 0                 0
         0.0256496                 0                 0                 0
         0.0512993                 0                 0                 0
         0.0769489                 0                 0                 0
          0.102599                 0                 0                 0
          0.128248                 0                 0                 0
          0.153898                 0                 0                 0
          0.179547                 0                 0                 0
          0.205197                 0                 0                 0
          0.230847                 0                 0                 0
          0.256496                 0                 0                 0
          0.282146                 0                 0                 0
          0.307796                 0                 0                 0
          0.333445                 0                 0                 0
          0.359095                 0                 0                 0
          0.384745                 0                 0                 0
          0.410394                 0                 0                 0
          0.436044                 0                 0                 0
          0.461694                 0                 0                 0
          0.487343                 0                 0                 0
          0.512993                 0                 0                 0
          0.538642                 0                 0                 0
          0.564292                 0                 0                 0
          0.589942                 0                 0                 0
          0.615591                 0                 0                 0
          0.641241                 0                 0                 0
          0.666891                 0                 0                 0
           0.69254                 0                 0                 0
           0.71819                 0                 0                 0
           0.74384                 0                 0                 0
          0.769489                 0                 0                 0
          0.795139                 0                 0                 0
          0.820788                 0                 0                 0
          0.846438                 0       0.000258824       0.000140344
          0.872088             0.016         0.0273176         0.0013183
          0.897737             0.698          0.563671        0.00616703
          0.923387              4.16           4.03202         0.0200418
          0.949037            15.278           14.5411         0.0490879
          0.974686            33.386           32.6909         0.0729185
           1.00034            54.486            53.285         0.0907749
           1.02599            71.158           70.1352         0.0774385
           1.05164            81.676           80.4645         0.0731188
           1.07728             83.94           84.2228         0.0729794
           1.10293            83.232            83.285         0.0907407
           1.12858            77.294           79.7879         0.0858402
           1.15423            73.678           74.8542         0.0862834
           1.17988            69.266           69.5236         0.0835789
           1.20553             65.29           64.5149         0.0821048
           1.23118            60.154            59.959         0.0796992
           1.25683            55.272           55.9489         0.0803658
           1.28248            51.198           52.5429         0.0832682
           1.30813            48.534           49.8452         0.0723966
           1.33378            46.026           47.6073         0.0669735
           1.35943            45.224           45.8513         0.0664141
           1.38508            45.066           44.6552         0.0665885
           1.41073             43.47           43.8433         0.0632393
           1.43638            43.234           43.2757         0.0687322
           1.46203            43.702            43.053         0.0735177
           1.48768            43.274           43.3674         0.0788244
           1.51333            44.378           43.9952         0.0756038
           1.53898            45.232           45.0257         0.0665929
           1.56463             47.14           46.4482         0.0744419
           1.59028            48.186           48.3188         0.0734346
           1.61593            50.488           50.6292         0.0847707
           1.64158            52.742           53.5754         0.0881215
           1.66723            56.364           56.8539           0.10023
           1.69288            60.848           60.7422          0.087444
           1.71853            66.234           65.0705          0.092604
           1.74418             70.31           69.9869         0.0963355
           1.76983             75.55           75.4715         0.0987127
           1.79547            81.164           81.2428         0.0979505
           1.82112            88.306           87.5914           0.11021
           1.84677            95.438           93.9528          0.125189
           1.87242           101.242           100.583          0.132019
           1.89807           109.362           107.529          0.131002
           1.92372           116.886           114.274          0.125073
           1.94937           123.594           121.221          0.130927
           1.97502           129.294           127.751          0.130031
           2.00067           135.218           133.857          0.128061
           2.02632           138.936           139.211          0.122194
           2.05197           144.608           144.066          0.132446
           2.07762           146.084           147.665          0.116103
           2.10327           150.238           150.659          0.128323
           2.12892           150.726           152.772          0.134255
           2.15457           149.514            153.66          0.156878
           2.18022            153.96           154.181          0.144899
           2.20587           151.558           154.173          0.157727
           2.23152           152.534           153.915          0.151328
           2.25717           151.844           153.261          0.140794
           2.28282           150.558           152.684            0.1642
           2.30847           152.114           152.217          0.155734
           2.33412           150.534           151.721          0.166075
           2.35977           151.024           151.784          0.161775
           2.38542            150.49           152.043           0.16068
           2.41107           152.518           152.662          0.150187
           2.43672            154.88           153.677          0.159466
           2.46237           154.262           155.282          0.160381
           2.48802           155.726           156.039          0.155933
           2.51366           156.524           157.421          0.144577
           2.53931           159.748           160.767          0.162412
                 0                 0                 0                 0
         0.0256496                 0                 0                 0
         0.0512993                 0                 0                 0
         0.0769489                 0                 0                 0
          0.102599                 0                 0                 0
          0.128248                 0                 0                 0
          0.153898                 0                 0                 0
          0.179547                 0                 0                 0
          0.205197                 0                 0                 0
          0.230847                 0                 0                 0
          0.256496                 0                 0                 0
          0.282146                 0                 0                 0
          0.307796                 0                 0                 0
          0.333445                 0                 0                 0
          0.359095                 0                 0                 0
          0.384745                 0                 0                 0
          0.410394                 0                 0                 0
          0.436044                 0                 0                 0
          0.461694                 0                 0                 0
          0.487343                 0                 0                 0
          0.512993                 0                 0                 0
          0.538642                 0                 0                 0
          0.564292                 0                 0                 0
          0.589942                 0                 0                 0
          0.615591                 0                 0                 0
          0.641241                 0                 0                 0
          0.666891                 0                 0                 0
           0.69254                 0                 0                 0
           0.71819                 0                 0                 0
           0.74384                 0                 0                 0
          0.769489                 0                 0                 0
          0.795139                 0                 0                 0
          0.820788                 0                 0                 0
          0.846438                 0       0.000255814       0.000138744
          0.872088             0.032         0.0273721        0.00130409
          0.897737             0.506             0.563        0.00613167
          0.923387             3.808           4.02942         0.0199773
          0.949037            13.748           14.5318         0.0493757
          0.974686            31.778           32.6803         0.0728391
           1.00034            52.322           53.2738         0.0904075
           1.02599            69.824           70.1316         0.0766225
           1.05164            80.394           80.4637         0.0722732
           1.07728            84.388           84.2247          0.072156
           1.10293            83.242           83.2845         0.0896869
           1.12858              80.8           79.7997         0.0856449
           1.15423            75.928           74.8667         0.0861788
           1.17988            70.084           69.5301         0.0828608
           1.20553            66.556           64.5387         0.0845107
           1.23118            61.088           59.9721         0.0798464
           1.25683            56.818            55.959         0.0800641
           1.28248            52.846           52.5464         0.0823745
           1.30813             49.58           49.8421         0.0716204
           1.33378             48.06           47.6126         0.0664012
           1.35943            46.424            45.858         0.0659748
           1.38508            44.194           44.6499         0.0660298
           1.41073            44.426           43.8501         0.0628658
           1.43638            43.066           43.2732         0.0679762
           1.46203            43.566            43.059         0.0729045
           1.48768            42.764           43.3604         0.0782195
           1.51333            44.094           43.9963         0.0747334
           1.53898            43.292           45.0056         0.0688023
           1.56463              45.8           46.4406         0.0739569
           1.59028            46.326           48.2956         0.0761489
           1.61593             49.57           50.6169          0.084675
           1.64158            52.142           53.5587         0.0886591
           1.66723            55.408           56.8371          0.100465
           1.69288            59.386           60.7264         0.0878377
           1.71853            64.278           65.0613         0.0919846
           1.74418            69.886           69.9858         0.0952224
           1.76983            74.164           75.4563         0.0987287
           1.79547            81.202           81.2424         0.0968127
           1.82112             87.04            87.585          0.109114
           1.84677            95.324           93.9688          0.124745
           1.87242           102.004           100.599          0.131514
           1.89807           107.382           107.528           0.12949
           1.92372           115.168           114.284           0.12405
           1.94937           123.616           121.249          0.132333
           1.97502           129.054           127.766          0.129398
           2.00067           134.458           133.864          0.126762
           2.02632           140.306           139.224          0.121434
           2.05197           144.196           144.067          0.130915
           2.07762           147.326           147.661          0.114819
           2.10327            151.21           150.665          0.126991
           2.12892            153.29           152.778          0.132829
           2.15457           153.992           153.664          0.155102
           2.18022           154.926           154.189          0.143473
           2.20587           155.556           154.189          0.156711
           2.23152           154.396           153.921          0.149671
           2.25717           153.894           153.268          0.139349
           2.28282           153.308           152.691          0.162451
           2.30847           151.016           152.203          0.154548
           2.33412           150.542           151.707          0.164709
           2.35977           152.792           151.796          0.160319
           2.38542           151.814            152.04          0.158834
           2.41107           152.432            152.66          0.148465
           2.43672            153.92            153.68          0.157637
           2.46237           154.636           155.275          0.158693
           2.48802            156.29           156.042          0.154147
           2.51366           155.468           157.398          0.144669
           2.53931           158.568           160.741          0.162523
                 0                 0                 0                 0
         0.0256496                 0                 0                 0
         0.0512993                 0                 0                 0
         0.0769489                 0                 0                 0
          0.102599                 0                 0                 0
          0.128248                 0                 0                 0
          0.153898                 0                 0                 0
          0.179547                 0                 0                 0
          0.205197                 0                 0                 0
          0.230847                 0                 0                 0
          0.256496                 0                 0                 0
          0.282146                 0                 0                 0
          0.307796                 0                 0                 0
          0.333445                 0                 0                 0
          0.359095                 0                 0                 0
          0.384745                 0                 0                 0
          0.410394                 0                 0                 0
          0.436044                 0                 0                 0
          0.461694                 0                 0                 0
          0.487343                 0                 0                 0
          0.512993                 0                 0                 0
          0.538642                 0                 0                 0
          0.564292                 0                 0                 0
          0.589942                 0                 0                 0
          0.615591                 0                 0                 0
          0.641241                 0                 0                 0
          0.666891                 0                 0                 0
           0.69254                 0                 0                 0
           0.71819                 0                 0                 0
           0.74384                 0                 0                 0
          0.769489                 0                 0                 0
          0.795139                 0                 0                 0
          0.820788                 0                 0                 0
          0.846438                 0       0.000252874        0.00013718
          0.872088             0.048         0.0276092        0.00131048
          0.897737             0.606          0.563494        0.00608108
          0.923387             4.088           4.03009          0.019759
          0.949037            14.176           14.5277         0.0489773
          0.974686            32.818           32.6818         0.0720191
           1.00034            53.488           53.2763         0.0894018
           1.02599            69.824            70.128         0.0758233
           1.05164            80.384           80.4628         0.0714483
           1.07728             85.32           84.2373         0.0724166
           1.10293            83.678            83.289           0.08877
           1.12858            79.052           79.7911         0.0850906
           1.15423            74.832           74.8663         0.0851891
           1.17988            69.556           69.5304         0.0819089
           1.20553             65.39           64.5485         0.0841039
           1.23118            59.488           59.9665         0.0791223
           1.25683             55.13           55.9495         0.0797089
           1.28248            52.292           52.5435         0.0814796
           1.30813            49.904           49.8428         0.0708007
           1.33378            46.664           47.6017         0.0665272
           1.35943             45.28           45.8513         0.0655501
           1.38508             44.45           44.6476         0.0653108
           1.41073            43.916           43.8509         0.0621478
           1.43638            43.164            43.272         0.0672064
           1.46203            42.252           43.0497         0.0726541
           1.48768             42.89            43.355         0.0775071
           1.51333            44.334           44.0002         0.0739751
           1.53898             44.26            44.997         0.0685431
           1.56463            46.408           46.4403         0.0731077
           1.59028            47.386           48.2852         0.0759881
           1.61593            51.048           50.6218         0.0838466
           1.64158            53.614           53.5594         0.0876423
           1.66723            57.296           56.8424         0.0994487
           1.69288             61.32           60.7332         0.0870926
           1.71853            65.308           65.0641          0.090971
           1.74418             70.91           69.9964         0.0947187
           1.76983             75.21           75.4535         0.0976345
           1.79547            82.036           81.2515         0.0961287
           1.82112            88.904           87.6002          0.108908
           1.84677            95.316           93.9843          0.124268
           1.87242           100.668             100.6          0.130005
           1.89807           108.394           107.538          0.128384
           1.92372           114.812            114.29          0.122772
           1.94937           120.856           121.244          0.130889
           1.97502           128.334           127.773          0.128075
           2.00067           133.042           133.854          0.125657
           2.02632           140.442           139.238          0.120843
           2.05197            144.86           144.077          0.129726
           2.07762           149.428           147.681          0.115282
           2.10327           152.762           150.689          0.127799
           2.12892           151.286           152.761          0.132404
           2.15457            151.94           153.644           0.15458
           2.18022            153.44           154.181          0.142082
           2.20587            153.07           154.176          0.155437
           2.23152           152.064           153.899          0.149465
           2.25717           151.488           153.248          0.139241
           2.28282           152.924           152.694          0.160605
           2.30847           151.706           152.197          0.152877
           2.33412           151.026           151.699          0.163001
           2.35977            151.57           151.793          0.158497
           2.38542           151.808           152.038           0.15703
           2.41107           151.186           152.643          0.147722
           2.43672           152.386           153.665          0.156525
           2.46237           152.632           155.245           0.15975
           2.48802            155.64           156.037          0.152444
           2.51366             156.9           157.392          0.143119
           2.53931           159.978           160.732          0.160891
                 0                 0                 0                 0
         0.0256496                 0                 0                 0
         0.0512993                 0                 0                 0
         0.0769489                 0                 0                 0
          0.102599                 0                 0                 0
          0.128248                 0                 0                 0
          0.153898                 0                 0                 0
          0.179547                 0                 0                 0
          0.205197                 0                 0                 0
          0.230847                 0                 0                 0
          0.256496                 0                 0                 0
          0.282146                 0                 0                 0
          0.307796                 0                 0                 0
          0.333445                 0                 0                 0
          0.359095                 0                 0                 0
          0.384745                 0                 0                 0
          0.410394                 0                 0                 0
          0.436044                 0                 0                 0
          0.461694                 0                 0                 0
          0.487343                 0                 0                 0
          0.512993                 0                 0                 0
          0.538642                 0                 0                 0
          0.564292                 0                 0                 0
          0.589942                 0                 0                 0
          0.615591                 0                 0                 0
          0.641241                 0                 0                 0
          0.666891                 0                 0                 0
           0.69254                 0                 0                 0
           0.71819                 0                 0                 0
           0.74384                 0                 0                 0
          0.769489                 0                 0                 0
          0.795139                 0                 0                 0
          0.820788                 0                 0                 0
          0.846438             0.002       0.000272727       0.000137051
          0.872088             0.058         0.0279545        0.00134032
          0.897737             0.582          0.563705        0.00601561
          0.923387             4.424           4.03457         0.0200351
          0.949037            15.306           14.5366         0.0492127
          0.974686            33.538           32.6916         0.0718548
           1.00034            55.114           53.2972         0.0907921
           1.02599            72.024           70.1496         0.0779626
           1.05164            80.266           80.4606         0.0706714
           1.07728            85.926           84.2565         0.0740927
           1.10293            83.078           83.2866         0.0877937
           1.12858            78.596           79.7775         0.0852006
           1.15423            73.364           74.8492         0.0859146
           1.17988            67.674           69.5093         0.0836505
           1.20553            63.248           64.5337         0.0844365
           1.23118            57.186           59.9349         0.0842964
           1.25683            55.118           55.9401         0.0793612
           1.28248            51.872           52.5358         0.0809101
           1.30813            48.356           49.8259         0.0719839
           1.33378             47.16           47.5967         0.0659603
           1.35943             45.27           45.8447         0.0651373
           1.38508             44.74           44.6486         0.0645771
           1.41073            43.322           43.8449         0.0617315
           1.43638             42.54           43.2637         0.0669555
           1.46203            43.196           43.0514         0.0718476
           1.48768            43.838           43.3605         0.0768204
           1.51333            43.742           43.9973         0.0731927
           1.53898            45.908           45.0073         0.0685415
           1.56463            46.728           46.4435         0.0723501
           1.59028            48.692           48.2898         0.0752651
           1.61593             51.47           50.6315         0.0834459
           1.64158             54.69           53.5722         0.0875831
           1.66723            57.596            56.851         0.0986866
           1.69288            61.428           60.7411           0.08646
           1.71853             66.95           65.0855          0.092427
           1.74418            71.564           70.0142         0.0953027
           1.76983             76.94           75.4704         0.0979754
           1.79547            82.418           81.2648         0.0959459
           1.82112            89.712           87.6242          0.110283
           1.84677             95.99            94.007          0.124929
           1.87242             101.3           100.608           0.12877
           1.89807           109.156           107.556          0.128235
           1.92372           114.782           114.296          0.121504
           1.94937           123.412           121.269          0.131699
           1.97502           127.022           127.764          0.126904
           2.00067           133.704           133.853           0.12424
           2.02632           138.594           139.231          0.119691
           2.05197            141.98           144.053          0.130422
           2.07762            146.57           147.669          0.114662
           2.10327           149.378           150.674          0.127212
           2.12892           149.772           152.727          0.135186
           2.15457            150.26           153.606          0.157535
           2.18022           151.474            154.15          0.143758
           2.20587           151.904            154.15            0.1558
           2.23152           149.756           153.852          0.155005
           2.25717           148.624           153.195          0.147238
           2.28282           150.862           152.673          0.160123
           2.30847           150.252           152.175           0.15273
           2.33412            150.44           151.685          0.161776
           2.35977           149.996           151.772          0.158006
           2.38542           151.638           152.033          0.155311
           2.41107           151.476            152.63          0.146637
           2.43672           153.364           153.662          0.154783
           2.46237           154.248           155.233          0.158335
           2.48802           158.976           156.071          0.154327
           2.51366           160.016           157.422          0.144565
           2.53931            164.73           160.778          0.165352
                 0                 0                 0                 0
         0.0256496                 0                 0                 0
         0.0512993                 0                 0                 0
         0.0769489                 0                 0                 0
          0.102599                 0                 0                 0
          0.128248                 0                 0                 0
          0.153898                 0                 0                 0
          0.179547                 0                 0                 0
          0.205197                 0                 0                 0
          0.230847                 0                 0                 0
          0.256496                 0                 0                 0
          0.282146                 0                 0                 0
          0.307796                 0                 0                 0
          0.333445                 0                 0                 0
          0.359095                 0                 0                 0
          0.384745                 0                 0                 0
          0.410394                 0                 0                 0
          0.436044                 0                 0                 0
          0.461694                 0                 0                 0
          0.487343                 0                 0                 0
          0.512993                 0                 0                 0
          0.538642                 0                 0                 0
          0.564292                 0                 0                 0
          0.589942                 0                 0                 0
          0.615591                 0                 0                 0
          0.641241                 0                 0                 0
          0.666891                 0                 0                 0
           0.69254                 0                 0                 0
           0.71819                 0                 0                 0
           0.74384                 0                 0                 0
          0.769489                 0                 0                 0
          0.795139                 0                 0                 0
          0.820788                 0                 0                 0
          0.846438                 0       0.000269663       0.000135545
          0.872088             0.024         0.0279101          0.001326
          0.897737              0.62          0.564337        0.00598118
          0.923387             4.056           4.03481         0.0198114
          0.949037            14.496           14.5361         0.0486618
          0.974686            32.356           32.6878         0.0711463
           1.00034            53.056           53.2945         0.0898124
           1.02599              69.2           70.1389         0.0778133
           1.05164            78.716            80.441         0.0725449
           1.07728            83.678             84.25         0.0735448
           1.10293             83.82           83.2926         0.0870115
           1.12858            80.382           79.7843         0.0845135
           1.15423            75.324           74.8546         0.0851147
           1.17988             69.66            69.511         0.0827277
           1.20553            65.992           64.5501         0.0850628
           1.23118            60.756           59.9442         0.0838526
           1.25683             57.68           55.9596         0.0808416
           1.28248            52.968           52.5407         0.0801466
           1.30813            50.812            49.837         0.0720227
           1.33378            48.556           47.6075          0.066094
           1.35943            46.368           45.8506         0.0646702
           1.38508             45.31           44.6561         0.0642776
           1.41073            43.696           43.8432         0.0610605
           1.43638            43.198           43.2629         0.0662072
           1.46203            42.798           43.0485         0.0710967
           1.48768             43.39           43.3608          0.075958
           1.51333            43.708            43.994         0.0724424
           1.53898            43.794           44.9937         0.0691139
           1.56463            45.842           46.4368         0.0718521
           1.59028             46.54           48.2701         0.0769444
           1.61593            49.588           50.6198         0.0833279
           1.64158            51.006           53.5434         0.0912219
           1.66723             56.14            56.843         0.0979005
           1.69288            58.942           60.7209           0.08782
           1.71853            64.492           65.0789         0.0916288
           1.74418            69.522           70.0087         0.0943922
           1.76983             75.38           75.4694         0.0968798
           1.79547            80.426           81.2553         0.0953296
           1.82112            88.062           87.6291          0.109154
           1.84677            94.572           94.0134          0.123686
           1.87242           101.394           100.617          0.127626
           1.89807           108.094           107.562          0.126937
           1.92372           115.094           114.305           0.12047
           1.94937           122.428           121.282          0.130861
           1.97502           129.248           127.781          0.126568
           2.00067           135.392            133.87          0.124043
           2.02632           140.622           139.246          0.119363
           2.05197           145.756           144.072          0.130353
           2.07762           149.218           147.686          0.114687
           2.10327           152.158           150.691           0.12687
           2.12892           153.218           152.733           0.13378
           2.15457           154.446           153.615          0.156048
           2.18022           154.752           154.157          0.142302
           2.20587           154.212           154.151          0.154051
           2.23152           153.756           153.851          0.153267
           2.25717           152.666           153.189          0.145704
           2.28282           153.284            152.68          0.158472
           2.30847            150.58           152.157          0.152062
           2.33412           150.738           151.674          0.160307
           2.35977           150.734           151.761           0.15666
           2.38542           150.446           152.015          0.154587
           2.41107            151.95           152.622          0.145188
           2.43672           151.238           153.634          0.155421
           2.46237           153.316           155.212          0.158015
           2.48802           154.178           156.049          0.154051
           2.51366            155.63           157.402          0.144336
           2.53931           159.674           160.765          0.163959
                 0                 0                 0                 0
         0.0256496                 0                 0                 0
         0.0512993                 0                 0                 0
         0.0769489                 0                 0                 0
          0.102599                 0                 0                 0
          0.128248                 0                 0                 0
          0.153898                 0                 0                 0
          0.179547                 0                 0                 0
          0.205197                 0                 0                 0
          0.230847                 0                 0                 0
          0.256496                 0                 0                 0
          0.282146                 0                 0                 0
          0.307796                 0                 0                 0
          0.333445                 0                 0                 0
          0.359095                 0                 0                 0
          0.384745                 0                 0                 0
          0.410394                 0                 0                 0
          0.436044                 0                 0                 0
          0.461694                 0                 0                 0
          0.487343                 0                 0                 0
          0.512993                 0                 0                 0
          0.538642                 0                 0                 0
          0.564292                 0                 0                 0
          0.589942                 0                 0                 0
          0.615591                 0                 0                 0
          0.641241                 0                 0                 0
          0.666891                 0                 0                 0
           0.69254                 0                 0                 0
           0.71819                 0                 0                 0
           0.74384                 0                 0                 0
          0.769489                 0                 0                 0
          0.795139                 0                 0                 0
          0.820788                 0                 0                 0
          0.846438                 0       0.000266667       0.000134072
          0.872088             0.016         0.0277778        0.00131785
          0.897737              0.42          0.562733        0.00612596
          0.923387             4.074           4.03524         0.0195961
          0.949037             14.14           14.5317         0.0483198
          0.974686            32.292           32.6834         0.0704916
           1.00034            53.586           53.2977         0.0888729
           1.02599            69.862           70.1358         0.0770095
           1.05164            79.686           80.4326         0.0722222
           1.07728            84.276           84.2503         0.0727282
           1.10293            83.138           83.2909         0.0860617
           1.12858            80.082           79.7876         0.0836392
           1.15423            74.908           74.8552         0.0841711
           1.17988            70.106           69.5176         0.0820723
           1.20553             64.88           64.5537         0.0841966
           1.23118             60.14           59.9463         0.0829491
           1.25683            57.102           55.9723         0.0809337
           1.28248            53.868           52.5554         0.0806016
           1.30813            49.456           49.8328         0.0713468
           1.33378             48.58           47.6183         0.0662371
           1.35943            45.412           45.8457          0.064135
           1.38508            44.188           44.6509         0.0637735
           1.41073            43.412           43.8384         0.0605697
           1.43638             42.65           43.2561         0.0658209
           1.46203            43.006            43.048         0.0703083
           1.48768            43.722           43.3648         0.0752199
           1.51333            43.198           43.9852         0.0721754
           1.53898            44.274           44.9857         0.0688071
           1.56463            46.716           46.4399         0.0711207
           1.59028            48.166            48.269         0.0760982
           1.61593            50.494           50.6184         0.0824138
           1.64158            53.778            53.546         0.0902456
           1.66723            57.522           56.8505          0.097103
           1.69288            59.632           60.7088         0.0876737
           1.71853            64.514           65.0726         0.0908254
           1.74418             70.03           70.0089         0.0933437
           1.76983            74.342           75.4568         0.0966098
           1.79547            81.528           81.2584         0.0943185
           1.82112            87.304           87.6255          0.108001
           1.84677            93.878           94.0119          0.122321
           1.87242           101.674           100.629          0.126748
           1.89807            106.86           107.554          0.125766
           1.92372           114.692           114.309          0.119208
           1.94937           121.318           121.282          0.129408
           1.97502            127.63           127.779          0.125173
           2.00067           133.648           133.867          0.122689
           2.02632            139.35           139.247          0.118042
           2.05197           143.178           144.062          0.129282
           2.07762            148.17           147.691          0.113539
           2.10327           151.312           150.698          0.125648
           2.12892            151.85           152.723          0.132652
           2.15457           153.236           153.611          0.154371
           2.18022           154.326           154.158          0.140733
           2.20587             154.9           154.159          0.152564
           2.23152           154.962           153.864           0.15206
           2.25717           155.964            153.22          0.147311
           2.28282            153.69           152.691          0.157108
           2.30847           153.398           152.171          0.150996
           2.33412            153.24           151.691          0.159467
           2.35977            153.51            151.78          0.156121
           2.38542           152.526           152.021          0.152973
           2.41107           151.594           152.611          0.144023
           2.43672           153.148           153.629          0.153788
           2.46237           154.394           155.203           0.15652
           2.48802           153.982           156.026          0.154042
           2.51366           154.904           157.374          0.145377
           2.53931           158.676           160.742          0.163772
                 0                 0                 0                 0
         0.0256496                 0                 0                 0
         0.0512993                 0                 0                 0
         0.0769489                 0                 0                 0
          0.102599                 0                 0                 0
          0.128248                 0                 0                 0
          0.153898                 0                 0                 0
          0.179547                 0                 0                 0
          0.205197                 0                 0                 0
          0.230847                 0                 0                 0
          0.256496                 0                 0                 0
          0.282146                 0                 0                 0
          0.307796                 0                 0                 0
          0.333445                 0                 0                 0
          0.359095                 0                 0                 0
          0.384745                 0                 0                 0
          0.410394                 0                 0                 0
          0.436044                 0                 0                 0
          0.461694                 0                 0                 0
          0.487343                 0                 0                 0
          0.512993                 0                 0                 0
          0.538642                 0                 0                 0
          0.564292                 0                 0                 0
          0.589942                 0                 0                 0
          0.615591                 0                 0                 0
          0.641241                 0                 0                 0
          0.666891                 0                 0                 0
           0.69254                 0                 0                 0
           0.71819                 0                 0                 0
           0.74384                 0                 0                 0
          0.769489                 0                 0                 0
          0.795139                 0                 0                 0
          0.820788                 0                 0                 0
          0.846438                 0       0.000263736       0.000132631
          0.872088             0.018         0.0276703        0.00130774
          0.897737              0.58          0.562923        0.00606158
          0.923387             3.958            4.0344         0.0193991
          0.949037             14.25           14.5286         0.0478879
          0.974686             33.19            32.689         0.0699364
           1.00034             53.74           53.3026         0.0880291
           1.02599            71.056           70.1459         0.0768242
           1.05164            79.954           80.4273         0.0716197
           1.07728            85.184           84.2605         0.0726492
           1.10293             83.16           83.2895          0.085128
           1.12858            80.028           79.7903         0.0827618
           1.15423            74.762           74.8541         0.0832523
           1.17988            69.434           69.5167         0.0811755
           1.20553            64.002           64.5477         0.0834894
           1.23118            58.968           59.9356         0.0827313
           1.25683            55.766             55.97         0.0800761
           1.28248            52.486           52.5547         0.0797194
           1.30813            49.992           49.8345         0.0705842
           1.33378            47.652           47.6186         0.0655102
           1.35943             45.42           45.8411         0.0636006
           1.38508             44.26           44.6466         0.0632172
           1.41073            43.294           43.8324         0.0601988
           1.43638            43.374           43.2574         0.0651104
           1.46203            42.996           43.0475          0.069538
           1.48768            43.286            43.364         0.0743983
           1.51333            43.282           43.9774         0.0717946
           1.53898             44.12           44.9762         0.0687054
           1.56463            46.652           46.4422         0.0703774
           1.59028            48.382           48.2702         0.0752721
           1.61593             50.71           50.6194         0.0815143
           1.64158            54.656           53.5582         0.0900745
           1.66723            57.276           56.8552         0.0961485
           1.69288            60.868           60.7106         0.0867277
           1.71853             64.97           65.0715         0.0898343
           1.74418            70.058           70.0095         0.0923195
           1.76983            76.592           75.4693         0.0963501
           1.79547             81.96           81.2661         0.0935967
           1.82112            88.306           87.6329          0.107072
           1.84677             94.76           94.0201          0.121253
           1.87242           100.644           100.629          0.125355
           1.89807           108.426           107.564          0.124748
           1.92372            113.97           114.305          0.117956
           1.94937           120.602           121.275          0.128202
           1.97502           127.078           127.772          0.124034
           2.00067           133.794           133.867          0.121343
           2.02632            138.99           139.245          0.116779
           2.05197            144.59           144.068          0.127992
           2.07762            149.15           147.707          0.113417
           2.10327            152.98           150.723          0.126746
           2.12892           153.858           152.735           0.13178
           2.15457           153.748           153.613          0.152682
           2.18022            153.47           154.151           0.13939
           2.20587            153.55           154.153          0.151034
           2.23152           151.768           153.841          0.152123
           2.25717           151.442             153.2          0.146982
           2.28282           152.156           152.685          0.155491
           2.30847            150.03           152.148          0.151159
           2.33412           152.048           151.695          0.157763
           2.35977           150.402           151.765          0.155138
           2.38542           151.062            152.01          0.151655
           2.41107           152.842           152.613          0.142463
           2.43672           153.476           153.627          0.152108
           2.46237           155.048           155.201          0.154809
           2.48802           156.312            156.03          0.152381
           2.51366           156.156           157.361          0.144394
           2.53931           159.618            160.73          0.162438
                 0                 0                 0                 0
         0.0256496                 0                 0                 0
         0.0512993                 0                 0                 0
         0.0769489                 0                 0                 0
          0.102599                 0                 0                 0
          0.128248                 0                 0                 0
          0.153898                 0                 0                 0
          0.179547                 0                 0                 0
          0.205197                 0                 0                 0
          0.230847                 0                 0                 0
          0.256496                 0                 0                 0
          0.282146                 0                 0                 0
          0.307796                 0                 0                 0
          0.333445                 0                 0                 0
          0.359095                 0                 0                 0
          0.384745                 0                 0                 0
          0.410394                 0                 0                 0
          0.436044                 0                 0                 0
          0.461694                 0                 0                 0
          0.487343                 0                 0                 0
          0.512993                 0                 0                 0
          0.538642                 0                 0                 0
          0.564292                 0                 0                 0
          0.589942                 0                 0                 0
          0.615591                 0                 0                 0
          0.641241                 0                 0                 0
          0.666891                 0                 0                 0
           0.69254                 0                 0                 0
           0.71819                 0                 0                 0
           0.74384                 0                 0                 0
          0.769489                 0                 0                 0
          0.795139                 0                 0                 0
          0.820788                 0                 0                 0
          0.846438                 0        0.00026087        0.00013122
          0.872088             0.038         0.0277826        0.00129834
          0.897737             0.502          0.562261        0.00603175
          0.923387             4.536           4.03985         0.0199397
          0.949037             14.45           14.5278          0.047375
          0.974686            33.894           32.7021         0.0703921
           1.00034            54.622           53.3169         0.0882328
           1.02599            71.794           70.1638         0.0780498
           1.05164            80.744           80.4308         0.0709239
           1.07728             83.74           84.2549         0.0720795
           1.10293             82.49           83.2808          0.084645
           1.12858            78.896           79.7805          0.082431
           1.15423             73.76           74.8422         0.0831925
           1.17988            68.358           69.5041         0.0812643
           1.20553            63.408           64.5353         0.0834959
           1.23118             59.35           59.9292         0.0820766
           1.25683            54.894           55.9583         0.0800553
           1.28248            50.992           52.5377         0.0806422
           1.30813             49.92           49.8354         0.0698231
           1.33378              46.6           47.6076         0.0657272
           1.35943            45.478           45.8371         0.0630316
           1.38508             43.78           44.6372         0.0632278
           1.41073            43.982            43.834         0.0595664
           1.43638            43.572           43.2608         0.0644924
           1.46203             42.99           43.0468         0.0687849
           1.48768             43.51           43.3655         0.0736066
           1.51333            44.694           43.9852         0.0714355
           1.53898            45.504           44.9819         0.0681978
           1.56463            47.798           46.4569         0.0711386
           1.59028            48.796           48.2759         0.0746705
           1.61593            51.568           50.6297         0.0812778
           1.64158             53.83           53.5612         0.0891438
           1.66723            57.498           56.8622         0.0953569
           1.69288            62.764           60.7329         0.0886106
           1.71853            65.794           65.0793         0.0892005
           1.74418            70.788           70.0179         0.0917031
           1.76983            77.154           75.4876         0.0970274
           1.79547            82.622           81.2808         0.0937325
           1.82112            90.618           87.6654          0.110716
           1.84677            95.688           94.0382          0.121283
           1.87242           100.036           100.622          0.124158
           1.89807           108.084            107.57           0.12352
           1.92372           113.486           114.297           0.11701
           1.94937           120.392           121.265          0.127167
           1.97502            125.38           127.746          0.125381
           2.00067            131.26           133.838          0.123288
           2.02632           138.128           139.233          0.116138
           2.05197           142.134           144.047          0.128315
           2.07762           146.228           147.691          0.113319
           2.10327           148.444           150.698          0.127766
           2.12892           150.604           152.712          0.132368
           2.15457           151.636           153.591          0.152526
           2.18022             152.3           154.131          0.139319
           2.20587           152.352           154.133          0.150655
           2.23152           151.752           153.818          0.152154
           2.25717             152.7           153.195          0.145485
           2.28282           151.076           152.668          0.154782
           2.30847            151.44            152.14          0.149711
           2.33412           153.014            151.71          0.156698
           2.35977           153.466           151.784          0.154549
           2.38542           154.092           152.033          0.151685
           2.41107           154.298           152.631          0.142087
           2.43672           154.776            153.64          0.150966
           2.46237           156.946            155.22          0.154284
           2.48802           157.806           156.049          0.151944
           2.51366            160.23           157.392          0.146154
           2.53931           161.744           160.741          0.161046
                 0                 0                 0                 0
         0.0256496                 0                 0                 0
         0.0512993                 0                 0                 0
         0.0769489                 0                 0                 0
          0.102599                 0                 0                 0
          0.128248                 0                 0                 0
          0.153898                 0                 0                 0
          0.179547                 0                 0                 0
          0.205197                 0                 0                 0
          0.230847                 0                 0                 0
          0.256496                 0                 0                 0
          0.282146                 0                 0                 0
          0.307796                 0                 0                 0
          0.333445                 0                 0                 0
          0.359095                 0                 0                 0
          0.384745                 0                 0                 0
          0.410394                 0                 0                 0
          0.436044                 0                 0                 0
          0.461694                 0                 0                 0
          0.487343                 0                 0                 0
          0.512993                 0                 0                 0
          0.538642                 0                 0                 0
          0.564292                 0                 0                 0
          0.589942                 0                 0                 0
          0.615591                 0                 0                 0
          0.641241                 0                 0                 0
          0.666891                 0                 0                 0
           0.69254                 0                 0                 0
           0.71819                 0                 0                 0
           0.74384                 0                 0                 0
          0.769489                 0                 0                 0
          0.795139                 0                 0                 0
          0.820788                 0                 0                 0
          0.846438             0.004       0.000301075       0.000135829
          0.872088             0.052          0.028043        0.00131023
          0.897737             0.616          0.562839        0.00599451
          0.923387             4.076           4.04024         0.0197291
          0.949037              14.3           14.5253         0.0469289
          0.974686            33.048           32.7058         0.0697334
           1.00034             54.14           53.3258         0.0877268
           1.02599             71.03           70.1732         0.0777642
           1.05164            80.526           80.4318         0.0701687
           1.07728            84.928           84.2621         0.0716669
           1.10293             83.53           83.2834         0.0837773
           1.12858            78.698           79.7689         0.0823625
           1.15423            73.582           74.8287         0.0833943
           1.17988             68.08           69.4888         0.0818204
           1.20553            63.762            64.527          0.083011
           1.23118            59.292           59.9224         0.0814795
           1.25683            55.222           55.9504         0.0795851
           1.28248            51.816           52.5299         0.0801476
           1.30813             49.86           49.8357         0.0690728
           1.33378            46.304           47.5935         0.0664983
           1.35943            45.218           45.8305         0.0627044
           1.38508             45.07           44.6418          0.062719
           1.41073             43.75           43.8331         0.0589328
           1.43638            43.702           43.2656         0.0639731
           1.46203            44.084            43.058         0.0689434
           1.48768            45.172            43.385         0.0753345
           1.51333            44.822           43.9942         0.0712318
           1.53898            46.922           45.0028         0.0705829
           1.56463            48.686           46.4809         0.0743019
           1.59028            50.032           48.2948         0.0762177
           1.61593            52.348           50.6482         0.0824772
           1.64158             54.68           53.5732         0.0889934
           1.66723             58.25           56.8771         0.0954921
           1.69288            60.674           60.7323           0.08766
           1.71853            63.904           65.0667         0.0891321
           1.74418             68.87           70.0056         0.0915439
           1.76983            74.698           75.4791         0.0963548
           1.79547            81.218           81.2801         0.0927271
           1.82112            85.798           87.6453          0.111331
           1.84677            92.876           94.0257          0.120621
           1.87242             98.72           100.602          0.124496
           1.89807           105.314           107.545           0.12455
           1.92372           112.268           114.275          0.117767
           1.94937           119.896           121.251          0.126649
           1.97502           127.188            127.74          0.124176
           2.00067           133.466           133.834          0.122027
           2.02632           138.392           139.223          0.115241
           2.05197           143.656           144.043          0.127004
           2.07762           148.032           147.695          0.112159
           2.10327           150.394           150.695          0.126434
           2.12892           152.324           152.708           0.13101
           2.15457           154.566           153.602          0.151246
           2.18022           155.708           154.148          0.138849
           2.20587           155.364           154.146          0.149616
           2.23152           154.156           153.822          0.150562
           2.25717           153.728           153.201          0.144034
           2.28282           154.176           152.684          0.153965
           2.30847           152.674           152.146          0.148212
           2.33412           151.726            151.71          0.155013
           2.35977           153.174           151.799          0.153609
           2.38542            152.55           152.039          0.150156
           2.41107           154.222           152.648          0.141585
           2.43672           155.296           153.658          0.150389
           2.46237           157.192           155.241          0.154076
           2.48802           157.142           156.061          0.150764
           2.51366           160.066           157.421          0.147383
           2.53931            162.68           160.762          0.160658
                 0                 0                 0                 0
         0.0256496                 0                 0                 0
         0.0512993                 0                 0                 0
         0.0769489                 0                 0                 0
          0.102599                 0                 0                 0
          0.128248                 0                 0                 0
          0.153898                 0                 0                 0
          0.179547                 0                 0                 0
          0.205197                 0                 0                 0
          0.230847                 0                 0                 0
          0.256496                 0                 0                 0
          0.282146                 0                 0                 0
          0.307796                 0                 0                 0
          0.333445                 0                 0                 0
          0.359095                 0                 0                 0
          0.384745                 0                 0                 0
          0.410394                 0                 0                 0
          0.436044                 0                 0                 0
          0.461694                 0                 0                 0
          0.487343                 0                 0                 0
          0.512993                 0                 0                 0
          0.538642                 0                 0                 0
          0.564292                 0                 0                 0
          0.589942                 0                 0                 0
          0.615591                 0                 0                 0
          0.641241                 0                 0                 0
          0.666891                 0                 0                 0
           0.69254                 0                 0                 0
           0.71819                 0                 0                 0
           0.74384                 0                 0                 0
          0.769489                 0                 0                 0
          0.795139                 0                 0                 0
          0.820788                 0                 0                 0
          0.846438                 0       0.000297872       0.000134422
          0.872088              0.02         0.0279574        0.00129909
          0.897737             0.538          0.562574        0.00593656
          0.923387             3.752           4.03717         0.0197561
          0.949037            13.436           14.5137         0.0478391
          0.974686            31.762           32.6957         0.0697107
           1.00034            52.068           53.3124          0.087808
           1.02599            70.014           70.1715         0.0769554
           1.05164             80.45            80.432         0.0694225
           1.07728             84.62           84.2659         0.0710056
           1.10293            82.594           83.2761         0.0832065
           1.12858            80.098           79.7724         0.0815606
           1.15423            75.618           74.8371         0.0829288
           1.17988            69.816           69.4922          0.081024
           1.20553             65.18           64.5339         0.0824181
           1.23118            61.246           59.9364         0.0818204
           1.25683            57.146           55.9631         0.0797483
           1.28248              54.9           52.5551         0.0831663
           1.30813            51.822           49.8568         0.0714972
           1.33378            49.278           47.6115         0.0681625
           1.35943            46.554           45.8381          0.062508
           1.38508            44.658            44.642         0.0620521
           1.41073            44.934           43.8449         0.0594581
           1.43638             42.75           43.2601         0.0635273
           1.46203            43.564           43.0634         0.0684198
           1.48768            42.948           43.3803         0.0746764
           1.51333            43.934           43.9936         0.0704769
           1.53898            44.106           44.9933         0.0704739
           1.56463            44.938           46.4645         0.0753026
           1.59028            47.394           48.2852         0.0760069
           1.61593            49.058           50.6312         0.0833166
           1.64158            51.708           53.5533         0.0902316
           1.66723            54.088           56.8474         0.0989787
           1.69288            59.224           60.7162         0.0881837
           1.71853            64.574           65.0614         0.0883379
           1.74418                69           69.9949          0.091193
           1.76983             75.12           75.4753         0.0954055
           1.79547            79.086           81.2568         0.0946329
           1.82112             87.32           87.6419            0.1102
           1.84677            94.178           94.0274          0.119349
           1.87242           100.184           100.597          0.123251
           1.89807           107.336           107.543          0.123245
           1.92372           114.232           114.274          0.116515
           1.94937           120.714           121.245           0.12543
           1.97502           127.928           127.742          0.122871
           2.00067           134.172           133.838          0.120782
           2.02632           138.808           139.219          0.114099
           2.05197           145.702            144.06          0.126874
           2.07762           149.408           147.713          0.112437
           2.10327           152.228           150.711          0.126136
           2.12892           153.526           152.717          0.129905
           2.15457           155.668           153.624          0.151226
           2.18022           156.798           154.176          0.140205
           2.20587           158.258            154.19          0.154286
           2.23152           154.736           153.831          0.149274
           2.25717           153.656           153.205          0.142583
           2.28282           154.864           152.707          0.154064
           2.30847            153.82           152.164          0.147701
           2.33412            152.87           151.722          0.153855
           2.35977            151.63           151.797          0.151985
           2.38542           152.558           152.044           0.14866
           2.41107            152.89           152.651          0.140102
           2.43672           152.268           153.643          0.149514
           2.46237           155.678           155.246          0.152507
           2.48802           155.216           156.052          0.149427
           2.51366           156.338           157.409          0.146264
           2.53931           160.258           160.756          0.159039
                 0                 0                 0                 0
         0.0256496                 0                 0                 0
         0.0512993                 0                 0                 0
         0.0769489                 0                 0                 0
          0.102599                 0                 0                 0
          0.128248                 0                 0                 0
          0.153898                 0                 0                 0
          0.179547                 0                 0                 0
          0.205197                 0                 0                 0
          0.230847                 0                 0                 0
          0.256496                 0                 0                 0
          0.282146                 0                 0                 0
          0.307796                 0                 0                 0
          0.333445                 0                 0                 0
          0.359095                 0                 0                 0
          0.384745                 0                 0                 0
          0.410394                 0                 0                 0
          0.436044                 0                 0                 0
          0.461694                 0                 0                 0
          0.487343                 0                 0                 0
          0.512993                 0                 0                 0
          0.538642                 0                 0                 0
          0.564292                 0                 0                 0
          0.589942                 0                 0                 0
          0.615591                 0                 0                 0
          0.641241                 0                 0                 0
          0.666891                 0                 0                 0
           0.69254                 0                 0                 0
           0.71819                 0                 0                 0
           0.74384                 0                 0                 0
          0.769489                 0                 0                 0
          0.795139                 0                 0                 0
          0.820788                 0                 0                 0
          0.846438                 0       0.000294737       0.000133043
          0.872088              0.02         0.0278737        0.00128811
          0.897737             0.518          0.562105        0.00589258
          0.923387              3.73           4.03394          0.019811
          0.949037            13.824           14.5065         0.0478833
          0.974686             32.66           32.6954         0.0689779
           1.00034            52.802            53.307         0.0870479
           1.02599             70.11           70.1708         0.0761481
           1.05164            80.044           80.4279         0.0688118
           1.07728            84.678           84.2703         0.0703905
           1.10293             83.54           83.2789          0.082377
           1.12858            79.684           79.7715         0.0807074
           1.15423            75.444           74.8435         0.0823016
           1.17988            70.486           69.5027         0.0808436
           1.20553            65.488            64.544         0.0821602
           1.23118            60.832           59.9459         0.0815004
           1.25683            57.422           55.9785         0.0803738
           1.28248            53.088           52.5608         0.0824798
           1.30813            50.674           49.8654         0.0712601
           1.33378            48.468           47.6205         0.0680387
           1.35943            46.298            45.843         0.0620372
           1.38508            44.062           44.6359         0.0616985
           1.41073            43.724           43.8436         0.0588459
           1.43638             42.74           43.2546          0.063094
           1.46203            42.416           43.0566         0.0680381
           1.48768             42.65           43.3726         0.0742849
           1.51333            42.918           43.9823         0.0706386
           1.53898            44.934           44.9926         0.0697348
           1.56463            46.036             46.46         0.0746449
           1.59028            48.606           48.2886         0.0752818
           1.61593            50.234           50.6271         0.0825444
           1.64158            53.374           53.5515         0.0893016
           1.66723             56.31           56.8418         0.0980983
           1.69288            60.146           60.7102         0.0874595
           1.71853             63.67           65.0468         0.0886139
           1.74418            69.516           69.9898         0.0903723
           1.76983            75.428           75.4748         0.0944025
           1.79547            81.144           81.2556         0.0936442
           1.82112            86.324            87.628           0.10991
           1.84677            93.218           94.0188          0.118396
           1.87242           100.208           100.593          0.122022
           1.89807           105.382            107.52          0.124029
           1.92372           113.478           114.266           0.11559
           1.94937           119.608           121.228          0.125288
           1.97502           127.238           127.736          0.121692
           2.00067           133.956           133.839          0.119517
           2.02632           140.552           139.233          0.113758
           2.05197           145.678           144.077          0.126676
           2.07762           149.838           147.736          0.113456
           2.10327           153.096           150.736          0.127282
           2.12892            156.58           152.757          0.134753
           2.15457           157.032            153.66          0.153831
           2.18022           155.394           154.189          0.139315
           2.20587           156.044            154.21          0.153891
           2.23152           156.978           153.864          0.151333
           2.25717            155.33           153.228          0.142825
           2.28282           152.994            152.71          0.152472
           2.30847           153.284           152.175          0.146617
           2.33412           152.638           151.732          0.152537
           2.35977           151.758           151.796          0.150386
           2.38542            152.17           152.045          0.147101
           2.41107           151.432           152.638          0.139214
           2.43672           154.102           153.648          0.148018
           2.46237           153.594           155.228          0.151889
           2.48802            155.05           156.041          0.148226
           2.51366           156.254           157.397           0.14523
           2.53931           158.892           160.737          0.158571
                 0                 0                 0                 0
         0.0256496                 0                 0                 0
         0.0512993                 0                 0                 0
         0.0769489                 0                 0                 0
          0.102599                 0                 0                 0
          0.128248                 0                 0                 0
          0.153898                 0                 0                 0
          0.179547                 0                 0                 0
          0.205197                 0                 0                 0
          0.230847                 0                 0                 0
          0.256496                 0                 0                 0
          0.282146                 0                 0                 0
          0.307796                 0                 0                 0
          0.333445                 0                 0                 0
          0.359095                 0                 0                 0
          0.384745                 0                 0                 0
          0.410394                 0                 0                 0
          0.436044                 0                 0                 0
          0.461694                 0                 0                 0
          0.487343                 0                 0                 0
          0.512993                 0                 0                 0
          0.538642                 0                 0                 0
          0.564292                 0                 0                 0
          0.589942                 0                 0                 0
          0.615591                 0                 0                 0
          0.641241                 0                 0                 0
          0.666891                 0                 0                 0
           0.69254                 0                 0                 0
           0.71819                 0                 0                 0
           0.74384                 0                 0                 0
          0.769489                 0                 0                 0
          0.795139                 0                 0                 0
          0.820788                 0                 0                 0
          0.846438                 0       0.000291667       0.000131693
          0.872088             0.032         0.0279167        0.00127541
          0.897737             0.508          0.561542        0.00585809
          0.923387             4.046           4.03406          0.019605
          0.949037            14.592           14.5074         0.0473928
          0.974686              32.7           32.6954         0.0682594
           1.00034            52.706           53.3007          0.086366
           1.02599            69.276           70.1615         0.0759232
           1.05164            81.612           80.4402         0.0691916
           1.07728             84.89           84.2767         0.0699527
           1.10293            84.206           83.2885          0.082083
           1.12858            80.326           79.7773         0.0800732
           1.15423            74.518           74.8401         0.0815141
           1.17988            70.074           69.5086         0.0802202
           1.20553            64.154           64.5399         0.0814047
           1.23118            59.528           59.9415         0.0807676
           1.25683            56.304           55.9819          0.079608
           1.28248             51.86           52.5535          0.081943
           1.30813            49.874           49.8655         0.0705179
           1.33378            47.522           47.6195         0.0673377
           1.35943            45.858           45.8431         0.0613911
           1.38508            44.324           44.6326         0.0611412
           1.41073            42.728            43.832         0.0593692
           1.43638            43.278           43.2549         0.0624372
           1.46203            43.046           43.0565         0.0673295
           1.48768            42.396           43.3625         0.0742045
           1.51333             43.61           43.9784         0.0700091
           1.53898            44.474           44.9872         0.0692173
           1.56463             44.87           46.4434         0.0756824
           1.59028            47.666           48.2821         0.0747765
           1.61593            50.416           50.6249         0.0817138
           1.64158            53.308           53.5489         0.0884073
           1.66723            56.768            56.841         0.0970795
           1.69288             61.19           60.7152         0.0866911
           1.71853            65.212           65.0485         0.0877076
           1.74418            70.808           69.9984         0.0898318
           1.76983             75.89           75.4791         0.0935182
           1.79547            81.972           81.2631         0.0929656
           1.82112            89.906           87.6517          0.111297
           1.84677            94.252           94.0213          0.117188
           1.87242           101.478           100.602          0.121098
           1.89807           108.896           107.535          0.123563
           1.92372           115.692           114.281          0.115336
           1.94937            122.86           121.245          0.125131
           1.97502           128.128            127.74          0.120493
           2.00067           135.808            133.86          0.120018
           2.02632           139.746           139.238          0.112698
           2.05197            144.26           144.079          0.125371
           2.07762           147.418           147.732          0.112323
           2.10327            149.99           150.728          0.126193
           2.12892           152.002           152.749          0.133579
           2.15457           154.286           153.666          0.152367
           2.18022            153.38            154.18          0.138118
           2.20587           152.762           154.194          0.153025
           2.23152            151.84           153.843          0.151219
           2.25717           150.892           153.204          0.143395
           2.28282           151.406           152.696          0.151488
           2.30847           150.426           152.157          0.146217
           2.33412           149.762           151.711          0.152322
           2.35977           150.282           151.781          0.149645
           2.38542           151.374           152.038          0.145735
           2.41107            152.19           152.634          0.137842
           2.43672           153.046           153.641          0.146609
           2.46237           155.814           155.234           0.15043
           2.48802           155.212           156.032          0.146933
           2.51366           157.146           157.395           0.14374
           2.53931           161.074            160.74          0.156958
                 0                 0                 0                 0
         0.0256496                 0                 0                 0
         0.0512993                 0                 0                 0
         0.0769489                 0                 0                 0
          0.102599                 0                 0                 0
          0.128248                 0                 0                 0
          0.153898                 0                 0                 0
          0.179547                 0                 0                 0
          0.205197                 0                 0                 0
          0.230847                 0                 0                 0
          0.256496                 0                 0                 0
          0.282146                 0                 0                 0
          0.307796                 0                 0                 0
          0.333445                 0                 0                 0
          0.359095                 0                 0                 0
          0.384745                 0                 0                 0
          0.410394                 0                 0                 0
          0.436044                 0                 0                 0
          0.461694                 0                 0                 0
          0.487343                 0                 0                 0
          0.512993                 0                 0                 0
          0.538642                 0                 0                 0
          0.564292                 0                 0                 0
          0.589942                 0                 0                 0
          0.615591                 0                 0                 0
          0.641241                 0                 0                 0
          0.666891                 0                 0                 0
           0.69254                 0                 0                 0
           0.71819                 0                 0                 0
           0.74384                 0                 0                 0
          0.769489                 0                 0                 0
          0.795139                 0                 0                 0
          0.820788                 0                 0                 0
          0.846438                 0        0.00028866        0.00013037
          0.872088             0.026         0.0278969        0.00126241
          0.897737              0.61          0.562041        0.00581896
          0.923387             4.362           4.03744         0.0196922
          0.949037            15.302           14.5156          0.047607
          0.974686            33.004           32.6986         0.0676298
           1.00034             54.31           53.3112         0.0861001
           1.02599            70.642           70.1665         0.0753019
           1.05164            80.804            80.444         0.0685799
           1.07728            84.044           84.2743         0.0692726
           1.10293            83.602           83.2918         0.0813004
           1.12858            79.452           79.7739         0.0793178
           1.15423            74.142           74.8329         0.0809908
           1.17988            69.344           69.5069         0.0794111
           1.20553            63.918           64.5335         0.0808175
           1.23118              59.6            59.938         0.0800116
           1.25683             55.91           55.9812         0.0787908
           1.28248             52.27           52.5505         0.0811504
           1.30813            49.348           49.8602         0.0699924
           1.33378            47.266           47.6158          0.066742
           1.35943             46.42           45.8491         0.0610456
           1.38508            45.216           44.6386          0.060806
           1.41073            43.378           43.8273         0.0589413
           1.43638             42.94           43.2516         0.0618779
           1.46203            43.154           43.0575         0.0666429
           1.48768             42.55           43.3541         0.0739107
           1.51333            43.448           43.9729         0.0695006
           1.53898            45.318           44.9906         0.0685877
           1.56463            47.056           46.4497         0.0751652
           1.59028            48.738           48.2868         0.0741531
           1.61593            50.438           50.6229         0.0808941
           1.64158            53.956           53.5531         0.0875955
           1.66723              56.2           56.8344         0.0963033
           1.69288            60.462           60.7126         0.0858367
           1.71853            65.922           65.0575         0.0872644
           1.74418            69.822           69.9965         0.0889241
           1.76983             75.34           75.4777         0.0925651
           1.79547            80.732           81.2576         0.0921683
           1.82112             87.69           87.6521          0.110151
           1.84677            93.092           94.0117           0.11637
           1.87242           101.686           100.614          0.120364
           1.89807           108.454           107.544          0.122652
           1.92372           114.362           114.282           0.11415
           1.94937           122.162           121.254          0.124198
           1.97502            128.76           127.751          0.119708
           2.00067               133           133.851          0.119108
           2.02632            140.02           139.246          0.111824
           2.05197           144.824           144.087          0.124313
           2.07762           148.396           147.739          0.111373
           2.10327            151.36           150.735           0.12506
           2.12892           152.322           152.745          0.132275
           2.15457           153.914           153.669          0.150817
           2.18022           152.572           154.164          0.137686
           2.20587            155.69            154.21          0.152222
           2.23152           152.996           153.835          0.149912
           2.25717           152.164           153.193          0.142317
           2.28282            150.35           152.672          0.151845
           2.30847           151.304           152.148          0.144974
           2.33412            152.79           151.722          0.151157
           2.35977            152.14           151.784          0.148148
           2.38542            151.19            152.03          0.144495
           2.41107            152.34           152.631          0.136454
           2.43672           153.912           153.644          0.145124
           2.46237           155.486           155.237          0.148901
           2.48802           155.354           156.025          0.145585
           2.51366            157.01           157.391          0.142313
           2.53931           159.628           160.729          0.155758
                 0                 0                 0                 0
         0.0256496                 0                 0                 0
         0.0512993                 0                 0                 0
         0.0769489                 0                 0                 0
          0.102599                 0                 0                 0
          0.128248                 0                 0                 0
          0.153898                 0                 0                 0
          0.179547                 0                 0                 0
          0.205197                 0                 0                 0
          0.230847                 0                 0                 0
          0.256496                 0                 0                 0
          0.282146                 0                 0                 0
          0.307796                 0                 0                 0
          0.333445                 0                 0                 0
          0.359095                 0                 0                 0
          0.384745                 0                 0                 0
          0.410394                 0                 0                 0
          0.436044                 0                 0                 0
          0.461694                 0                 0                 0
          0.487343                 0                 0                 0
          0.512993                 0                 0                 0
          0.538642                 0                 0                 0
          0.564292                 0                 0                 0
          0.589942                 0                 0                 0
          0.615591                 0                 0                 0
          0.641241                 0                 0                 0
          0.666891                 0                 0                 0
           0.69254                 0                 0                 0
           0.71819                 0                 0                 0
           0.74384                 0                 0                 0
          0.769489                 0                 0                 0
          0.795139                 0                 0                 0
          0.820788                 0                 0                 0
          0.846438                 0       0.000285714       0.000129073
          0.872088             0.044         0.0280612        0.00126018
          0.897737             0.654           0.56298        0.00583475
          0.923387             4.208           4.03918          0.019568
          0.949037            14.858           14.5191         0.0472492
          0.974686             33.63           32.7081         0.0676042
           1.00034            53.742           53.3156         0.0853337
           1.02599            70.322            70.168         0.0745502
           1.05164            80.656           80.4461         0.0679142
           1.07728             84.63           84.2779         0.0686608
           1.10293            83.026           83.2891          0.080516
           1.12858            78.744           79.7634         0.0792016
           1.15423            74.648            74.831         0.0801863
           1.17988             68.88           69.5006         0.0788581
           1.20553            63.778           64.5258         0.0803597
           1.23118            60.094           59.9396          0.079211
           1.25683            55.884           55.9802          0.077993
           1.28248            51.618            52.541         0.0808783
           1.30813            48.928           49.8507         0.0699216
           1.33378            46.482           47.6042         0.0670563
           1.35943            45.844            45.849         0.0604227
           1.38508             43.99            44.632         0.0605447
           1.41073            43.478           43.8237         0.0584475
           1.43638            43.522           43.2544          0.061308
           1.46203             43.94           43.0665         0.0665685
           1.48768             43.84            43.359         0.0733226
           1.51333            44.334           43.9766          0.068889
           1.53898            46.396            45.005         0.0693708
           1.56463            46.828           46.4536         0.0744973
           1.59028            48.364           48.2876         0.0734007
           1.61593            50.894           50.6257          0.080116
           1.64158            53.982           53.5575         0.0868109
           1.66723            57.244           56.8386         0.0954113
           1.69288             60.05           60.7058         0.0852267
           1.71853            64.784           65.0547         0.0864186
           1.74418             68.88           69.9851         0.0887436
           1.76983            76.368           75.4868         0.0920653
           1.79547            81.674           81.2618         0.0913257
           1.82112            87.768           87.6533          0.109033
           1.84677            94.608           94.0178          0.115342
           1.87242            100.45           100.612          0.119147
           1.89807            108.62           107.555           0.12189
           1.92372           114.954           114.288          0.113192
           1.94937           121.674           121.258          0.123005
           1.97502            128.05           127.754          0.118525
           2.00067           134.298           133.855           0.11798
           2.02632           138.944           139.243          0.110726
           2.05197            144.87           144.095          0.123301
           2.07762           147.894           147.741          0.110248
           2.10327            149.34           150.721          0.124592
           2.12892           151.626           152.734          0.131417
           2.15457           154.056           153.673           0.14933
           2.18022           153.866           154.161          0.136314
           2.20587           152.056           154.188          0.152247
           2.23152            152.77           153.824          0.148775
           2.25717           153.416           153.195          0.140883
           2.28282             150.9           152.654          0.151368
           2.30847           151.094           152.138          0.143893
           2.33412           151.196           151.717           0.14971
           2.35977            150.94           151.776          0.146886
           2.38542           152.452           152.034          0.143084
           2.41107           152.392           152.628          0.135083
           2.43672           154.518           153.653          0.143917
           2.46237           155.484            155.24          0.147403
           2.48802           156.992           156.035          0.144433
           2.51366           157.612           157.393          0.140879
           2.53931            161.64           160.738          0.154446
                 0                 0                 0                 0
         0.0256496                 0                 0                 0
         0.0512993                 0                 0                 0
         0.0769489                 0                 0                 0
          0.102599                 0                 0                 0
          0.128248                 0                 0                 0
          0.153898                 0                 0                 0
          0.179547                 0                 0                 0
          0.205197                 0                 0                 0
          0.230847                 0                 0                 0
          0.256496                 0                 0                 0
          0.282146                 0                 0                 0
          0.307796                 0                 0                 0
          0.333445                 0                 0                 0
          0.359095                 0                 0                 0
          0.384745                 0                 0                 0
          0.410394                 0                 0                 0
          0.436044                 0                 0                 0
          0.461694                 0                 0                 0
          0.487343                 0                 0                 0
          0.512993                 0                 0                 0
          0.538642                 0                 0                 0
          0.564292                 0                 0                 0
          0.589942                 0                 0                 0
          0.615591                 0                 0                 0
          0.641241                 0                 0                 0
          0.666891                 0                 0                 0
           0.69254                 0                 0                 0
           0.71819                 0                 0                 0
           0.74384                 0                 0                 0
          0.769489                 0                 0                 0
          0.795139                 0                 0                 0
          0.820788                 0                 0                 0
          0.846438                 0       0.000282828       0.000127801
          0.872088             0.036         0.0281414           0.00125
          0.897737             0.614          0.563495        0.00579853
          0.923387             4.264           4.04145         0.0195017
          0.949037             14.62           14.5201          0.046783
          0.974686             33.64           32.7175         0.0675735
           1.00034            53.132           53.3137         0.0844919
           1.02599            70.732           70.1737         0.0740145
           1.05164            80.294           80.4446         0.0672456
           1.07728            83.952           84.2746         0.0680461
           1.10293            83.046           83.2866         0.0797401
           1.12858            80.112           79.7669         0.0784798
           1.15423            74.714           74.8298         0.0793851
           1.17988            68.754            69.493         0.0784213
           1.20553            63.962           64.5201         0.0797495
           1.23118            60.544           59.9457         0.0786458
           1.25683            55.244           55.9727         0.0775589
           1.28248             52.34            52.539         0.0800868
           1.30813            50.134           49.8535         0.0692738
           1.33378            47.426           47.6024         0.0664031
           1.35943            46.524           45.8559         0.0601958
           1.38508             44.84           44.6341         0.0599696
           1.41073            43.772           43.8232         0.0578595
           1.43638            42.872           43.2505         0.0608102
           1.46203             42.91           43.0649         0.0659149
           1.48768             42.85           43.3539          0.072762
           1.51333            43.384           43.9706         0.0684527
           1.53898              44.6           45.0009         0.0687906
           1.56463            46.396            46.453         0.0737471
           1.59028             48.33            48.288         0.0726605
           1.61593            50.922           50.6287         0.0793626
           1.64158            53.768           53.5596         0.0859601
           1.66723            56.596           56.8361          0.094479
           1.69288             60.75           60.7063          0.084367
           1.71853            64.854           65.0527         0.0855695
           1.74418            70.024           69.9855         0.0878481
           1.76983              76.3            75.495          0.091501
           1.79547            82.006           81.2694          0.090712
           1.82112            87.458           87.6513          0.107949
           1.84677            95.284           94.0306          0.114884
           1.87242           101.192           100.618          0.118088
           1.89807           107.492           107.554          0.120661
           1.92372           113.928           114.285          0.112107
           1.94937           120.864           121.254          0.121827
           1.97502           127.416           127.751          0.117377
           2.00067            134.42           133.861          0.116926
           2.02632            138.62           139.237          0.109786
           2.05197           144.612             144.1          0.122166
           2.07762           148.472           147.748          0.109381
           2.10327             151.9           150.733          0.123901
           2.12892            153.67           152.743          0.130429
           2.15457           152.516           153.661          0.148278
           2.18022           153.876           154.158          0.134968
           2.20587           153.256           154.178             0.151
           2.23152            152.81           153.813          0.147624
           2.25717           152.206           153.185          0.139813
           2.28282           151.696           152.644          0.150148
           2.30847           152.314           152.139          0.142451
           2.33412           152.938           151.729          0.148705
           2.35977           152.582           151.784          0.145628
           2.38542             151.5           152.029          0.141741
           2.41107            152.03           152.622          0.133854
           2.43672           153.932           153.656          0.142491
           2.46237            154.13           155.228           0.14634
           2.48802           154.924           156.024           0.14341
           2.51366           157.646           157.395          0.139479
           2.53931           160.214           160.733          0.152976
                 0                 0                 0                 0
         0.0256496                 0                 0                 0
         0.0512993                 0                 0                 0
         0.0769489                 0                 0                 0
          0.102599                 0                 0                 0
          0.128248                 0                 0                 0
          0.153898                 0                 0                 0
          0.179547                 0                 0                 0
          0.205197                 0                 0                 0
          0.230847                 0                 0                 0
          0.256496                 0                 0                 0
          0.282146                 0                 0                 0
          0.307796                 0                 0                 0
          0.333445                 0                 0                 0
          0.359095                 0                 0                 0
          0.384745                 0                 0                 0
          0.410394                 0                 0                 0
          0.436044                 0                 0                 0
          0.461694                 0                 0                 0
          0.487343                 0                 0                 0
          0.512993                 0                 0                 0
          0.538642                 0                 0                 0
          0.564292                 0                 0                 0
          0.589942                 0                 0                 0
          0.615591                 0                 0                 0
          0.641241                 0                 0                 0
          0.666891                 0                 0                 0
           0.69254                 0                 0                 0
           0.71819                 0                 0                 0
           0.74384                 0                 0                 0
          0.769489                 0                 0                 0
          0.795139                 0                 0                 0
          0.820788                 0                 0                 0
          0.846438             0.004           0.00032       0.000131818
          0.872088             0.024            0.0281        0.00123818
          0.897737             0.736           0.56522        0.00599165
          0.923387             4.106            4.0421         0.0193174
          0.949037            15.642           14.5313         0.0476414
          0.974686            33.014           32.7205         0.0669627
           1.00034             54.74            53.328         0.0848423
           1.02599            70.754           70.1795         0.0735015
           1.05164            80.142           80.4416         0.0666412
           1.07728            83.762           84.2695         0.0675585
           1.10293            83.532           83.2891         0.0789805
           1.12858            79.132           79.7606         0.0779514
           1.15423            73.702           74.8185         0.0793883
           1.17988             67.17           69.4698         0.0810047
           1.20553            63.494           64.5098         0.0796094
           1.23118            58.214           59.9284         0.0797431
           1.25683             54.16           55.9546         0.0788732
           1.28248            51.336            52.527         0.0801844
           1.30813            49.236           49.8474         0.0688558
           1.33378            47.336           47.5998         0.0657925
           1.35943             45.56           45.8529         0.0596665
           1.38508            44.468           44.6325         0.0593929
           1.41073            45.038           43.8353         0.0585423
           1.43638            44.302            43.261         0.0611044
           1.46203             44.43           43.0785         0.0666543
           1.48768            45.598           43.3763         0.0754157
           1.51333            45.688           43.9878         0.0698893
           1.53898             46.64           45.0173         0.0700282
           1.56463            47.762           46.4661         0.0741622
           1.59028            49.798           48.3031         0.0734861
           1.61593            52.552           50.6479         0.0808659
           1.64158             54.29           53.5669         0.0854102
           1.66723            56.816           56.8359         0.0935344
           1.69288            61.508           60.7143         0.0839034
           1.71853            63.934           65.0415         0.0854419
           1.74418             69.55           69.9812         0.0870775
           1.76983            74.264           75.4827         0.0914103
           1.79547            80.684           81.2635         0.0899936
           1.82112            86.404           87.6388          0.107588
           1.84677            93.822           94.0285          0.113754
           1.87242            100.97           100.621          0.116959
           1.89807            106.86           107.548          0.119654
           1.92372            114.16           114.284          0.110993
           1.94937           121.134           121.253          0.120614
           1.97502           127.168           127.745          0.116348
           2.00067           134.708           133.869          0.116063
           2.02632           140.088           139.246          0.109017
           2.05197            144.03           144.099          0.120947
           2.07762           147.272           147.743          0.108391
           2.10327           147.876           150.704          0.125912
           2.12892           152.548           152.741           0.12914
           2.15457           151.508           153.639           0.14835
           2.18022           152.224           154.139          0.134996
           2.20587            151.82           154.155          0.151321
           2.23152           150.944           153.785          0.148911
           2.25717           151.306           153.166          0.139672
           2.28282            149.88           152.617           0.15117
           2.30847           151.966           152.138          0.141037
           2.33412           152.862           151.741          0.147648
           2.35977           151.316           151.779          0.144247
           2.38542           152.984           152.038          0.140645
           2.41107           152.908           152.625          0.132546
           2.43672            154.55           153.665          0.141346
           2.46237           158.018           155.256          0.147511
           2.48802             158.9           156.053          0.144831
           2.51366           161.596           157.437          0.144271
           2.53931           164.454            160.77          0.155907
